Gene 1,Gene 2,Confidence Score
SPU_017635,SPU_005572,0.96012157
SPU_010295,SPU_005572,0.946568396
SPU_002320,SPU_005572,0.911574188
SPU_003102,SPU_005572,0.889713291
SPU_015358,SPU_005572,0.882600148
SPU_017725,SPU_005572,0.873971255
SPU_004702,SPU_022820,0.865623472
SPU_022163,SPU_005572,0.858952648
SPU_012914,SPU_005572,0.848500974
SPU_007981,SPU_022820,0.848090675
SPU_025346,SPU_005572,0.847842416
SPU_004217,SPU_022820,0.847001165
SPU_002791,SPU_022820,0.845072482
SPU_002874,SPU_022820,0.842851184
SPU_014332,SPU_005572,0.829410565
SPU_022678,SPU_022820,0.828272401
SPU_006421,SPU_005572,0.819991985
SPU_007644,SPU_022820,0.80962944
SPU_027053,SPU_022820,0.808567653
SPU_023037,SPU_022820,0.782621093
SPU_017837,SPU_005572,0.777107838
SPU_019332,SPU_022820,0.757798557
SPU_018056,SPU_022820,0.74874994
SPU_018355,SPU_022820,0.736827288
SPU_003704,SPU_022820,0.723360055
SPU_014332,SPU_021608,0.70021226
SPU_003470,SPU_009155,0.695751784
SPU_009831,SPU_009155,0.68582934
SPU_012384,SPU_021608,0.681644706
SPU_019002,SPU_021608,0.678934792
SPU_012253,SPU_021608,0.665841263
SPU_025346,SPU_009155,0.664661654
SPU_014793,SPU_009155,0.659581293
SPU_018391,SPU_022820,0.659579075
SPU_005435,SPU_022820,0.659413292
SPU_009642,SPU_009155,0.652860567
SPU_008528,SPU_022820,0.648443615
SPU_003470,SPU_005572,0.644173733
SPU_013569,SPU_005572,0.640747321
SPU_021557,SPU_005572,0.634676143
SPU_011635,SPU_009155,0.633262552
SPU_023090,SPU_002874,0.63180003
SPU_018056,SPU_002874,0.631211334
SPU_011189,SPU_009155,0.629876338
SPU_005358,SPU_021608,0.628806788
SPU_003102,SPU_021608,0.62591321
SPU_013689,SPU_009155,0.625608812
SPU_018355,SPU_002874,0.622266677
SPU_003704,SPU_002874,0.62200927
SPU_022678,SPU_002874,0.616053004
SPU_004217,SPU_002874,0.611567992
SPU_025584,SPU_009155,0.607376566
SPU_014793,SPU_018581,0.603756509
SPU_025113,SPU_009155,0.602025768
SPU_007644,SPU_002874,0.600163482
SPU_008117_1,SPU_021608,0.599855896
SPU_025584,SPU_018581,0.598983041
SPU_007611,SPU_022820,0.598589375
SPU_026465,SPU_002874,0.59767549
SPU_002129,SPU_005572,0.596513761
SPU_018355_1,SPU_002874,0.592636852
SPU_017837,SPU_021608,0.584986161
SPU_008117,SPU_009155,0.583521838
SPU_006753,SPU_005572,0.582543635
SPU_003470,SPU_002874,0.570120585
SPU_025346,SPU_018581,0.569401037
SPU_009831,SPU_002874,0.568671231
SPU_012914,SPU_021608,0.565649157
SPU_002791,SPU_002874,0.564038179
SPU_009642,SPU_018581,0.555276216
SPU_017837,SPU_009155,0.552952344
SPU_018392,SPU_022820,0.549078345
SPU_002603,SPU_006676,0.548766601
SPU_007981,SPU_002874,0.54748913
SPU_008117,SPU_021608,0.541812726
SPU_025113,SPU_021608,0.540137847
SPU_007262,SPU_009155,0.539476101
SPU_008117_1,SPU_009155,0.538161065
SPU_028255,SPU_006676,0.534429146
SPU_003166,SPU_006676,0.532907851
SPU_010295,SPU_021608,0.532532345
SPU_021172,SPU_006676,0.528095709
SPU_002320,SPU_021608,0.527821253
SPU_010295,SPU_009155,0.525309419
SPU_026633,SPU_006676,0.524598742
SPU_023366,SPU_021608,0.523108775
SPU_006462,SPU_006676,0.522635267
SPU_012490,SPU_006676,0.517172746
SPU_024189,SPU_006676,0.514097444
SPU_013015,SPU_006676,0.513470768
SPU_017725,SPU_021608,0.511591848
SPU_011635,SPU_002874,0.511379075
SPU_017635,SPU_021608,0.509749245
SPU_027235,SPU_006676,0.508436427
SPU_015374,SPU_006676,0.50349967
SPU_003704,SPU_018056,0.502111169
SPU_018483,SPU_006676,0.499903039
SPU_018355,SPU_018056,0.499186818
SPU_006803,SPU_006676,0.49790103
SPU_027053,SPU_002874,0.494822678
SPU_026465,SPU_018056,0.493807742
SPU_018355_1,SPU_018056,0.488532628
SPU_023090,SPU_018056,0.481941369
SPU_002592,SPU_006676,0.477980736
SPU_022678,SPU_018056,0.475593378
SPU_023037,SPU_002874,0.47171522
SPU_013689,SPU_018056,0.461834915
SPU_009831,SPU_025113,0.461551587
SPU_009642,SPU_018056,0.455070804
SPU_004217,SPU_018056,0.450905576
SPU_001262_2,SPU_018056,0.45041294
SPU_011635,SPU_025113,0.449345469
SPU_011189,SPU_025113,0.446934131
SPU_012546,SPU_021608,0.446233296
SPU_002874,SPU_008528,0.445831452
SPU_007644,SPU_008528,0.445344084
SPU_005572,SPU_010424,0.444491881
SPU_003470,SPU_025113,0.442234821
SPU_002320,SPU_010424,0.441879691
SPU_002791,SPU_008528,0.441543135
SPU_007981,SPU_008528,0.439201242
SPU_025346,SPU_025113,0.433825216
SPU_004217,SPU_008528,0.428069248
SPU_008117,SPU_025113,0.427724514
SPU_022163,SPU_021608,0.425477572
SPU_005572,SPU_021608,0.424523072
SPU_017635,SPU_010424,0.424341072
SPU_000739,SPU_006676,0.424124556
SPU_005572,SPU_018581,0.423134848
SPU_028093,SPU_018581,0.422897401
SPU_002791,SPU_025113,0.422404904
SPU_027053,SPU_008528,0.421450543
SPU_009831,SPU_008528,0.420260121
SPU_022678,SPU_008528,0.418637222
SPU_017837,SPU_025113,0.415250592
SPU_020722,SPU_009155,0.414818253
SPU_028827,SPU_006676,0.413821476
SPU_011635,SPU_008528,0.411351227
SPU_025113,SPU_019002,0.410594392
SPU_023090,SPU_008528,0.410329222
SPU_023037,SPU_008528,0.409954824
SPU_007644,SPU_018056,0.40570116
SPU_028827,SPU_005572,0.405600942
SPU_015358,SPU_021608,0.405238188
SPU_008117_1,SPU_025113,0.405208663
SPU_009831,SPU_018581,0.405040523
SPU_014332,SPU_020311,0.404114717
SPU_002129,SPU_010424,0.40397929
SPU_018056,SPU_008528,0.403954756
SPU_011189,SPU_008528,0.403733943
SPU_005358,SPU_019002,0.403691249
SPU_017635,SPU_019002,0.400060658
SPU_003470,SPU_018056,0.399822657
SPU_003102,SPU_019002,0.398816592
SPU_012384,SPU_020311,0.398717483
SPU_012469,SPU_005572,0.396185411
SPU_012648,SPU_002874,0.395302298
SPU_014793,SPU_025113,0.394881464
SPU_018355,SPU_008528,0.394211402
SPU_001262_2,SPU_018581,0.393848093
SPU_017837,SPU_019002,0.393378329
SPU_019002,SPU_020311,0.393104149
SPU_026465,SPU_019024,0.390000431
SPU_003704,SPU_008528,0.388856445
SPU_009642,SPU_025113,0.388661969
SPU_010295,SPU_019002,0.387438142
SPU_012253,SPU_020311,0.387419706
SPU_008117_1,SPU_019002,0.387328497
SPU_003704,SPU_019024,0.386545325
SPU_004723,SPU_025113,0.385923362
SPU_023177,SPU_015908,0.385873599
SPU_018355_1,SPU_019024,0.38577144
SPU_018355,SPU_019024,0.383483746
SPU_012203,SPU_015908,0.383020912
SPU_007262,SPU_019002,0.381423657
SPU_020123,SPU_015908,0.380106681
SPU_018056,SPU_019024,0.379299667
SPU_012772,SPU_015908,0.376499376
SPU_014332,SPU_019002,0.374923329
SPU_012648,SPU_008528,0.373458312
SPU_020565,SPU_015908,0.373404807
SPU_017837,SPU_000668,0.371760145
SPU_023090,SPU_019024,0.369613006
SPU_008117,SPU_000668,0.368929498
SPU_009642,SPU_019024,0.368495635
SPU_013689,SPU_019024,0.36590687
SPU_007262,SPU_000668,0.365837562
SPU_006991,SPU_005572,0.365557145
SPU_025584,SPU_025113,0.364975934
SPU_011635,SPU_019002,0.364516705
SPU_017837,SPU_020371,0.364240723
SPU_002874,SPU_018056,0.364175158
SPU_011174,SPU_015908,0.363581056
SPU_011189,SPU_000668,0.362724141
SPU_004723,SPU_000668,0.362585804
SPU_017725,SPU_010424,0.36200792
SPU_008752,SPU_015908,0.360416071
SPU_003102,SPU_025113,0.358618795
SPU_006583,SPU_015908,0.35853826
SPU_014793,SPU_019024,0.358295407
SPU_022820,SPU_002874,0.356986886
SPU_015243,SPU_005572,0.356901777
SPU_011189,SPU_019002,0.356689558
SPU_007262,SPU_020371,0.356282863
SPU_023366,SPU_019002,0.355990663
SPU_020722,SPU_000668,0.355721613
SPU_008117_1,SPU_000668,0.355520483
SPU_003102,SPU_020311,0.355435928
SPU_020722,SPU_019002,0.353714197
SPU_020722,SPU_020371,0.353595543
SPU_026465,SPU_008528,0.352643538
SPU_012648,SPU_020371,0.351755851
SPU_004148,SPU_020311,0.351278185
SPU_022678,SPU_019024,0.351201947
SPU_008703,SPU_015908,0.350470201
SPU_022820,SPU_008528,0.348916471
SPU_008117,SPU_020371,0.348041259
SPU_018391,SPU_020371,0.346052556
SPU_009831,SPU_019002,0.345096116
SPU_008117_1,SPU_020311,0.344881402
SPU_002791,SPU_018056,0.343673515
SPU_013689_1,SPU_005572,0.343314781
SPU_008845,SPU_020371,0.343222602
SPU_020722,SPU_025113,0.342626421
SPU_011189,SPU_020371,0.342064616
SPU_004723,SPU_019002,0.341866397
SPU_025113,SPU_000668,0.341001166
SPU_011635,SPU_020371,0.340457658
SPU_012546,SPU_009155,0.340224786
SPU_021608,SPU_020311,0.339487911
SPU_008117_1,SPU_020371,0.338972819
SPU_017837,SPU_020311,0.337479525
SPU_009831,SPU_000668,0.336963879
SPU_004723,SPU_020371,0.335842626
SPU_018391,SPU_008528,0.335709833
SPU_018581,SPU_019024,0.335180464
SPU_009831,SPU_021608,0.334375668
SPU_020123,SPU_006676,0.334354876
SPU_007981,SPU_018056,0.332301995
SPU_012914,SPU_020311,0.330401035
SPU_004217,SPU_019024,0.329770062
SPU_025113,SPU_020371,0.328943088
SPU_015358,SPU_018581,0.328791582
SPU_024307,SPU_015908,0.327960172
SPU_022820,SPU_020371,0.326679235
SPU_003102,SPU_000668,0.326218481
SPU_003102,SPU_020371,0.324339145
SPU_025113,SPU_000841,0.3218944
SPU_014802,SPU_015908,0.319217477
SPU_003470,SPU_019024,0.318544919
SPU_007611,SPU_008528,0.318059768
SPU_025113,SPU_020311,0.316274829
SPU_012384,SPU_019002,0.31602962
SPU_018391,SPU_002874,0.315403636
SPU_001657,SPU_015908,0.314818683
SPU_006991,SPU_010424,0.314630445
SPU_010424,SPU_027235,0.314381216
SPU_008117,SPU_020311,0.313643925
SPU_011635,SPU_018581,0.311561242
SPU_014793,SPU_019024_1,0.310490999
SPU_023366,SPU_020311,0.310149314
SPU_009831,SPU_020371,0.308556772
SPU_018581,SPU_019024_1,0.306393831
SPU_012546,SPU_010424,0.306064067
SPU_014576,SPU_015908,0.305327885
SPU_000276,SPU_015908,0.304910378
SPU_008528,SPU_002874,0.302301514
SPU_009642,SPU_019024_1,0.301895789
SPU_010295,SPU_020311,0.301892878
SPU_002791,SPU_020371,0.301740818
SPU_012253,SPU_019002,0.301530956
SPU_004723,SPU_024794,0.30081224
SPU_014332,SPU_020371,0.300080078
SPU_019366,SPU_015908,0.29988172
SPU_008845,SPU_011583,0.299868275
SPU_008117_1,SPU_024794,0.296673348
SPU_005358,SPU_027235,0.29662317
SPU_025584,SPU_019002,0.296360911
SPU_020722,SPU_011583,0.296274693
SPU_018954,SPU_015908,0.295085103
SPU_017635,SPU_020311,0.2945592
SPU_025346,SPU_021608,0.293916028
SPU_008117,SPU_000841,0.293813038
SPU_012384,SPU_011583,0.29276733
SPU_010295,SPU_000668,0.290930826
SPU_013569,SPU_018581,0.290863459
SPU_017725,SPU_020311,0.290176763
SPU_008117,SPU_024794,0.289279095
SPU_020565,SPU_008703,0.288661429
SPU_013689,SPU_019024_1,0.288102535
SPU_019290,SPU_008703,0.287747404
SPU_018392,SPU_011583,0.287736315
SPU_010295,SPU_000841,0.28671237
SPU_002320,SPU_018581,0.286657894
SPU_004148,SPU_011583,0.286279754
SPU_003179,SPU_017106,0.28601403
SPU_021557,SPU_018581,0.285573651
SPU_002129,SPU_027235,0.285503928
SPU_017837,SPU_000841,0.283778039
SPU_022163,SPU_018581,0.281524582
SPU_027235,SPU_015374,0.281501572
SPU_017837,SPU_024794,0.280189031
SPU_020722,SPU_024794,0.279091204
SPU_002603,SPU_015374,0.278987521
SPU_018056,SPU_019024_1,0.278910451
SPU_008117_1,SPU_000841,0.278696985
SPU_028583,SPU_017106,0.278676886
SPU_019002,SPU_020371,0.278325914
SPU_008117,SPU_022153,0.277837159
SPU_002816,SPU_015908,0.276978164
SPU_006583,SPU_006676,0.276825827
SPU_008117_1,SPU_011583,0.27673046
SPU_003470,SPU_019024_1,0.276654638
SPU_012648,SPU_024794,0.276390439
SPU_020123,SPU_004414,0.276249468
SPU_018954,SPU_026418,0.275731188
SPU_009831,SPU_019024,0.27551592
SPU_018392,SPU_008528,0.274887303
SPU_014418,SPU_015908,0.274286132
SPU_007262,SPU_024794,0.274211003
SPU_023090,SPU_019024_1,0.274168725
SPU_025632,SPU_015908,0.274044942
SPU_003470,SPU_000668,0.271369405
SPU_010403,SPU_017106,0.271060987
SPU_002874,SPU_019024,0.270297776
SPU_012203,SPU_008703,0.270297776
SPU_021172,SPU_015374,0.270078626
SPU_025113,SPU_024794,0.269545238
SPU_011202,SPU_008703,0.268973314
SPU_003102,SPU_011583,0.268955571
SPU_013015,SPU_017106,0.268922443
SPU_011189,SPU_022153,0.268758184
SPU_014332,SPU_000668,0.268438539
SPU_006462,SPU_027235,0.268416777
SPU_008845,SPU_024794,0.268401945
SPU_004723,SPU_022153,0.268206914
SPU_006421,SPU_011583,0.267470594
SPU_018355,SPU_003704,0.26740392
SPU_027235,SPU_000756,0.267263088
SPU_018391,SPU_024794,0.267054196
SPU_026465,SPU_003704,0.266469658
SPU_026877,SPU_017106,0.266293895
SPU_018355_1,SPU_003704,0.265812348
SPU_009831,SPU_010698_1,0.265777695
SPU_025346,SPU_000668,0.264717987
SPU_006462,SPU_000756,0.26454056
SPU_028583,SPU_005718,0.264446164
SPU_023090,SPU_010698_1,0.26382517
SPU_011189,SPU_024794,0.26303479
SPU_012384,SPU_020371,0.262736492
SPU_027053,SPU_018056,0.262223341
SPU_003179,SPU_005718,0.262047994
SPU_014332,SPU_012253,0.26158516
SPU_018056,SPU_010698_1,0.261268287
SPU_012914,SPU_011583,0.26123599
SPU_002603,SPU_004414,0.261092801
SPU_017837,SPU_022153,0.260843295
SPU_002791,SPU_022153,0.260350381
SPU_008528,SPU_024794,0.259961984
SPU_018056,SPU_003704,0.259805072
SPU_012490,SPU_000756,0.259775686
SPU_025346,SPU_019024_1,0.259448417
SPU_015908,SPU_008703,0.259372595
SPU_006991,SPU_018581,0.259144435
SPU_008845,SPU_008528,0.258845998
SPU_024307,SPU_008703,0.25859372
SPU_012648,SPU_022153,0.258134628
SPU_005358,SPU_012253,0.257765082
SPU_002603,SPU_000756,0.257465536
SPU_007644,SPU_010698_1,0.257247911
SPU_026465,SPU_010698_1,0.256910246
SPU_027053,SPU_022153,0.256759434
SPU_012546,SPU_020311,0.256749453
SPU_005358,SPU_006676,0.25667973
SPU_009831,SPU_022153,0.256475135
SPU_007644,SPU_009263,0.256346224
SPU_027053,SPU_024794,0.256279827
SPU_021608,SPU_019002,0.256147728
SPU_019002,SPU_012253,0.25582129
SPU_002129,SPU_018581,0.254809266
SPU_012914,SPU_025113,0.254417541
SPU_009831,SPU_020722,0.254328135
SPU_018355,SPU_010698_1,0.254241085
SPU_003166,SPU_000756,0.254077658
SPU_028255,SPU_000756,0.253603597
SPU_024189,SPU_000756,0.253533042
SPU_022820,SPU_022153,0.253515438
SPU_017407,SPU_018581,0.253320268
SPU_002874,SPU_022153,0.253202585
SPU_011635,SPU_022153,0.253155733
SPU_015374,SPU_017106,0.253062861
SPU_008117,SPU_011583,0.253030148
SPU_002791,SPU_019024,0.25242565
SPU_020722,SPU_012253,0.25229563
SPU_015374,SPU_004414,0.251961707
SPU_013015,SPU_000756,0.251565547
SPU_022820,SPU_024794,0.251393388
SPU_011635,SPU_020722,0.251009287
SPU_018581,SPU_009642,0.250648058
SPU_015719,SPU_015908,0.249593894
SPU_018056,SPU_027053,0.249325952
SPU_026633,SPU_015374,0.24913106
SPU_023090,SPU_003704,0.249002149
SPU_018355,SPU_027053,0.248716187
SPU_017642,SPU_000509,0.248650899
SPU_013689,SPU_003704,0.248612642
SPU_026633,SPU_000756,0.247984441
SPU_006462,SPU_015374,0.24797848
SPU_022678,SPU_003704,0.247961015
SPU_003704,SPU_027053,0.24775337
SPU_023037,SPU_022153,0.247330873
SPU_023090,SPU_027053,0.247103823
SPU_003102,SPU_000841,0.247029664
SPU_021608,SPU_011583,0.247027585
SPU_024903,SPU_027235,0.24696798
SPU_018483,SPU_000756,0.24692598
SPU_002874,SPU_010698_1,0.246812594
SPU_011635,SPU_024794,0.24666289
SPU_011189,SPU_020722,0.246602177
SPU_003166,SPU_015374,0.246519147
SPU_028255,SPU_015374,0.246060748
SPU_012384,SPU_012253,0.245918668
SPU_013015,SPU_015374,0.245223794
SPU_008845,SPU_012253,0.244637732
SPU_026418,SPU_008703,0.24438878
SPU_021172,SPU_000756,0.2442327
SPU_018483,SPU_027235,0.24421565
SPU_020722,SPU_022153,0.244151195
SPU_002791,SPU_024794,0.244087155
SPU_004702,SPU_009263,0.24376543
SPU_003102,SPU_012253,0.243210695
SPU_024189,SPU_015374,0.243119209
SPU_021557,SPU_027235,0.24285307
SPU_007262,SPU_022153,0.24282701
SPU_012253,SPU_020371,0.242784871
SPU_004217,SPU_009263,0.242777386
SPU_017635,SPU_000841,0.242663029
SPU_002874,SPU_009263,0.242462038
SPU_010295,SPU_011583,0.242423919
SPU_017837,SPU_012253,0.241913679
SPU_022678,SPU_009263,0.241570053
SPU_018391,SPU_022153,0.241034586
SPU_004217,SPU_027053,0.240586999
SPU_010305,SPU_017106,0.240354959
SPU_026205,SPU_017106,0.240335137
SPU_009831,SPU_024794,0.240174482
SPU_011635,SPU_010698_1,0.239889768
SPU_018483,SPU_015374,0.239437192
SPU_022163,SPU_027235,0.239337251
SPU_023037,SPU_018056,0.23866996
SPU_009642,SPU_003704,0.238369721
SPU_002874,SPU_020722,0.238283503
SPU_014332,SPU_009155,0.238260354
SPU_014793,SPU_009642,0.237886095
SPU_018581,SPU_014793,0.237766609
SPU_001262_2,SPU_003704,0.237729322
SPU_002791,SPU_010698_1,0.237518767
SPU_023177,SPU_008703,0.237360192
SPU_025113,SPU_011583,0.237232944
SPU_013015,SPU_005718,0.23676706
SPU_018056,SPU_009263,0.236753892
SPU_024189,SPU_006814,0.236680426
SPU_018355_1,SPU_027053,0.236449771
SPU_002791,SPU_009263,0.236421633
SPU_007981,SPU_009263,0.236378246
SPU_023090,SPU_009263,0.236361335
SPU_026205,SPU_000756,0.236047928
SPU_003470,SPU_020722,0.235927888
SPU_005572,SPU_020311,0.235331291
SPU_007644,SPU_027053,0.235249508
SPU_002791,SPU_020722,0.235117131
SPU_025346,SPU_020371,0.234958279
SPU_018355,SPU_009263,0.234851546
SPU_026465,SPU_027053,0.234672595
SPU_002874,SPU_024794,0.234564198
SPU_015767,SPU_015908,0.234345603
SPU_009831,SPU_017837,0.234184949
SPU_003470,SPU_017837,0.233752055
SPU_001998,SPU_004414,0.23363853
SPU_014332,SPU_025113,0.233323598
SPU_024307,SPU_026418,0.232866031
SPU_014793,SPU_017837,0.232739061
SPU_006583,SPU_004414,0.232627614
SPU_005572,SPU_000841,0.232356207
SPU_026877,SPU_005718,0.232342207
SPU_008117_1,SPU_012253,0.232247118
SPU_008528,SPU_022153,0.231954225
SPU_003704,SPU_009263,0.231944106
SPU_008117_1,SPU_012546,0.23189074
SPU_020722,SPU_012546,0.231784006
SPU_008752,SPU_004414,0.231478916
SPU_011189,SPU_010698_1,0.231244241
SPU_008117,SPU_012546,0.231222618
SPU_008117,SPU_020722,0.230957587
SPU_009178,SPU_017106,0.230817031
SPU_006676,SPU_000756,0.230607724
SPU_023037,SPU_020722,0.230462733
SPU_027053,SPU_020722,0.229998097
SPU_017837,SPU_020722,0.229936136
SPU_009831,SPU_019024_1,0.229693977
SPU_006676,SPU_017106,0.229487025
SPU_017837,SPU_012546,0.229461936
SPU_019002,SPU_000668,0.228619575
SPU_027774,SPU_009263,0.228499951
SPU_007262,SPU_018581,0.22818391
SPU_012384,SPU_000668,0.22796878
SPU_025113,SPU_012253,0.227872304
SPU_003470,SPU_020371,0.22771664
SPU_015358,SPU_020311,0.227530065
SPU_018744,SPU_016449,0.227206262
SPU_011174,SPU_008703,0.22716939
SPU_017470,SPU_018581,0.226962161
SPU_012914,SPU_024794,0.226801507
SPU_018861,SPU_015908,0.226424892
SPU_023386,SPU_017106,0.225868077
SPU_024189,SPU_015908,0.225662512
SPU_008845,SPU_012546,0.225402887
SPU_011174,SPU_004414,0.225011301
SPU_003179,SPU_015374,0.223937177
SPU_002129,SPU_019002,0.223924147
SPU_008845,SPU_022153,0.223231906
SPU_002129,SPU_000756,0.223174935
SPU_002874,SPU_027053,0.222348931
SPU_004723,SPU_012546,0.221988672
SPU_015358,SPU_000841,0.221821919
SPU_025113,SPU_003102,0.221038331
SPU_009642,SPU_017837,0.220768448
SPU_008117,SPU_012253,0.220722706
SPU_027053,SPU_009263,0.220496764
SPU_012772,SPU_008703,0.220174208
SPU_026633,SPU_003166,0.220044049
SPU_009831,SPU_003102,0.219947435
SPU_018392,SPU_022153,0.219378283
SPU_004148,SPU_000668,0.219269055
SPU_018355_1,SPU_009263,0.218404378
SPU_009642,SPU_014793,0.218212535
SPU_008752,SPU_008703,0.2176438
SPU_023090,SPU_028030,0.217169738
SPU_002592,SPU_000756,0.216896806
SPU_007262,SPU_012546,0.216875321
SPU_025113,SPU_012546,0.216814192
SPU_011635,SPU_017837,0.2166753
SPU_011189,SPU_012546,0.216447279
SPU_012490,SPU_015374,0.215499017
SPU_002791,SPU_027053,0.214982262
SPU_012648,SPU_020722,0.214213783
SPU_023037,SPU_009263,0.21403705
SPU_004723,SPU_020722,0.213925881
SPU_010403,SPU_005718,0.213768692
SPU_011635,SPU_019024,0.213712553
SPU_004148,SPU_009155,0.212871856
SPU_018056,SPU_028030,0.212627063
SPU_027053,SPU_010698_1,0.212490805
SPU_007981,SPU_027053,0.21231518
SPU_003470,SPU_024794,0.212205536
SPU_017106,SPU_005718,0.21205209
SPU_009831,SPU_027053,0.211892544
SPU_005435,SPU_011583,0.211750742
SPU_006991,SPU_027235,0.211686425
SPU_004217,SPU_028030,0.211431512
SPU_003102,SPU_012546,0.210687707
SPU_021172,SPU_003166,0.210489488
SPU_023090,SPU_020722,0.210188556
SPU_023090,SPU_022153,0.209761069
SPU_011189,SPU_017837,0.209422988
SPU_023037,SPU_010698_1,0.209175145
SPU_000424,SPU_027235,0.208974015
SPU_018392,SPU_002874,0.208551518
SPU_001998,SPU_008703,0.208420528
SPU_000424,SPU_003166,0.208081754
SPU_009876,SPU_017106,0.207997615
SPU_003704,SPU_028030,0.207902941
SPU_017837,SPU_018581,0.207365671
SPU_012546,SPU_011583,0.207063907
SPU_018581,SPU_025584,0.206924877
SPU_019002,SPU_027235,0.206793193
SPU_012648_1,SPU_000509,0.206452063
SPU_002874,SPU_017837,0.206388716
SPU_017404,SPU_011583,0.206334656
SPU_011635,SPU_012253,0.205861565
SPU_006917,SPU_017106,0.205739861
SPU_028255,SPU_003166,0.205660297
SPU_004723,SPU_012253,0.205617049
SPU_019332,SPU_009263,0.205557306
SPU_011635,SPU_003102,0.205294354
SPU_009642,SPU_020722,0.204781342
SPU_011189,SPU_012253,0.20443231
SPU_012253,SPU_000668,0.203754901
SPU_022817,SPU_006462,0.203706248
SPU_010351,SPU_017106,0.203623911
SPU_007644,SPU_003704,0.202817451
SPU_015243,SPU_000756,0.202763253
SPU_027214,SPU_004414,0.202603846
SPU_012203,SPU_026418,0.202578896
SPU_011189,SPU_019024,0.202548262
SPU_026465,SPU_017837,0.202409093
SPU_024903,SPU_006462,0.202380261
SPU_006803,SPU_003166,0.202052992
SPU_025584,SPU_014793,0.201675129
SPU_006676,SPU_006814,0.201562019
SPU_012546,SPU_000841,0.201439346
SPU_003470,SPU_014793,0.201006868
SPU_019002,SPU_015374,0.200753065
SPU_007262,SPU_010698_1,0.200376588
SPU_013569,SPU_000668,0.200169775
SPU_010295,SPU_012546,0.200010368
SPU_004414,SPU_008703,0.199833496
SPU_017348,SPU_017106,0.199021908
SPU_002791,SPU_017837,0.198264934
SPU_013015,SPU_004414,0.198075032
SPU_003470,SPU_003704,0.197217701
SPU_011189,SPU_003102,0.196526985
SPU_006421,SPU_000668,0.196186271
SPU_013015,SPU_006814,0.195980983
SPU_002129,SPU_006462,0.195814784
SPU_017635,SPU_011583,0.195801061
SPU_021608,SPU_012253,0.195628902
SPU_015374,SPU_006814,0.195600347
SPU_010295,SPU_012253,0.19522789
SPU_027235,SPU_006462,0.195124345
SPU_009876,SPU_005718,0.195073057
SPU_014793,SPU_010424,0.194829789
SPU_023090,SPU_018680,0.194481589
SPU_012384,SPU_011064,0.194396341
SPU_003470,SPU_009642,0.194374579
SPU_000739,SPU_000756,0.194371391
SPU_007262,SPU_017837,0.194012656
SPU_014576,SPU_010351,0.19398327
SPU_025346,SPU_014793,0.19397329
SPU_025346,SPU_009642,0.193496456
SPU_008845,SPU_002874,0.19310487
SPU_005358,SPU_002129,0.193008117
SPU_026633,SPU_010351,0.19295475
SPU_017837,SPU_010698_1,0.192560531
SPU_025590,SPU_027235,0.19216936
SPU_008117,SPU_017837,0.191862191
SPU_003470,SPU_021608,0.191700012
SPU_020123,SPU_001998,0.191493337
SPU_009831,SPU_020311,0.191306069
SPU_016881,SPU_014170,0.191255198
SPU_012253,SPU_011064,0.191190187
SPU_024903,SPU_002603,0.190704482
SPU_023386,SPU_005718,0.190596363
SPU_014332,SPU_012546,0.190480065
SPU_024189,SPU_012645,0.190424342
SPU_026418,SPU_004414,0.190123964
SPU_026465,SPU_018680,0.190037192
SPU_018391,SPU_020722,0.19002638
SPU_003166,SPU_010351,0.189946815
SPU_026465,SPU_020722,0.189912716
SPU_006676,SPU_005718,0.189893448
SPU_009642,SPU_000668,0.189366159
SPU_011635,SPU_027053,0.18936103
SPU_005718,SPU_017106,0.189201762
SPU_028255,SPU_010351,0.189109583
SPU_009831,SPU_012546,0.188954058
SPU_015374,SPU_001998,0.188633858
SPU_012253,SPU_002631,0.188603917
SPU_018056,SPU_018680,0.188284688
SPU_027053,SPU_019024,0.187906686
SPU_006312,SPU_027235,0.18785332
SPU_003704,SPU_009642,0.187838349
SPU_010305,SPU_005718,0.187801894
SPU_000756,SPU_006814,0.187754626
SPU_002603,SPU_010351,0.187434288
SPU_014793,SPU_000668,0.187333238
SPU_026633,SPU_027235,0.187324783
SPU_017725,SPU_018581,0.187298169
SPU_006753,SPU_027235,0.187271832
SPU_015828,SPU_008528,0.187244248
SPU_003166,SPU_027235,0.186866246
SPU_003179,SPU_010351,0.186708087
SPU_002874,SPU_028030,0.186678423
SPU_011297,SPU_014170,0.186668166
SPU_026205,SPU_006814,0.186543135
SPU_000424,SPU_000756,0.186464541
SPU_028827,SPU_000756,0.186211569
SPU_012648,SPU_009263,0.186042598
SPU_028583,SPU_010351,0.185740696
SPU_015243,SPU_027235,0.185703131
SPU_027969,SPU_024794,0.185461526
SPU_002791,SPU_028030,0.185351328
SPU_004414,SPU_001998,0.185128158
SPU_009771,SPU_017106,0.185013801
SPU_002634,SPU_017106,0.184962375
SPU_023386,SPU_006814,0.184815028
SPU_003179,SPU_006814,0.184591443
SPU_028583,SPU_000757,0.184589225
SPU_008196_1,SPU_005718,0.183994291
SPU_012384,SPU_002631,0.183952846
SPU_013015,SPU_010351,0.183950766
SPU_009831,SPU_028030,0.18384736
SPU_015829,SPU_008528,0.183791498
SPU_023366,SPU_000841,0.183552111
SPU_022049,SPU_000756,0.18340116
SPU_023386,SPU_010351,0.183243001
SPU_017404,SPU_024794,0.183150683
SPU_004723,SPU_010698_1,0.183088307
SPU_008117,SPU_003102,0.183080683
SPU_004148,SPU_022153,0.182876088
SPU_016449,SPU_004024,0.182827018
SPU_008117_1,SPU_003102,0.182458581
SPU_012490,SPU_006462,0.18240868
SPU_007981,SPU_028030,0.182195768
SPU_026205,SPU_015374,0.182121609
SPU_028583,SPU_012645,0.182105391
SPU_002874,SPU_003102,0.182069906
SPU_012253,SPU_009911,0.181887628
SPU_028583,SPU_006814,0.18176135
SPU_015358,SPU_011583,0.181536378
SPU_012490,SPU_010351,0.181347585
SPU_010351,SPU_005718,0.181327209
SPU_006991,SPU_006462,0.180986356
SPU_028120,SPU_005718,0.180931603
SPU_011189,SPU_027053,0.180885999
SPU_026205,SPU_010351,0.180304095
SPU_006676,SPU_010351,0.180171025
SPU_014332,SPU_009911,0.179857341
SPU_018483,SPU_010351,0.179708053
SPU_009771,SPU_010351,0.179441774
SPU_021557,SPU_006462,0.179111872
SPU_012384,SPU_009911,0.178766999
SPU_008117_1,SPU_017837,0.178175946
SPU_008117_1,SPU_010698_1,0.178105946
SPU_018954,SPU_008703,0.178089728
SPU_015982,SPU_017106,0.17792852
SPU_006991,SPU_002129,0.177911747
SPU_019290,SPU_014170,0.17784341
SPU_011635,SPU_019024_1,0.177842856
SPU_003166,SPU_010424,0.177799747
SPU_022817,SPU_005572,0.177786994
SPU_022049,SPU_017106,0.177725172
SPU_002791,SPU_003102,0.177502696
SPU_013178,SPU_006676,0.177502141
SPU_026877,SPU_010635,0.177465547
SPU_018483,SPU_006462,0.177459864
SPU_000129,SPU_017106,0.177278556
SPU_014722,SPU_022153,0.177110694
SPU_012648,SPU_010698_1,0.176998971
SPU_004148,SPU_012546,0.176777187
SPU_017837,SPU_003102,0.17673186
SPU_023090,SPU_009642,0.176664355
SPU_002592,SPU_003166,0.176174214
SPU_023037,SPU_027053,0.17607857
SPU_009831,SPU_014793,0.176035738
SPU_012546,SPU_000668,0.175917777
SPU_009178,SPU_010351,0.175750331
SPU_012914,SPU_012546,0.175597162
SPU_014332,SPU_011064,0.175490983
SPU_014722,SPU_008528,0.175423755
SPU_012384,SPU_012546,0.174506404
SPU_000756,SPU_005718,0.174217947
SPU_017407,SPU_016449,0.17421171
SPU_018483,SPU_003166,0.174100541
SPU_016449,SPU_015108,0.173911748
SPU_000424,SPU_006462,0.173894698
SPU_017635,SPU_012786,0.173766202
SPU_021557,SPU_002129,0.173743747
SPU_023037,SPU_019024,0.173531805
SPU_004148,SPU_011064,0.173491884
SPU_023090,SPU_010698,0.173478855
SPU_006462,SPU_010351,0.173443369
SPU_011635,SPU_010424,0.172851485
SPU_003179,SPU_012645,0.172644256
SPU_009642,SPU_010698,0.172512434
SPU_018056,SPU_010698,0.172506335
SPU_021608,SPU_002631,0.172198195
SPU_017470,SPU_019002,0.171931501
SPU_003179,SPU_000757,0.171669796
SPU_002320,SPU_002129,0.171548093
SPU_015358,SPU_000668,0.171024684
SPU_000276,SPU_014170,0.170623673
SPU_020311,SPU_027235,0.170623395
SPU_004723,SPU_017837,0.170603851
SPU_011246,SPU_017106,0.170452484
SPU_014576,SPU_006814,0.170268958
SPU_024139,SPU_005718,0.170039689
SPU_002874,SPU_003704,0.16891608
SPU_021172,SPU_010351,0.168881426
SPU_000756,SPU_010351,0.168880595
SPU_009831,SPU_010698,0.168752099
SPU_026465,SPU_010698,0.168530732
SPU_003470,SPU_019033,0.168180591
SPU_009642,SPU_019033,0.168164651
SPU_014836,SPU_009911,0.16811475
SPU_020311,SPU_012253,0.167857342
SPU_012384,SPU_027235,0.167657322
SPU_008117,SPU_012914,0.167308706
SPU_022163,SPU_002129,0.167059339
SPU_015982,SPU_006814,0.167001536
SPU_008117_1,SPU_012914,0.166988229
SPU_014802,SPU_014170,0.166745238
SPU_005358,SPU_004983,0.166629911
SPU_014793,SPU_019033,0.166615495
SPU_011189,SPU_028030,0.166113156
SPU_015374,SPU_010351,0.166053552
SPU_022820,SPU_009263,0.16598369
SPU_011174,SPU_026418,0.165953333
SPU_021608,SPU_011064,0.165937531
SPU_000485,SPU_014170,0.165934204
SPU_024307,SPU_004414,0.165924086
SPU_012469,SPU_000509,0.165898442
SPU_015772,SPU_014170,0.16565753
SPU_027235,SPU_004414,0.165650183
SPU_022817,SPU_004983,0.165497153
SPU_011189,SPU_019024_1,0.16530032
SPU_020722,SPU_012914,0.165251666
SPU_024903,SPU_003166,0.16517626
SPU_000129,SPU_005718,0.1651563
SPU_006917,SPU_010351,0.165010477
SPU_005358,SPU_009911,0.164720218
SPU_020123,SPU_008703,0.164668931
SPU_014576,SPU_008703,0.164619584
SPU_027472,SPU_014170,0.164589643
SPU_012648,SPU_017837,0.16451396
SPU_008845,SPU_020722,0.164505089
SPU_012491,SPU_005718,0.164274711
SPU_017837,SPU_012914,0.164096592
SPU_002634,SPU_005718,0.164010512
SPU_023090,SPU_019033,0.163733006
SPU_022049,SPU_010351,0.163665916
SPU_022846,SPU_014170,0.163630154
SPU_004702,SPU_018581,0.163557104
SPU_026418,SPU_006814,0.163441777
SPU_024139,SPU_014170,0.163175359
SPU_021608,SPU_020371,0.163169953
SPU_009831,SPU_018680,0.163035636
SPU_012772,SPU_001998,0.16297423
SPU_009831,SPU_012253,0.162898823
SPU_015908,SPU_026418,0.162777397
SPU_018581,SPU_002615,0.162755357
SPU_003704,SPU_019384,0.162721535
SPU_017348,SPU_005718,0.16244694
SPU_013015,SPU_012645,0.162339375
SPU_012491,SPU_017106,0.162298623
SPU_021608,SPU_009911,0.162231117
SPU_005358,SPU_006462,0.1620828
SPU_002129,SPU_004983,0.16204676
SPU_003166,SPU_006462,0.161984245
SPU_003378,SPU_016449,0.161958324
SPU_006421,SPU_012546,0.161904264
SPU_008845,SPU_012914,0.161816383
SPU_018392,SPU_020722,0.161772165
SPU_018391,SPU_009263,0.161722679
SPU_006803,SPU_002603,0.161460143
SPU_004148,SPU_009911,0.161451549
SPU_018355,SPU_019384,0.161269964
SPU_022816,SPU_006462,0.161136756
SPU_007253,SPU_017106,0.161054696
SPU_008752,SPU_026418,0.161009785
SPU_018483,SPU_002129,0.160966676
SPU_023090,SPU_024794,0.160819328
SPU_012384,SPU_025113,0.16048402
SPU_011246,SPU_005718,0.160396415
SPU_004414,SPU_006814,0.160286633
SPU_016443,SPU_014170,0.160091741
SPU_008528,SPU_009263,0.160091463
SPU_005435,SPU_011064,0.160041424
SPU_012384,SPU_007317,0.15995576
SPU_027774,SPU_026110,0.15983364
SPU_025346,SPU_020311,0.159547263
SPU_002815,SPU_006814,0.15954158
SPU_024189,SPU_008703,0.159351678
SPU_026465,SPU_025856,0.159165657
SPU_011635,SPU_028030,0.158938468
SPU_018056,SPU_019384,0.158872071
SPU_017470,SPU_016449,0.158805121
SPU_019002,SPU_025113,0.158732209
SPU_012253,SPU_007317,0.1586471
SPU_025113,SPU_012914,0.158614526
SPU_012648,SPU_018056,0.15857502
SPU_015982,SPU_005718,0.158515139
SPU_028255,SPU_002603,0.158425594
SPU_021172,SPU_002603,0.157974404
SPU_009831,SPU_009642,0.157931988
SPU_026465,SPU_019384,0.15792173
SPU_012253,SPU_012546,0.157897195
SPU_021608,SPU_007317,0.157730581
SPU_012490,SPU_002634,0.157661828
SPU_003102,SPU_017837,0.157358539
SPU_002874,SPU_010698,0.157334698
SPU_005572,SPU_002129,0.15725846
SPU_001998,SPU_006814,0.157206756
SPU_002592,SPU_027235,0.157102657
SPU_027235,SPU_004983,0.157013944
SPU_018355_1,SPU_019384,0.156949211
SPU_004723,SPU_003102,0.156907349
SPU_018355_1,SPU_004807,0.156900973
SPU_003595_1,SPU_016449,0.156836656
SPU_011189,SPU_012914,0.156788695
SPU_025346,SPU_019033,0.156774279
SPU_025584,SPU_000668,0.156739903
SPU_024189,SPU_010351,0.156733804
SPU_018797,SPU_010351,0.156602813
SPU_003704,SPU_025856,0.15656511
SPU_009831,SPU_008117_1,0.156437862
SPU_027053,SPU_026110,0.156408614
SPU_007981,SPU_026110,0.156337366
SPU_014793,SPU_003084,0.156331406
SPU_018355,SPU_025856,0.156293148
SPU_027053,SPU_003102,0.155975998
SPU_002129,SPU_002603,0.155790393
SPU_026633,SPU_006462,0.155741185
SPU_017971,SPU_016449,0.155731621
SPU_007253,SPU_005718,0.155725383
SPU_020123,SPU_006583,0.155622808
SPU_003704,SPU_004807,0.15536748
SPU_018056,SPU_025856,0.155214727
SPU_017404,SPU_011064,0.1551834
SPU_023037,SPU_026110,0.155148469
SPU_025113,SPU_012786,0.155093024
SPU_006814,SPU_017106,0.155006667
SPU_018355,SPU_004807,0.154955379
SPU_020637,SPU_014170,0.154885656
SPU_002791,SPU_003704,0.154794586
SPU_011635,SPU_010698,0.154633794
SPU_008196,SPU_010351,0.154519159
SPU_013689,SPU_025856,0.154496011
SPU_005358,SPU_002603,0.154470922
SPU_027053,SPU_028030,0.154417832
SPU_006462,SPU_002634,0.154271594
SPU_023177,SPU_026418,0.154267851
SPU_015243,SPU_006462,0.153975652
SPU_023090,SPU_019384,0.15379074
SPU_022678,SPU_019384,0.153499927
SPU_026465,SPU_004807,0.153167806
SPU_018483,SPU_002634,0.153044717
SPU_009831,SPU_019033,0.153042776
SPU_002874,SPU_026110,0.153029053
SPU_006753,SPU_006462,0.15292537
SPU_012648_1,SPU_002631,0.152848854
SPU_026205,SPU_002634,0.152762636
SPU_012645,SPU_005718,0.152713151
SPU_002791,SPU_026110,0.152670735
SPU_005718,SPU_000757,0.152602814
SPU_005572,SPU_024794,0.152410555
SPU_006421,SPU_009911,0.15233307
SPU_020123,SPU_015374,0.152209564
SPU_023090,SPU_025856,0.152179762
SPU_009831,SPU_008117,0.152156752
SPU_006421,SPU_011064,0.152129584
SPU_004148,SPU_002631,0.152027563
SPU_012546,SPU_012253,0.152023959
SPU_010295,SPU_012786,0.151983761
SPU_010424,SPU_010403,0.151726631
SPU_011635,SPU_008117_1,0.151639997
SPU_010635,SPU_012645,0.151632789
SPU_018056,SPU_004807,0.151604789
SPU_025346,SPU_012546,0.151348491
SPU_008112,SPU_002603,0.151212926
SPU_002603,SPU_002634,0.151118113
SPU_012648_1,SPU_007317,0.151038271
SPU_003102,SPU_009911,0.150977281
SPU_002791,SPU_010698,0.150970627
SPU_014576,SPU_023177,0.150910746
SPU_007262,SPU_012914,0.150817181
SPU_023177,SPU_006814,0.150816627
SPU_006787,SPU_014170,0.150776983
SPU_006803,SPU_000424,0.150510011
SPU_006312,SPU_003166,0.150239297
SPU_011189,SPU_008117_1,0.150215317
SPU_028255,SPU_006462,0.150165
SPU_007262,SPU_008117_1,0.150031791
SPU_024903,SPU_000424,0.149940306
SPU_024903,SPU_004983,0.149850345
SPU_002603,SPU_023386,0.149786721
SPU_003166,SPU_002129,0.149724899
SPU_022163,SPU_000841,0.149699394
SPU_009771,SPU_005718,0.149570759
SPU_006991,SPU_002603,0.149528898
SPU_024189,SPU_000757,0.149509492
SPU_015374,SPU_012645,0.149335808
SPU_010295,SPU_012914,0.149242243
SPU_006917,SPU_005718,0.149125668
SPU_012490,SPU_023386,0.148782043
SPU_023037,SPU_003102,0.148742538
SPU_004723,SPU_012914,0.14872632
SPU_028255,SPU_010424,0.148582576
SPU_007981,SPU_003704,0.148444655
SPU_014418,SPU_014170,0.148220931
SPU_005572,SPU_011583,0.148211228
SPU_014332,SPU_000841,0.148049049
SPU_002592,SPU_002603,0.147812295
SPU_000757,SPU_012645,0.14779788
SPU_003470,SPU_012546,0.147607146
SPU_006583,SPU_001998,0.147413086
SPU_004148,SPU_007317,0.14722055
SPU_009831,SPU_011583,0.147020668
SPU_000739,SPU_002603,0.146830766
SPU_014793,SPU_008117,0.146681201
SPU_004217,SPU_018680,0.146664013
SPU_007644,SPU_019033,0.146640448
SPU_012648,SPU_026110,0.146594567
SPU_003470,SPU_025584,0.146440289
SPU_006991,SPU_003166,0.146395378
SPU_017725,SPU_000841,0.146382071
SPU_023090,SPU_004807,0.146292387
SPU_009642,SPU_020371,0.146280605
SPU_007599,SPU_014170,0.146141575
SPU_011635,SPU_026110,0.146022505
SPU_000756,SPU_002634,0.146002544
SPU_006814,SPU_005718,0.145883336
SPU_002874,SPU_008117_1,0.145877098
SPU_012914,SPU_009911,0.145868642
SPU_022049,SPU_002634,0.145840642
SPU_027235,SPU_010351,0.145688305
SPU_027214,SPU_015374,0.145661137
SPU_003470,SPU_008117,0.14552571
SPU_015640,SPU_014170,0.145491611
SPU_012648_1,SPU_011064,0.145434086
SPU_003166,SPU_002603,0.145155332
SPU_002816,SPU_014170,0.145139669
SPU_012469,SPU_006753,0.145106956
SPU_025590,SPU_006462,0.145096144
SPU_026633,SPU_010424,0.145068559
SPU_003166,SPU_002634,0.144952262
SPU_008117,SPU_008117_1,0.144879905
SPU_006312,SPU_006462,0.144832776
SPU_022817,SPU_002603,0.144827232
SPU_012914,SPU_012786,0.144796598
SPU_024903,SPU_019002,0.144724657
SPU_024307,SPU_026277,0.144724102
SPU_003595_1,SPU_015108,0.144688201
SPU_017837,SPU_008117_1,0.144606696
SPU_013689,SPU_004807,0.144532537
SPU_025590,SPU_002129,0.144336536
SPU_007262,SPU_027053,0.144289823
SPU_010424,SPU_004983,0.144264179
SPU_015374,SPU_013015,0.144229942
SPU_028255,SPU_002634,0.144156892
SPU_022816,SPU_003166,0.144138733
SPU_018954,SPU_011174,0.144133882
SPU_002874,SPU_018680,0.144132496
SPU_013689,SPU_019384,0.144081208
SPU_012914,SPU_003102,0.143961029
SPU_024189,SPU_002634,0.143906138
SPU_018954,SPU_006583,0.143852356
SPU_026633,SPU_002634,0.143826296
SPU_022678,SPU_004807,0.143799682
SPU_012469,SPU_028827,0.143688097
SPU_013015,SPU_002634,0.143669246
SPU_014576,SPU_012645,0.143460631
SPU_011189,SPU_010698,0.143437066
SPU_002592,SPU_006462,0.14341974
SPU_012648,SPU_027053,0.143414195
SPU_017106,SPU_000757,0.143317858
SPU_002791,SPU_008117_1,0.143087481
SPU_021557,SPU_004983,0.143057678
SPU_027235,SPU_013015,0.143050609
SPU_003102,SPU_012914,0.143014569
SPU_028120,SPU_017106,0.14294346
SPU_006676,SPU_002634,0.142900628
SPU_007611,SPU_012914,0.142767281
SPU_006462,SPU_004983,0.142766172
SPU_004217,SPU_019384,0.142623122
SPU_007644,SPU_018680,0.142544805
SPU_009642,SPU_019384,0.142335081
SPU_028583,SPU_010635,0.14220007
SPU_002874,SPU_019033,0.14216112
SPU_026099,SPU_014170,0.142062565
SPU_002874,SPU_008117,0.142024446
SPU_003179,SPU_010635,0.141988406
SPU_005358,SPU_009756,0.14183995
SPU_014793,SPU_002615,0.141793098
SPU_000739,SPU_006462,0.141686919
SPU_003470,SPU_008117_1,0.141669593
SPU_019002,SPU_002129,0.141602365
SPU_024877,SPU_014170,0.141561335
SPU_011174,SPU_001998,0.141536245
SPU_016881,SPU_000276,0.141516285
SPU_008528,SPU_026110,0.141304621
SPU_023386,SPU_002634,0.141174046
SPU_018056,SPU_008117,0.141156442
SPU_025346,SPU_008117_1,0.14114355
SPU_009831,SPU_025584,0.141030302
SPU_009642,SPU_008117,0.140945193
SPU_011635,SPU_008117,0.140817945
SPU_022817,SPU_018483,0.140797707
SPU_023090,SPU_008117,0.140732558
SPU_008752,SPU_001998,0.140729232
SPU_020123,SPU_000756,0.140667825
SPU_005358,SPU_000756,0.140598934
SPU_002592,SPU_005572,0.140353448
SPU_002129,SPU_003166,0.140324754
SPU_009642,SPU_004807,0.140299388
SPU_004723,SPU_008117_1,0.140272497
SPU_006462,SPU_023386,0.140219546
SPU_012772,SPU_006814,0.140215665
SPU_024307,SPU_015374,0.140088971
SPU_003179,SPU_002634,0.139953267
SPU_018391,SPU_026110,0.139945228
SPU_002603,SPU_013015,0.139859841
SPU_026465,SPU_008117,0.139699326
SPU_012645,SPU_017106,0.139574434
SPU_006917,SPU_002634,0.139557246
SPU_008117_1,SPU_012786,0.139204195
SPU_014332,SPU_012914,0.139168016
SPU_020123,SPU_026418,0.139133778
SPU_024139,SPU_017106,0.13910259
SPU_019002,SPU_002603,0.13907362
SPU_011189,SPU_026110,0.13895358
SPU_016449,SPU_015456,0.138811084
SPU_018581,SPU_008117_1,0.138667063
SPU_012914,SPU_011064,0.138659855
SPU_024903,SPU_006803,0.138634627
SPU_026633,SPU_002603,0.138502944
SPU_022678,SPU_023090,0.138362804
SPU_024189,SPU_026277,0.13834423
SPU_002791,SPU_018680,0.13833328
SPU_001262_2,SPU_019384,0.138092645
SPU_007262,SPU_010295,0.137753455
SPU_028255,SPU_023386,0.137717277
SPU_018483,SPU_004983,0.137657811
SPU_012648,SPU_003102,0.13760389
SPU_003704,SPU_023090,0.137596682
SPU_018391,SPU_010698_1,0.137556206
SPU_012699,SPU_014170,0.137514899
SPU_011576,SPU_014170,0.137471097
SPU_014793,SPU_004807,0.137408582
SPU_006421,SPU_002631,0.137401235
SPU_003470,SPU_025856,0.137391117
SPU_028827,SPU_002603,0.137303789
SPU_018056,SPU_023090,0.13723573
SPU_014401,SPU_014170,0.136811292
SPU_020722,SPU_017837,0.136666301
SPU_009831,SPU_012914,0.136656321
SPU_003166,SPU_023386,0.136524083
SPU_012648,SPU_008117_1,0.136422755
SPU_007981,SPU_010698,0.136404042
SPU_017635,SPU_002129,0.13622024
SPU_008117_1,SPU_009911,0.136144833
SPU_024903,SPU_010722,0.135948417
SPU_022820,SPU_018056,0.135907802
SPU_027235,SPU_002603,0.135862614
SPU_012772,SPU_023177,0.135845703
SPU_006991,SPU_000424,0.135796634
SPU_011202,SPU_014170,0.135789287
SPU_009642,SPU_024794,0.135754218
SPU_027235,SPU_010403,0.135693782
SPU_006421,SPU_007317,0.135642633
SPU_003179,SPU_013015,0.135626276
SPU_002791,SPU_008117,0.135583029
SPU_018483,SPU_023386,0.135566118
SPU_024307,SPU_001998,0.135537563
SPU_008117_1,SPU_011064,0.135470335
SPU_021172,SPU_013015,0.135437206
SPU_025346,SPU_025584,0.135292077
SPU_013689_1,SPU_027235,0.1352577
SPU_028827,SPU_003166,0.135147779
SPU_019002,SPU_006676,0.13503065
SPU_009876,SPU_023177,0.134642252
SPU_017725,SPU_002129,0.134555618
SPU_028583,SPU_002634,0.134551875
SPU_026633,SPU_023386,0.134544944
SPU_011189,SPU_008117,0.134531499
SPU_024189,SPU_023386,0.134440984
SPU_004217,SPU_026110,0.134437518
SPU_017725,SPU_009911,0.134178586
SPU_023894,SPU_014170,0.134154467
SPU_000975,SPU_014170,0.134093754
SPU_027214,SPU_008703,0.133634247
SPU_025346,SPU_012253,0.133576445
SPU_022820,SPU_026110,0.133392087
SPU_018355_1,SPU_002615,0.133361315
SPU_018355,SPU_023090,0.133257631
SPU_008117,SPU_012786,0.13322575
SPU_009831,SPU_010295,0.133037927
SPU_024093,SPU_016881,0.132971392
SPU_004723,SPU_010295,0.132930224
SPU_023177,SPU_000757,0.132893352
SPU_020311,SPU_002631,0.132806857
SPU_012546,SPU_012786,0.132780659
SPU_005358,SPU_018581,0.132717035
SPU_028255,SPU_013015,0.132711213
SPU_018581,SPU_004024,0.132608361
SPU_014793,SPU_011189,0.132562757
SPU_006786,SPU_014170,0.132559984
SPU_004217,SPU_023090,0.132405845
SPU_012469,SPU_000424,0.132303132
SPU_027053,SPU_010698,0.132211369
SPU_006808,SPU_009911,0.132108655
SPU_012772,SPU_026418,0.132100477
SPU_008528,SPU_010698_1,0.131983209
SPU_013689,SPU_002615,0.13184404
SPU_012648_1,SPU_009911,0.13182602
SPU_015358,SPU_012546,0.131680752
SPU_017837,SPU_012786,0.131645822
SPU_000739,SPU_003166,0.131533682
SPU_012491,SPU_012645,0.131489464
SPU_017837,SPU_009911,0.131473108
SPU_007981,SPU_008117_1,0.131397009
SPU_015243,SPU_003166,0.13115873
SPU_002815,SPU_017106,0.131121166
SPU_018581,SPU_026465,0.131098433
SPU_007262,SPU_014332,0.131083047
SPU_023037,SPU_008117,0.130980333
SPU_008752,SPU_006583,0.130898273
SPU_025590,SPU_003166,0.130843521
SPU_006312,SPU_004983,0.130833956
SPU_003102,SPU_011064,0.130693956
SPU_007644,SPU_025856,0.130652371
SPU_004217,SPU_025856,0.130137141
SPU_025590,SPU_004983,0.129917437
SPU_007981,SPU_018680,0.129906486
SPU_014793,SPU_022633,0.129661832
SPU_012384,SPU_012914,0.129611792
SPU_026465,SPU_023090,0.129388484
SPU_006462,SPU_002603,0.129307533
SPU_026205,SPU_012645,0.129305593
SPU_020311,SPU_007317,0.129185414
SPU_022820,SPU_028030,0.129082562
SPU_015719,SPU_014170,0.129020878
SPU_014576,SPU_000757,0.129013532
SPU_025346,SPU_022633,0.128923294
SPU_027235,SPU_023386,0.128915531
SPU_013119,SPU_014170,0.128849828
SPU_004217,SPU_004807,0.128788838
SPU_012253,SPU_025113,0.128706916
SPU_017635,SPU_009911,0.12870456
SPU_020722,SPU_010698_1,0.128692778
SPU_012648_1,SPU_006753,0.128652995
SPU_025632,SPU_014170,0.128487074
SPU_025113,SPU_009911,0.128458242
SPU_018581,SPU_011189,0.128442856
SPU_023366,SPU_009911,0.128442163
SPU_002320,SPU_009911,0.128426361
SPU_018581,SPU_004287_1,0.128421232
SPU_017837,SPU_014332,0.128420816
SPU_002815,SPU_005718,0.128395588
SPU_014793,SPU_008117_1,0.128286498
SPU_006676,SPU_012645,0.128152735
SPU_010295,SPU_019024_1,0.128090359
SPU_011189,SPU_018680,0.128085923
SPU_012253,SPU_002129,0.128072755
SPU_026465,SPU_002615,0.128028398
SPU_017635,SPU_004983,0.127910576
SPU_011189,SPU_019033,0.12787218
SPU_027214,SPU_001998,0.12760105
SPU_006991,SPU_004983,0.127596753
SPU_019002,SPU_004983,0.127591208
SPU_009642,SPU_002615,0.127539782
SPU_011635,SPU_019033,0.127516495
SPU_027053,SPU_008117,0.127508455
SPU_017837,SPU_011064,0.127235107
SPU_014793,SPU_026465,0.127213622
SPU_009642,SPU_011189,0.127149859
SPU_023037,SPU_010698,0.127083324
SPU_018355_1,SPU_026465,0.127079305
SPU_004148,SPU_012914,0.126987819
SPU_021608,SPU_000668,0.126947344
SPU_007262,SPU_010698,0.126896056
SPU_026763,SPU_010403,0.12684269
SPU_025346,SPU_010295,0.126796808
SPU_008117,SPU_019024_1,0.126735818
SPU_002603,SPU_013086,0.12671059
SPU_017837,SPU_010295,0.126649461
SPU_008117,SPU_010295,0.126565045
SPU_024918,SPU_027362,0.126434747
SPU_020311,SPU_011064,0.126414648
SPU_011189,SPU_010295,0.126178726
SPU_007644,SPU_019384,0.125996309
SPU_008112,SPU_006462,0.125902051
SPU_004414,SPU_009771,0.125841615
SPU_012384,SPU_009155,0.125789081
SPU_012648_1,SPU_000861,0.125715338
SPU_006462,SPU_010403,0.125605555
SPU_008117_1,SPU_014332,0.125411217
SPU_015374,SPU_002634,0.125351474
SPU_008117,SPU_014332,0.125335395
SPU_022820,SPU_027053,0.125101275
SPU_009831,SPU_025856,0.125058859
SPU_018392,SPU_026110,0.124753214
SPU_012253,SPU_003166,0.12453448
SPU_013015,SPU_023386,0.124161053
SPU_007262,SPU_019024_1,0.123861784
SPU_027774,SPU_003102,0.123673546
SPU_005358,SPU_012384,0.123523149
SPU_018392,SPU_009263,0.123447465
SPU_021608,SPU_012546,0.123300811
SPU_020722,SPU_003102,0.123235246
SPU_025113,SPU_014332,0.123136969
SPU_007262,SPU_008117,0.123083186
SPU_025584,SPU_002615,0.123065721
SPU_021172,SPU_002634,0.122925582
SPU_022049,SPU_005718,0.122667897
SPU_008117_1,SPU_010295,0.122478273
SPU_014332,SPU_002129,0.122369044
SPU_013689,SPU_026465,0.122355737
SPU_015358,SPU_012786,0.122143934
SPU_006312,SPU_011583,0.121844388
SPU_020311,SPU_002129,0.121842864
SPU_009642,SPU_008117_1,0.121743616
SPU_003470,SPU_010295,0.121716586
SPU_021557,SPU_003166,0.121714922
SPU_023386,SPU_012645,0.121655318
SPU_009642,SPU_026465,0.121640209
SPU_003470,SPU_019384,0.121593635
SPU_003166,SPU_013015,0.12159308
SPU_012648,SPU_028030,0.121430763
SPU_007611,SPU_008117_1,0.121413713
SPU_005358,SPU_013015,0.121373515
SPU_018483,SPU_010403,0.121344822
SPU_015374,SPU_010635,0.121335257
SPU_019002,SPU_009155,0.121306287
SPU_001998,SPU_023177,0.121113058
SPU_012384,SPU_000861,0.121091573
SPU_006312,SPU_000424,0.121016166
SPU_020722,SPU_008117_1,0.120916641
SPU_008117,SPU_018680,0.120826403
SPU_012253,SPU_000861,0.120710937
SPU_008117,SPU_011064,0.120511194
SPU_010295,SPU_014332,0.120353728
SPU_004414,SPU_002634,0.120289688
SPU_006753,SPU_000424,0.1202524
SPU_002874,SPU_025856,0.120009271
SPU_004702,SPU_023090,0.119949112
SPU_021557,SPU_000424,0.119943844
SPU_003102,SPU_012786,0.119927765
SPU_012253,SPU_004983,0.119876755
SPU_020311,SPU_004983,0.119854161
SPU_026465,SPU_011189,0.119748952
SPU_026633,SPU_013015,0.119718457
SPU_019002,SPU_012914,0.119590239
SPU_023090,SPU_017811,0.119583863
SPU_026465,SPU_002467,0.119582892
SPU_018056,SPU_017811,0.119567506
SPU_001998,SPU_002634,0.119113543
SPU_009831,SPU_014332,0.119064751
SPU_009876,SPU_000757,0.118999048
SPU_023366,SPU_012786,0.118987681
SPU_004414,SPU_023177,0.118958434
SPU_006753,SPU_004983,0.118924612
SPU_014332,SPU_002603,0.11886778
SPU_003704,SPU_017811,0.118441956
SPU_023090,SPU_026110,0.11827146
SPU_025888,SPU_026277,0.118238609
SPU_000756,SPU_012645,0.11815641
SPU_000749,SPU_016881,0.118104846
SPU_015908,SPU_006814,0.118104707
SPU_025590,SPU_000424,0.118089737
SPU_003470,SPU_022633,0.118080034
SPU_023177,SPU_012645,0.118050509
SPU_006462,SPU_013015,0.117896092
SPU_019002,SPU_012786,0.117851874
SPU_014332,SPU_017725,0.117691081
SPU_015374,SPU_026277,0.117558704
SPU_007253,SPU_012645,0.117477476
SPU_021608,SPU_012786,0.117471239
SPU_017837,SPU_010698,0.117393476
SPU_005358,SPU_011064,0.117299357
SPU_003470,SPU_004807,0.117297555
SPU_011635,SPU_009642,0.117281475
SPU_025584,SPU_011711,0.117264841
SPU_009831,SPU_011189,0.11723601
SPU_020722,SPU_014332,0.117224089
SPU_002320,SPU_009756,0.117138148
SPU_026465,SPU_017811,0.116991909
SPU_024903,SPU_018483,0.116962939
SPU_011635,SPU_018680,0.116938682
SPU_021172,SPU_023386,0.116812126
SPU_018483,SPU_002603,0.116691532
SPU_028148,SPU_006583,0.116687235
SPU_015374,SPU_023386,0.116669353
SPU_004148,SPU_012786,0.116598937
SPU_025113,SPU_010295,0.116575511
SPU_025584,SPU_026465,0.116512442
SPU_025590,SPU_000509,0.116491511
SPU_004723,SPU_014332,0.116463095
SPU_005358,SPU_021172,0.116447986
SPU_007262,SPU_014793,0.116326421
SPU_024307,SPU_011174,0.116209985
SPU_009831,SPU_012786,0.116156202
SPU_017837,SPU_008117,0.116100757
SPU_006312,SPU_000509,0.116077331
SPU_015243,SPU_004983,0.11605543
SPU_018355,SPU_017811,0.115982934
SPU_020311,SPU_012786,0.115943291
SPU_018056,SPU_026110,0.115913904
SPU_014576,SPU_026418,0.115911825
SPU_017837,SPU_028030,0.115910439
SPU_008117,SPU_019033,0.115580259
SPU_009642,SPU_002467,0.115513586
SPU_003166,SPU_004983,0.115324377
SPU_003704,SPU_002615,0.115267406
SPU_012469,SPU_000861,0.11497188
SPU_014722,SPU_020722,0.114894672
SPU_018797,SPU_009771,0.114872355
SPU_025113,SPU_019033,0.114814552
SPU_014793,SPU_011711,0.114795285
SPU_014836,SPU_015374,0.114629363
SPU_012490,SPU_013086,0.114615363
SPU_003179,SPU_023386,0.114226411
SPU_022816,SPU_004983,0.114132153
SPU_019002,SPU_003166,0.11409542
SPU_018355,SPU_002615,0.114013499
SPU_027969,SPU_022153,0.113844251
SPU_000424,SPU_013086,0.113840785
SPU_003102,SPU_014332,0.113765518
SPU_010305,SPU_010635,0.113563695
SPU_018355,SPU_026110,0.113536804
SPU_012253,SPU_012914,0.113232683
SPU_014332,SPU_002662,0.113082287
SPU_009642,SPU_011711,0.113027673
SPU_002791,SPU_025856,0.112951573
SPU_004723,SPU_010698,0.112928147
SPU_023366,SPU_011064,0.112882543
SPU_028583,SPU_026277,0.112833058
SPU_023366,SPU_012384,0.112766384
SPU_018056,SPU_011189,0.112676285
SPU_000424,SPU_002603,0.112615294
SPU_023090,SPU_011189,0.112585631
SPU_012546,SPU_009911,0.11236163
SPU_007262,SPU_017725,0.112342778
SPU_019002,SPU_000861,0.112289966
SPU_028583,SPU_007253,0.112256144
SPU_014793,SPU_016272,0.112215946
SPU_002634,SPU_012645,0.112086341
SPU_003704,SPU_026465,0.11205141
SPU_004148,SPU_000861,0.11199139
SPU_010403,SPU_006814,0.1119724
SPU_025346,SPU_014332,0.111954935
SPU_018391,SPU_027053,0.111909469
SPU_021608,SPU_006462,0.111862756
SPU_018355_1,SPU_017811,0.111817013
SPU_003470,SPU_016272,0.111696973
SPU_018355,SPU_026465,0.111535903
SPU_020311,SPU_006462,0.111487249
SPU_006803,SPU_013086,0.111441368
SPU_024189,SPU_016016,0.111414477
SPU_012253,SPU_021172,0.111313843
SPU_013015,SPU_010635,0.111240377
SPU_015908,SPU_006583,0.111091228
SPU_008845,SPU_008117_1,0.111077089
SPU_011174,SPU_006583,0.110986712
SPU_014628,SPU_016449,0.110880118
SPU_018056,SPU_010625,0.110866672
SPU_017837,SPU_017635,0.110643503
SPU_005358,SPU_003166,0.110537878
SPU_002592,SPU_013015,0.110434749
SPU_006676,SPU_009771,0.110400511
SPU_014332,SPU_000861,0.110341877
SPU_023090,SPU_010625,0.110317759
SPU_009831,SPU_016272,0.110251639
SPU_021210,SPU_017106,0.110250253
SPU_026905,SPU_000509,0.110196194
SPU_003704,SPU_010625,0.110033183
SPU_002129,SPU_009756,0.109971222
SPU_017642,SPU_009079_1,0.109879875
SPU_007147,SPU_016881,0.1098674
SPU_012772,SPU_000757,0.109842172
SPU_002603,SPU_009771,0.109727954
SPU_024903,SPU_013086,0.109617478
SPU_014802,SPU_016881,0.109609161
SPU_018355,SPU_002467,0.109566606
SPU_018355_1,SPU_002467,0.10943118
SPU_004414,SPU_006583,0.109386546
SPU_014576,SPU_007253,0.109332625
SPU_003704,SPU_026110,0.109175436
SPU_005358,SPU_010722,0.109157832
SPU_018355,SPU_010625,0.109148961
SPU_022163,SPU_009911,0.109136347
SPU_011189,SPU_009642,0.109100584
SPU_004217,SPU_010426,0.109087555
SPU_018056,SPU_002615,0.108962247
SPU_023386,SPU_000757,0.108955594
SPU_017837,SPU_019024_1,0.108904445
SPU_003179,SPU_007253,0.108816702
SPU_012253,SPU_028827,0.108789811
SPU_020124,SPU_000509,0.108520621
SPU_003102,SPU_017725,0.108396977
SPU_007981,SPU_010426,0.108396561
SPU_025346,SPU_002615,0.108339868
SPU_017579,SPU_007317,0.10831367
SPU_018483,SPU_013015,0.108175055
SPU_017407,SPU_016045,0.108145392
SPU_012648,SPU_008117,0.108129035
SPU_021608,SPU_000861,0.108112817
SPU_022678,SPU_010426,0.108102976
SPU_022678,SPU_002467,0.108070956
SPU_025113,SPU_017635,0.107952163
SPU_002874,SPU_019384,0.107913767
SPU_008528,SPU_027053,0.107888123
SPU_012491,SPU_000757,0.107873569
SPU_003704,SPU_002467,0.10787246
SPU_002129,SPU_010722,0.107855965
SPU_012648,SPU_019024,0.107806479
SPU_012490,SPU_013015,0.107769192
SPU_027235,SPU_021172,0.107686162
SPU_027214,SPU_015982,0.107485032
SPU_014793,SPU_002467,0.10742723
SPU_026465,SPU_010625,0.107426398
SPU_012546,SPU_012914,0.107415032
SPU_005022,SPU_018581,0.107365685
SPU_025346,SPU_012914,0.107303447
SPU_025346,SPU_011711,0.107303031
SPU_001998,SPU_026418,0.107267823
SPU_001657,SPU_006583,0.107213348
SPU_024189,SPU_015982,0.107197961
SPU_012914,SPU_002631,0.107193248
SPU_002874,SPU_004807,0.107163724
SPU_018581,SPU_010403,0.107150278
SPU_002129,SPU_010403,0.107145704
SPU_003470,SPU_023090,0.107128377
SPU_009876,SPU_012645,0.107035367
SPU_013305,SPU_012645,0.106963287
SPU_012648,SPU_010698,0.106947624
SPU_028827,SPU_000424,0.10694693
SPU_022678,SPU_017811,0.106937227
SPU_012490,SPU_016016,0.106858079
SPU_001262_2,SPU_026465,0.106672196
SPU_027053,SPU_003704,0.106495047
SPU_005358,SPU_002662,0.106485621
SPU_012253,SPU_006753,0.106368215
SPU_012008,SPU_014170,0.106333561
SPU_004723,SPU_008117,0.106142966
SPU_007262,SPU_012786,0.106138392
SPU_003470,SPU_011711,0.10612661
SPU_014793,SPU_010295,0.106090293
SPU_012490,SPU_010403,0.106039698
SPU_018126,SPU_000757,0.106023758
SPU_026905,SPU_007317,0.105991599
SPU_023386,SPU_023177,0.105990352
SPU_008845,SPU_017725,0.105970114
SPU_004702,SPU_004621,0.105940728
SPU_008117_1,SPU_010698,0.10585146
SPU_002603,SPU_021172,0.105824291
SPU_019366,SPU_016881,0.105664885
SPU_006808,SPU_002662,0.105625934
SPU_012490,SPU_015982,0.105568825
SPU_021172,SPU_004983,0.105514904
SPU_028583,SPU_023177,0.105469854
SPU_014332,SPU_006753,0.105352448
SPU_009642,SPU_016272,0.10530213
SPU_000739,SPU_004983,0.10529021
SPU_003179,SPU_026277,0.105283418
SPU_018908,SPU_028827,0.105195536
SPU_018056,SPU_002467,0.105157833
SPU_006583,SPU_000756,0.105100585
SPU_011635,SPU_016272,0.104987198
SPU_024307,SPU_023065,0.104963911
SPU_011635,SPU_011189,0.104918584
SPU_003470,SPU_020311,0.104815039
SPU_018056,SPU_026465,0.104693197
SPU_017725,SPU_002662,0.104688068
SPU_006814,SPU_012645,0.104678504
SPU_014332,SPU_012384,0.1046469
SPU_000739,SPU_013015,0.104627771
SPU_006753,SPU_003166,0.104571077
SPU_004723,SPU_019033,0.104544048
SPU_004414,SPU_007253,0.10453476
SPU_018391,SPU_003102,0.104442305
SPU_003179,SPU_023177,0.104349849
SPU_005572,SPU_002662,0.104341948
SPU_005358,SPU_014332,0.104317413
SPU_021608,SPU_028827,0.104299116
SPU_027053,SPU_018680,0.104292462
SPU_001998,SPU_007253,0.104291492
SPU_014332,SPU_017635,0.104219828
SPU_001262_2,SPU_002615,0.104089115
SPU_009831,SPU_004807,0.104051273
SPU_010295,SPU_014793,0.104046144
SPU_025010,SPU_012645,0.103940936
SPU_025584,SPU_022633,0.103904757
SPU_026962,SPU_026418,0.103777371
SPU_006421,SPU_000861,0.103668835
SPU_015108,SPU_004024,0.103663707
SPU_010295,SPU_009642,0.103662875
SPU_004723,SPU_019024_1,0.103639588
SPU_003470,SPU_012914,0.103616855
SPU_026633,SPU_009771,0.103553508
SPU_004217,SPU_017811,0.103531191
SPU_006312,SPU_028827,0.103478102
SPU_004148,SPU_003102,0.103453983
SPU_000276,SPU_016881,0.103407408
SPU_003470,SPU_002615,0.103376359
SPU_022678,SPU_004621,0.103371369
SPU_006462,SPU_013086,0.103341705
SPU_014802,SPU_000276,0.103313844
SPU_023090,SPU_022487,0.103258398
SPU_017635,SPU_009756,0.103208081
SPU_004723,SPU_018680,0.10314016
SPU_017348,SPU_027235,0.10276091
SPU_018056,SPU_022487,0.102662078
SPU_023090,SPU_002467,0.102581405
SPU_021608,SPU_012913,0.102538573
SPU_023177,SPU_007253,0.102458453
SPU_008117_1,SPU_019033,0.102327047
SPU_002874,SPU_011189,0.102306116
SPU_003470,SPU_012253,0.102277007
SPU_022163,SPU_002662,0.102265225
SPU_012772,SPU_006583,0.102237779
SPU_007611,SPU_006421,0.10221463
SPU_019002,SPU_006462,0.102143244
SPU_020722,SPU_017725,0.102128551
SPU_019002,SPU_012384,0.102082947
SPU_012203,SPU_000757,0.102077679
SPU_007644,SPU_011189,0.102005877
SPU_012490,SPU_009771,0.101859361
SPU_026633,SPU_013086,0.101815143
SPU_008112,SPU_003166,0.101808767
SPU_015828,SPU_026110,0.101791579
SPU_006991,SPU_010722,0.101776331
SPU_011246,SPU_000757,0.101733777
SPU_007253,SPU_000757,0.101719638
SPU_007147,SPU_000276,0.101684569
SPU_023386,SPU_007253,0.101674311
SPU_017837,SPU_019033,0.10166946
SPU_011635,SPU_017635,0.101649638
SPU_000861,SPU_011583,0.101589202
SPU_013689,SPU_023090,0.101560508
SPU_020123,SPU_009771,0.101531815
SPU_025113,SPU_011064,0.101530291
SPU_026877,SPU_010403,0.101400409
SPU_019002,SPU_021172,0.101379339
SPU_003704,SPU_022487,0.101304626
SPU_022163,SPU_006753,0.101302963
SPU_028583,SPU_018126,0.101260131
SPU_011635,SPU_025856,0.101126784
SPU_018483,SPU_013086,0.10106607
SPU_002603,SPU_018483,0.10089003
SPU_020124,SPU_000424,0.100808247
SPU_021608,SPU_009756,0.100761534
SPU_011189,SPU_017635,0.100749752
SPU_001262_2,SPU_011711,0.10062292
SPU_015829,SPU_026110,0.10055583
SPU_013015,SPU_007253,0.10054682
SPU_008117_1,SPU_019024_1,0.100507731
SPU_025590,SPU_028827,0.100477929
SPU_006462,SPU_016016,0.100452563
SPU_026205,SPU_009771,0.100427612
SPU_002791,SPU_019384,0.10036773
SPU_008117_1,SPU_008117,0.100315611
SPU_003166,SPU_013086,0.100297176
SPU_028255,SPU_013086,0.10028775
SPU_003470,SPU_010625,0.100265017
SPU_001262_2,SPU_023090,0.100188502
SPU_021192,SPU_012645,0.100181017
SPU_021210,SPU_005718,0.100171591
SPU_014289,SPU_000757,0.100137492
SPU_007981,SPU_019384,0.099809668
SPU_002592,SPU_023386,0.099799411
SPU_006583,SPU_006814,0.099777371
SPU_010351,SPU_000757,0.099724836
SPU_006312,SPU_018581,0.099723589
SPU_024307,SPU_000756,0.09970349
SPU_004217,SPU_010625,0.099589271
SPU_000756,SPU_000757,0.099577212
SPU_004148,SPU_006421,0.099570974
SPU_001262_2,SPU_002467,0.099555449
SPU_002791,SPU_004807,0.099528004
SPU_002603,SPU_015982,0.099508182
SPU_013569,SPU_017635,0.099505271
SPU_026962,SPU_028827,0.099503192
SPU_004217,SPU_004621,0.099497231
SPU_006462,SPU_018483,0.09924426
SPU_006312,SPU_006753,0.099183962
SPU_019366,SPU_000276,0.099112576
SPU_010295,SPU_017635,0.099108695
SPU_017725,SPU_006753,0.098907981
SPU_018581,SPU_027235,0.098888159
SPU_003102,SPU_017635,0.098851842
SPU_023090,SPU_010426,0.098843525
SPU_002791,SPU_010426,0.098810812
SPU_008117_1,SPU_006421,0.098765624
SPU_006421,SPU_002662,0.098717109
SPU_019002,SPU_013015,0.098699782
SPU_015243,SPU_013015,0.098589306
SPU_003470,SPU_014332,0.098549246
SPU_018355_1,SPU_004806,0.098511127
SPU_000861,SPU_004983,0.098471622
SPU_018056,SPU_004621,0.098455959
SPU_020123,SPU_023386,0.098449028
SPU_009771,SPU_007253,0.098448474
SPU_002129,SPU_018483,0.098442236
SPU_017725,SPU_028827,0.098337859
SPU_025590,SPU_006753,0.098336196
SPU_015358,SPU_019024_1,0.098333701
SPU_005572,SPU_009911,0.098314295
SPU_022049,SPU_010403,0.098302928
SPU_002129,SPU_021172,0.098263978
SPU_012203,SPU_016443,0.098261205
SPU_008845,SPU_010698_1,0.09822073
SPU_002791,SPU_011189,0.098213383
SPU_019002,SPU_009756,0.098178868
SPU_005572,SPU_017635,0.098145047
SPU_026465,SPU_022487,0.0981097
SPU_005572,SPU_010722,0.098098472
SPU_008112,SPU_004983,0.09808572
SPU_026877,SPU_021726,0.098031937
SPU_005572,SPU_014793,0.097908986
SPU_007644,SPU_023090,0.097846748
SPU_015374,SPU_007253,0.097808075
SPU_002874,SPU_010426,0.097796985
SPU_017725,SPU_002631,0.097736411
SPU_003704,SPU_008377,0.097570905
SPU_024307,SPU_010635,0.097521974
SPU_025113,SPU_012384,0.097493974
SPU_011189,SPU_016272,0.0973853
SPU_009876,SPU_007253,0.09731031
SPU_003704,SPU_004806,0.097306429
SPU_026205,SPU_015982,0.097244329
SPU_011189,SPU_025856,0.09723421
SPU_004723,SPU_014793,0.097217161
SPU_003704,SPU_004621,0.097105022
SPU_018355,SPU_004621,0.09703211
SPU_003470,SPU_022487,0.09700217
SPU_000756,SPU_007253,0.096978744
SPU_012384,SPU_012913,0.096927318
SPU_005358,SPU_018483,0.096837218
SPU_012490,SPU_018483,0.096821416
SPU_018355,SPU_008377,0.096753357
SPU_017348,SPU_010403,0.096728129
SPU_024903,SPU_021608,0.096701099
SPU_014722,SPU_026110,0.096698327
SPU_007644,SPU_010625,0.09667199
SPU_007981,SPU_023090,0.096661732
SPU_006676,SPU_015982,0.096549455
SPU_003179,SPU_018126,0.096424286
SPU_009831,SPU_011711,0.096371474
SPU_007644,SPU_017811,0.09632684
SPU_017837,SPU_017725,0.096274028
SPU_018355,SPU_004806,0.096182126
SPU_021608,SPU_012914,0.09611171
SPU_028255,SPU_015982,0.096030066
SPU_018056,SPU_008377,0.0960187
SPU_007981,SPU_004621,0.095983353
SPU_017579,SPU_012914,0.095971987
SPU_003166,SPU_009771,0.095901155
SPU_018056,SPU_010426,0.095898937
SPU_018581,SPU_007957,0.09587357
SPU_012253,SPU_009756,0.095827827
SPU_006462,SPU_012645,0.095820897
SPU_002592,SPU_000424,0.095780837
SPU_007644,SPU_004621,0.095605906
SPU_017725,SPU_011064,0.095603411
SPU_025584,SPU_021608,0.095505965
SPU_006583,SPU_023386,0.095405746
SPU_001998,SPU_000757,0.095335053
SPU_012772,SPU_007253,0.095291112
SPU_004723,SPU_006421,0.095255904
SPU_000861,SPU_000424,0.095246894
SPU_002129,SPU_000424,0.095179943
SPU_012772,SPU_012645,0.095160814
SPU_020722,SPU_006421,0.095160537
SPU_018483,SPU_016016,0.095156101
SPU_003179,SPU_009771,0.095119091
SPU_021210,SPU_014131,0.09505824
SPU_000861,SPU_000509,0.095056438
SPU_013015,SPU_018126,0.095024279
SPU_012648,SPU_019033,0.094954556
SPU_026465,SPU_004806,0.094928774
SPU_017470,SPU_009642,0.094915605
SPU_008752,SPU_011174,0.094846991
SPU_023037,SPU_018680,0.094826892
SPU_025113,SPU_015358,0.094802219
SPU_008117_1,SPU_015358,0.094723624
SPU_018056,SPU_004806,0.094681763
SPU_024307,SPU_020565,0.094631307
SPU_018392,SPU_010698_1,0.094566435
SPU_022678,SPU_008377,0.094536495
SPU_023037,SPU_003704,0.094533168
SPU_007644,SPU_010426,0.094401068
SPU_028255,SPU_025010,0.094398296
SPU_004723,SPU_000509,0.094291978
SPU_008112,SPU_006803,0.094267721
SPU_018797,SPU_006917,0.094250117
SPU_013689,SPU_002467,0.094186354
SPU_013569,SPU_014332,0.094053977
SPU_002320,SPU_002662,0.093986056
SPU_020722,SPU_012384,0.093975383
SPU_018391,SPU_028030,0.09397164
SPU_019089,SPU_015982,0.093927145
SPU_020311,SPU_028827,0.093842313
SPU_012253,SPU_012384,0.093789639
SPU_012469,SPU_006803,0.093756233
SPU_002631,SPU_027235,0.093751382
SPU_002603,SPU_010635,0.093726431
SPU_003102,SPU_006421,0.0936775
SPU_023090,SPU_000922,0.093659342
SPU_023090,SPU_008377,0.093588787
SPU_009642,SPU_003470,0.093579361
SPU_017470,SPU_014793,0.093508806
SPU_025584,SPU_027235,0.093508668
SPU_005358,SPU_010403,0.093452806
SPU_002874,SPU_023090,0.093441301
SPU_010424,SPU_003084,0.093388905
SPU_020124,SPU_001998,0.093288271
SPU_000756,SPU_015982,0.093226171
SPU_006676,SPU_007253,0.093092131
SPU_006583,SPU_015374,0.0930152
SPU_027235,SPU_016016,0.093007853
SPU_017635,SPU_002662,0.092988447
SPU_002634,SPU_000757,0.09296322
SPU_015640,SPU_016443,0.092920249
SPU_009642,SPU_012546,0.092883378
SPU_026465,SPU_008377,0.092870764
SPU_002874,SPU_004621,0.092846645
SPU_017837,SPU_014793,0.092836803
SPU_015374,SPU_023177,0.092834308
SPU_012253,SPU_012913,0.09283015
SPU_006312,SPU_007317,0.09281615
SPU_020123,SPU_023177,0.092751417
SPU_021557,SPU_010722,0.092681832
SPU_005572,SPU_006753,0.09260199
SPU_014628,SPU_004287_1,0.092519653
SPU_002320,SPU_010722,0.092452564
SPU_005572,SPU_025584,0.092426227
SPU_014793,SPU_003470,0.092319078
SPU_017837,SPU_012384,0.092305355
SPU_014332,SPU_017837,0.091977532
SPU_002874,SPU_016272,0.091957433
SPU_008117_1,SPU_017725,0.091956462
SPU_008845,SPU_006421,0.091923749
SPU_003102,SPU_015358,0.091920284
SPU_028255,SPU_021172,0.091873987
SPU_002634,SPU_007253,0.091854581
SPU_017837,SPU_015358,0.091731907
SPU_009831,SPU_017811,0.091679095
SPU_004148,SPU_012913,0.09164652
SPU_012253,SPU_006462,0.091591352
SPU_000440,SPU_002129,0.091532579
SPU_024903,SPU_000310,0.091499034
SPU_001657,SPU_018954,0.09149446
SPU_008117,SPU_015358,0.091468955
SPU_001262_2,SPU_017811,0.09145343
SPU_006991,SPU_024903,0.091394242
SPU_003704,SPU_010426,0.09135543
SPU_015243,SPU_000424,0.091337548
SPU_022163,SPU_009756,0.091294578
SPU_014332,SPU_009756,0.091238716
SPU_018355_1,SPU_008377,0.091184379
SPU_007262,SPU_015358,0.091182716
SPU_023090,SPU_004806,0.091166359
SPU_002791,SPU_004621,0.09116026
SPU_006808,SPU_022163,0.09115125
SPU_024093,SPU_000749,0.091135171
SPU_004702,SPU_017811,0.091108973
SPU_028255,SPU_016016,0.091065725
SPU_027969,SPU_011174,0.091055884
SPU_002603,SPU_016016,0.091000854
SPU_004148,SPU_020722,0.09098727
SPU_023386,SPU_015982,0.09097119
SPU_028255,SPU_006803,0.090960656
SPU_010295,SPU_006421,0.09092018
SPU_008845,SPU_012384,0.090898002
SPU_015358,SPU_002662,0.090879843
SPU_018483,SPU_006917,0.090841586
SPU_017837,SPU_018680,0.090839784
SPU_028255,SPU_009771,0.090839368
SPU_027235,SPU_013086,0.090788358
SPU_008117,SPU_006421,0.090782813
SPU_007644,SPU_012648,0.090741229
SPU_009831,SPU_010625,0.090723347
SPU_002677,SPU_012645,0.090687446
SPU_013119,SPU_016443,0.09065307
SPU_010295,SPU_015358,0.090606218
SPU_015374,SPU_018126,0.090576416
SPU_018355,SPU_010426,0.090519168
SPU_019002,SPU_014332,0.090441683
SPU_010635,SPU_023177,0.090418534
SPU_002791,SPU_023090,0.090414792
SPU_002592,SPU_006803,0.090359346
SPU_018581,SPU_009831,0.090344653
SPU_007611,SPU_015358,0.090334256
SPU_023090,SPU_012648,0.09033287
SPU_006421,SPU_006753,0.090314296
SPU_025010,SPU_014197,0.090312633
SPU_014418,SPU_016443,0.090295444
SPU_006991,SPU_009079_1,0.090284494
SPU_000739,SPU_006803,0.090249563
SPU_004414,SPU_000757,0.090227107
SPU_006803,SPU_009771,0.090214355
SPU_002874,SPU_010625,0.090185107
SPU_023090,SPU_005035,0.090165147
SPU_016881,SPU_000749,0.090097226
SPU_012384,SPU_009756,0.090079899
SPU_018056,SPU_000540,0.090021542
SPU_000739,SPU_000424,0.090018908
SPU_023366,SPU_005358,0.089999225
SPU_025584,SPU_012546,0.08999077
SPU_012490,SPU_000310,0.089959027
SPU_003166,SPU_015982,0.089906076
SPU_027053,SPU_025856,0.089901779
SPU_022163,SPU_028827,0.089803501
SPU_004217,SPU_008377,0.089799066
SPU_018392,SPU_006421,0.089684016
SPU_012384,SPU_006753,0.089665857
SPU_006991,SPU_018483,0.089512134
SPU_001998,SPU_012645,0.089512134
SPU_018056,SPU_012648,0.089507698
SPU_008117_1,SPU_012384,0.089482747
SPU_003704,SPU_000540,0.08946043
SPU_023090,SPU_003470,0.089440609
SPU_013015,SPU_009771,0.089429242
SPU_027235,SPU_018483,0.089397499
SPU_013305,SPU_006814,0.089390846
SPU_026465,SPU_000540,0.089345796
SPU_022242,SPU_012913,0.089324311
SPU_006814,SPU_000757,0.089297836
SPU_008117,SPU_011189,0.089274271
SPU_004723,SPU_015358,0.089217162
SPU_007644,SPU_000540,0.089185003
SPU_021608,SPU_006753,0.089181954
SPU_020311,SPU_000861,0.089148271
SPU_022678,SPU_022487,0.089110845
SPU_024903,SPU_012490,0.089066765
SPU_002874,SPU_017811,0.089064547
SPU_003470,SPU_026465,0.088942428
SPU_022163,SPU_010722,0.0889312
SPU_004217,SPU_022487,0.088811576
SPU_009048,SPU_016443,0.08876112
SPU_013689_1,SPU_007315,0.088760288
SPU_012384,SPU_000841,0.088693476
SPU_024189,SPU_023065,0.088692367
SPU_025346,SPU_017635,0.088635951
SPU_018355_1,SPU_003490,0.08854405
SPU_027053,SPU_010426,0.088484584
SPU_025346,SPU_003470,0.088470446
SPU_000129,SPU_000757,0.088466148
SPU_024877,SPU_016443,0.088461297
SPU_023090,SPU_000540,0.088427059
SPU_026418,SPU_011174,0.088417356
SPU_022242,SPU_004414,0.08839892
SPU_018056,SPU_000922,0.088328504
SPU_023090,SPU_013902,0.088276247
SPU_017837,SPU_016272,0.088275276
SPU_008112,SPU_021172,0.088242425
SPU_024093,SPU_018954,0.088152187
SPU_028583,SPU_023065,0.088088562
SPU_018391,SPU_006421,0.088087869
SPU_012469,SPU_017725,0.088080107
SPU_012648_1,SPU_012913,0.088041295
SPU_006803,SPU_012490,0.08796672
SPU_006753,SPU_000509,0.087955631
SPU_013015,SPU_026277,0.087867195
SPU_018391,SPU_008117,0.087848205
SPU_022678,SPU_004806,0.087840165
SPU_002320,SPU_009642,0.08778167
SPU_018056,SPU_005035,0.087758521
SPU_012490,SPU_006917,0.087535352
SPU_017635,SPU_025584,0.087530778
SPU_021172,SPU_013086,0.087527174
SPU_009642,SPU_004806,0.08746355
SPU_003470,SPU_011583,0.087388282
SPU_025346,SPU_015358,0.087344757
SPU_000424,SPU_018483,0.087237053
SPU_002791,SPU_016272,0.087142657
SPU_007262,SPU_016272,0.08711036
SPU_007644,SPU_022487,0.087069746
SPU_020311,SPU_002662,0.08706531
SPU_025113,SPU_006421,0.087047567
SPU_012648,SPU_006421,0.086998221
SPU_015456,SPU_016045,0.086812477
SPU_003166,SPU_016016,0.086811091
SPU_014722,SPU_006421,0.086764932
SPU_022049,SPU_016016,0.086746081
SPU_015108,SPU_015456,0.086688556
SPU_004702,SPU_011189,0.086682457
SPU_012469,SPU_008377_2,0.086659724
SPU_007262,SPU_018680,0.086643229
SPU_003704,SPU_012648,0.086638655
SPU_006991,SPU_013086,0.086625348
SPU_003595_1,SPU_024610,0.086622575
SPU_023037,SPU_016272,0.08661911
SPU_006462,SPU_006917,0.086613149
SPU_025010,SPU_023177,0.0866101
SPU_004217,SPU_002467,0.086600674
SPU_017837,SPU_006421,0.086559506
SPU_010295,SPU_002662,0.086554377
SPU_026465,SPU_005035,0.086548694
SPU_018355,SPU_012648,0.086544397
SPU_017470,SPU_012253,0.086478693
SPU_014576,SPU_026277,0.086466357
SPU_004148,SPU_006753,0.086288237
SPU_008117,SPU_012384,0.086236534
SPU_004148,SPU_017725,0.086211722
SPU_013015,SPU_016016,0.086203405
SPU_002791,SPU_010625,0.086189821
SPU_012203,SPU_020680,0.086188989
SPU_027053,SPU_011189,0.086142969
SPU_008112,SPU_024903,0.086142276
SPU_024093,SPU_019656,0.086124533
SPU_009831,SPU_012648,0.08595681
SPU_014793,SPU_004806,0.085939067
SPU_013689,SPU_008377,0.085937126
SPU_018391,SPU_018056,0.085891384
SPU_009831,SPU_022633,0.085880988
SPU_025584,SPU_014332,0.085853819
SPU_005572,SPU_010295,0.085830809
SPU_026633,SPU_021172,0.085728789
SPU_006803,SPU_000310,0.085707997
SPU_025113,SPU_011711,0.085700373
SPU_002320,SPU_006753,0.085660868
SPU_026877,SPU_021119,0.085599184
SPU_011189,SPU_011064,0.085551224
SPU_015828,SPU_006421,0.085519065
SPU_003166,SPU_021172,0.085504372
SPU_020311,SPU_009756,0.085466946
SPU_008117,SPU_016272,0.085440193
SPU_026633,SPU_015982,0.085435342
SPU_002874,SPU_012648,0.085400827
SPU_020722,SPU_015358,0.085391678
SPU_023037,SPU_025856,0.085344827
SPU_010424,SPU_004287_1,0.085323341
SPU_016449,SPU_007624,0.085322094
SPU_010295,SPU_022163,0.085256529
SPU_018056,SPU_013902,0.085181539
SPU_008528,SPU_028030,0.085179321
SPU_021557,SPU_018483,0.085175578
SPU_008528,SPU_006421,0.085170172
SPU_013305,SPU_025010,0.085113479
SPU_003704,SPU_005035,0.085077994
SPU_012648,SPU_019024_1,0.084995518
SPU_006803,SPU_018483,0.084906805
SPU_023037,SPU_011189,0.084884072
SPU_012384,SPU_014332,0.084837081
SPU_012648,SPU_015358,0.084820032
SPU_025590,SPU_007317,0.084801735
SPU_028120,SPU_016443,0.08478524
SPU_005572,SPU_009756,0.084779695
SPU_013689,SPU_004806,0.084760012
SPU_017725,SPU_000509,0.084681002
SPU_002791,SPU_017811,0.084592704
SPU_002815,SPU_000757,0.084557357
SPU_011635,SPU_011711,0.084542526
SPU_020311,SPU_012913,0.084504129
SPU_021608,SPU_002662,0.084495813
SPU_015772,SPU_016443,0.084452565
SPU_003102,SPU_022163,0.084444802
SPU_006462,SPU_025010,0.08443302
SPU_006312,SPU_002631,0.084416802
SPU_006462,SPU_000310,0.084415555
SPU_013015,SPU_015982,0.084377158
SPU_022163,SPU_003166,0.08428096
SPU_024903,SPU_021172,0.08423896
SPU_003166,SPU_025010,0.08422496
SPU_021210,SPU_002634,0.084200979
SPU_017635,SPU_010722,0.084192801
SPU_006421,SPU_012913,0.084160088
SPU_014793,SPU_014332,0.084132781
SPU_005572,SPU_017725,0.084131395
SPU_028255,SPU_012490,0.084070682
SPU_012203,SPU_020565,0.083966859
SPU_002603,SPU_006803,0.083932899
SPU_021557,SPU_006753,0.083931097
SPU_015829,SPU_006421,0.083846265
SPU_003595_1,SPU_016045,0.083768641
SPU_018483,SPU_025010,0.083607986
SPU_022163,SPU_018483,0.083551709
SPU_026465,SPU_003490,0.083544224
SPU_020311,SPU_006753,0.083529669
SPU_007981,SPU_010625,0.083485313
SPU_006991,SPU_000310,0.083475887
SPU_009831,SPU_015358,0.083405609
SPU_025346,SPU_002662,0.083350302
SPU_026465,SPU_013902,0.083343926
SPU_012384,SPU_002662_1,0.083342955
SPU_028255,SPU_000310,0.083297629
SPU_014793,SPU_014923,0.083274757
SPU_019290,SPU_016881,0.083229153
SPU_006991,SPU_006917,0.083101212
SPU_027969,SPU_004414,0.082999885
SPU_009831,SPU_000540,0.082878874
SPU_027472,SPU_016443,0.082833131
SPU_018744,SPU_003490,0.082787388
SPU_006421,SPU_002129,0.082753428
SPU_010295,SPU_012384,0.082727784
SPU_012203,SPU_011174,0.082721962
SPU_014332,SPU_022163,0.082708794
SPU_002603,SPU_026277,0.082594853
SPU_012546,SPU_011064,0.082556873
SPU_003704,SPU_003490,0.082537744
SPU_021210,SPU_025010,0.08252014
SPU_023090,SPU_004723,0.082486734
SPU_019656,SPU_016881,0.08241604
SPU_016881,SPU_019656,0.082409525
SPU_003704,SPU_000922,0.082399129
SPU_000424,SPU_010403,0.082375565
SPU_003166,SPU_006803,0.082371961
SPU_008117_1,SPU_002662,0.082367941
SPU_002592,SPU_021172,0.082344792
SPU_002791,SPU_012648,0.082340357
SPU_015908,SPU_015712,0.082331208
SPU_017837,SPU_011189,0.082291703
SPU_002320,SPU_025584,0.082280475
SPU_010295,SPU_017725,0.082237227
SPU_003704,SPU_013902,0.082192871
SPU_009876,SPU_010635,0.082132573
SPU_018355,SPU_003490,0.082116078
SPU_007262,SPU_011189,0.082101247
SPU_025590,SPU_002662,0.082067702
SPU_003470,SPU_007957,0.082048712
SPU_027053,SPU_016272,0.081951404
SPU_026465,SPU_012648,0.081867958
SPU_006753,SPU_006803,0.081845919
SPU_017407,SPU_008595_1,0.081790889
SPU_007611,SPU_023090,0.081783681
SPU_024903,SPU_008377_2,0.08174168
SPU_013305,SPU_002634,0.081722136
SPU_023177,SPU_026277,0.081697878
SPU_015640,SPU_020565,0.081629957
SPU_023090,SPU_002791,0.081606393
SPU_003179,SPU_023065,0.08156869
SPU_017725,SPU_009756,0.081502016
SPU_012490,SPU_025010,0.081500768
SPU_007981,SPU_017811,0.081499521
SPU_017635,SPU_017725,0.081459323
SPU_018056,SPU_002791,0.081458491
SPU_003102,SPU_012384,0.081449204
SPU_022678,SPU_002791,0.081442689
SPU_018355_1,SPU_005035,0.081442134
SPU_006803,SPU_016016,0.081432431
SPU_014576,SPU_018126,0.081424392
SPU_019332,SPU_004621,0.081421758
SPU_004702,SPU_008377,0.081413303
SPU_011297,SPU_016881,0.08126346
SPU_006991,SPU_006753,0.081238648
SPU_012546,SPU_006421,0.081203856
SPU_022846,SPU_016443,0.081180153
SPU_004217,SPU_012648,0.081154787
SPU_001262_2,SPU_008377,0.081151598
SPU_011297,SPU_016443,0.081151183
SPU_006312,SPU_006803,0.081053459
SPU_003470,SPU_002467,0.081029618
SPU_018483,SPU_021172,0.081014093
SPU_020722,SPU_008117,0.080967657
SPU_024918,SPU_004723,0.080963776
SPU_019290,SPU_000276,0.080865498
SPU_006462,SPU_007253,0.080831815
SPU_024139,SPU_016443,0.080785379
SPU_006312,SPU_021172,0.080759319
SPU_010635,SPU_002634,0.080746705
SPU_003166,SPU_000310,0.08074629
SPU_008117,SPU_009642,0.080743517
SPU_018391,SPU_010698,0.080727161
SPU_014802,SPU_020680,0.080695834
SPU_011297,SPU_000276,0.08067518
SPU_027053,SPU_004621,0.080652863
SPU_025584,SPU_012914,0.080648289
SPU_013689,SPU_003490,0.080623477
SPU_009831,SPU_000922,0.08060615
SPU_011189,SPU_011711,0.080593952
SPU_003378,SPU_024610,0.08058813
SPU_006676,SPU_018126,0.080496783
SPU_007981,SPU_012648,0.08048209
SPU_010424,SPU_016016,0.080454229
SPU_003704,SPU_002791,0.08040003
SPU_025346,SPU_026465,0.080267931
SPU_008117,SPU_017725,0.080208742
SPU_009831,SPU_007957,0.080037553
SPU_000485,SPU_020565,0.080014543
SPU_018355,SPU_002791,0.079935533
SPU_002320,SPU_022163,0.079915711
SPU_016443,SPU_020565,0.079902266
SPU_002320,SPU_028827,0.07986484
SPU_011635,SPU_007957,0.079850008
SPU_007611,SPU_010426,0.079840305
SPU_006803,SPU_006917,0.079826721
SPU_009048,SPU_020565,0.079751453
SPU_013689_1,SPU_002129,0.079742998
SPU_011189,SPU_012384,0.079731908
SPU_021608,SPU_002662_1,0.079675908
SPU_014793,SPU_009831,0.07967577
SPU_008117_1,SPU_016272,0.079621571
SPU_003166,SPU_018483,0.079580126
SPU_007644,SPU_008377,0.079504858
SPU_000757,SPU_018126,0.079493214
SPU_014332,SPU_010295,0.079425709
SPU_018954,SPU_026277,0.079393966
SPU_026633,SPU_016016,0.07921751
SPU_017635,SPU_022163,0.079172322
SPU_005572,SPU_022163,0.079101628
SPU_003595_1,SPU_014197,0.079057687
SPU_010351,SPU_010635,0.079031766
SPU_012914,SPU_017635,0.079015549
SPU_028255,SPU_014131,0.0789924
SPU_026962,SPU_022916,0.078942221
SPU_009831,SPU_022487,0.078888162
SPU_017837,SPU_025584,0.078883587
SPU_004217,SPU_002791,0.078846162
SPU_017725,SPU_014332,0.078792518
SPU_009831,SPU_014923,0.078613012
SPU_018056,SPU_003490,0.078525962
SPU_001998,SPU_015712,0.078521249
SPU_008936,SPU_016443,0.078473704
SPU_022163,SPU_017635,0.078469269
SPU_006991,SPU_019002,0.078467605
SPU_000739,SPU_021172,0.078453467
SPU_011635,SPU_010426,0.078407031
SPU_021608,SPU_017725,0.07838014
SPU_012914,SPU_002662_1,0.078326496
SPU_003166,SPU_010722,0.078319565
SPU_003166,SPU_006917,0.078310278
SPU_005718,SPU_014197,0.078259268
SPU_012648,SPU_018680,0.078244575
SPU_000948,SPU_015108,0.078192733
SPU_008936,SPU_016881,0.07816598
SPU_023037,SPU_010426,0.078148515
SPU_013015,SPU_002815,0.078147683
SPU_009876,SPU_026277,0.078117742
SPU_013015,SPU_025010,0.078068673
SPU_002603,SPU_006917,0.077987583
SPU_005358,SPU_022916,0.077963326
SPU_012914,SPU_002662,0.077959306
SPU_014793,SPU_007315,0.077952791
SPU_002874,SPU_000540,0.077946831
SPU_022163,SPU_017725,0.077911068
SPU_000861,SPU_028827,0.077894018
SPU_003470,SPU_015358,0.077864493
SPU_019290,SPU_020565,0.077845087
SPU_018581,SPU_004806,0.07779685
SPU_012648_1,SPU_022163,0.077727126
SPU_008528,SPU_010698,0.077721721
SPU_001998,SPU_015982,0.07764174
SPU_004702,SPU_002791,0.077576868
SPU_019332,SPU_017470,0.07757174
SPU_022820,SPU_012384,0.077527106
SPU_028583,SPU_002815,0.077519898
SPU_006312,SPU_002662,0.077497026
SPU_011297,SPU_020565,0.077478036
SPU_012384,SPU_006421,0.077424392
SPU_000424,SPU_012490,0.077414967
SPU_000861,SPU_007317,0.077404293
SPU_027235,SPU_000310,0.077330273
SPU_024189,SPU_025010,0.077318491
SPU_026205,SPU_025010,0.077301719
SPU_003102,SPU_016272,0.077254312
SPU_012469,SPU_009079_1,0.077249461
SPU_015374,SPU_023065,0.077229223
SPU_022163,SPU_014332,0.077215362
SPU_002874,SPU_022487,0.077177243
SPU_009178,SPU_000757,0.077152015
SPU_012772,SPU_015712,0.077111955
SPU_000424,SPU_006917,0.077021856
SPU_021172,SPU_012490,0.077000648
SPU_007262,SPU_012384,0.076966133
SPU_000485,SPU_016443,0.076914568
SPU_007644,SPU_000922,0.076911796
SPU_020722,SPU_027053,0.076845954
SPU_004414,SPU_015712,0.076775676
SPU_020722,SPU_028030,0.076728132
SPU_002816,SPU_016881,0.076690567
SPU_020565,SPU_016443,0.076688904
SPU_026633,SPU_018483,0.076651339
SPU_017348,SPU_014197,0.076493319
SPU_022163,SPU_000509,0.076482645
SPU_022820,SPU_010426,0.076456308
SPU_003179,SPU_015982,0.076389358
SPU_021557,SPU_009756,0.076336961
SPU_008117_1,SPU_002631,0.076311456
SPU_011635,SPU_010625,0.076225377
SPU_010295,SPU_022633,0.076224268
SPU_004702,SPU_017470,0.076168961
SPU_023177,SPU_018126,0.076145257
SPU_013047,SPU_016443,0.076111851
SPU_018581,SPU_007011,0.07610603
SPU_028255,SPU_006917,0.07605197
SPU_004148,SPU_002662_1,0.076036861
SPU_006991,SPU_016016,0.076004841
SPU_026465,SPU_002791,0.076000405
SPU_003166,SPU_012490,0.075986821
SPU_004414,SPU_015982,0.075946346
SPU_018355_1,SPU_027912_1,0.075933732
SPU_012253,SPU_014332,0.075907395
SPU_011635,SPU_012384,0.075893395
SPU_012546,SPU_002662,0.075825058
SPU_011189,SPU_006421,0.075822979
SPU_014289,SPU_016443,0.075819236
SPU_009642,SPU_014923,0.075793592
SPU_012648,SPU_010426,0.075781533
SPU_026205,SPU_018126,0.075760186
SPU_028827,SPU_006803,0.075540344
SPU_018954,SPU_020282,0.075533274
SPU_017725,SPU_017635,0.07553175
SPU_000739,SPU_024903,0.075489888
SPU_021557,SPU_000841,0.075484759
SPU_028255,SPU_018483,0.075483096
SPU_006312,SPU_009079_1,0.075475749
SPU_016881,SPU_006637,0.075430977
SPU_017106,SPU_014197,0.075404917
SPU_004287,SPU_004287_1,0.075328263
SPU_028583,SPU_025010,0.075323551
SPU_009831,SPU_005035,0.075321471
SPU_023177,SPU_020565,0.075316481
SPU_017725,SPU_000861,0.07529458
SPU_025010,SPU_007253,0.075250639
SPU_016449,SPU_004702,0.07521959
SPU_011635,SPU_014923,0.075217649
SPU_016449,SPU_004340,0.075202679
SPU_003470,SPU_014923,0.075189926
SPU_018483,SPU_000310,0.075184936
SPU_023037,SPU_004621,0.075152777
SPU_004217,SPU_004806,0.075149173
SPU_009642,SPU_003490,0.075147233
SPU_027472,SPU_020565,0.075130876
SPU_007262,SPU_007957,0.075071965
SPU_012772,SPU_006637,0.075042024
SPU_003470,SPU_008377,0.075037589
SPU_008528,SPU_018056,0.075029826
SPU_015108,SPU_016045,0.075012915
SPU_000861,SPU_006803,0.074990876
SPU_026465,SPU_027912_1,0.074981034
SPU_002874,SPU_000922,0.074933073
SPU_013047,SPU_020565,0.074836459
SPU_025113,SPU_017725,0.074810677
SPU_012253,SPU_002662_1,0.074794182
SPU_018355_1,SPU_002791,0.0747763
SPU_000861,SPU_009079_1,0.074724736
SPU_003166,SPU_010403,0.074704221
SPU_000757,SPU_016443,0.074492002
SPU_015772,SPU_016881,0.07438319
SPU_026633,SPU_012490,0.074305843
SPU_008117_1,SPU_007317,0.074294754
SPU_020123,SPU_013086,0.074285189
SPU_017470,SPU_011711,0.074259268
SPU_009642,SPU_009831,0.074235565
SPU_027053,SPU_004807,0.074232377
SPU_021557,SPU_002662,0.074210199
SPU_025590,SPU_002631,0.074184555
SPU_023730,SPU_016443,0.074182614
SPU_026633,SPU_010403,0.074181367
SPU_005572,SPU_028827,0.074142555
SPU_008112,SPU_020311,0.074142
SPU_005358,SPU_022163,0.074123565
SPU_012772,SPU_011271,0.074111921
SPU_012914,SPU_015358,0.074089743
SPU_023386,SPU_018126,0.074083921
SPU_012914,SPU_012913,0.074079347
SPU_018056,SPU_027912_1,0.074068257
SPU_002631,SPU_002129,0.074017109
SPU_006786,SPU_016443,0.074014752
SPU_017106,SPU_021726,0.074009208
SPU_026465,SPU_009831,0.073980237
SPU_003704,SPU_027912_1,0.07395792
SPU_027053,SPU_012648,0.073936435
SPU_003470,SPU_027912,0.073929504
SPU_020565,SPU_020680,0.073890415
SPU_022678,SPU_013902,0.073851464
SPU_009831,SPU_002615,0.073829147
SPU_012253,SPU_006421,0.073784236
SPU_007147,SPU_000749,0.073733226
SPU_017635,SPU_006753,0.073624968
SPU_028255,SPU_024903,0.073610552
SPU_015243,SPU_021172,0.073598493
SPU_021210,SPU_012645,0.073593364
SPU_023090,SPU_027912_1,0.073576592
SPU_005718,SPU_016443,0.073569384
SPU_023090,SPU_003490,0.073465007
SPU_004217,SPU_013902,0.073411502
SPU_015908,SPU_020680,0.073358412
SPU_008117_1,SPU_000861,0.073355224
SPU_014332,SPU_015358,0.073325699
SPU_015908,SPU_011174,0.073310868
SPU_025010,SPU_024610,0.073264848
SPU_017470,SPU_025584,0.073258471
SPU_008703,SPU_011174,0.073233659
SPU_002603,SPU_000310,0.073223125
SPU_020637,SPU_016443,0.073214115
SPU_012469,SPU_009756,0.07318958
SPU_015358,SPU_022633,0.07317752
SPU_011189,SPU_004807,0.073138847
SPU_004148,SPU_015358,0.073086451
SPU_026633,SPU_006917,0.073077302
SPU_018056,SPU_004723,0.073061084
SPU_010295,SPU_011711,0.073008272
SPU_020722,SPU_010698,0.072978054
SPU_004723,SPU_015605,0.072978054
SPU_012469,SPU_024903,0.072888786
SPU_013569,SPU_022163,0.072836113
SPU_002320,SPU_003166,0.072816291
SPU_002791,SPU_000922,0.072799241
SPU_012772,SPU_020680,0.072797024
SPU_011189,SPU_012648,0.072785103
SPU_028120,SPU_015640,0.072734508
SPU_014576,SPU_015712,0.072693063
SPU_006753,SPU_010722,0.072640389
SPU_026633,SPU_000310,0.072634567
SPU_002791,SPU_022487,0.072590211
SPU_026465,SPU_027912,0.072553339
SPU_002791,SPU_000540,0.072504547
SPU_009642,SPU_012914,0.072475438
SPU_015772,SPU_015108,0.072459913
SPU_015358,SPU_010295,0.072453121
SPU_012253,SPU_009155,0.07244023
SPU_006676,SPU_002815,0.072351655
SPU_024918,SPU_022153,0.072343893
SPU_012914,SPU_008117_1,0.072320744
SPU_001262_2,SPU_003490,0.072294407
SPU_007644,SPU_002791,0.072199179
SPU_017725,SPU_006803,0.072192941
SPU_007981,SPU_000922,0.07219211
SPU_024139,SPU_020565,0.072102149
SPU_003179,SPU_002815,0.072090644
SPU_016881,SPU_004599,0.072076921
SPU_026633,SPU_025010,0.072067357
SPU_021172,SPU_016016,0.072029376
SPU_022816,SPU_000310,0.072001931
SPU_007981,SPU_022487,0.071988346
SPU_017635,SPU_011711,0.07197296
SPU_011189,SPU_010625,0.071968386
SPU_008112,SPU_000424,0.071951752
SPU_023090,SPU_027912,0.07192791
SPU_012203,SPU_006637,0.071917237
SPU_018954,SPU_027362,0.071841831
SPU_018355,SPU_027912_1,0.071813831
SPU_008703,SPU_015712,0.071790959
SPU_006808,SPU_007957,0.071784029
SPU_017492,SPU_015456,0.071737315
SPU_018483,SPU_008377_2,0.071578602
SPU_021210,SPU_010351,0.07155476
SPU_004723,SPU_000922,0.071554622
SPU_017106,SPU_016443,0.071537017
SPU_006753,SPU_018483,0.071518859
SPU_015828,SPU_009263,0.071505552
SPU_021172,SPU_000310,0.071475334
SPU_021608,SPU_025113,0.071465908
SPU_014170,SPU_015108,0.071458146
SPU_014332,SPU_002662_1,0.071448304
SPU_022049,SPU_013015,0.071408522
SPU_000757,SPU_014197,0.071390641
SPU_027053,SPU_019384,0.071308719
SPU_018908,SPU_023177,0.071241907
SPU_000756,SPU_002815,0.071239135
SPU_009831,SPU_004723,0.071230957
SPU_018056,SPU_027912,0.071161372
SPU_016786,SPU_016881,0.07109456
SPU_003179,SPU_025010,0.071071827
SPU_002592,SPU_013086,0.071062956
SPU_023037,SPU_012648,0.071041886
SPU_002874,SPU_002791,0.071020124
SPU_007262,SPU_009642,0.070948183
SPU_018483,SPU_000424,0.070880539
SPU_004287_1,SPU_016045,0.070799172
SPU_004217,SPU_005035,0.07077644
SPU_004723,SPU_008563,0.070757449
SPU_004723,SPU_022633,0.070703251
SPU_028583,SPU_015982,0.070696459
SPU_025346,SPU_007315,0.070690221
SPU_004148,SPU_022163,0.070676776
SPU_021192,SPU_016443,0.07065737
SPU_017837,SPU_009642,0.07059028
SPU_005572,SPU_003084,0.070566023
SPU_002129,SPU_008377_2,0.070550914
SPU_006421,SPU_015358,0.070513211
SPU_012491,SPU_018126,0.070467052
SPU_025346,SPU_022163,0.070436141
SPU_012648,SPU_011189,0.070367943
SPU_018797,SPU_012490,0.070366556
SPU_018355,SPU_019652,0.070336616
SPU_012914,SPU_009756,0.070331071
SPU_006991,SPU_012490,0.070305012
SPU_011189,SPU_014923,0.070303487
SPU_003470,SPU_004806,0.070246378
SPU_003102,SPU_005358,0.070244298
SPU_017725,SPU_022163,0.07023016
SPU_027053,SPU_010625,0.070193565
SPU_003704,SPU_027912,0.070184694
SPU_011246,SPU_018126,0.070176655
SPU_026962,SPU_024903,0.070142417
SPU_000756,SPU_018126,0.070138536
SPU_015374,SPU_015982,0.070113585
SPU_018056,SPU_019652,0.07004109
SPU_012648,SPU_016272,0.070014476
SPU_006753,SPU_028827,0.069998119
SPU_002129,SPU_000841,0.069997426
SPU_015829,SPU_009263,0.069957366
SPU_018744,SPU_008595_1,0.069880435
SPU_016881,SPU_018954,0.069804197
SPU_021172,SPU_000424,0.069789088
SPU_006787,SPU_016443,0.069778969
SPU_025590,SPU_009079_1,0.069777583
SPU_007981,SPU_002791,0.069760672
SPU_003704,SPU_019652,0.069723662
SPU_012546,SPU_015358,0.069714098
SPU_021172,SPU_025010,0.069642296
SPU_002320,SPU_005358,0.069615266
SPU_026418,SPU_026277,0.069602652
SPU_027235,SPU_006917,0.069584077
SPU_012253,SPU_006803,0.06955483
SPU_005718,SPU_021726,0.069532513
SPU_006421,SPU_022163,0.069497859
SPU_027472,SPU_020680,0.069479008
SPU_018797,SPU_022573,0.069452532
SPU_012203,SPU_011297,0.069432017
SPU_007644,SPU_005035,0.069427997
SPU_019366,SPU_000749,0.069414275
SPU_001262_2,SPU_004702,0.069336928
SPU_006421,SPU_002662_1,0.069319324
SPU_013689,SPU_007011,0.069280789
SPU_011635,SPU_000540,0.069204967
SPU_000861,SPU_006753,0.069203442
SPU_011189,SPU_007957,0.06915257
SPU_015243,SPU_014131,0.069123877
SPU_015243,SPU_010722,0.069078827
SPU_028827,SPU_021172,0.069061362
SPU_023090,SPU_019652,0.069060946
SPU_017635,SPU_028827,0.069050411
SPU_012648_1,SPU_010295,0.069027401
SPU_015908,SPU_020565,0.068970708
SPU_002592,SPU_012490,0.068950193
SPU_002874,SPU_005035,0.068896827
SPU_002874,SPU_008377,0.068890728
SPU_011297,SPU_015108,0.068884767
SPU_023386,SPU_002815,0.068843044
SPU_021172,SPU_015982,0.068789816
SPU_028827,SPU_018483,0.068785103
SPU_025584,SPU_012253,0.068778727
SPU_003470,SPU_009831,0.0687474
SPU_025113,SPU_014923,0.068700964
SPU_027969,SPU_001998,0.068619875
SPU_020311,SPU_002662_1,0.068618211
SPU_015243,SPU_019002,0.068515221
SPU_018392,SPU_027053,0.068513973
SPU_009831,SPU_013902,0.068493874
SPU_007262,SPU_025856,0.068454923
SPU_018126,SPU_016443,0.068440923
SPU_002592,SPU_000310,0.068427339
SPU_003595,SPU_017470,0.068393656
SPU_012772,SPU_018126,0.068371062
SPU_014332,SPU_005358,0.068337656
SPU_003470,SPU_027912_1,0.068291497
SPU_002603,SPU_025010,0.068282764
SPU_023037,SPU_004807,0.068269457
SPU_022678,SPU_019652,0.068245616
SPU_006786,SPU_020680,0.06822316
SPU_000276,SPU_000749,0.068196407
SPU_009831,SPU_003470,0.068176308
SPU_015243,SPU_000310,0.068146506
SPU_006753,SPU_002662,0.068080941
SPU_018355_1,SPU_019652,0.068073734
SPU_002631,SPU_006803,0.067966862
SPU_017635,SPU_014793,0.067958822
SPU_018391,SPU_010426,0.067862624
SPU_017642,SPU_013086,0.067860406
SPU_004723,SPU_016272,0.067848208
SPU_008936,SPU_000276,0.067762683
SPU_025346,SPU_009831,0.067760465
SPU_021557,SPU_028827,0.06773094
SPU_024918,SPU_008528,0.067598563
SPU_006753,SPU_024903,0.067550186
SPU_012914,SPU_017725,0.067534384
SPU_014802,SPU_000749,0.067508463
SPU_012253,SPU_026962,0.06750777
SPU_008845,SPU_008117,0.067502919
SPU_016881,SPU_001657,0.067481018
SPU_015243,SPU_009756,0.06743181
SPU_023090,SPU_012948,0.067392582
SPU_020123,SPU_013015,0.067376364
SPU_028120,SPU_021726,0.067319255
SPU_022163,SPU_024903,0.067310106
SPU_000739,SPU_000310,0.067271017
SPU_007253,SPU_002815,0.067223749
SPU_028255,SPU_012491,0.067216403
SPU_026465,SPU_019652,0.067161927
SPU_005435,SPU_026277,0.067142105
SPU_016881,SPU_016443,0.067133511
SPU_026418,SPU_015712,0.067119372
SPU_017837,SPU_005358,0.067098026
SPU_019332,SPU_027969,0.067096778
SPU_007981,SPU_000540,0.067092897
SPU_009831,SPU_002791,0.067065729
SPU_019656,SPU_000276,0.067048956
SPU_007262,SPU_022633,0.067045075
SPU_021608,SPU_017635,0.066916302
SPU_017635,SPU_011064,0.066905767
SPU_017725,SPU_024903,0.066874995
SPU_012914,SPU_022163,0.066832995
SPU_000424,SPU_000310,0.066797787
SPU_007611,SPU_008563,0.066782123
SPU_015358,SPU_024903,0.066703668
SPU_014289,SPU_018126,0.066650162
SPU_016881,SPU_015719,0.066562142
SPU_027235,SPU_012490,0.066530261
SPU_013015,SPU_023065,0.066520835
SPU_015243,SPU_010403,0.066439607
SPU_004723,SPU_012648,0.066424636
SPU_014576,SPU_002815,0.066408141
SPU_024307,SPU_006583,0.066392201
SPU_022816,SPU_022573,0.066338557
SPU_003102,SPU_028030,0.066327468
SPU_001998,SPU_018126,0.066237784
SPU_008528,SPU_027969,0.066226834
SPU_017971,SPU_016045,0.066209507
SPU_022678,SPU_003490,0.066092793
SPU_002791,SPU_005035,0.066066595
SPU_008845,SPU_015605,0.066055922
SPU_015243,SPU_006917,0.06605315
SPU_008117_1,SPU_009642,0.066044694
SPU_002129,SPU_012384,0.066038318
SPU_021557,SPU_000509,0.065951545
SPU_007253,SPU_018126,0.065929367
SPU_013689_1,SPU_017635,0.065898317
SPU_008528,SPU_010426,0.065854376
SPU_018392,SPU_027969,0.065846337
SPU_016881,SPU_012050,0.065817505
SPU_018391,SPU_027969,0.065804059
SPU_014332,SPU_003166,0.065760118
SPU_000440,SPU_009911,0.065754019
SPU_015374,SPU_002815,0.065726712
SPU_012203,SPU_015640,0.065602652
SPU_000861,SPU_024903,0.065557187
SPU_007981,SPU_017470,0.065549286
SPU_015982,SPU_018126,0.065463622
SPU_026465,SPU_012948,0.065412335
SPU_014576,SPU_023065,0.065411503
SPU_014793,SPU_007011,0.065380869
SPU_012203,SPU_011271,0.065325978
SPU_009831,SPU_012384,0.06530976
SPU_023177,SPU_015712,0.065304908
SPU_024903,SPU_028827,0.065276631
SPU_012203,SPU_026277,0.065262908
SPU_021557,SPU_013086,0.065247106
SPU_018392,SPU_008117,0.065217443
SPU_023037,SPU_010625,0.065185284
SPU_017837,SPU_002631,0.065109462
SPU_009876,SPU_018126,0.065104472
SPU_006312,SPU_009756,0.065064273
SPU_012546,SPU_017635,0.065024075
SPU_007981,SPU_008377,0.065017006
SPU_006462,SPU_012490,0.065008412
SPU_026205,SPU_010635,0.064988729
SPU_018056,SPU_012948,0.064946867
SPU_024139,SPU_015640,0.06486855
SPU_007644,SPU_003490,0.064801183
SPU_002791,SPU_008377,0.064700965
SPU_000739,SPU_010722,0.064698886
SPU_002874,SPU_013902,0.064690291
SPU_012648,SPU_004621,0.064689321
SPU_006814,SPU_018126,0.064615578
SPU_000424,SPU_018908,0.06458841
SPU_011189,SPU_000540,0.064542528
SPU_013689,SPU_027912_1,0.064442171
SPU_023177,SPU_020680,0.064417359
SPU_007262,SPU_000540,0.064403637
SPU_015358,SPU_017635,0.064394488
SPU_007644,SPU_009831,0.064354706
SPU_002129,SPU_012490,0.064315755
SPU_015828,SPU_002874,0.064239517
SPU_024093,SPU_006004,0.064211378
SPU_027969,SPU_020282,0.06419821
SPU_007644,SPU_003470,0.064137635
SPU_012491,SPU_016443,0.064033674
SPU_003470,SPU_025346,0.064009001
SPU_011189,SPU_000922,0.064002348
SPU_015358,SPU_022163,0.063972268
SPU_006991,SPU_000509,0.063914189
SPU_025590,SPU_009756,0.063911555
SPU_002791,SPU_013902,0.063857634
SPU_004217,SPU_019652,0.063820208
SPU_014722,SPU_009263,0.063815079
SPU_012490,SPU_014131,0.063784584
SPU_024093,SPU_008595_1,0.063746742
SPU_020722,SPU_019033,0.063717079
SPU_020565,SPU_001657,0.063716247
SPU_017725,SPU_010722,0.063703079
SPU_004414,SPU_018126,0.063681039
SPU_027235,SPU_014131,0.063675772
SPU_002603,SPU_023177,0.063647356
SPU_008936,SPU_015108,0.063622682
SPU_017837,SPU_007957,0.063617138
SPU_026962,SPU_010635,0.063571118
SPU_000739,SPU_012490,0.063539791
SPU_005358,SPU_023014,0.063516642
SPU_000749,SPU_019656,0.063512345
SPU_012253,SPU_000841,0.06350084
SPU_006312,SPU_012913,0.063497652
SPU_020123,SPU_020680,0.063492523
SPU_007981,SPU_005035,0.063486563
SPU_027053,SPU_017811,0.063465632
SPU_027969,SPU_026110,0.063442483
SPU_017837,SPU_014923,0.063374008
SPU_028120,SPU_007599,0.063341988
SPU_021172,SPU_006917,0.063325077
SPU_014793,SPU_011635,0.063300681
SPU_008117,SPU_014923,0.063258542
SPU_027053,SPU_000540,0.063253691
SPU_024918,SPU_010426,0.063219453
SPU_008117_1,SPU_008563,0.063157908
SPU_010295,SPU_007957,0.063139056
SPU_008845,SPU_027969,0.063132264
SPU_008703,SPU_002815,0.063122838
SPU_007644,SPU_019652,0.063066145
SPU_002816,SPU_000276,0.063064343
SPU_015772,SPU_000276,0.06305963
SPU_016881,SPU_006004,0.063054779
SPU_023037,SPU_000540,0.063053531
SPU_012648,SPU_008563,0.063012501
SPU_017837,SPU_011711,0.063005155
SPU_008752,SPU_000669,0.063003353
SPU_015829,SPU_027969,0.062996699
SPU_017642,SPU_008377_2,0.062960937
SPU_012648_1,SPU_002320,0.062886085
SPU_023386,SPU_010635,0.062877907
SPU_000440,SPU_002662,0.062872639
SPU_012648,SPU_027969,0.062857946
SPU_002631,SPU_011583,0.062850599
SPU_006991,SPU_002662,0.06275648
SPU_011635,SPU_000922,0.062735272
SPU_000485,SPU_016881,0.062706856
SPU_010424,SPU_000310,0.062682183
SPU_016523,SPU_011271,0.062678856
SPU_004723,SPU_027969,0.062653212
SPU_003166,SPU_014131,0.062636994
SPU_003166,SPU_008377_2,0.06262244
SPU_025113,SPU_007957,0.062606777
SPU_014576,SPU_012491,0.06255937
SPU_012648_1,SPU_000440,0.062550222
SPU_008845,SPU_008563,0.062546063
SPU_005358,SPU_012490,0.062538162
SPU_019089,SPU_002815,0.06252541
SPU_005358,SPU_002662_1,0.062498103
SPU_008117,SPU_008563,0.062492974
SPU_013015,SPU_010403,0.062482439
SPU_014576,SPU_020565,0.062379449
SPU_018954,SPU_013178,0.062376676
SPU_015358,SPU_006753,0.062367112
SPU_012772,SPU_011297,0.062307231
SPU_015358,SPU_000509,0.062288795
SPU_000440,SPU_028827,0.06228228
SPU_001998,SPU_002815,0.062221567
SPU_017470,SPU_004024,0.062206596
SPU_023037,SPU_019384,0.062187606
SPU_024918,SPU_020282,0.062174576
SPU_019002,SPU_018483,0.062122735
SPU_024918,SPU_027969,0.062102497
SPU_006312,SPU_000861,0.062093487
SPU_008117,SPU_002662,0.062056338
SPU_007981,SPU_013902,0.062032219
SPU_022820,SPU_017470,0.062025289
SPU_009831,SPU_012948,0.061980655
SPU_016881,SPU_011576,0.061933803
SPU_014722,SPU_027969,0.061895961
SPU_017404,SPU_027969,0.061868793
SPU_012253,SPU_008377_2,0.061863387
SPU_014836,SPU_022242,0.06185604
SPU_008112,SPU_010722,0.061775228
SPU_014802,SPU_006637,0.061711327
SPU_016449,SPU_008595_1,0.061684574
SPU_020123,SPU_010635,0.061682079
SPU_003595,SPU_027969,0.061679723
SPU_002874,SPU_003470,0.061650059
SPU_026905,SPU_012546,0.06160196
SPU_014332,SPU_000509,0.061530435
SPU_012546,SPU_019033,0.061520039
SPU_027053,SPU_023090,0.061519484
SPU_020311,SPU_024903,0.061517821
SPU_023366,SPU_022242,0.061483583
SPU_015108,SPU_017470,0.061446573
SPU_002320,SPU_008377_2,0.061404018
SPU_003704,SPU_012948,0.06136479
SPU_025346,SPU_017725,0.061290632
SPU_004287_1,SPU_002634,0.061283424
SPU_014197,SPU_016449,0.061272057
SPU_007611,SPU_004621,0.061227562
SPU_008117_1,SPU_002662_1,0.061162275
SPU_017837,SPU_025856,0.061146611
SPU_022820,SPU_027969,0.061132057
SPU_004148,SPU_008117_1,0.061100591
SPU_028583,SPU_015712,0.061090611
SPU_000757,SPU_015640,0.061042927
SPU_017642,SPU_020282,0.061020195
SPU_002874,SPU_004806,0.060999957
SPU_018391,SPU_008563,0.060998016
SPU_011297,SPU_004599,0.060967521
SPU_009831,SPU_006421,0.060958511
SPU_019002,SPU_006803,0.060948947
SPU_009831,SPU_026465,0.060942709
SPU_020123,SPU_018954,0.060897937
SPU_002634,SPU_018126,0.060779698
SPU_022846,SPU_016881,0.06073756
SPU_027235,SPU_017348,0.060719678
SPU_002791,SPU_017470,0.060716352
SPU_019002,SPU_010722,0.060702906
SPU_009642,SPU_007011,0.06059243
SPU_017348,SPU_010635,0.06058841
SPU_025888,SPU_014197,0.060541559
SPU_020123,SPU_018908,0.060533242
SPU_010424,SPU_006917,0.060458806
SPU_012203,SPU_024877,0.060445222
SPU_022678,SPU_027912_1,0.060444667
SPU_013015,SPU_006917,0.060415142
SPU_025346,SPU_006421,0.060359281
SPU_015243,SPU_013086,0.060340706
SPU_002634,SPU_010635,0.060332389
SPU_012648,SPU_025856,0.060331835
SPU_019002,SPU_022916,0.060292052
SPU_000756,SPU_025010,0.060252547
SPU_013047,SPU_020680,0.060218171
SPU_024918,SPU_026110,0.060206389
SPU_023177,SPU_002815,0.060177557
SPU_011297,SPU_006637,0.060128072
SPU_028827,SPU_013086,0.060090646
SPU_000424,SPU_016016,0.060046428
SPU_021557,SPU_012490,0.060044903
SPU_010351,SPU_018126,0.060024804
SPU_005358,SPU_013086,0.060007338
SPU_013689_1,SPU_007108,0.059998744
SPU_026877,SPU_014197,0.059991952
SPU_011297,SPU_011576,0.05997116
SPU_008117_1,SPU_015605,0.059924031
SPU_008845,SPU_027053,0.059880922
SPU_008703,SPU_020565,0.059872744
SPU_002592,SPU_006917,0.059829773
SPU_020722,SPU_008563,0.059800525
SPU_000861,SPU_002631,0.059687
SPU_020722,SPU_016272,0.05967799
SPU_002874,SPU_019652,0.059667871
SPU_002129,SPU_017635,0.059635851
SPU_007644,SPU_013902,0.059635713
SPU_008936,SPU_011297,0.059616168
SPU_010295,SPU_007317,0.059615752
SPU_012384,SPU_015358,0.059605079
SPU_006462,SPU_014131,0.059597732
SPU_012546,SPU_002129,0.059591633
SPU_012253,SPU_000669,0.059581792
SPU_015712,SPU_002815,0.059573613
SPU_008117_1,SPU_014923,0.059540485
SPU_009831,SPU_002467,0.059534801
SPU_016881,SPU_020565,0.059527732
SPU_004723,SPU_012384,0.059487395
SPU_009876,SPU_014197,0.05946286
SPU_012546,SPU_002662_1,0.059388979
SPU_006753,SPU_000841,0.05926381
SPU_000424,SPU_005522,0.059229849
SPU_001262_2,SPU_027912_1,0.059191592
SPU_007611,SPU_015605,0.059100799
SPU_007262,SPU_008563,0.059099413
SPU_023386,SPU_010403,0.059092205
SPU_021608,SPU_014332,0.059049789
SPU_018392,SPU_015605,0.05904868
SPU_011189,SPU_005035,0.059036066
SPU_021210,SPU_006814,0.059031215
SPU_024139,SPU_021726,0.058996284
SPU_006991,SPU_008377_2,0.058983531
SPU_004723,SPU_025856,0.058958165
SPU_002320,SPU_007957,0.058918105
SPU_022817,SPU_022916,0.058850184
SPU_025590,SPU_024903,0.058832303
SPU_028827,SPU_012490,0.058809847
SPU_028827,SPU_000509,0.058798342
SPU_013178,SPU_020282,0.058727788
SPU_011635,SPU_022487,0.058691332
SPU_027235,SPU_010305,0.058665134
SPU_002874,SPU_004723,0.058637272
SPU_004217,SPU_003490,0.05862951
SPU_012253,SPU_022916,0.058616619
SPU_019002,SPU_012490,0.058590005
SPU_002320,SPU_011711,0.058520975
SPU_015829,SPU_002874,0.058486737
SPU_006312,SPU_024903,0.058485628
SPU_011635,SPU_002791,0.058403291
SPU_027053,SPU_002791,0.058378618
SPU_002592,SPU_010722,0.05835131
SPU_022049,SPU_006917,0.058338974
SPU_007644,SPU_027912_1,0.058328578
SPU_014401,SPU_011297,0.058313191
SPU_000424,SPU_009178,0.058304459
SPU_012253,SPU_000509,0.05828034
SPU_002791,SPU_002467,0.058238478
SPU_013047,SPU_014197,0.058226557
SPU_018483,SPU_013140,0.058182201
SPU_020722,SPU_015605,0.058172775
SPU_025010,SPU_018126,0.058167646
SPU_027969,SPU_008528,0.058161547
SPU_004414,SPU_002815,0.05814325
SPU_008112,SPU_012490,0.058079349
SPU_010403,SPU_009771,0.05806618
SPU_015243,SPU_016016,0.058058834
SPU_016523,SPU_024877,0.058039982
SPU_006814,SPU_002815,0.057977467
SPU_009831,SPU_019652,0.057908853
SPU_021557,SPU_016016,0.05787808
SPU_019089,SPU_015712,0.057874754
SPU_027053,SPU_000922,0.057870734
SPU_009831,SPU_027912,0.057841209
SPU_027053,SPU_027969,0.05783913
SPU_009831,SPU_004806,0.057815981
SPU_018581,SPU_010329,0.057814595
SPU_018392,SPU_028030,0.057737525
SPU_007981,SPU_004723,0.057722971
SPU_021608,SPU_018483,0.057680278
SPU_017642,SPU_000669,0.057677367
SPU_007981,SPU_027969,0.057663921
SPU_014289,SPU_015712,0.05765907
SPU_021557,SPU_008377_2,0.057551505
SPU_025346,SPU_009911,0.057546237
SPU_007262,SPU_027969,0.057544574
SPU_027472,SPU_015108,0.057543465
SPU_015358,SPU_017725,0.057528495
SPU_016449,SPU_014588,0.057512277
SPU_002603,SPU_014576,0.057431049
SPU_015772,SPU_011297,0.057428138
SPU_018355,SPU_004702,0.05742287
SPU_002791,SPU_019652,0.057417187
SPU_023730,SPU_015108,0.057413722
SPU_009048,SPU_015640,0.057413167
SPU_000485,SPU_000276,0.057403048
SPU_008117_1,SPU_007957,0.057376157
SPU_016881,SPU_008595_1,0.057365345
SPU_006676,SPU_025010,0.057354256
SPU_015984,SPU_011130,0.057337761
SPU_010424,SPU_013140,0.057335266
SPU_018483,SPU_012490,0.057332355
SPU_021192,SPU_011576,0.05733083
SPU_025590,SPU_010722,0.057329167
SPU_018483,SPU_022573,0.057326811
SPU_000424,SPU_022049,0.057262771
SPU_000739,SPU_018483,0.057243226
SPU_000861,SPU_012913,0.057199008
SPU_027774,SPU_014923,0.057168235
SPU_004287_1,SPU_013140,0.057143839
SPU_025590,SPU_000861,0.057117503
SPU_007262,SPU_009053,0.057109186
SPU_007644,SPU_027912,0.057108215
SPU_002791,SPU_004723,0.057088671
SPU_019290,SPU_011576,0.057085067
SPU_028827,SPU_006753,0.057076195
SPU_007253,SPU_014197,0.057046116
SPU_000756,SPU_006917,0.057043621
SPU_015243,SPU_012490,0.057043482
SPU_007644,SPU_004723,0.057040294
SPU_023037,SPU_027969,0.057036413
SPU_023177,SPU_023065,0.057004948
SPU_022678,SPU_017470,0.056999957
SPU_012546,SPU_002631,0.056973205
SPU_020123,SPU_003179,0.056964334
SPU_024918,SPU_000922,0.0569617
SPU_012253,SPU_015358,0.056909858
SPU_002874,SPU_002467,0.056893086
SPU_006753,SPU_010403,0.056853719
SPU_002129,SPU_025584,0.056815046
SPU_005572,SPU_007315,0.056811996
SPU_002592,SPU_018483,0.056799937
SPU_017642,SPU_018908,0.056767917
SPU_019002,SPU_017837,0.056742134
SPU_015982,SPU_016443,0.056734649
SPU_012253,SPU_024903,0.056729382
SPU_008703,SPU_020680,0.056704986
SPU_016449,SPU_017470,0.056693342
SPU_002320,SPU_022916,0.056645381
SPU_011635,SPU_009831,0.05663748
SPU_003470,SPU_007011,0.056618629
SPU_018581,SPU_014628,0.056585916
SPU_022049,SPU_009756,0.056550431
SPU_003548,SPU_026877,0.056544886
SPU_017837,SPU_008563,0.056534628
SPU_014793,SPU_011001,0.05653449
SPU_008936,SPU_020680,0.056499975
SPU_025346,SPU_007011,0.056485698
SPU_009642,SPU_010329,0.056462549
SPU_024093,SPU_016786,0.05644647
SPU_022816,SPU_006753,0.056438569
SPU_010295,SPU_000861,0.056434687
SPU_025346,SPU_007262,0.056414311
SPU_003595_1,SPU_027935_1,0.056414172
SPU_025590,SPU_017725,0.05631742
SPU_026962,SPU_015243,0.056317281
SPU_022817,SPU_017635,0.056313954
SPU_024093,SPU_027362,0.056287202
SPU_004148,SPU_000440,0.056281103
SPU_020123,SPU_014576,0.05627431
SPU_003704,SPU_004702,0.056237716
SPU_019366,SPU_019656,0.056229538
SPU_018581,SPU_008196_1,0.056221914
SPU_011189,SPU_013902,0.05621734
SPU_011635,SPU_005035,0.056181439
SPU_005358,SPU_016016,0.056174231
SPU_015243,SPU_017348,0.056158151
SPU_013119,SPU_015640,0.056156765
SPU_000276,SPU_004599,0.056149003
SPU_014289,SPU_011271,0.056147478
SPU_003179,SPU_015712,0.056134864
SPU_014289,SPU_002815,0.056106448
SPU_003470,SPU_015071_1,0.056005121
SPU_007981,SPU_019652,0.055973933
SPU_017470,SPU_015108,0.055948843
SPU_009831,SPU_017725,0.055907675
SPU_022816,SPU_012490,0.055870803
SPU_021608,SPU_022163,0.055806764
SPU_004217,SPU_004723,0.055779318
SPU_007253,SPU_015712,0.055721931
SPU_002791,SPU_004806,0.055711951
SPU_012648_1,SPU_012469,0.05570003
SPU_020124,SPU_028827,0.055692545
SPU_002592,SPU_016016,0.055681872
SPU_027235,SPU_009771,0.055624624
SPU_019656,SPU_000749,0.055571119
SPU_005572,SPU_005358,0.055552267
SPU_010295,SPU_005358,0.05555199
SPU_007147,SPU_019656,0.055545198
SPU_021192,SPU_015640,0.055543119
SPU_020311,SPU_000509,0.055537851
SPU_004723,SPU_000540,0.055512901
SPU_008117,SPU_002662_1,0.055460227
SPU_012203,SPU_015108,0.055443039
SPU_018391,SPU_015605,0.055441653
SPU_013047,SPU_015640,0.055427098
SPU_028827,SPU_010403,0.055377059
SPU_004414,SPU_020680,0.055373177
SPU_024903,SPU_006991,0.055372068
SPU_022163,SPU_022916,0.055370544
SPU_008936,SPU_006637,0.055332286
SPU_023730,SPU_011297,0.055329237
SPU_027235,SPU_008196_1,0.055328959
SPU_005022,SPU_025113,0.055303316
SPU_009831,SPU_027912_1,0.055302484
SPU_010295,SPU_002662_1,0.055297632
SPU_006991,SPU_007315,0.055289316
SPU_023730,SPU_006637,0.05527282
SPU_002874,SPU_009831,0.055248701
SPU_006462,SPU_026877,0.055169968
SPU_027053,SPU_022487,0.055161374
SPU_008936,SPU_011271,0.05509082
SPU_009178,SPU_014197,0.055087216
SPU_004217,SPU_027912_1,0.05507973
SPU_028120,SPU_026099,0.055073909
SPU_014289,SPU_015640,0.055073354
SPU_012203,SPU_001657,0.055068918
SPU_012645,SPU_014197,0.055062681
SPU_023037,SPU_017811,0.055037592
SPU_013689_1,SPU_009178,0.055010423
SPU_023386,SPU_025010,0.055006819
SPU_027235,SPU_023014,0.054997671
SPU_014793,SPU_010329,0.054955948
SPU_001998,SPU_020680,0.054936819
SPU_000276,SPU_011576,0.054909373
SPU_009642,SPU_011635,0.054906324
SPU_028255,SPU_010403,0.054899531
SPU_018056,SPU_015071_1,0.054872224
SPU_006462,SPU_017348,0.054841175
SPU_000485,SPU_011576,0.054830224
SPU_014836,SPU_013015,0.054828838
SPU_009876,SPU_023065,0.054791967
SPU_023090,SPU_007203,0.054727372
SPU_000440,SPU_006753,0.05472363
SPU_018056,SPU_007203,0.054707412
SPU_028120,SPU_015108,0.054705887
SPU_017635,SPU_005358,0.054702144
SPU_014332,SPU_018483,0.054522361
SPU_014332,SPU_008377_2,0.054509609
SPU_010351,SPU_014197,0.054490896
SPU_015908,SPU_000757,0.054484242
SPU_000276,SPU_019656,0.054476896
SPU_018391,SPU_004621,0.054474401
SPU_022049,SPU_000310,0.054456935
SPU_017404,SPU_006421,0.054425054
SPU_020123,SPU_009178,0.054415767
SPU_017837,SPU_007317,0.054413965
SPU_022049,SPU_025010,0.054400381
SPU_014802,SPU_016045,0.054396915
SPU_017579,SPU_012913,0.054356856
SPU_012648_1,SPU_002662_1,0.05435339
SPU_012469,SPU_026962,0.054307509
SPU_022820,SPU_027362,0.054272162
SPU_004702,SPU_003490,0.054202439
SPU_002320,SPU_014793,0.054180261
SPU_026763,SPU_014131,0.054169449
SPU_018483,SPU_017348,0.054160855
SPU_002592,SPU_009771,0.054144498
SPU_016881,SPU_016786,0.054067013
SPU_006312,SPU_010722,0.054060082
SPU_025113,SPU_002662_1,0.054055785
SPU_019290,SPU_006637,0.054015171
SPU_020123,SPU_011174,0.054014894
SPU_006462,SPU_013140,0.053987587
SPU_012469,SPU_014643,0.05397026
SPU_020565,SPU_006637,0.053950854
SPU_010295,SPU_006753,0.053945864
SPU_003704,SPU_007203,0.053924794
SPU_012490,SPU_022049,0.053899566
SPU_022846,SPU_011576,0.053881408
SPU_003595,SPU_022242,0.053873368
SPU_006421,SPU_000440,0.053861725
SPU_014332,SPU_000440,0.053853685
SPU_013305,SPU_024953,0.053839823
SPU_016881,SPU_023813,0.05381917
SPU_017725,SPU_002662_1,0.053772873
SPU_007644,SPU_015071_1,0.053758734
SPU_025584,SPU_010722,0.053752219
SPU_025346,SPU_012384,0.05374612
SPU_003470,SPU_006421,0.053728932
SPU_019290,SPU_004599,0.053718397
SPU_012648,SPU_015605,0.053708694
SPU_009831,SPU_007011,0.053699546
SPU_008845,SPU_028030,0.053669189
SPU_017348,SPU_024610,0.053664753
SPU_021192,SPU_000276,0.053634813
SPU_006753,SPU_012490,0.053628575
SPU_003470,SPU_022163,0.053607644
SPU_002603,SPU_023065,0.05357299
SPU_002874,SPU_017470,0.053568832
SPU_007644,SPU_012948,0.053554693
SPU_023730,SPU_020680,0.05354305
SPU_025584,SPU_025346,0.053517822
SPU_022846,SPU_000276,0.053497446
SPU_017837,SPU_000922,0.053464178
SPU_024139,SPU_015108,0.053459049
SPU_012491,SPU_014197,0.053443663
SPU_023037,SPU_002791,0.053385861
SPU_023177,SPU_015982,0.053368395
SPU_018393,SPU_000749,0.053367425
SPU_014332,SPU_010722,0.053352455
SPU_000440,SPU_024903,0.053293544
SPU_018355,SPU_007203,0.053291326
SPU_026465,SPU_010329,0.053215642
SPU_027235,SPU_000424,0.053181266
SPU_012772,SPU_011174,0.053172949
SPU_022163,SPU_008377_2,0.053161721
SPU_011189,SPU_008563,0.053157285
SPU_011189,SPU_004723,0.053151464
SPU_017635,SPU_003084,0.053086869
SPU_016881,SPU_027362,0.053084513
SPU_018744,SPU_014588,0.053077998
SPU_005572,SPU_022916,0.052976948
SPU_019290,SPU_000749,0.052966136
SPU_024877,SPU_015108,0.052943126
SPU_016786,SPU_000276,0.05292469
SPU_000739,SPU_016016,0.052923443
SPU_023090,SPU_015071_1,0.052916651
SPU_002874,SPU_008563,0.05286966
SPU_022163,SPU_012490,0.052869522
SPU_026465,SPU_011001,0.052853997
SPU_028827,SPU_009079_1,0.052842215
SPU_022678,SPU_007203,0.052796333
SPU_020637,SPU_011576,0.052783442
SPU_019002,SPU_023014,0.052762789
SPU_012384,SPU_010295,0.052739224
SPU_022820,SPU_008563,0.052728689
SPU_012490,SPU_022916,0.052689461
SPU_018581,SPU_007108,0.052679481
SPU_018126,SPU_014197,0.052663818
SPU_024903,SPU_028093,0.052658412
SPU_015358,SPU_011064,0.05265356
SPU_006808,SPU_022916,0.052630828
SPU_008528,SPU_004621,0.052608233
SPU_026465,SPU_011635,0.052592709
SPU_023177,SPU_011271,0.052524372
SPU_015772,SPU_006637,0.052521599
SPU_012546,SPU_000861,0.052489163
SPU_013689_1,SPU_004287,0.052470173
SPU_011297,SPU_015719,0.052447025
SPU_020722,SPU_011189,0.052428589
SPU_004217,SPU_009831,0.05237342
SPU_018392,SPU_010426,0.052368985
SPU_022678,SPU_004702,0.052288172
SPU_004723,SPU_009053,0.052226628
SPU_024093,SPU_015767,0.05221734
SPU_016443,SPU_016881,0.052200152
SPU_007611,SPU_014923,0.052103122
SPU_002874,SPU_027912_1,0.052024943
SPU_008936,SPU_026277,0.052021339
SPU_011635,SPU_003470,0.051981003
SPU_002129,SPU_008196_1,0.051980725
SPU_017106,SPU_021119,0.051929715
SPU_014802,SPU_019656,0.051912666
SPU_017379,SPU_015712,0.051906567
SPU_028827,SPU_024903,0.051854586
SPU_017837,SPU_002662_1,0.0518532
SPU_011297,SPU_015640,0.051820348
SPU_007262,SPU_015605,0.051788883
SPU_013689,SPU_014131,0.051780982
SPU_015358,SPU_006803,0.051767813
SPU_002592,SPU_014131,0.051729417
SPU_012253,SPU_014643,0.051680486
SPU_027053,SPU_006420,0.051676466
SPU_024139,SPU_007599,0.051672447
SPU_018392,SPU_010698,0.051626704
SPU_015984,SPU_002320,0.051602169
SPU_009831,SPU_010329,0.051584288
SPU_003166,SPU_026877,0.051570426
SPU_004702,SPU_007624,0.051568624
SPU_016881,SPU_009474,0.05156405
SPU_023730,SPU_015640,0.051542703
SPU_015640,SPU_016449,0.051532446
SPU_008117,SPU_015605,0.051524961
SPU_005358,SPU_012912,0.051511238
SPU_011635,SPU_013902,0.051488089
SPU_025346,SPU_015071,0.051480604
SPU_006312,SPU_017725,0.05147104
SPU_001262,SPU_007624,0.051445535
SPU_012546,SPU_017725,0.051422525
SPU_007981,SPU_006420,0.051398129
SPU_018391,SPU_011189,0.051382326
SPU_024139,SPU_006637,0.051317039
SPU_012384,SPU_014643,0.0513169
SPU_018581,SPU_014131,0.051306227
SPU_026205,SPU_014131,0.051302484
SPU_012469,SPU_006312,0.051289871
SPU_020124,SPU_021172,0.051265197
SPU_011635,SPU_019652,0.0512469
SPU_016443,SPU_011576,0.051235395
SPU_013689_1,SPU_015071,0.051227078
SPU_012384,SPU_020282,0.051217375
SPU_027053,SPU_005035,0.051182167
SPU_001262_1,SPU_007624,0.051174821
SPU_012772,SPU_002815,0.051172464
SPU_000276,SPU_015719,0.05117191
SPU_001998,SPU_012491,0.051051592
SPU_004217,SPU_007203,0.051042998
SPU_002816,SPU_000749,0.05103676
SPU_008528,SPU_006420,0.051035374
SPU_020123,SPU_020565,0.051000305
SPU_018056,SPU_004702,0.05099781
SPU_018744,SPU_018850,0.050971473
SPU_000424,SPU_004287,0.050938206
SPU_014836,SPU_000440,0.050897037
SPU_016449,SPU_011315,0.050847552
SPU_011189,SPU_009831,0.050793353
SPU_002791,SPU_027969,0.05079266
SPU_007262,SPU_010458,0.050775611
SPU_003470,SPU_010329,0.050723076
SPU_006803,SPU_006991,0.050719472
SPU_009831,SPU_008845,0.050707135
SPU_001262_1,SPU_014131,0.050703115
SPU_021172,SPU_024189,0.050693967
SPU_025346,SPU_011130,0.050688838
SPU_013119,SPU_020637,0.050663887
SPU_027472,SPU_015640,0.050655709
SPU_014802,SPU_011576,0.050634917
SPU_025590,SPU_022163,0.050620085
SPU_012648_1,SPU_006312,0.050614956
SPU_007644,SPU_008845,0.050605669
SPU_002592,SPU_009756,0.050587927
SPU_012648,SPU_010625,0.050549115
SPU_008117,SPU_002631,0.050535946
SPU_002634,SPU_014197,0.050511273
SPU_027774,SPU_017470,0.050466639
SPU_018483,SPU_003179,0.05045957
SPU_017837,SPU_009053,0.050450421
SPU_017837,SPU_000540,0.05044252
SPU_026465,SPU_007203,0.05042852
SPU_015908,SPU_012645,0.050421866
SPU_023090,SPU_010329,0.050421589
SPU_008936,SPU_015640,0.050412995
SPU_014793,SPU_019508,0.050398025
SPU_008845,SPU_010698,0.050392064
SPU_022816,SPU_026877,0.050283945
SPU_021608,SPU_000509,0.050282282
SPU_016881,SPU_001628,0.050276598
SPU_025113,SPU_022633,0.050220459
SPU_018908,SPU_024903,0.050192043
SPU_002874,SPU_027912,0.050165568
SPU_023037,SPU_000922,0.050160301
SPU_021557,SPU_022916,0.050141588
SPU_007147,SPU_006583,0.050123707
SPU_000739,SPU_009079_1,0.050122459
SPU_023037,SPU_006420,0.05011733
SPU_019002,SPU_000424,0.050091687
SPU_012648_1,SPU_025590,0.050085449
SPU_017635,SPU_002662_1,0.050069647
SPU_006312,SPU_008377_2,0.050029865
SPU_021192,SPU_016881,0.050011013
SPU_009831,SPU_011001,0.049976498
SPU_006462,SPU_022049,0.049944339
SPU_007644,SPU_025848,0.049833725
SPU_014576,SPU_009876,0.049811824
SPU_023037,SPU_022487,0.049783546
SPU_008112,SPU_018483,0.049780081
SPU_015772,SPU_015640,0.049735031
SPU_005358,SPU_025584,0.049714101
SPU_018483,SPU_013140_1,0.049703011
SPU_014722,SPU_002874,0.049697051
SPU_000757,SPU_020680,0.049686655
SPU_024877,SPU_015640,0.049678338
SPU_012253,SPU_000424,0.049676536
SPU_006803,SPU_013202,0.049663506
SPU_013119,SPU_026099,0.04966018
SPU_003102,SPU_014923,0.049659764
SPU_024189,SPU_010635,0.049657407
SPU_012772,SPU_024139,0.049647981
SPU_018056,SPU_011001,0.049644932
SPU_019366,SPU_001657,0.049635783
SPU_012203,SPU_009048,0.049617348
SPU_024189,SPU_020565,0.049570773
SPU_012546,SPU_011189,0.04954305
SPU_027969,SPU_006583,0.049541664
SPU_027472,SPU_006637,0.049524892
SPU_013689_1,SPU_002320,0.049504377
SPU_018797,SPU_022817,0.049485109
SPU_003470,SPU_007262,0.049479565
SPU_008117,SPU_007317,0.049460159
SPU_019290,SPU_001657,0.049453644
SPU_016881,SPU_014418,0.049430911
SPU_017837,SPU_004723,0.049430079
SPU_003102,SPU_015605,0.049428139
SPU_014418,SPU_011576,0.049403881
SPU_018355_1,SPU_007203,0.049371861
SPU_020123,SPU_013967,0.049364653
SPU_018391,SPU_006420,0.049334851
SPU_008752,SPU_003586,0.049321821
SPU_006462,SPU_013140_1,0.049274138
SPU_009876,SPU_015712,0.049247801
SPU_003166,SPU_012491,0.049238514
SPU_021608,SPU_014643,0.049222851
SPU_021557,SPU_007315,0.049199563
SPU_011174,SPU_000669,0.049182653
SPU_001113,SPU_015640,0.049173227
SPU_004148,SPU_008563,0.049150771
SPU_008117_1,SPU_022633,0.049149662
SPU_000739,SPU_012786,0.049125405
SPU_005358,SPU_007957,0.049122355
SPU_004723,SPU_010458,0.049112514
SPU_026633,SPU_014576,0.049102395
SPU_003102,SPU_009053,0.049101424
SPU_009048,SPU_015108,0.049097127
SPU_014418,SPU_015640,0.049095048
SPU_007644,SPU_006420,0.049081464
SPU_020565,SPU_011271,0.049075503
SPU_007599,SPU_011576,0.04905887
SPU_008117_1,SPU_000440,0.049037939
SPU_007981,SPU_007611,0.049026988
SPU_013569,SPU_015374,0.049026573
SPU_028255,SPU_024189,0.049026157
SPU_004217,SPU_027912,0.049025879
SPU_014628,SPU_023386,0.049005365
SPU_000749,SPU_006004,0.049004533
SPU_019366,SPU_004599,0.048993028
SPU_015908,SPU_002815,0.048988454
SPU_011189,SPU_003470,0.04897778
SPU_018581,SPU_002467,0.048969048
SPU_004723,SPU_022487,0.048940909
SPU_012648,SPU_006420,0.048934255
SPU_015243,SPU_024903,0.048905562
SPU_015772,SPU_004599,0.048902513
SPU_028827,SPU_016016,0.048881443
SPU_006787,SPU_011576,0.048836255
SPU_003102,SPU_022633,0.048831265
SPU_018355,SPU_025848,0.048815047
SPU_002677,SPU_014197,0.048794809
SPU_002129,SPU_028827,0.048791898
SPU_012648,SPU_000540,0.048783304
SPU_018391,SPU_012648,0.048748373
SPU_011189,SPU_002467,0.048743383
SPU_028255,SPU_028093,0.048738947
SPU_009831,SPU_008563,0.048729799
SPU_008112,SPU_022916,0.048727442
SPU_023730,SPU_011271,0.048719819
SPU_012648,SPU_009053,0.04871663
SPU_002874,SPU_012948,0.048716076
SPU_012648,SPU_000922,0.04869071
SPU_001262,SPU_014588,0.048652452
SPU_024903,SPU_022817,0.048620709
SPU_028120,SPU_006637,0.048619739
SPU_012253,SPU_015243,0.048612392
SPU_015767,SPU_018954,0.048609204
SPU_010351,SPU_021726,0.048597699
SPU_003704,SPU_025848,0.048569145
SPU_022163,SPU_000861,0.048541699
SPU_011297,SPU_001628,0.048539204
SPU_013047,SPU_006637,0.048526451
SPU_018056,SPU_025848,0.04851758
SPU_004021,SPU_016449,0.04850358
SPU_017106,SPU_028120,0.048494293
SPU_021210,SPU_024953,0.048481956
SPU_016523,SPU_020680,0.048453956
SPU_007644,SPU_007203,0.048452154
SPU_027235,SPU_004287_1,0.048387421
SPU_016881,SPU_014802,0.048374253
SPU_006808,SPU_002320,0.04835554
SPU_024903,SPU_026962,0.048325737
SPU_002791,SPU_006420,0.048306331
SPU_002129,SPU_023014,0.048300232
SPU_002791,SPU_027912_1,0.048293995
SPU_001998,SPU_025010,0.048259064
SPU_028120,SPU_021119,0.048247282
SPU_025113,SPU_008563,0.048234945
SPU_027053,SPU_019652,0.048229678
SPU_021557,SPU_009911,0.048226767
SPU_025584,SPU_011687,0.048205559
SPU_014332,SPU_016272,0.048170489
SPU_012648_1,SPU_022633,0.048157737
SPU_020565,SPU_015640,0.048156073
SPU_014793,SPU_007262,0.048152469
SPU_023037,SPU_023090,0.048151222
SPU_027053,SPU_008377,0.048119202
SPU_021608,SPU_024903,0.048117677
SPU_006583,SPU_011174,0.048109222
SPU_006583,SPU_003179,0.048106865
SPU_002874,SPU_027969,0.048093281
SPU_015358,SPU_007317,0.048068746
SPU_006991,SPU_028827,0.048068469
SPU_002320,SPU_015243,0.048034093
SPU_014802,SPU_012050,0.048032845
SPU_008117,SPU_022633,0.048032013
SPU_028583,SPU_013047,0.048028132
SPU_008528,SPU_011189,0.048026746
SPU_026205,SPU_013140,0.04801538
SPU_023090,SPU_010329_1,0.047989597
SPU_004702,SPU_007203,0.04795328
SPU_002874,SPU_006420,0.047903795
SPU_002129,SPU_022916,0.047898528
SPU_015243,SPU_004287_1,0.047876904
SPU_005435,SPU_022242,0.047870389
SPU_025113,SPU_003470,0.047856943
SPU_027214,SPU_003586,0.047847933
SPU_011189,SPU_019652,0.047831854
SPU_013119,SPU_007599,0.047830884
SPU_009642,SPU_011001,0.047796369
SPU_012469,SPU_025590,0.04779221
SPU_012914,SPU_016272,0.047758943
SPU_004723,SPU_012948,0.047748547
SPU_023177,SPU_021726,0.047736764
SPU_020123,SPU_006242,0.04769518
SPU_014802,SPU_001657,0.047693794
SPU_004723,SPU_005035,0.047689358
SPU_013015,SPU_024189,0.047661774
SPU_024189,SPU_030148,0.047644031
SPU_016786,SPU_000749,0.047628784
SPU_028120,SPU_020637,0.047621992
SPU_017407,SPU_014588,0.047621298
SPU_024139,SPU_011576,0.047590387
SPU_018908,SPU_009771,0.047589001
SPU_007253,SPU_012491,0.047569595
SPU_011635,SPU_002467,0.047542011
SPU_020722,SPU_009053,0.047537853
SPU_008528,SPU_012648,0.047515813
SPU_006803,SPU_022049,0.047502644
SPU_021192,SPU_007599,0.047485456
SPU_015374,SPU_024189,0.047448446
SPU_004723,SPU_014923,0.047446367
SPU_005718,SPU_020637,0.04742502
SPU_027472,SPU_011271,0.047373178
SPU_010295,SPU_002631,0.047326604
SPU_025584,SPU_012384,0.047325218
SPU_008196,SPU_004287_1,0.047322723
SPU_000485,SPU_006637,0.047322168
SPU_012253,SPU_008112,0.047311356
SPU_016881,SPU_008595,0.047302346
SPU_017635,SPU_022633,0.047293614
SPU_002791,SPU_007611,0.047291257
SPU_012253,SPU_010722,0.047275871
SPU_005572,SPU_022573,0.04725494
SPU_006484,SPU_011271,0.047246901
SPU_019002,SPU_014643,0.047243851
SPU_012384,SPU_015605,0.04723193
SPU_015908,SPU_018126,0.047223475
SPU_023386,SPU_023065,0.047219455
SPU_008117_1,SPU_009053,0.047218069
SPU_023090,SPU_025848,0.047211554
SPU_019002,SPU_000509,0.047204207
SPU_006462,SPU_008196_1,0.047197415
SPU_013015,SPU_003179,0.047179534
SPU_002815,SPU_015712,0.047172742
SPU_002874,SPU_011001,0.047150425
SPU_018391,SPU_019024,0.047136841
SPU_014289,SPU_021726,0.047115494
SPU_003595_1,SPU_007624,0.047113831
SPU_000129,SPU_021726,0.047091791
SPU_019290,SPU_018954,0.047068088
SPU_009876,SPU_021726,0.047041474
SPU_008845,SPU_009053,0.0470369
SPU_018056,SPU_011635,0.046980345
SPU_018355_1,SPU_025848,0.046937513
SPU_025590,SPU_008377_2,0.046933909
SPU_023037,SPU_005035,0.046932939
SPU_000757,SPU_021726,0.046909374
SPU_009831,SPU_025346,0.046905354
SPU_003166,SPU_013140_1,0.046859473
SPU_016881,SPU_015767,0.046857117
SPU_007644,SPU_019508,0.046818304
SPU_004723,SPU_002320,0.046806384
SPU_015243,SPU_008196_1,0.046802502
SPU_009048,SPU_011576,0.046793077
SPU_015982,SPU_012491,0.046791968
SPU_008845,SPU_019033,0.046787116
SPU_026633,SPU_003179,0.04678171
SPU_019290,SPU_015719,0.046739017
SPU_011635,SPU_007011,0.046716977
SPU_004723,SPU_009642,0.046703532
SPU_012253,SPU_012912,0.046696601
SPU_026877,SPU_014461,0.046685928
SPU_004414,SPU_011174,0.046653492
SPU_027774,SPU_022242,0.046610383
SPU_006991,SPU_022633,0.046589868
SPU_028583,SPU_012491,0.046587927
SPU_016523,SPU_016045,0.046586957
SPU_012253,SPU_003102,0.046583491
SPU_007981,SPU_027912_1,0.046521808
SPU_026099,SPU_011576,0.046514461
SPU_001262_1,SPU_014588,0.046498382
SPU_002592,SPU_024189,0.046490897
SPU_002603,SPU_003179,0.046482164
SPU_027235,SPU_024189,0.046459709
SPU_016881,SPU_005955,0.046457352
SPU_002874,SPU_007611,0.046442936
SPU_027053,SPU_013902,0.046414659
SPU_011635,SPU_012948,0.046354778
SPU_026962,SPU_009771,0.046339391
SPU_022846,SPU_006637,0.046310421
SPU_023037,SPU_022242,0.046286856
SPU_013569,SPU_023386,0.046277569
SPU_013305,SPU_006917,0.046277292
SPU_022163,SPU_013086,0.0462005
SPU_026465,SPU_008845,0.046196341
SPU_015982,SPU_011271,0.046188024
SPU_003548,SPU_013140,0.046188024
SPU_009178,SPU_013967,0.046187747
SPU_009876,SPU_020680,0.04618747
SPU_018744,SPU_004702,0.046179569
SPU_028255,SPU_020565,0.046177212
SPU_014289,SPU_024877,0.046163212
SPU_005718,SPU_021119,0.0461524
SPU_002874,SPU_010329,0.046129529
SPU_012253,SPU_008117_1,0.046111925
SPU_008528,SPU_022242,0.046098063
SPU_000424,SPU_013015,0.046091133
SPU_004217,SPU_017470,0.046090301
SPU_021608,SPU_008112,0.04608337
SPU_021557,SPU_017635,0.04608337
SPU_017106,SPU_020637,0.04605343
SPU_014289,SPU_006637,0.046050796
SPU_010295,SPU_011687,0.046041786
SPU_021608,SPU_000440,0.046025984
SPU_000975,SPU_011576,0.045970261
SPU_006676,SPU_023065,0.045960558
SPU_018797,SPU_013140,0.04594531
SPU_008117,SPU_009053,0.045936162
SPU_013119,SPU_024307,0.045906082
SPU_017837,SPU_015605,0.045903587
SPU_006991,SPU_013140,0.045872399
SPU_025346,SPU_011635,0.045802399
SPU_025346,SPU_010329,0.04576428
SPU_002320,SPU_012490,0.045746537
SPU_023090,SPU_007611,0.045726992
SPU_014802,SPU_008936,0.04572422
SPU_002791,SPU_027912,0.045722141
SPU_012914,SPU_000440,0.045693586
SPU_022820,SPU_006420,0.045673487
SPU_023090,SPU_011001,0.045672933
SPU_004217,SPU_004702,0.04567016
SPU_011297,SPU_014418,0.04565519
SPU_014628,SPU_011711,0.045646319
SPU_011635,SPU_004723,0.045635091
SPU_022816,SPU_013140,0.04563315
SPU_002874,SPU_003490,0.045626913
SPU_012699,SPU_011576,0.04561513
SPU_006462,SPU_004287_1,0.045612219
SPU_013119,SPU_011576,0.045582417
SPU_015456,SPU_011315,0.045557051
SPU_026905,SPU_012913,0.045549427
SPU_028255,SPU_004746,0.045548041
SPU_004702,SPU_007611,0.045545269
SPU_024189,SPU_010403,0.045532932
SPU_018392,SPU_006420,0.045525585
SPU_002631,SPU_007317,0.045517269
SPU_013047,SPU_015712,0.045516298
SPU_020722,SPU_018680,0.045510892
SPU_012469,SPU_015605,0.045509506
SPU_018483,SPU_014131,0.045509368
SPU_013015,SPU_014131,0.045466951
SPU_028255,SPU_030148,0.045465427
SPU_001657,SPU_018861,0.045455585
SPU_027472,SPU_011576,0.045450734
SPU_023366,SPU_011711,0.045449625
SPU_002129,SPU_002592,0.045443526
SPU_004217,SPU_007611,0.045440753
SPU_000948,SPU_015456,0.045405129
SPU_003166,SPU_024189,0.045390713
SPU_025113,SPU_011687,0.045366456
SPU_014170,SPU_000749,0.045348436
SPU_025346,SPU_024903,0.045340396
SPU_018355_1,SPU_018850,0.045333882
SPU_012469,SPU_015466,0.045311426
SPU_004414,SPU_012491,0.045293129
SPU_027214,SPU_013202,0.045273861
SPU_016523,SPU_008595_1,0.045265267
SPU_002874,SPU_007203,0.045261941
SPU_001998,SPU_001739,0.045256257
SPU_006462,SPU_003179,0.045244614
SPU_002603,SPU_024189,0.045227148
SPU_001739,SPU_014197,0.045222851
SPU_023037,SPU_011001,0.045208297
SPU_011635,SPU_009053,0.045197901
SPU_006991,SPU_008196_1,0.045183069
SPU_006991,SPU_022049,0.045160198
SPU_021192,SPU_014418,0.045155485
SPU_024903,SPU_020311,0.045146059
SPU_023090,SPU_011635,0.045129702
SPU_002815,SPU_012491,0.045127762
SPU_012203,SPU_009474,0.045089227
SPU_015982,SPU_014197,0.045083266
SPU_002791,SPU_012948,0.045078692
SPU_002874,SPU_026465,0.045075781
SPU_012384,SPU_017837,0.045075504
SPU_002603,SPU_023014,0.045073702
SPU_015243,SPU_015982,0.044977504
SPU_021210,SPU_017348,0.04493786
SPU_024903,SPU_022816,0.044933147
SPU_011189,SPU_010329,0.044929959
SPU_012384,SPU_008112,0.044929127
SPU_027472,SPU_011297,0.044927325
SPU_028093,SPU_019024,0.044921642
SPU_006421,SPU_008563,0.044918592
SPU_017971,SPU_003378,0.044914988
SPU_006462,SPU_010305,0.044900434
SPU_012772,SPU_001739,0.044894058
SPU_026465,SPU_019508,0.044883523
SPU_002677,SPU_021726,0.044869661
SPU_019290,SPU_019656,0.044853582
SPU_021608,SPU_015358,0.044850948
SPU_012648_1,SPU_011130,0.044832097
SPU_016443,SPU_000276,0.04478178
SPU_024139,SPU_014418,0.044769443
SPU_006991,SPU_013140_1,0.044768334
SPU_024093,SPU_008595,0.044746849
SPU_003166,SPU_022049,0.044730354
SPU_018908,SPU_003179,0.044729384
SPU_005572,SPU_008377_2,0.044709562
SPU_020124,SPU_013305,0.044706789
SPU_028120,SPU_013119,0.044684472
SPU_014802,SPU_018861,0.044674908
SPU_020722,SPU_014923,0.044662294
SPU_000485,SPU_001657,0.044654254
SPU_012648,SPU_002791,0.044653284
SPU_024189,SPU_004746,0.044633878
SPU_006583,SPU_014576,0.044601304
SPU_027235,SPU_013140,0.044571086
SPU_018483,SPU_022049,0.044564571
SPU_024139,SPU_026099,0.044560828
SPU_016881,SPU_024946,0.044548214
SPU_028583,SPU_024189,0.044535462
SPU_003166,SPU_014576,0.044517303
SPU_025113,SPU_009831,0.044483204
SPU_007262,SPU_011001,0.044473917
SPU_010295,SPU_000440,0.044465877
SPU_003166,SPU_013140,0.044448135
SPU_015640,SPU_011576,0.044443422
SPU_012648,SPU_003704,0.044385758
SPU_023090,SPU_019508,0.044384511
SPU_018056,SPU_008845,0.044379798
SPU_015374,SPU_025010,0.044376471
SPU_020311,SPU_022916,0.044346807
SPU_019002,SPU_008112,0.044297738
SPU_012469,SPU_006991,0.044256708
SPU_013689_1,SPU_006808,0.04424548
SPU_012491,SPU_021726,0.044242847
SPU_007644,SPU_007262,0.044233421
SPU_012648_1,SPU_014643,0.044230926
SPU_007981,SPU_007203,0.044183242
SPU_023037,SPU_019652,0.044169797
SPU_019332,SPU_022242,0.044163282
SPU_013119,SPU_015362,0.044149698
SPU_002592,SPU_008377_2,0.044114212
SPU_016443,SPU_015640,0.044111717
SPU_006991,SPU_022573,0.04410742
SPU_008936,SPU_024877,0.044107282
SPU_002791,SPU_010329,0.044097024
SPU_011635,SPU_011001,0.044079836
SPU_026465,SPU_025848,0.044077064
SPU_012490,SPU_004287_1,0.044074846
SPU_012914,SPU_019033,0.04405641
SPU_019366,SPU_012050,0.04405336
SPU_012648,SPU_010458,0.044045321
SPU_004217,SPU_025848,0.044010529
SPU_000739,SPU_022916,0.04400138
SPU_006814,SPU_015712,0.044000964
SPU_013015,SPU_012491,0.043988766
SPU_006753,SPU_016016,0.04395536
SPU_000749,SPU_008595,0.043934291
SPU_012491,SPU_011271,0.043920152
SPU_025888,SPU_016449,0.043916825
SPU_012253,SPU_010295,0.043856112
SPU_000948,SPU_008703,0.043851954
SPU_017725,SPU_000440,0.043840171
SPU_000861,SPU_018483,0.043836429
SPU_018126,SPU_011271,0.043817023
SPU_027235,SPU_022916,0.043813696
SPU_009642,SPU_016250,0.043771834
SPU_028255,SPU_022916,0.04377128
SPU_011189,SPU_012948,0.043739814
SPU_009831,SPU_015071_1,0.043736904
SPU_005572,SPU_011130,0.043728725
SPU_006462,SPU_022573,0.04369019
SPU_012384,SPU_000509,0.043684784
SPU_022163,SPU_007957,0.043680487
SPU_001113,SPU_024307,0.043678824
SPU_011202,SPU_011576,0.043663161
SPU_000276,SPU_012050,0.04365817
SPU_011189,SPU_011687,0.043632665
SPU_008117_1,SPU_000540,0.043620883
SPU_007262,SPU_009831,0.043604804
SPU_002791,SPU_007203,0.043595655
SPU_018797,SPU_022816,0.043536467
SPU_025346,SPU_019508,0.043529536
SPU_000485,SPU_004599,0.043528011
SPU_025632,SPU_001657,0.043494883
SPU_014289,SPU_020680,0.043494189
SPU_014793,SPU_021044,0.043476724
SPU_009831,SPU_011635,0.043475061
SPU_004414,SPU_001739,0.043461338
SPU_024139,SPU_028120,0.043457318
SPU_016443,SPU_006637,0.043448031
SPU_004148,SPU_005358,0.043435278
SPU_006787,SPU_016881,0.043434585
SPU_011297,SPU_012050,0.043411021
SPU_002815,SPU_014197,0.043401734
SPU_014332,SPU_009053,0.043381773
SPU_002129,SPU_013140,0.043375951
SPU_003166,SPU_017348,0.043369575
SPU_020637,SPU_016881,0.043355298
SPU_028255,SPU_022049,0.04334809
SPU_009831,SPU_011687,0.043344902
SPU_012253,SPU_006312,0.043334644
SPU_022817,SPU_022049,0.043299991
SPU_025113,SPU_009053,0.043298743
SPU_003470,SPU_019508,0.043292505
SPU_015772,SPU_016045,0.043267555
SPU_000440,SPU_022163,0.043249258
SPU_019002,SPU_006312,0.043235673
SPU_002874,SPU_008845,0.043210307
SPU_008117,SPU_011687,0.043203792
SPU_004287_1,SPU_017348,0.043193673
SPU_013178,SPU_008752,0.04318494
SPU_014793,SPU_012253,0.043183693
SPU_002592,SPU_009079_1,0.043172327
SPU_016881,SPU_019366,0.043158881
SPU_018056,SPU_007611,0.043135871
SPU_011189,SPU_009053,0.043126029
SPU_012203,SPU_008936,0.043111752
SPU_007147,SPU_018954,0.04311092
SPU_009831,SPU_007203,0.043100663
SPU_021192,SPU_016449,0.043091653
SPU_004217,SPU_006420,0.043084584
SPU_006991,SPU_026877,0.043061989
SPU_000440,SPU_010722,0.04305589
SPU_014628,SPU_000841,0.043052841
SPU_011635,SPU_011687,0.04299989
SPU_026633,SPU_024189,0.042994068
SPU_027053,SPU_007611,0.042921573
SPU_024139,SPU_011297,0.042914781
SPU_015982,SPU_015640,0.042890939
SPU_024189,SPU_024307,0.042888721
SPU_015456,SPU_008595_1,0.042872226
SPU_008117_1,SPU_011687,0.042821355
SPU_018056,SPU_010329_1,0.042812345
SPU_008752,SPU_013202,0.042795988
SPU_027969,SPU_020722,0.042779216
SPU_012203,SPU_012050,0.042735275
SPU_013047,SPU_011271,0.042730285
SPU_004414,SPU_003586,0.042719473
SPU_011635,SPU_010329,0.042704087
SPU_011189,SPU_007611,0.042703116
SPU_019002,SPU_024903,0.042679829
SPU_009831,SPU_009053,0.042678997
SPU_004414,SPU_014576,0.042678443
SPU_012203,SPU_014418,0.042677889
SPU_018391,SPU_018680,0.042677473
SPU_014401,SPU_011576,0.042674146
SPU_013689_1,SPU_001262_1,0.04265474
SPU_023894,SPU_011576,0.042637968
SPU_021557,SPU_022163,0.042625076
SPU_017642,SPU_002662,0.042625076
SPU_009642,SPU_021044,0.042623829
SPU_015908,SPU_006242,0.042618839
SPU_017837,SPU_022633,0.042608858
SPU_023037,SPU_008845,0.042593056
SPU_001657,SPU_006004,0.042582938
SPU_017837,SPU_010458,0.042538165
SPU_008936,SPU_004599,0.042537472
SPU_019290,SPU_012050,0.042519452
SPU_000757,SPU_006637,0.042512937
SPU_003470,SPU_024901,0.042510165
SPU_015984,SPU_004287,0.042508917
SPU_025010,SPU_027935_1,0.042508086
SPU_009642,SPU_018850,0.042490204
SPU_014332,SPU_006312,0.042460125
SPU_022846,SPU_004599,0.042456798
SPU_002791,SPU_011001,0.042448343
SPU_023037,SPU_008377,0.042431709
SPU_026465,SPU_018850,0.042405234
SPU_003179,SPU_012491,0.042390541
SPU_026905,SPU_012469,0.042364065
SPU_028120,SPU_016881,0.042338283
SPU_009048,SPU_006637,0.042274104
SPU_014401,SPU_012050,0.042250124
SPU_028120,SPU_016449,0.042249985
SPU_015243,SPU_013140,0.042242778
SPU_011635,SPU_002615,0.042227253
SPU_017837,SPU_011687,0.042226144
SPU_024903,SPU_030148,0.042223094
SPU_011297,SPU_016045,0.04222254
SPU_025346,SPU_011687,0.042202163
SPU_013119,SPU_012008,0.042198559
SPU_008752,SPU_013015,0.042165015
SPU_025346,SPU_009053,0.042158916
SPU_027235,SPU_026877,0.042141312
SPU_012469,SPU_022163,0.042124678
SPU_009048,SPU_021726,0.042093074
SPU_007262,SPU_008845,0.04207741
SPU_015358,SPU_000861,0.042073113
SPU_015772,SPU_015719,0.042072697
SPU_023730,SPU_014197,0.042071866
SPU_000975,SPU_026099,0.042057034
SPU_004217,SPU_012948,0.042046222
SPU_025584,SPU_026664,0.042036935
SPU_012648,SPU_017811,0.04202543
SPU_028120,SPU_011271,0.042008796
SPU_014576,SPU_002677,0.042005192
SPU_025632,SPU_011576,0.041999925
SPU_000975,SPU_020637,0.041999232
SPU_023037,SPU_010329,0.041989529
SPU_024139,SPU_011271,0.041975667
SPU_015374,SPU_003179,0.041965548
SPU_017837,SPU_005035,0.041958479
SPU_026205,SPU_003179,0.041927845
SPU_015719,SPU_011576,0.041912875
SPU_021608,SPU_022916,0.041906637
SPU_012469,SPU_002320,0.041902202
SPU_009831,SPU_021044,0.041891251
SPU_000739,SPU_006753,0.041864637
SPU_024918,SPU_011174,0.041843429
SPU_016443,SPU_016045,0.041834142
SPU_026633,SPU_023177,0.041827904
SPU_008117,SPU_000440,0.041820558
SPU_002874,SPU_025848,0.041796162
SPU_023366,SPU_002662_1,0.041790894
SPU_022163,SPU_025584,0.041790756
SPU_012469,SPU_018908,0.041788538
SPU_015908,SPU_018861,0.041746953
SPU_007253,SPU_011271,0.04173628
SPU_007147,SPU_006004,0.041726438
SPU_020637,SPU_001657,0.041679309
SPU_025888,SPU_021726,0.041652973
SPU_009642,SPU_007262,0.041596002
SPU_000276,SPU_001657,0.041577566
SPU_002129,SPU_015243,0.041574517
SPU_003470,SPU_008563,0.041557745
SPU_005718,SPU_028120,0.041553586
SPU_027053,SPU_004723,0.041504378
SPU_022846,SPU_015640,0.041452952
SPU_003470,SPU_016250,0.041452675
SPU_011189,SPU_007011,0.04144117
SPU_018954,SPU_008752,0.041425368
SPU_017106,SPU_011576,0.041414417
SPU_018581,SPU_021044,0.04140915
SPU_015640,SPU_009048,0.041405546
SPU_021172,SPU_000669,0.041400556
SPU_007611,SPU_008377,0.041384892
SPU_027053,SPU_011001,0.041382536
SPU_007262,SPU_022242,0.041373387
SPU_024903,SPU_018797,0.041367288
SPU_004723,SPU_000578,0.041344694
SPU_008845,SPU_010458,0.041338595
SPU_003470,SPU_002662,0.041328615
SPU_010424,SPU_022573,0.041322793
SPU_026205,SPU_023065,0.041321961
SPU_021119,SPU_000276,0.041320714
SPU_018391,SPU_010458,0.041316001
SPU_011297,SPU_008595_1,0.041314199
SPU_015982,SPU_010635,0.041283011
SPU_010295,SPU_009053,0.041279268
SPU_003166,SPU_003179,0.041279129
SPU_008117,SPU_003470,0.04126305
SPU_024139,SPU_021119,0.041238931
SPU_015374,SPU_000424,0.041198317
SPU_012772,SPU_013047,0.041195406
SPU_006462,SPU_024189,0.041169624
SPU_011576,SPU_000749,0.04116505
SPU_009771,SPU_014576,0.041149802
SPU_009876,SPU_011271,0.041147168
SPU_003166,SPU_018581,0.041134139
SPU_006814,SPU_014197,0.041112653
SPU_006753,SPU_009911,0.041109327
SPU_008112,SPU_030148,0.041030871
SPU_028583,SPU_001739,0.041020613
SPU_022573,SPU_026877,0.041020197
SPU_026633,SPU_014131,0.041014653
SPU_016617,SPU_026962,0.041007029
SPU_026763,SPU_022573,0.04100592
SPU_018126,SPU_021726,0.041004534
SPU_006583,SPU_003586,0.040998158
SPU_026418,SPU_000669,0.040998158
SPU_000757,SPU_015712,0.040988039
SPU_003704,SPU_018850,0.040987069
SPU_024189,SPU_024610,0.040984712
SPU_006676,SPU_012491,0.04097695
SPU_012648,SPU_004807,0.040971405
SPU_011189,SPU_006420,0.040964197
SPU_026877,SPU_028120,0.04095491
SPU_016881,SPU_023894,0.040950613
SPU_023386,SPU_012491,0.040942157
SPU_023177,SPU_024307,0.040939108
SPU_021557,SPU_025584,0.040906811
SPU_021608,SPU_011756,0.040902236
SPU_015712,SPU_011271,0.040895722
SPU_020123,SPU_012203,0.040883801
SPU_009048,SPU_016449,0.040864949
SPU_018797,SPU_013140_1,0.040862454
SPU_024877,SPU_016045,0.040858573
SPU_024139,SPU_015719,0.040842216
SPU_027935,SPU_002129,0.04082586
SPU_001262_2,SPU_017470,0.040822672
SPU_006583,SPU_013015,0.040804236
SPU_006462,SPU_023014,0.040787464
SPU_014802,SPU_006004,0.040782612
SPU_026633,SPU_022049,0.040769305
SPU_003470,SPU_021044,0.040768751
SPU_011189,SPU_008845,0.040765424
SPU_004287_1,SPU_013140_1,0.040746434
SPU_027935,SPU_003179,0.040741305
SPU_001262,SPU_018850,0.04073479
SPU_000424,SPU_002309,0.040721206
SPU_024918,SPU_004621,0.040692651
SPU_012253,SPU_015605,0.040685305
SPU_028827,SPU_008196_1,0.040668671
SPU_001998,SPU_013967,0.04065273
SPU_018483,SPU_010305,0.040637621
SPU_017407,SPU_007624,0.040585502
SPU_026465,SPU_016250,0.040568591
SPU_013689_1,SPU_018908,0.04056568
SPU_015772,SPU_024877,0.040549047
SPU_020123,SPU_008936,0.040541423
SPU_002631,SPU_012913,0.040528116
SPU_012699,SPU_016881,0.040510235
SPU_015243,SPU_013140_1,0.040506076
SPU_022820,SPU_002791,0.04050469
SPU_017407,SPU_003084,0.04050067
SPU_025584,SPU_021044,0.040493324
SPU_001739,SPU_011271,0.040489442
SPU_000975,SPU_007599,0.040438294
SPU_028255,SPU_007862,0.040421798
SPU_013015,SPU_013140,0.040405996
SPU_008117,SPU_010458,0.040403363
SPU_000757,SPU_024307,0.040396848
SPU_026633,SPU_017348,0.04039061
SPU_015456,SPU_008595,0.040369125
SPU_003179,SPU_002677,0.040320194
SPU_013178,SPU_000756,0.040275422
SPU_008117,SPU_010329,0.040272649
SPU_014418,SPU_004599,0.040270016
SPU_015828,SPU_006420,0.040247421
SPU_027774,SPU_004702,0.040202649
SPU_028583,SPU_002677,0.040191005
SPU_026205,SPU_012491,0.040177698
SPU_014793,SPU_011687,0.040167995
SPU_015243,SPU_026877,0.040163975
SPU_020722,SPU_012648,0.040135975
SPU_019366,SPU_006004,0.040123916
SPU_009048,SPU_007599,0.040103817
SPU_024139,SPU_020637,0.040095223
SPU_019002,SPU_013086,0.040066391
SPU_000749,SPU_016786,0.040024945
SPU_006484,SPU_021726,0.040015935
SPU_017635,SPU_024903,0.040003876
SPU_026099,SPU_015640,0.040003598
SPU_021608,SPU_015605,0.039990291
SPU_017725,SPU_008377_2,0.039969083
SPU_021608,SPU_000841,0.039930964
SPU_012384,SPU_006312,0.039912251
SPU_010424,SPU_014628,0.039907539
SPU_000757,SPU_011271,0.039902548
SPU_015640,SPU_020637,0.039895202
SPU_021557,SPU_022573,0.039892568
SPU_025113,SPU_000861,0.039875934
SPU_019332,SPU_007611,0.039869558
SPU_010295,SPU_022242,0.03986041
SPU_000739,SPU_030148,0.03984932
SPU_015243,SPU_010305,0.039830192
SPU_012490,SPU_022573,0.039810093
SPU_004287,SPU_014628,0.039798449
SPU_007981,SPU_025848,0.039789855
SPU_014576,SPU_001739,0.039780706
SPU_003166,SPU_002592,0.039775716
SPU_015772,SPU_009048,0.039743835
SPU_012772,SPU_006242,0.039741201
SPU_006786,SPU_011576,0.039731914
SPU_025346,SPU_009079_1,0.039721934
SPU_006803,SPU_005522,0.039716389
SPU_012384,SPU_011756,0.039711538
SPU_011189,SPU_011001,0.039691993
SPU_013689,SPU_024901_1,0.039684508
SPU_026465,SPU_010329_1,0.039677993
SPU_007262,SPU_011687,0.039675221
SPU_006808,SPU_000440,0.039667458
SPU_017470,SPU_014923,0.039659419
SPU_006421,SPU_014643,0.039624072
SPU_015358,SPU_002662_1,0.039613537
SPU_008117_1,SPU_010458,0.039587062
SPU_020722,SPU_010458,0.039558923
SPU_010424,SPU_026664,0.039545477
SPU_017642,SPU_006991,0.039525517
SPU_018581,SPU_018850,0.039505418
SPU_002815,SPU_011271,0.039483101
SPU_012253,SPU_020282,0.039481853
SPU_015829,SPU_006420,0.039474923
SPU_004723,SPU_007262,0.039440408
SPU_023090,SPU_016250,0.03941019
SPU_012490,SPU_017348,0.039392863
SPU_011635,SPU_008845,0.039387734
SPU_022163,SPU_015243,0.039368189
SPU_028827,SPU_008377_2,0.039357932
SPU_002791,SPU_008845,0.039352526
SPU_006312,SPU_015243,0.039336447
SPU_006753,SPU_008377_2,0.039333259
SPU_009831,SPU_010458,0.039325773
SPU_006814,SPU_011271,0.039319397
SPU_012253,SPU_011756,0.039294585
SPU_018056,SPU_016250,0.039288209
SPU_001739,SPU_011297,0.039284189
SPU_021608,SPU_015466,0.039267971
SPU_010424,SPU_013140_1,0.039244268
SPU_008117,SPU_009831,0.039240525
SPU_011635,SPU_021044,0.039233595
SPU_012490,SPU_024189,0.039198941
SPU_015712,SPU_014197,0.03918106
SPU_015374,SPU_014576,0.039171495
SPU_012648,SPU_007611,0.039119654
SPU_016443,SPU_004599,0.039111475
SPU_008112,SPU_028093,0.039100109
SPU_002791,SPU_025848,0.039096505
SPU_025888,SPU_015108,0.039094426
SPU_024903,SPU_017511,0.039080842
SPU_015358,SPU_007315,0.039061574
SPU_009048,SPU_026099,0.038981732
SPU_018056,SPU_018850,0.038960801
SPU_017837,SPU_009831,0.038959138
SPU_018483,SPU_008196_1,0.038954702
SPU_018355,SPU_018850,0.038952346
SPU_023037,SPU_007611,0.038942227
SPU_022820,SPU_015605,0.038936682
SPU_001739,SPU_015108,0.038932524
SPU_009831,SPU_025848,0.038928781
SPU_015243,SPU_008377_2,0.038918108
SPU_003470,SPU_012384,0.038900088
SPU_009831,SPU_019508,0.038876524
SPU_012384,SPU_022916,0.038843256
SPU_015640,SPU_026099,0.038837712
SPU_012772,SPU_008936,0.038825098
SPU_028093,SPU_022049,0.038811513
SPU_011189,SPU_027912,0.038796266
SPU_012203,SPU_006242,0.038774503
SPU_014802,SPU_008595,0.038760642
SPU_000485,SPU_015640,0.038753157
SPU_002592,SPU_013202,0.038731949
SPU_012203,SPU_022846,0.03871878
SPU_020311,SPU_008112,0.038718226
SPU_003704,SPU_016250,0.038715454
SPU_002791,SPU_003490,0.038683711
SPU_012490,SPU_014628,0.038676642
SPU_006484,SPU_014197,0.038674285
SPU_008703,SPU_018861,0.038646701
SPU_006312,SPU_006991,0.03863076
SPU_002129,SPU_026877,0.038604146
SPU_002603,SPU_024307,0.038586126
SPU_016523,SPU_018861,0.038565611
SPU_007981,SPU_012948,0.038563393
SPU_014418,SPU_016881,0.038556186
SPU_019002,SPU_009053,0.038545789
SPU_007644,SPU_000578,0.038545651
SPU_009771,SPU_012491,0.038531512
SPU_020311,SPU_015243,0.038529294
SPU_020565,SPU_024877,0.038517789
SPU_024877,SPU_020637,0.038507532
SPU_012203,SPU_014802,0.038505453
SPU_000129,SPU_014197,0.038495611
SPU_012648,SPU_005035,0.038490621
SPU_014802,SPU_008595_1,0.038477868
SPU_022163,SPU_007315,0.038475235
SPU_012648,SPU_004723,0.038469274
SPU_014576,SPU_020680,0.038441551
SPU_006803,SPU_022817,0.038437393
SPU_024877,SPU_021726,0.038423947
SPU_006753,SPU_006991,0.038408284
SPU_023386,SPU_014576,0.038379729
SPU_021210,SPU_013305,0.038375987
SPU_024877,SPU_011576,0.03830363
SPU_024877,SPU_006637,0.038291986
SPU_028255,SPU_003179,0.038290184
SPU_015772,SPU_001628,0.038282976
SPU_018483,SPU_023014,0.038274244
SPU_009831,SPU_027969,0.038269253
SPU_000485,SPU_000749,0.038250263
SPU_025346,SPU_021044,0.038214501
SPU_006917,SPU_022049,0.038207154
SPU_022820,SPU_020282,0.038206045
SPU_025590,SPU_022633,0.038196897
SPU_011635,SPU_004806,0.038186778
SPU_004702,SPU_014588,0.038185114
SPU_018355_1,SPU_021382,0.038166817
SPU_019366,SPU_018954,0.038156005
SPU_011189,SPU_021044,0.038146164
SPU_014628,SPU_015456,0.038141728
SPU_021172,SPU_023014,0.038132995
SPU_009048,SPU_024307,0.038130362
SPU_017492,SPU_011315,0.03812149
SPU_000276,SPU_001628,0.038073946
SPU_002677,SPU_011297,0.038058975
SPU_028093,SPU_022163,0.038037351
SPU_025010,SPU_014131,0.038036936
SPU_000276,SPU_006004,0.038033193
SPU_015358,SPU_025346,0.038029866
SPU_012772,SPU_002677,0.037990777
SPU_008703,SPU_003586,0.037986064
SPU_020637,SPU_004599,0.03797844
SPU_000861,SPU_013202,0.037975806
SPU_003470,SPU_011687,0.037975806
SPU_006803,SPU_030148,0.037956123
SPU_021608,SPU_003102,0.037950301
SPU_007644,SPU_021382,0.03794642
SPU_006787,SPU_006637,0.037934084
SPU_002874,SPU_021044,0.037933252
SPU_014722,SPU_006420,0.037929786
SPU_021192,SPU_026099,0.037921192
SPU_007262,SPU_025346,0.037915925
SPU_003179,SPU_009876,0.037912598
SPU_020311,SPU_014643,0.03789638
SPU_008117_1,SPU_012913,0.037883489
SPU_006421,SPU_015466,0.037877945
SPU_008112,SPU_007317,0.037865608
SPU_026962,SPU_003179,0.037861727
SPU_008936,SPU_016045,0.037859925
SPU_018355,SPU_016250,0.037855073
SPU_023386,SPU_026877,0.037852855
SPU_002816,SPU_004599,0.037852301
SPU_014576,SPU_013967,0.037843568
SPU_023730,SPU_021726,0.037841212
SPU_008528,SPU_019024,0.037838578
SPU_027053,SPU_004806,0.037835529
SPU_027472,SPU_012050,0.037824717
SPU_025113,SPU_000440,0.037808915
SPU_004723,SPU_003470,0.037772875
SPU_020637,SPU_000276,0.037768716
SPU_025590,SPU_015243,0.03776539
SPU_004021,SPU_024307,0.037763726
SPU_011189,SPU_010458,0.037736696
SPU_028255,SPU_023014,0.037728518
SPU_009048,SPU_020637,0.03772533
SPU_015640,SPU_016881,0.037713964
SPU_011297,SPU_005955,0.037708419
SPU_004723,SPU_008845,0.037705231
SPU_022049,SPU_026877,0.03767127
SPU_026633,SPU_020565,0.037657686
SPU_024093,SPU_018393,0.037640914
SPU_028120,SPU_011297,0.037625389
SPU_013689_1,SPU_002025,0.037619013
SPU_011297,SPU_008936,0.037612221
SPU_022820,SPU_007611,0.037602795
SPU_014289,SPU_011297,0.037579785
SPU_015243,SPU_009771,0.037573547
SPU_015640,SPU_007599,0.037573131
SPU_018392,SPU_004621,0.037556498
SPU_027053,SPU_008845,0.03755525
SPU_004148,SPU_006312,0.037553725
SPU_016881,SPU_015456,0.037547488
SPU_002320,SPU_012912,0.037524478
SPU_006787,SPU_015640,0.037508814
SPU_019366,SPU_016786,0.037501745
SPU_000424,SPU_022817,0.037487468
SPU_012772,SPU_026277,0.037477764
SPU_005358,SPU_000310,0.037470557
SPU_003470,SPU_011130,0.03746723
SPU_010295,SPU_025346,0.037458497
SPU_025590,SPU_022916,0.037448101
SPU_009831,SPU_007262,0.0374402
SPU_021608,SPU_005358,0.037423289
SPU_001262_2,SPU_027774,0.037409843
SPU_011635,SPU_027912,0.037396259
SPU_000749,SPU_018954,0.037390022
SPU_001113,SPU_026099,0.037382814
SPU_000440,SPU_002662_1,0.037343586
SPU_014576,SPU_013047,0.037339011
SPU_009048,SPU_004599,0.037336516
SPU_000739,SPU_015982,0.037336239
SPU_010295,SPU_011130,0.03732917
SPU_017379,SPU_006637,0.037328892
SPU_023037,SPU_013902,0.037328615
SPU_023177,SPU_001739,0.037326813
SPU_013047,SPU_024307,0.037325289
SPU_005718,SPU_016449,0.037316279
SPU_017635,SPU_007315,0.037311704
SPU_010424,SPU_026877,0.037257783
SPU_002874,SPU_025346,0.037250991
SPU_028120,SPU_022846,0.037250714
SPU_001113,SPU_020637,0.037249466
SPU_012648,SPU_022487,0.037247664
SPU_006991,SPU_022816,0.037247249
SPU_001657,SPU_015767,0.037243506
SPU_014576,SPU_024139,0.037224377
SPU_017837,SPU_008845,0.037186813
SPU_020124,SPU_024189,0.037181268
SPU_008117_1,SPU_003470,0.037178634
SPU_021192,SPU_021726,0.037160753
SPU_014401,SPU_015767,0.037156872
SPU_002791,SPU_021044,0.037144119
SPU_003102,SPU_011130,0.037131644
SPU_004414,SPU_006242,0.037130951
SPU_025590,SPU_006991,0.037120832
SPU_012546,SPU_000440,0.037116119
SPU_015243,SPU_006753,0.037111406
SPU_000756,SPU_012491,0.037059149
SPU_019290,SPU_001628,0.037054297
SPU_015358,SPU_000440,0.037026297
SPU_000485,SPU_015719,0.037002871
SPU_017404,SPU_022242,0.036997049
SPU_020637,SPU_015640,0.036996356
SPU_023177,SPU_013047,0.036995247
SPU_017635,SPU_000440,0.036982633
SPU_022846,SPU_001657,0.036979029
SPU_008936,SPU_014197,0.036944792
SPU_022816,SPU_013140_1,0.036924138
SPU_018744,SPU_007981,0.036923306
SPU_006803,SPU_026962,0.03688491
SPU_006676,SPU_014576,0.036883524
SPU_017971,SPU_007624,0.03685788
SPU_015640,SPU_016045,0.036834316
SPU_003179,SPU_026731,0.036825445
SPU_014628,SPU_026664,0.036808534
SPU_011246,SPU_014197,0.03677485
SPU_012203,SPU_024307,0.036763068
SPU_019366,SPU_008595,0.036757385
SPU_007981,SPU_011001,0.036727721
SPU_003548,SPU_013140_1,0.036718295
SPU_015640,SPU_022846,0.036717187
SPU_025346,SPU_009646,0.036714276
SPU_008936,SPU_015719,0.036703187
SPU_007262,SPU_007011,0.036696256
SPU_024903,SPU_005522,0.036691959
SPU_011635,SPU_025346,0.036668949
SPU_007262,SPU_003470,0.036665761
SPU_000424,SPU_026962,0.036664929
SPU_002874,SPU_011635,0.036638315
SPU_006421,SPU_006312,0.036630414
SPU_024877,SPU_009048,0.036619602
SPU_017725,SPU_015243,0.036613503
SPU_014332,SPU_014923,0.036610453
SPU_015772,SPU_014418,0.036586612
SPU_000276,SPU_016786,0.036583146
SPU_027472,SPU_001628,0.036583146
SPU_019290,SPU_005955,0.036577463
SPU_022846,SPU_000749,0.036573443
SPU_026633,SPU_003586,0.036550433
SPU_000276,SPU_008595_1,0.036541423
SPU_022163,SPU_026962,0.036514116
SPU_010295,SPU_002320,0.03651273
SPU_001998,SPU_006242,0.036489997
SPU_016523,SPU_023730,0.03642374
SPU_027774,SPU_008845,0.036403641
SPU_011635,SPU_007203,0.036388532
SPU_008196,SPU_008196_1,0.036368987
SPU_028120,SPU_015362,0.036365799
SPU_015640,SPU_021726,0.036355541
SPU_016881,SPU_020330_1,0.036354987
SPU_017635,SPU_008377_2,0.036345422
SPU_014802,SPU_023813,0.03633766
SPU_017404_1,SPU_011130,0.036319086
SPU_015358,SPU_011130,0.036291086
SPU_000276,SPU_023813,0.036252689
SPU_002634,SPU_021726,0.036238966
SPU_016881,SPU_019290,0.036220115
SPU_022242,SPU_023177,0.036209442
SPU_022820,SPU_023090,0.036206669
SPU_019366,SPU_014802,0.036206531
SPU_012546,SPU_003470,0.03619655
SPU_021608,SPU_006312,0.036183382
SPU_022846,SPU_015719,0.036176451
SPU_014576,SPU_028120,0.036168134
SPU_006753,SPU_022916,0.036163006
SPU_006803,SPU_018908,0.036157738
SPU_014332,SPU_025590,0.036137362
SPU_016449,SPU_019332,0.036119619
SPU_012490,SPU_008196_1,0.036110471
SPU_012546,SPU_008563,0.036108946
SPU_004723,SPU_009079_1,0.036059045
SPU_025346,SPU_002025,0.036058213
SPU_004702,SPU_019332,0.036056411
SPU_016881,SPU_018393,0.036041164
SPU_001998,SPU_013047,0.036032292
SPU_017106,SPU_011297,0.03602855
SPU_012203,SPU_013047,0.036006649
SPU_028120,SPU_000975,0.036005124
SPU_000276,SPU_008595,0.035997223
SPU_026633,SPU_013140,0.035994728
SPU_013689,SPU_016250,0.0359835
SPU_013047,SPU_021726,0.03596548
SPU_011174,SPU_013202,0.035959242
SPU_025584,SPU_006462,0.035954807
SPU_026099,SPU_016881,0.035954252
SPU_019366,SPU_023813,0.03591447
SPU_022573,SPU_013140,0.035904351
SPU_015908,SPU_008936,0.035895618
SPU_022820,SPU_000922,0.035893955
SPU_000975,SPU_015362,0.03588439
SPU_009831,SPU_010329_1,0.035878569
SPU_017404_1,SPU_000440,0.03585639
SPU_027472,SPU_007599,0.035841004
SPU_017379,SPU_011271,0.03583546
SPU_020722,SPU_011687,0.035834073
SPU_012648,SPU_019652,0.035806766
SPU_007644,SPU_011635,0.035796786
SPU_012914,SPU_014923,0.035771142
SPU_002874,SPU_019508,0.035767123
SPU_014793,SPU_010722,0.035701419
SPU_016449,SPU_004217,0.035627399
SPU_003179,SPU_014576,0.035603557
SPU_028827,SPU_009771,0.035600369
SPU_006676,SPU_003586,0.035594825
SPU_002129,SPU_013140_1,0.035586508
SPU_009048,SPU_022846,0.035572646
SPU_002603,SPU_022049,0.035564052
SPU_026465,SPU_018373,0.035536884
SPU_024903,SPU_023014,0.035533557
SPU_013015,SPU_022049,0.035516092
SPU_012384,SPU_015466,0.035504587
SPU_012203,SPU_024946,0.035501537
SPU_027053,SPU_007203,0.035496131
SPU_013305,SPU_007862,0.035492804
SPU_007599,SPU_004599,0.035489755
SPU_012253,SPU_025590,0.035443319
SPU_022163,SPU_014793,0.035409913
SPU_018355,SPU_018373,0.035397576
SPU_005358,SPU_011711,0.035389675
SPU_025888,SPU_011271,0.035380943
SPU_003166,SPU_020565,0.035372764
SPU_004021,SPU_020637,0.035363893
SPU_020311,SPU_015466,0.035343378
SPU_006803,SPU_018797,0.035338665
SPU_027969,SPU_000669,0.035311774
SPU_005718,SPU_015362,0.035299714
SPU_013689,SPU_027774,0.035286269
SPU_028255,SPU_017348,0.035285021
SPU_012648,SPU_019384,0.035265615
SPU_018581,SPU_026664,0.035259655
SPU_001262_1,SPU_018850,0.035247873
SPU_023730,SPU_024877,0.035225556
SPU_015640,SPU_006637,0.035218902
SPU_013015,SPU_026731,0.035188961
SPU_012772,SPU_024307,0.035160823
SPU_015908,SPU_003586,0.035158882
SPU_025010,SPU_012491,0.035141139
SPU_008112,SPU_028827,0.035133931
SPU_021192,SPU_012050,0.035127139
SPU_007611,SPU_007317,0.035118822
SPU_021557,SPU_015243,0.035115634
SPU_018391,SPU_025856,0.035101496
SPU_011189,SPU_004806,0.035099555
SPU_006753,SPU_022163,0.035095119
SPU_006991,SPU_017511,0.035084307
SPU_003166,SPU_023014,0.035077931
SPU_021172,SPU_030148,0.035075575
SPU_000861,SPU_006991,0.035062129
SPU_024877,SPU_022846,0.035050901
SPU_014793,SPU_007108,0.035016802
SPU_014802,SPU_001628,0.034973139
SPU_006991,SPU_004287,0.034961356
SPU_004287_1,SPU_007624,0.034918109
SPU_026465,SPU_024901,0.034910485
SPU_025346,SPU_010458,0.034906326
SPU_017635,SPU_015243,0.034879019
SPU_008936,SPU_009048,0.034873891
SPU_007981,SPU_003490,0.034869039
SPU_003704,SPU_021382,0.034867376
SPU_023730,SPU_016045,0.034855039
SPU_017837,SPU_010329,0.034852544
SPU_006917,SPU_026877,0.034838821
SPU_001262_2,SPU_022242,0.034837712
SPU_000975,SPU_012008,0.034830643
SPU_003102,SPU_011687,0.034819692
SPU_019290,SPU_015640,0.034809573
SPU_003470,SPU_009646,0.03480389
SPU_018056,SPU_021382,0.034799593
SPU_006753,SPU_022573,0.034790999
SPU_011189,SPU_011635,0.03479086
SPU_004021,SPU_007599,0.034781851
SPU_007147,SPU_016786,0.034748029
SPU_027053,SPU_027912_1,0.03473791
SPU_018355,SPU_021382,0.03473486
SPU_002816,SPU_019656,0.034728068
SPU_002791,SPU_011635,0.034720444
SPU_026205,SPU_014576,0.034710603
SPU_006803,SPU_028093,0.034697712
SPU_011297,SPU_009048,0.034691058
SPU_012253,SPU_002592,0.034674979
SPU_012384,SPU_010722,0.034657929
SPU_024139,SPU_022846,0.03465585
SPU_002320,SPU_003084,0.034654048
SPU_000739,SPU_028827,0.034638246
SPU_020565,SPU_018861,0.034607473
SPU_018391,SPU_007611,0.034597355
SPU_017106,SPU_011271,0.03457379
SPU_003166,SPU_004746,0.034558404
SPU_005572,SPU_002320,0.034554384
SPU_019366,SPU_008595_1,0.034552166
SPU_005572,SPU_009053,0.034549394
SPU_007253,SPU_021726,0.034538305
SPU_014197,SPU_015108,0.034529156
SPU_025113,SPU_007317,0.034527493
SPU_012772,SPU_012203,0.034513909
SPU_027472,SPU_015719,0.034498938
SPU_006753,SPU_004287,0.034478839
SPU_000756,SPU_024189,0.034477869
SPU_025590,SPU_002320,0.034441968
SPU_027472,SPU_022846,0.034427136
SPU_017725,SPU_022633,0.034424225
SPU_014802,SPU_014418,0.0344227
SPU_013689_1,SPU_025849,0.034413136
SPU_026633,SPU_023014,0.034406482
SPU_005572,SPU_015243,0.034406482
SPU_025113,SPU_015605,0.034400383
SPU_028255,SPU_013202,0.034393175
SPU_003166,SPU_030148,0.034357967
SPU_027598,SPU_004702,0.034345353
SPU_005718,SPU_011271,0.034325809
SPU_013569,SPU_008845,0.034312225
SPU_002816,SPU_015719,0.0343107
SPU_019002,SPU_016272,0.034309868
SPU_023037,SPU_004723,0.034278541
SPU_026962,SPU_002592,0.034276046
SPU_014802,SPU_015640,0.034270917
SPU_008117,SPU_010329_1,0.034269808
SPU_014418,SPU_022846,0.034261076
SPU_003704,SPU_018373,0.034260799
SPU_011297,SPU_007599,0.034221848
SPU_006583,SPU_025010,0.034220878
SPU_006803,SPU_022816,0.034212006
SPU_018391,SPU_002791,0.034209927
SPU_002874,SPU_015071_1,0.034208541
SPU_018581,SPU_008196,0.034200501
SPU_012648,SPU_013902,0.034198006
SPU_019290,SPU_014418,0.034182204
SPU_007981,SPU_008845,0.034179848
SPU_026465,SPU_024901_1,0.034173749
SPU_011174,SPU_008752,0.034172362
SPU_017492,SPU_027935_1,0.03414658
SPU_007981,SPU_010329_1,0.034136739
SPU_003470,SPU_009053,0.034132719
SPU_001998,SPU_003586,0.034088362
SPU_007611,SPU_025346,0.034083649
SPU_012253,SPU_015466,0.034049273
SPU_014170,SPU_004599,0.034048302
SPU_008112,SPU_012913,0.034036797
SPU_010424,SPU_008196,0.034034164
SPU_018056,SPU_018373,0.034030144
SPU_002791,SPU_010329_1,0.03402557
SPU_006991,SPU_010305,0.034006857
SPU_015984,SPU_022163,0.034004639
SPU_008117_1,SPU_010329,0.033991193
SPU_010295,SPU_010458,0.033971233
SPU_027053,SPU_025848,0.03396846
SPU_020123,SPU_027708,0.033958619
SPU_012469,SPU_005358,0.033955985
SPU_014802,SPU_016786,0.033937272
SPU_004217,SPU_027969,0.033922856
SPU_009831,SPU_024901,0.033914817
SPU_008936,SPU_014418,0.033912322
SPU_022163,SPU_011130,0.033911074
SPU_028583,SPU_009876,0.033886401
SPU_023366,SPU_010635,0.033880995
SPU_000424,SPU_008196_1,0.033872955
SPU_008845,SPU_012648,0.033866302
SPU_012546,SPU_010722,0.033866163
SPU_002874,SPU_007262,0.033863945
SPU_017407,SPU_015071,0.033863807
SPU_018581,SPU_002554,0.033859509
SPU_006786,SPU_015640,0.033841074
SPU_013689,SPU_021382,0.033837331
SPU_019002,SPU_010403,0.033835529
SPU_015243,SPU_022049,0.033812796
SPU_018392,SPU_012648,0.033812658
SPU_002320,SPU_022633,0.033810301
SPU_000948,SPU_016045,0.033807529
SPU_015640,SPU_013570,0.0337884
SPU_012469,SPU_002592,0.03376636
SPU_015908,SPU_015767,0.033753469
SPU_000861,SPU_015466,0.033743628
SPU_008936,SPU_008595_1,0.033713271
SPU_012645,SPU_024307,0.033706895
SPU_010295,SPU_012913,0.033687489
SPU_014418,SPU_026099,0.033686796
SPU_006786,SPU_024307,0.033672103
SPU_004148,SPU_008112,0.033664895
SPU_002592,SPU_030148,0.033652281
SPU_000739,SPU_026877,0.033647291
SPU_006583,SPU_018861,0.033615409
SPU_012648_1,SPU_010924,0.033613191
SPU_022678,SPU_019332,0.033604597
SPU_021557,SPU_004287,0.033599746
SPU_006787,SPU_000276,0.03358131
SPU_004148,SPU_011756,0.033556637
SPU_011635,SPU_026465,0.033546518
SPU_014332,SPU_011687,0.033538201
SPU_000975,SPU_022846,0.033537369
SPU_011635,SPU_025848,0.033531132
SPU_011297,SPU_022846,0.033525726
SPU_003102,SPU_003084,0.03352032
SPU_008117,SPU_021044,0.033519349
SPU_021557,SPU_014793,0.033469587
SPU_018391,SPU_010625,0.033460854
SPU_012490,SPU_022816,0.033454894
SPU_020565,SPU_011297,0.033441448
SPU_012384,SPU_008563,0.033431468
SPU_018391,SPU_000540,0.033423705
SPU_025590,SPU_015466,0.03342121
SPU_021210,SPU_026731,0.033418299
SPU_009048,SPU_001628,0.033396537
SPU_027053,SPU_012948,0.03339321
SPU_027053,SPU_027912,0.033374636
SPU_025632,SPU_000276,0.033369507
SPU_011189,SPU_010329_1,0.033367705
SPU_006787,SPU_001657,0.03332723
SPU_014793,SPU_002025,0.033306437
SPU_026763,SPU_004287_1,0.033295487
SPU_012914,SPU_008112,0.033288556
SPU_017725,SPU_006312,0.033280655
SPU_009048,SPU_013047,0.033275526
SPU_005572,SPU_026962,0.033264992
SPU_019002,SPU_011756,0.033254041
SPU_004287_1,SPU_001262_1,0.033251962
SPU_019366,SPU_015767,0.033232001
SPU_023090,SPU_021382,0.033226318
SPU_003166,SPU_026664,0.033220081
SPU_017106,SPU_015362,0.033214675
SPU_018391,SPU_000922,0.033202754
SPU_022163,SPU_000440,0.033202477
SPU_004148,SPU_025590,0.033191942
SPU_025113,SPU_021044,0.033150773
SPU_014461,SPU_000276,0.033148001
SPU_020722,SPU_000922,0.033141486
SPU_027472,SPU_014418,0.033124991
SPU_018744,SPU_019332,0.033102258
SPU_012008,SPU_011576,0.033075367
SPU_001113,SPU_012008,0.033048892
SPU_002129,SPU_011711,0.033041129
SPU_024877,SPU_026099,0.03303905
SPU_014418,SPU_015719,0.033016317
SPU_021172,SPU_004746,0.033008416
SPU_027235,SPU_013305,0.033002179
SPU_009642,SPU_009646,0.032981386
SPU_002592,SPU_006753,0.032981386
SPU_014793,SPU_026664,0.032977921
SPU_005358,SPU_000440,0.032956436
SPU_023730,SPU_028120,0.032940218
SPU_012253,SPU_009053,0.032937307
SPU_023037,SPU_004806,0.032923861
SPU_008703,SPU_006242,0.032923446
SPU_007644,SPU_024901,0.032917762
SPU_012384,SPU_009053,0.032909584
SPU_015243,SPU_028827,0.032900297
SPU_018581,SPU_027918,0.032884495
SPU_012384,SPU_025590,0.032863148
SPU_000739,SPU_023014,0.032846792
SPU_023037,SPU_025848,0.032846237
SPU_026099,SPU_006637,0.03283598
SPU_016523,SPU_004340,0.032831683
SPU_006808,SPU_015605,0.032830851
SPU_014793,SPU_009646,0.032826554
SPU_014401,SPU_023813,0.03281796
SPU_023090,SPU_018373,0.032817683
SPU_000749,SPU_018393,0.032808257
SPU_002634,SPU_012491,0.032783999
SPU_013119,SPU_006787,0.032773187
SPU_012648,SPU_023090,0.032769445
SPU_028120,SPU_009048,0.032759742
SPU_007262,SPU_010329,0.032752534
SPU_008528,SPU_007611,0.032752118
SPU_006421,SPU_025590,0.032745326
SPU_024918,SPU_012948,0.032730494
SPU_021557,SPU_006991,0.032716078
SPU_020565,SPU_009048,0.032704573
SPU_014793,SPU_011720,0.032702355
SPU_003166,SPU_013202,0.032701524
SPU_023037,SPU_027912,0.032682811
SPU_026905,SPU_023065,0.032680454
SPU_027472,SPU_009048,0.032678791
SPU_005435,SPU_023065,0.032661187
SPU_015243,SPU_002592,0.032644969
SPU_027774,SPU_003490,0.032643721
SPU_004723,SPU_010924,0.032610454
SPU_015374,SPU_012491,0.032609068
SPU_003595_1,SPU_014588,0.03257885
SPU_001657,SPU_009474,0.032576909
SPU_004723,SPU_027912,0.032536711
SPU_012490,SPU_023014,0.032534355
SPU_015243,SPU_023014,0.032521325
SPU_016443,SPU_015719,0.032521048
SPU_022573,SPU_008196_1,0.032503859
SPU_012203,SPU_028120,0.032502473
SPU_022163,SPU_006991,0.032497483
SPU_025113,SPU_002631,0.032481681
SPU_000861,SPU_022916,0.032475028
SPU_000424,SPU_008196,0.032471978
SPU_007147,SPU_015767,0.032467958
SPU_025346,SPU_006753,0.032467127
SPU_014793,SPU_026510,0.032458394
SPU_005022,SPU_019033,0.032446196
SPU_000276,SPU_015767,0.032443562
SPU_023386,SPU_001739,0.032442176
SPU_009831,SPU_000578,0.032430532
SPU_026465,SPU_026390,0.032423463
SPU_006312,SPU_015466,0.032413899
SPU_008703,SPU_009474,0.032411958
SPU_004723,SPU_011687,0.032403502
SPU_008528,SPU_000540,0.032393661
SPU_019290,SPU_016786,0.032382433
SPU_000757,SPU_015362,0.032378136
SPU_018581,SPU_006917,0.032367879
SPU_025113,SPU_010458,0.032367185
SPU_018392,SPU_011189,0.032356374
SPU_019290,SPU_008595_1,0.032354156
SPU_008196,SPU_026877,0.032349997
SPU_007262,SPU_027912,0.032346948
SPU_013689,SPU_018850,0.032344175
SPU_017725,SPU_011711,0.032339185
SPU_024877,SPU_007599,0.032337245
SPU_020123,SPU_000669,0.032321858
SPU_002129,SPU_022573,0.032316175
SPU_012648,SPU_008845,0.032271541
SPU_013119,SPU_014461,0.032268215
SPU_020124,SPU_023014,0.032252967
SPU_026418,SPU_008752,0.03224964
SPU_017837,SPU_007011,0.032246175
SPU_006991,SPU_022817,0.032241323
SPU_017106,SPU_022846,0.032237304
SPU_014793,SPU_002554,0.032232314
SPU_000485,SPU_012050,0.032225383
SPU_018355,SPU_006420,0.032204313
SPU_020123,SPU_020282,0.032200848
SPU_010635,SPU_028120,0.032181996
SPU_005358,SPU_006917,0.032172986
SPU_012648,SPU_011001,0.032167858
SPU_004217,SPU_019332,0.032167719
SPU_008528,SPU_018680,0.03215968
SPU_007644,SPU_009646,0.032120729
SPU_014289,SPU_002677,0.032113244
SPU_001113,SPU_007599,0.032075956
SPU_008528,SPU_002791,0.032074847
SPU_017837,SPU_011001,0.032074709
SPU_004723,SPU_012648_1,0.032073045
SPU_002874,SPU_010329_1,0.032071798
SPU_006803,SPU_014628,0.032070966
SPU_006808,SPU_015071_1,0.03206057
SPU_006676,SPU_003179,0.03206057
SPU_016523,SPU_009048,0.032031045
SPU_020722,SPU_004723,0.032028966
SPU_005358,SPU_006312,0.03202855
SPU_015640,SPU_004599,0.031997501
SPU_015456,SPU_004702,0.031997085
SPU_012648,SPU_010329,0.031985718
SPU_004414,SPU_013967,0.031970471
SPU_012772,SPU_023730,0.031959104
SPU_002631,SPU_010722,0.031933045
SPU_015243,SPU_030148,0.031913777
SPU_022678,SPU_016250,0.031860549
SPU_000276,SPU_018954,0.0318575
SPU_006312,SPU_000440,0.031824925
SPU_002592,SPU_022049,0.031820628
SPU_025632,SPU_000749,0.031818826
SPU_007599,SPU_006637,0.031805381
SPU_008117_1,SPU_009831,0.031796648
SPU_026465,SPU_021382,0.031796094
SPU_007599,SPU_022846,0.031760054
SPU_006312,SPU_002592,0.031748687
SPU_016881,SPU_014401,0.031739123
SPU_023037,SPU_007203,0.031737875
SPU_008936,SPU_018861,0.031727895
SPU_015828,SPU_010426,0.031727202
SPU_018581,SPU_006462,0.031716113
SPU_013689_1,SPU_022242,0.031714865
SPU_015772,SPU_022846,0.031700172
SPU_011174,SPU_024189,0.031667737
SPU_025346,SPU_026510,0.031657895
SPU_019290,SPU_023813,0.031651103
SPU_014197,SPU_024610,0.031640014
SPU_001262_2,SPU_019332,0.031624212
SPU_006462,SPU_022916,0.031603142
SPU_000757,SPU_013047,0.031594825
SPU_019290,SPU_027362,0.031586786
SPU_018744,SPU_012949,0.031549776
SPU_020565,SPU_013047,0.031547142
SPU_007262,SPU_011635,0.031546449
SPU_015358,SPU_002631,0.031529399
SPU_014802,SPU_012203,0.031518865
SPU_003470,SPU_017725,0.031514429
SPU_006421,SPU_008112,0.031504033
SPU_006312,SPU_022916,0.031500013
SPU_009642,SPU_021382,0.031486706
SPU_013015,SPU_004746,0.031482548
SPU_004723,SPU_011001,0.03148227
SPU_000975,SPU_004599,0.031479498
SPU_000440,SPU_000861,0.031474508
SPU_018581,SPU_027774,0.031474231
SPU_004723,SPU_002707,0.031451498
SPU_014793,SPU_013611,0.03142627
SPU_003166,SPU_008196_1,0.031388983
SPU_001113,SPU_006787,0.031388983
SPU_002816,SPU_001657,0.031372072
SPU_026099,SPU_022846,0.031365973
SPU_008703,SPU_001739,0.031356131
SPU_018355,SPU_019332,0.031356131
SPU_026633,SPU_026731,0.031355854
SPU_012490,SPU_030148,0.031350032
SPU_017837,SPU_003470,0.031347953
SPU_028827,SPU_006991,0.031335339
SPU_013119,SPU_004599,0.031333676
SPU_002634,SPU_009876,0.031331735
SPU_013047,SPU_026099,0.031328408
SPU_006803,SPU_004746,0.03132619
SPU_006803,SPU_017511,0.031323002
SPU_003470,SPU_002025,0.031320923
SPU_016881,SPU_004924,0.031309695
SPU_027472,SPU_026099,0.031309418
SPU_015772,SPU_018861,0.03130318
SPU_021210,SPU_020646,0.031302349
SPU_024903,SPU_004287,0.031293061
SPU_008528,SPU_025856,0.031290289
SPU_016443,SPU_022846,0.031261457
SPU_018056,SPU_006420,0.031261042
SPU_020637,SPU_015719,0.031226804
SPU_023090,SPU_006420,0.031214606
SPU_011576,SPU_001657,0.031209061
SPU_023177,SPU_024139,0.031205318
SPU_009771,SPU_001739,0.031202546
SPU_002791,SPU_019508,0.0311952
SPU_017725,SPU_006991,0.031185912
SPU_005572,SPU_000440,0.031180645
SPU_007644,SPU_026390,0.031170526
SPU_015772,SPU_008595_1,0.031166229
SPU_003470,SPU_010458,0.031161794
SPU_018126,SPU_011297,0.031156388
SPU_018581,SPU_010305,0.031155279
SPU_011189,SPU_015605,0.031150289
SPU_006312,SPU_012469,0.031148487
SPU_025590,SPU_000440,0.03112714
SPU_023386,SPU_003586,0.031117714
SPU_015982,SPU_006637,0.031117437
SPU_018355_1,SPU_027774,0.0311051
SPU_014461,SPU_012008,0.031099694
SPU_019290,SPU_023894,0.031097199
SPU_000276,SPU_005955,0.03103011
SPU_009048,SPU_014418,0.031015278
SPU_020311,SPU_006312,0.031007931
SPU_008528,SPU_010625,0.030995733
SPU_023037,SPU_027912_1,0.030992961
SPU_012772,SPU_023065,0.030987694
SPU_006753,SPU_017725,0.030977159
SPU_015719,SPU_000749,0.030964684
SPU_014722,SPU_010698_1,0.030951931
SPU_014332,SPU_011756,0.030945139
SPU_017635,SPU_011130,0.03094403
SPU_012203,SPU_018861,0.030922822
SPU_022820,SPU_010458,0.03089704
SPU_007599,SPU_026099,0.030894545
SPU_006991,SPU_005522,0.030891911
SPU_024189,SPU_024953,0.030888723
SPU_028583,SPU_023757,0.030885396
SPU_012203,SPU_016045,0.030884564
SPU_016443,SPU_001657,0.030873337
SPU_004021,SPU_026099,0.030870149
SPU_028583,SPU_023140,0.030861277
SPU_019290,SPU_012203,0.030856703
SPU_004599,SPU_016881,0.030835634
SPU_007262,SPU_000578,0.030819
SPU_018581,SPU_001262_1,0.030818029
SPU_002320,SPU_008112,0.030795574
SPU_003470,SPU_021382,0.030794881
SPU_017348,SPU_013140,0.030778247
SPU_024139,SPU_016449,0.030774643
SPU_021172,SPU_022049,0.030716841
SPU_017837,SPU_021044,0.030713237
SPU_014418,SPU_024877,0.030711574
SPU_008196_1,SPU_026877,0.030710326
SPU_026962,SPU_006991,0.03070991
SPU_025346,SPU_028093,0.030695771
SPU_020311,SPU_011756,0.030690781
SPU_018581,SPU_018483,0.030677197
SPU_026205,SPU_017348,0.030673455
SPU_020565,SPU_016045,0.030659316
SPU_012203,SPU_008595_1,0.030653078
SPU_000485,SPU_001628,0.030647118
SPU_024918,SPU_000669,0.030637692
SPU_006991,SPU_015071,0.030618147
SPU_014722,SPU_008117,0.030617454
SPU_011297,SPU_001657,0.030612741
SPU_014418,SPU_007599,0.030612741
SPU_007262,SPU_019508,0.030609553
SPU_012648,SPU_009831,0.03060886
SPU_009048,SPU_015719,0.030605811
SPU_002791,SPU_007262,0.030583355
SPU_002129,SPU_026962,0.03057587
SPU_004217,SPU_018391,0.030565612
SPU_008196,SPU_013140,0.030559375
SPU_026205,SPU_026731,0.030527355
SPU_000739,SPU_006991,0.03052084
SPU_015640,SPU_015362,0.030516266
SPU_002592,SPU_023014,0.030483275
SPU_027472,SPU_020637,0.030478563
SPU_020565,SPU_014802,0.030473295
SPU_017725,SPU_011130,0.030471355
SPU_008752,SPU_020282,0.030432265
SPU_028583,SPU_028120,0.030428661
SPU_001262_2,SPU_005435,0.030427552
SPU_000276,SPU_023894,0.030421176
SPU_008196_1,SPU_010305,0.030413691
SPU_018581,SPU_004287,0.030399968
SPU_011246,SPU_003586,0.030398998
SPU_018355,SPU_024901_1,0.030395532
SPU_017725,SPU_025590,0.030391928
SPU_014802,SPU_009474,0.030382087
SPU_002320,SPU_007315,0.030380701
SPU_021192,SPU_022846,0.030367948
SPU_014332,SPU_010458,0.030362681
SPU_005572,SPU_013086,0.030352701
SPU_000485,SPU_019656,0.030352007
SPU_014401,SPU_023894,0.030312364
SPU_021608,SPU_025590,0.030305987
SPU_013689,SPU_023366,0.030303492
SPU_014576,SPU_006242,0.030302245
SPU_005358,SPU_021557,0.030294482
SPU_006312,SPU_025590,0.030279096
SPU_008117,SPU_011001,0.030268284
SPU_009831,SPU_016250,0.030257056
SPU_019290,SPU_022846,0.030254007
SPU_028148,SPU_016045,0.030242363
SPU_006803,SPU_004287,0.030238344
SPU_004287_1,SPU_010351,0.030220324
SPU_014170,SPU_015719,0.030204522
SPU_004723,SPU_010329_1,0.030198284
SPU_013047,SPU_015108,0.030188165
SPU_015908,SPU_013047,0.030183036
SPU_028827,SPU_023014,0.03017569
SPU_004287_1,SPU_024953,0.030174719
SPU_023386,SPU_024189,0.030174442
SPU_022846,SPU_001628,0.030171254
SPU_012490,SPU_004746,0.030133967
SPU_023090,SPU_026390,0.030132581
SPU_017106,SPU_014461,0.030123987
SPU_017725,SPU_014643,0.030121076
SPU_016443,SPU_001628,0.030108878
SPU_000485,SPU_005955,0.030106937
SPU_008117_1,SPU_011130,0.030104719
SPU_000485,SPU_022846,0.03010167
SPU_023090,SPU_022955,0.030090858
SPU_028827,SPU_007317,0.030083927
SPU_023177,SPU_006242,0.030080046
SPU_019366,SPU_009474,0.03007658
SPU_015772,SPU_012050,0.030061056
SPU_024307,SPU_008752,0.030004639
SPU_008196,SPU_010305,0.030004501
SPU_008112,SPU_006991,0.029992164
SPU_006462,SPU_008196,0.029991887
SPU_016523,SPU_027145,0.029990085
SPU_014401,SPU_019366,0.029983986
SPU_014802,SPU_019366,0.029979273
SPU_003378,SPU_011315,0.02997054
SPU_024093,SPU_007147,0.029965966
SPU_010403,SPU_000437,0.029956817
SPU_007262,SPU_015071_1,0.029946699
SPU_003704,SPU_026390,0.029938798
SPU_001998,SPU_023757,0.029922995
SPU_023177,SPU_012491,0.029918421
SPU_007644,SPU_019332,0.029909966
SPU_028827,SPU_012913,0.02990553
SPU_010305,SPU_008196_1,0.029894718
SPU_014289,SPU_015108,0.029892778
SPU_024139,SPU_009048,0.029881688
SPU_020311,SPU_012912,0.029870738
SPU_028479,SPU_025010,0.029866579
SPU_004287,SPU_018908,0.029861312
SPU_027214,SPU_004746,0.029842045
SPU_014401,SPU_015456,0.029834421
SPU_009048,SPU_011297,0.029827906
SPU_013015,SPU_023140,0.029818896
SPU_004702,SPU_007981,0.029817233
SPU_000975,SPU_013119,0.029782579
SPU_027214,SPU_019089,0.029780223
SPU_028120,SPU_024877,0.029775648
SPU_012253,SPU_017837,0.029773846
SPU_008752,SPU_015605,0.029770104
SPU_000440,SPU_002631,0.02976248
SPU_009876,SPU_001739,0.029750975
SPU_014418,SPU_012008,0.029750559
SPU_001739,SPU_004702,0.029748203
SPU_018056,SPU_026390,0.029735589
SPU_007262,SPU_002707,0.029732816
SPU_013119,SPU_006786,0.029728797
SPU_025590,SPU_006312,0.029719093
SPU_006753,SPU_011130,0.029706618
SPU_014802,SPU_022846,0.02970343
SPU_012772,SPU_023757,0.029693034
SPU_006484,SPU_004024,0.029682638
SPU_006991,SPU_008196,0.029679866
SPU_018954,SPU_027969,0.029676677
SPU_010424,SPU_022049,0.029656578
SPU_004217,SPU_016250,0.0296484
SPU_000424,SPU_014628,0.029639806
SPU_012772,SPU_003586,0.029639667
SPU_022049,SPU_014131,0.02963939
SPU_015829,SPU_010426,0.029637311
SPU_003166,SPU_004287_1,0.029635925
SPU_013015,SPU_017348,0.029622756
SPU_002874,SPU_015605,0.029605152
SPU_004414,SPU_019089,0.029597944
SPU_014289,SPU_009048,0.0295924
SPU_023177,SPU_000310,0.029588241
SPU_019366,SPU_027362,0.029582281
SPU_027235,SPU_008196,0.029574241
SPU_025113,SPU_025346,0.029560657
SPU_024139,SPU_013119,0.02954832
SPU_012491,SPU_002677,0.029536261
SPU_017407,SPU_013967,0.029534598
SPU_013015,SPU_002677,0.029527112
SPU_014836,SPU_013086,0.029525588
SPU_006786,SPU_006637,0.029517548
SPU_026099,SPU_004599,0.029498281
SPU_011576,SPU_004599,0.029497587
SPU_018355_1,SPU_001937,0.02949135
SPU_010351,SPU_012491,0.029487469
SPU_023894,SPU_004599,0.029479706
SPU_014289,SPU_001739,0.029472498
SPU_026763,SPU_023014,0.029470558
SPU_008196_1,SPU_013140,0.02943535
SPU_000948,SPU_015908,0.029430637
SPU_004723,SPU_025346,0.029426062
SPU_022816,SPU_005358,0.029420934
SPU_022163,SPU_002320,0.02941331
SPU_002677,SPU_014802,0.029393627
SPU_022820,SPU_013902,0.029358003
SPU_004287_1,SPU_022242,0.029339428
SPU_000276,SPU_014802,0.029338597
SPU_008117_1,SPU_021044,0.029336102
SPU_023037,SPU_019508,0.0293343
SPU_000739,SPU_022049,0.029306299
SPU_015908,SPU_024307,0.029304636
SPU_017470,SPU_010424,0.029297428
SPU_000276,SPU_024946,0.029285369
SPU_022163,SPU_006312,0.029282735
SPU_012913,SPU_002662_1,0.029260002
SPU_003704,SPU_006420,0.02925626
SPU_004723,SPU_009831,0.029233527
SPU_002129,SPU_026664,0.029232002
SPU_022846,SPU_012050,0.029223685
SPU_017106,SPU_021192,0.029176418
SPU_023037,SPU_012948,0.029175309
SPU_011576,SPU_022846,0.029164358
SPU_007147,SPU_018393,0.029163804
SPU_002129,SPU_008196,0.029159645
SPU_018581,SPU_002025,0.029150774
SPU_028583,SPU_013967,0.029139685
SPU_028120,SPU_013047,0.029134556
SPU_004723,SPU_002309,0.029131368
SPU_022049,SPU_013140,0.029127071
SPU_000756,SPU_014131,0.029126516
SPU_007981,SPU_018391,0.029117784
SPU_009876,SPU_023757,0.029116952
SPU_012491,SPU_024307,0.029107942
SPU_003179,SPU_023140,0.029107942
SPU_016881,SPU_007147,0.029105308
SPU_028120,SPU_021192,0.029104754
SPU_014576,SPU_023757,0.029101704
SPU_009048,SPU_015362,0.029089645
SPU_006808,SPU_022633,0.029070655
SPU_026633,SPU_019089,0.029040437
SPU_000276,SPU_009474,0.029038912
SPU_024189,SPU_025888,0.029029209
SPU_018483,SPU_013810_1,0.029027268
SPU_010295,SPU_002615,0.029023664
SPU_016443,SPU_007599,0.02900911
SPU_001739,SPU_024877,0.029006338
SPU_019002,SPU_015466,0.029001209
SPU_023177,SPU_023757,0.028970852
SPU_006808,SPU_026510,0.028954219
SPU_018126,SPU_024877,0.028948813
SPU_008528,SPU_000922,0.028944516
SPU_004414,SPU_023730,0.028939248
SPU_008703,SPU_024307,0.028935228
SPU_014170,SPU_019656,0.028904317
SPU_004287_1,SPU_000437,0.028900713
SPU_027774,SPU_005435,0.028897387
SPU_000276,SPU_019366,0.028894337
SPU_020637,SPU_022846,0.028889486
SPU_012490,SPU_010635,0.028887545
SPU_025346,SPU_002129,0.028879089
SPU_009771,SPU_009876,0.028874931
SPU_009178,SPU_002677,0.028872297
SPU_001998,SPU_019089,0.028869664
SPU_003179,SPU_023757,0.028830436
SPU_022820,SPU_017811,0.028826277
SPU_011297,SPU_024877,0.028823921
SPU_006753,SPU_015071,0.028823782
SPU_016523,SPU_023757,0.02881796
SPU_028827,SPU_022573,0.028782198
SPU_023090,SPU_019332,0.028775406
SPU_023177,SPU_008936,0.028759188
SPU_020565,SPU_008936,0.028752534
SPU_017725,SPU_015466,0.028746297
SPU_006312,SPU_014643,0.028745881
SPU_018483,SPU_008196,0.028701247
SPU_002129,SPU_005358,0.028700831
SPU_008196_1,SPU_000437,0.028699445
SPU_021557,SPU_002592,0.028697366
SPU_027015,SPU_027935_1,0.028673524
SPU_019290,SPU_015456,0.028669088
SPU_028827,SPU_030148,0.028666732
SPU_001739,SPU_016045,0.028659247
SPU_014332,SPU_002320,0.028658415
SPU_015374,SPU_012772,0.028652593
SPU_025590,SPU_011130,0.028646494
SPU_017725,SPU_008112,0.028621405
SPU_020311,SPU_000739,0.028617524
SPU_027969,SPU_006420,0.02861586
SPU_000129,SPU_002677,0.028585781
SPU_011202,SPU_004599,0.028582593
SPU_012699,SPU_004599,0.028579128
SPU_024918,SPU_006420,0.028551543
SPU_021608,SPU_000739,0.028549603
SPU_016443,SPU_000749,0.028546137
SPU_018581,SPU_023366,0.028536157
SPU_013689,SPU_005435,0.028535603
SPU_000440,SPU_010295,0.02852784
SPU_018483,SPU_004746,0.028515226
SPU_002677,SPU_024307,0.028513563
SPU_010295,SPU_007011,0.028507603
SPU_015719,SPU_004599,0.028506078
SPU_013047,SPU_022846,0.028468929
SPU_023730,SPU_022846,0.02846685
SPU_015908,SPU_012203,0.028457285
SPU_024139,SPU_015362,0.028455761
SPU_000485,SPU_008595_1,0.028454375
SPU_025584,SPU_007108,0.028438711
SPU_015772,SPU_008936,0.028436077
SPU_002603,SPU_030148,0.028434553
SPU_002677,SPU_028120,0.028424434
SPU_007599,SPU_015719,0.028417087
SPU_019366,SPU_024946,0.028402255
SPU_014418,SPU_011297,0.02840184
SPU_000749,SPU_027362,0.028389364
SPU_015358,SPU_015071,0.028382018
SPU_026099,SPU_020637,0.028377166
SPU_028093,SPU_004746,0.02836178
SPU_003470,SPU_026510,0.028348334
SPU_024307,SPU_012203,0.028338077
SPU_016881,SPU_015640,0.028325047
SPU_007262,SPU_011720,0.028321443
SPU_018581,SPU_006427,0.028312988
SPU_015243,SPU_003179,0.028275978
SPU_011297,SPU_026099,0.028270849
SPU_003470,SPU_007644,0.028243958
SPU_014802,SPU_024946,0.028232037
SPU_021557,SPU_005358,0.028224552
SPU_007644,SPU_003595,0.028221641
SPU_024877,SPU_011297,0.028221502
SPU_020565,SPU_009474,0.028203482
SPU_014418,SPU_001628,0.028201957
SPU_009831,SPU_024901_1,0.028195027
SPU_022678,SPU_004217,0.028190037
SPU_009831,SPU_026510,0.028189898
SPU_025584,SPU_002554,0.028186155
SPU_024903,SPU_015243,0.028182136
SPU_002592,SPU_003179,0.028178947
SPU_020123,SPU_019089,0.028176591
SPU_005572,SPU_012490,0.028164254
SPU_002677,SPU_021119,0.028163423
SPU_004414,SPU_023757,0.028153858
SPU_007599,SPU_020637,0.028153304
SPU_027472,SPU_019290,0.02814263
SPU_009831,SPU_018373,0.028140967
SPU_000739,SPU_017511,0.028139858
SPU_018393,SPU_019656,0.028139026
SPU_000424,SPU_015071,0.028138611
SPU_024189,SPU_025125,0.028138472
SPU_016881,SPU_025632,0.028138195
SPU_015243,SPU_008196,0.028117125
SPU_001739,SPU_021726,0.028101601
SPU_017348,SPU_000437,0.028093422
SPU_011635,SPU_010329_1,0.028090234
SPU_018056,SPU_022955,0.028076095
SPU_010295,SPU_002707,0.0280736
SPU_009831,SPU_022955,0.028063482
SPU_003166,SPU_022916,0.028051422
SPU_014576,SPU_000129,0.028041858
SPU_011189,SPU_025346,0.028025085
SPU_003179,SPU_013140,0.028019125
SPU_008117_1,SPU_002707,0.028016214
SPU_015243,SPU_022916,0.028015105
SPU_012490,SPU_013202,0.028011778
SPU_015772,SPU_008595,0.028008174
SPU_024918,SPU_012648,0.02800762
SPU_001998,SPU_018861,0.027989046
SPU_018392,SPU_007611,0.027987937
SPU_022163,SPU_025590,0.027986828
SPU_001998,SPU_008936,0.027980174
SPU_012490,SPU_010305,0.027972966
SPU_014722,SPU_010426,0.027971164
SPU_007644,SPU_022955,0.027970471
SPU_003704,SPU_024901_1,0.027943026
SPU_012913,SPU_007317,0.027935679
SPU_021119,SPU_023894,0.027928887
SPU_008112,SPU_000841,0.027924728
SPU_016523,SPU_014197,0.027909065
SPU_025888,SPU_024610,0.027902273
SPU_001262_1,SPU_024953,0.027899639
SPU_015982,SPU_002677,0.02789853
SPU_002592,SPU_028827,0.027884114
SPU_022846,SPU_014418,0.027883699
SPU_011635,SPU_007262,0.027883144
SPU_014418,SPU_020637,0.027874411
SPU_025010,SPU_000437,0.027873718
SPU_001262_2,SPU_003595,0.027869421
SPU_008936,SPU_022846,0.027863184
SPU_027053,SPU_002467,0.027848906
SPU_009642,SPU_026510,0.02783754
SPU_020637,SPU_005955,0.027810649
SPU_019290,SPU_006004,0.02780954
SPU_022242,SPU_014576,0.027794154
SPU_006462,SPU_004746,0.027793876
SPU_004414,SPU_018861,0.02779152
SPU_023730,SPU_009048,0.027786253
SPU_013689,SPU_003595,0.027785698
SPU_007262,SPU_002615,0.027778074
SPU_007253,SPU_001739,0.027766569
SPU_011174,SPU_003586,0.027761718
SPU_007981,SPU_004702,0.027732054
SPU_007262,SPU_021382,0.027724015
SPU_027472,SPU_008595_1,0.027723876
SPU_020637,SPU_015456,0.02772152
SPU_025346,SPU_002554,0.027712094
SPU_006421,SPU_002320,0.027709044
SPU_020124,SPU_000669,0.027708351
SPU_011297,SPU_019290,0.027697955
SPU_025888,SPU_024307,0.027693381
SPU_014401,SPU_015719,0.02769047
SPU_003595,SPU_004702,0.027688252
SPU_009642,SPU_002554,0.027686311
SPU_018355,SPU_027774,0.027683401
SPU_018355_1,SPU_003595,0.027657618
SPU_027472,SPU_008936,0.027646113
SPU_018355_1,SPU_002554,0.02764542
SPU_011297,SPU_008595,0.027645282
SPU_007644,SPU_005435,0.027634608
SPU_003102,SPU_025590,0.027631281
SPU_021192,SPU_020637,0.02762546
SPU_004723,SPU_015071_1,0.027615341
SPU_000485,SPU_014418,0.027604945
SPU_018483,SPU_009178,0.027591915
SPU_014802,SPU_019290,0.027591776
SPU_013047,SPU_008595_1,0.02759136
SPU_001113,SPU_006786,0.02757944
SPU_013305,SPU_007253,0.02757736
SPU_028120,SPU_014461,0.027566271
SPU_004287,SPU_003084,0.02756336
SPU_024189,SPU_026731,0.027561143
SPU_018581,SPU_016016,0.027560172
SPU_018581,SPU_013689,0.027537439
SPU_004287_1,SPU_013967,0.027532588
SPU_012772,SPU_028120,0.027522053
SPU_007644,SPU_002309,0.027521222
SPU_012772,SPU_018861,0.027504726
SPU_027774,SPU_019332,0.027495716
SPU_007644,SPU_001937,0.027491558
SPU_000757,SPU_006787,0.027463419
SPU_015243,SPU_002662,0.027463281
SPU_022163,SPU_002592,0.027457597
SPU_009831,SPU_011720,0.027453578
SPU_014401,SPU_004599,0.027450112
SPU_022163,SPU_004287,0.027448449
SPU_024189,SPU_014576,0.027425855
SPU_027053,SPU_011635,0.027421835
SPU_001998,SPU_023730,0.02740035
SPU_022678,SPU_007981,0.027396884
SPU_011297,SPU_023894,0.027394251
SPU_008117,SPU_002707,0.027392587
SPU_007981,SPU_011635,0.027374845
SPU_023090,SPU_001937,0.027374013
SPU_024139,SPU_024877,0.027366666
SPU_004723,SPU_010329,0.027360429
SPU_016881,SPU_022846,0.027355023
SPU_023894,SPU_015719,0.027351557
SPU_020124,SPU_018483,0.027335617
SPU_018391,SPU_020282,0.027325775
SPU_008117,SPU_011635,0.027321201
SPU_012490,SPU_026962,0.027279339
SPU_014802,SPU_015767,0.02725924
SPU_018355,SPU_003595,0.02725522
SPU_009831,SPU_011064,0.027249953
SPU_024918,SPU_022487,0.027247319
SPU_015640,SPU_024877,0.027246626
SPU_022846,SPU_005955,0.02724621
SPU_000440,SPU_006991,0.027245517
SPU_007981,SPU_019332,0.027244824
SPU_014461,SPU_012050,0.02723027
SPU_024139,SPU_000975,0.027224448
SPU_000739,SPU_000509,0.027221953
SPU_004217,SPU_007981,0.027203794
SPU_010351,SPU_028120,0.027194923
SPU_013178,SPU_024189,0.027188685
SPU_003102,SPU_025346,0.027180646
SPU_018744,SPU_003649,0.027167339
SPU_014576,SPU_023140,0.027163042
SPU_009831,SPU_009646,0.027161655
SPU_016443,SPU_012050,0.027157358
SPU_016443,SPU_026099,0.027155695
SPU_009831,SPU_026390,0.027132824
SPU_025590,SPU_002592,0.027127279
SPU_009048,SPU_024877,0.027117022
SPU_021172,SPU_026664,0.027114388
SPU_019002,SPU_011687,0.027112309
SPU_028148,SPU_018861,0.027093596
SPU_018056,SPU_007981,0.0270832
SPU_012648,SPU_008377,0.027063932
SPU_002129,SPU_004287,0.027053398
SPU_023177,SPU_012203,0.027048962
SPU_015640,SPU_012008,0.027042447
SPU_022242,SPU_012772,0.02703815
SPU_002791,SPU_015071_1,0.027023457
SPU_007611,SPU_012648_1,0.02702318
SPU_005718,SPU_014461,0.027023041
SPU_000276,SPU_015456,0.027022209
SPU_017725,SPU_002320,0.027021932
SPU_022049,SPU_013140_1,0.02701916
SPU_026205,SPU_023140,0.027018744
SPU_012469,SPU_002008,0.027017774
SPU_002874,SPU_018373,0.027015972
SPU_007253,SPU_028120,0.027008902
SPU_005718,SPU_011297,0.02700017
SPU_014289,SPU_013047,0.026998645
SPU_011202,SPU_015719,0.026993655
SPU_006462,SPU_014628,0.026985892
SPU_012914,SPU_009642,0.026984229
SPU_013047,SPU_024877,0.026980209
SPU_009642,SPU_002025,0.02697813
SPU_015640,SPU_001628,0.026964961
SPU_023090,SPU_007981,0.026963575
SPU_003704,SPU_007981,0.026960664
SPU_013119,SPU_000975,0.026953318
SPU_002320,SPU_006312,0.026950961
SPU_006484,SPU_004340,0.026942367
SPU_013569,SPU_014576,0.026931278
SPU_000440,SPU_015466,0.026924486
SPU_003595_1,SPU_003378,0.026921991
SPU_013047,SPU_009048,0.026917971
SPU_014576,SPU_013570,0.026902585
SPU_017837,SPU_002707,0.026889278
SPU_025346,SPU_002707,0.02688803
SPU_022573,SPU_028120,0.026880961
SPU_002592,SPU_006991,0.02687805
SPU_000276,SPU_027362,0.026873476
SPU_026099,SPU_007599,0.026871535
SPU_012203,SPU_027145,0.026868486
SPU_002320,SPU_021557,0.02686003
SPU_012699,SPU_000749,0.02684908
SPU_018056,SPU_024901_1,0.026847
SPU_002816,SPU_008595,0.02683203
SPU_016443,SPU_011297,0.026814981
SPU_005718,SPU_007624,0.026806248
SPU_012384,SPU_011687,0.026802782
SPU_006803,SPU_000578,0.02679904
SPU_011174,SPU_012772,0.026771456
SPU_002791,SPU_018373,0.02676799
SPU_020637,SPU_000749,0.026765079
SPU_015772,SPU_024307,0.026763832
SPU_015456,SPU_018954,0.026750109
SPU_006808,SPU_022573,0.026740129
SPU_006753,SPU_017635,0.026739851
SPU_024139,SPU_019290,0.026739713
SPU_004723,SPU_018908,0.026736941
SPU_001262_2,SPU_016250,0.026733891
SPU_003704,SPU_001937,0.026729594
SPU_011315,SPU_004702,0.026728069
SPU_026418,SPU_004746,0.026725297
SPU_001657,SPU_016523,0.026722386
SPU_011576,SPU_024877,0.026713792
SPU_025010,SPU_023065,0.026708247
SPU_002320,SPU_025590,0.026692584
SPU_000440,SPU_014793,0.026691891
SPU_003704,SPU_003595,0.02667692
SPU_007644,SPU_018391,0.026667633
SPU_003179,SPU_017348,0.026651415
SPU_025346,SPU_013611,0.026651138
SPU_012648_1,SPU_002008,0.026649752
SPU_022846,SPU_019656,0.026645732
SPU_001262,SPU_003595,0.026640326
SPU_018744,SPU_004217,0.026632425
SPU_000485,SPU_023894,0.026622306
SPU_006583,SPU_026731,0.026616069
SPU_016443,SPU_014418,0.026611494
SPU_018355,SPU_018391,0.026588623
SPU_007644,SPU_018373,0.026558544
SPU_021119,SPU_016881,0.026542326
SPU_002634,SPU_026877,0.026529989
SPU_005718,SPU_013047,0.026521949
SPU_004414,SPU_008936,0.026515712
SPU_012648,SPU_003470,0.026514326
SPU_019002,SPU_018908,0.026510167
SPU_012914,SPU_011756,0.026502959
SPU_013689,SPU_001262_1,0.026502128
SPU_014197,SPU_024307,0.026499355
SPU_001657,SPU_014802,0.026480642
SPU_003704,SPU_022955,0.026478286
SPU_020311,SPU_025590,0.02646983
SPU_013047,SPU_011297,0.026456801
SPU_011202,SPU_015767,0.026452365
SPU_009642,SPU_013904,0.026442385
SPU_005358,SPU_013305,0.026442246
SPU_007644,SPU_000806,0.02644183
SPU_006676,SPU_019089,0.026440167
SPU_007253,SPU_023757,0.026434206
SPU_014401,SPU_024946,0.026433236
SPU_027053,SPU_019508,0.026420899
SPU_001113,SPU_009048,0.026407038
SPU_024093,SPU_004924,0.026396087
SPU_004723,SPU_006871,0.026389434
SPU_020124,SPU_018908,0.026387632
SPU_015640,SPU_006787,0.026387077
SPU_015243,SPU_022573,0.026371137
SPU_017725,SPU_013086,0.026369889
SPU_014722,SPU_012648_1,0.026369612
SPU_012203,SPU_006786,0.02634882
SPU_026763,SPU_017348,0.02634882
SPU_025584,SPU_013611,0.026348681
SPU_015358,SPU_009053,0.026348543
SPU_028255,SPU_026205,0.026337176
SPU_012253,SPU_008563,0.026334404
SPU_013047,SPU_020637,0.026334127
SPU_000485,SPU_015456,0.026329137
SPU_004021,SPU_015362,0.026315414
SPU_010403,SPU_013140,0.026313612
SPU_010351,SPU_023757,0.026305572
SPU_020637,SPU_007599,0.026296146
SPU_004723,SPU_025848,0.026288523
SPU_011576,SPU_015719,0.026287691
SPU_018056,SPU_001937,0.026282285
SPU_026633,SPU_009876,0.026262879
SPU_004217,SPU_018373,0.026261215
SPU_020722,SPU_000540,0.026251512
SPU_012772,SPU_013570,0.026250681
SPU_024877,SPU_015362,0.026239869
SPU_006808,SPU_027918,0.026239314
SPU_024189,SPU_028148,0.026233354
SPU_003470,SPU_002554,0.026218938
SPU_017470,SPU_012384,0.026217552
SPU_012699,SPU_001657,0.026204522
SPU_024918,SPU_019365,0.026189968
SPU_016449,SPU_003378,0.026180819
SPU_027472,SPU_012203,0.026180403
SPU_015640,SPU_015719,0.026178601
SPU_002874,SPU_005435,0.026170284
SPU_028120,SPU_024139,0.026170146
SPU_002603,SPU_026633,0.026155453
SPU_012490,SPU_026731,0.02614575
SPU_026962,SPU_025010,0.026136462
SPU_008845,SPU_012648_1,0.026133829
SPU_006803,SPU_025125,0.026131334
SPU_002129,SPU_011687,0.026125789
SPU_020722,SPU_010924_1,0.02612565
SPU_012648,SPU_012948,0.026114423
SPU_000424,SPU_012877,0.026112898
SPU_018483,SPU_004287_1,0.026107769
SPU_015908,SPU_026277,0.026103195
SPU_026877,SPU_000437,0.026102502
SPU_028827,SPU_008196,0.026093353
SPU_014802,SPU_023730,0.026086977
SPU_018391,SPU_019652,0.026076997
SPU_005572,SPU_006991,0.02606466
SPU_009831,SPU_002707,0.026055234
SPU_013015,SPU_013305,0.026053155
SPU_018056,SPU_007644,0.026048581
SPU_014289,SPU_022846,0.0260447
SPU_009642,SPU_011720,0.026044007
SPU_012203,SPU_021192,0.026038185
SPU_007262,SPU_026510,0.026032224
SPU_017837,SPU_002320,0.026025155
SPU_023386,SPU_009876,0.026024185
SPU_018908,SPU_006991,0.026016838
SPU_015982,SPU_001739,0.026016145
SPU_026465,SPU_022955,0.026009769
SPU_012469,SPU_012914,0.026008244
SPU_026633,SPU_030148,0.025998264
SPU_024139,SPU_013047,0.025989115
SPU_004723,SPU_019508,0.025962363
SPU_016881,SPU_016792,0.025960145
SPU_012648,SPU_007203,0.02595765
SPU_018355,SPU_005435,0.025942263
SPU_006753,SPU_005522,0.025940323
SPU_011315,SPU_000948,0.025938244
SPU_003166,SPU_003586,0.025938244
SPU_012772,SPU_014289,0.025932976
SPU_003102,SPU_012648_1,0.025924798
SPU_005718,SPU_000437,0.025922719
SPU_002874,SPU_022955,0.025918976
SPU_006753,SPU_015243,0.025904422
SPU_014793,SPU_006427,0.025902481
SPU_015719,SPU_000276,0.025901234
SPU_023090,SPU_007644,0.025887233
SPU_001739,SPU_028120,0.02588058
SPU_022816,SPU_017635,0.025878501
SPU_017635,SPU_002592,0.025873788
SPU_027472,SPU_005955,0.025857431
SPU_009771,SPU_023757,0.025851332
SPU_002874,SPU_019332,0.025851194
SPU_002874,SPU_021382,0.025848421
SPU_022049,SPU_014628,0.025842045
SPU_000129,SPU_028120,0.025835253
SPU_012203,SPU_008595,0.025827352
SPU_011635,SPU_019508,0.025812104
SPU_018126,SPU_016045,0.025807946
SPU_027969,SPU_008752,0.025798104
SPU_012648,SPU_002707,0.025797688
SPU_028583,SPU_013570,0.025795471
SPU_005358,SPU_025590,0.025794362
SPU_016443,SPU_005955,0.025776203
SPU_003704,SPU_007644,0.025775233
SPU_002874,SPU_016250,0.025775233
SPU_025346,SPU_007108,0.025765807
SPU_017837,SPU_027912,0.025749866
SPU_000424,SPU_007862,0.025744183
SPU_018581,SPU_013611,0.025729629
SPU_019332,SPU_004702,0.025728381
SPU_007981,SPU_000806,0.0257245
SPU_026418,SPU_013202,0.025723391
SPU_008117_1,SPU_007011,0.025723252
SPU_015456,SPU_012489,0.025712302
SPU_024139,SPU_021192,0.025695945
SPU_014332,SPU_018581,0.025693312
SPU_022163,SPU_021557,0.025684025
SPU_005718,SPU_021192,0.025661015
SPU_004414,SPU_009178,0.025649648
SPU_023730,SPU_012203,0.025631906
SPU_005572,SPU_021557,0.025599054
SPU_022846,SPU_007599,0.025595311
SPU_002874,SPU_000806,0.025592539
SPU_004723,SPU_010924_1,0.025591985
SPU_026633,SPU_008196_1,0.025579509
SPU_013689_1,SPU_004037,0.025571885
SPU_004217,SPU_005435,0.025568004
SPU_014170,SPU_008595,0.025556083
SPU_006312,SPU_011130,0.025547766
SPU_018954,SPU_016792,0.025523786
SPU_018056,SPU_017441,0.02551339
SPU_020123,SPU_021172,0.025512697
SPU_021557,SPU_026962,0.025510756
SPU_005572,SPU_010458,0.025502024
SPU_026877,SPU_010305,0.025502024
SPU_018355,SPU_001937,0.025501053
SPU_015908,SPU_023730,0.025497172
SPU_007599,SPU_012008,0.025480677
SPU_003470,SPU_011720,0.025477212
SPU_014332,SPU_002592,0.025469311
SPU_016881,SPU_002816,0.025465014
SPU_011297,SPU_025632,0.025461271
SPU_026465,SPU_007644,0.025458222
SPU_012699,SPU_000276,0.025457806
SPU_018355,SPU_012949,0.025450736
SPU_022820,SPU_019384,0.025441172
SPU_014793,SPU_002025_1,0.025432716
SPU_003102,SPU_002707,0.025428281
SPU_006462,SPU_009178,0.025426617
SPU_000861,SPU_012546,0.025414835
SPU_003704,SPU_012949,0.025414142
SPU_016449,SPU_012949,0.025409152
SPU_009642,SPU_008563,0.025403746
SPU_022678,SPU_003595,0.025403607
SPU_018355_1,SPU_005435,0.025402637
SPU_023730,SPU_008936,0.025388221
SPU_012546,SPU_015466,0.025378518
SPU_011189,SPU_026465,0.025373112
SPU_003166,SPU_022573,0.025372696
SPU_014332,SPU_010924_1,0.025370756
SPU_002791,SPU_005435,0.02536937
SPU_020637,SPU_001628,0.025365488
SPU_018392,SPU_012648_1,0.025364657
SPU_006462,SPU_030148,0.025334993
SPU_014802,SPU_018954,0.025323765
SPU_015243,SPU_009079_1,0.025321548
SPU_006787,SPU_022846,0.025321409
SPU_002874,SPU_024901,0.025321132
SPU_011635,SPU_005435,0.025320439
SPU_002320,SPU_015466,0.025308795
SPU_024903,SPU_017635,0.02530325
SPU_021210,SPU_002428,0.025293409
SPU_002603,SPU_004746,0.025293132
SPU_023090,SPU_017441,0.025275805
SPU_018355,SPU_007981,0.025275528
SPU_028827,SPU_015243,0.025269706
SPU_002603,SPU_014131,0.025252102
SPU_002791,SPU_000806,0.025251547
SPU_024918,SPU_018680,0.025215785
SPU_007262,SPU_009685,0.02520622
SPU_012772,SPU_006787,0.025189448
SPU_005022,SPU_011635,0.025187923
SPU_026633,SPU_010305,0.02518321
SPU_006421,SPU_011130,0.025170735
SPU_026763,SPU_026877,0.025166161
SPU_004723,SPU_024901,0.02516519
SPU_025590,SPU_007315,0.025160478
SPU_008117_1,SPU_012648_1,0.025160478
SPU_004702,SPU_003595,0.025152854
SPU_006917,SPU_009178,0.025149804
SPU_023730,SPU_018861,0.025147309
SPU_008528,SPU_011001,0.025147032
SPU_007644,SPU_022242,0.025146477
SPU_011202,SPU_007981,0.025143151
SPU_003704,SPU_017441,0.025138299
SPU_024903,SPU_002592,0.025130398
SPU_022678,SPU_021382,0.025124992
SPU_015640,SPU_014418,0.025121804
SPU_003704,SPU_018391,0.025121111
SPU_009876,SPU_013047,0.025097408
SPU_004723,SPU_012469,0.025087428
SPU_017725,SPU_002592,0.025085348
SPU_020123,SPU_025125,0.02508216
SPU_001998,SPU_013202,0.025081606
SPU_015243,SPU_017511,0.025057626
SPU_014576,SPU_014289,0.025050418
SPU_019290,SPU_019366,0.025038081
SPU_011189,SPU_002707,0.025030596
SPU_028255,SPU_014628,0.025026021
SPU_000757,SPU_006786,0.025011883
SPU_015712,SPU_001739,0.025006893
SPU_009831,SPU_005435,0.02498416
SPU_017106,SPU_024139,0.024960041
SPU_004723,SPU_021757,0.024955882
SPU_012469,SPU_030148,0.024955467
SPU_017579,SPU_023177,0.024953942
SPU_019290,SPU_014802,0.024946873
SPU_008936,SPU_024307,0.024930932
SPU_009048,SPU_006787,0.02492414
SPU_001262_2,SPU_021382,0.024922615
SPU_023730,SPU_001739,0.024901823
SPU_021210,SPU_007253,0.024901546
SPU_005572,SPU_006312,0.024895447
SPU_025346,SPU_006427,0.024890595
SPU_002677,SPU_009474,0.024885744
SPU_023037,SPU_005435,0.024876318
SPU_025888,SPU_000437,0.024873684
SPU_010305,SPU_000437,0.024872159
SPU_008703,SPU_014802,0.024870635
SPU_012384,SPU_010924_1,0.024862872
SPU_020123,SPU_024189,0.024855941
SPU_004414,SPU_026731,0.02485511
SPU_023177,SPU_002677,0.02483806
SPU_012648,SPU_025848,0.024837506
SPU_007262,SPU_026390,0.024835842
SPU_015456,SPU_018861,0.02482905
SPU_008528,SPU_019652,0.024819486
SPU_000757,SPU_009048,0.024815189
SPU_022846,SPU_026099,0.024812139
SPU_016443,SPU_008595_1,0.024811308
SPU_020722,SPU_012648_1,0.024810892
SPU_015712,SPU_006242,0.02481006
SPU_023090,SPU_024901_1,0.02481006
SPU_018483,SPU_004287,0.024799664
SPU_026465,SPU_011720,0.02479703
SPU_026465,SPU_027774,0.024793981
SPU_018355,SPU_022955,0.024768753
SPU_020565,SPU_022846,0.024765981
SPU_018797,SPU_015243,0.024757109
SPU_025590,SPU_014643,0.024751842
SPU_014576,SPU_013810,0.024732574
SPU_002791,SPU_022955,0.024723287
SPU_019290,SPU_020330_1,0.024722871
SPU_004723,SPU_021044,0.024721624
SPU_028255,SPU_022816,0.024716634
SPU_002791,SPU_019332,0.024710396
SPU_011189,SPU_019508,0.024709426
SPU_007262,SPU_006871,0.024684198
SPU_003470,SPU_017441,0.024681842
SPU_025010,SPU_026731,0.024681426
SPU_004021,SPU_006787,0.024677267
SPU_024093,SPU_002320,0.024665901
SPU_011202,SPU_023894,0.024660079
SPU_011297,SPU_024946,0.024652178
SPU_004217,SPU_000806,0.024639425
SPU_022817,SPU_022163,0.024635128
SPU_004021,SPU_006637,0.024626396
SPU_002874,SPU_018391,0.024615445
SPU_022678,SPU_012949,0.024601861
SPU_005572,SPU_025590,0.024595901
SPU_006917,SPU_013140,0.024561524
SPU_003166,SPU_010305,0.024558197
SPU_009048,SPU_012008,0.024548494
SPU_022846,SPU_015456,0.02454489
SPU_023177,SPU_027145,0.024541286
SPU_017642,SPU_002592,0.024532415
SPU_000975,SPU_006786,0.024522851
SPU_000757,SPU_016449,0.024500257
SPU_027053,SPU_005435,0.024499148
SPU_018355,SPU_007644,0.024497346
SPU_024877,SPU_006787,0.024482514
SPU_007981,SPU_022955,0.024481682
SPU_007644,SPU_027774,0.024476138
SPU_006803,SPU_015071,0.024471841
SPU_010351,SPU_001739,0.024470454
SPU_021210,SPU_007862,0.024470039
SPU_027969,SPU_009079_1,0.024444672
SPU_008112,SPU_010403,0.024440514
SPU_009831,SPU_015605,0.024436078
SPU_005435,SPU_010635,0.024429424
SPU_015374,SPU_009876,0.024428593
SPU_014289,SPU_012203,0.024422217
SPU_007644,SPU_025849,0.024421108
SPU_018056,SPU_018391,0.02441889
SPU_002129,SPU_021557,0.024415979
SPU_022678,SPU_005737,0.024414315
SPU_018355,SPU_017441,0.02440891
SPU_002791,SPU_018391,0.024405999
SPU_012913,SPU_010722,0.024403226
SPU_015456,SPU_000948,0.024400454
SPU_018056,SPU_012949,0.024396018
SPU_026418,SPU_006242,0.024380771
SPU_006312,SPU_022633,0.024364691
SPU_002816,SPU_016786,0.024361642
SPU_013689,SPU_023037,0.024356236
SPU_009178,SPU_024139,0.024353464
SPU_003470,SPU_002707,0.024351246
SPU_000757,SPU_002677,0.024347365
SPU_022846,SPU_023894,0.024342929
SPU_020722,SPU_008845,0.02434182
SPU_009048,SPU_013570,0.024340988
SPU_023386,SPU_026731,0.024339741
SPU_024093,SPU_010634,0.024335998
SPU_009876,SPU_028120,0.024328097
SPU_028255,SPU_008196_1,0.024322553
SPU_012203,SPU_023730,0.024317701
SPU_027053,SPU_000806,0.024298988
SPU_020722,SPU_002707,0.024296909
SPU_020637,SPU_026099,0.024295107
SPU_003704,SPU_027774,0.024294968
SPU_008117_1,SPU_007262,0.024294553
SPU_007644,SPU_024901_1,0.024292473
SPU_025113,SPU_002707,0.024289562
SPU_017106,SPU_000437,0.024288176
SPU_016786,SPU_019656,0.02428776
SPU_013047,SPU_006787,0.024287206
SPU_028120,SPU_006786,0.024283186
SPU_019290,SPU_024946,0.024277226
SPU_022678,SPU_003649,0.024276394
SPU_026465,SPU_001937,0.024268216
SPU_026633,SPU_004746,0.024260176
SPU_010424,SPU_012912,0.024254493
SPU_023037,SPU_015071_1,0.024249226
SPU_014576,SPU_020082,0.02424881
SPU_016523,SPU_000757,0.024245067
SPU_014418,SPU_000749,0.02424382
SPU_013689,SPU_007644,0.024237028
SPU_002874,SPU_003595,0.024236889
SPU_016881,SPU_010634,0.024236057
SPU_016443,SPU_020637,0.024221503
SPU_015243,SPU_006991,0.024219285
SPU_005358,SPU_011756,0.024209859
SPU_000276,SPU_018393,0.024202928
SPU_018391,SPU_011001,0.024200295
SPU_001998,SPU_009876,0.024199602
SPU_000739,SPU_012913,0.024197938
SPU_004217,SPU_003595,0.024195166
SPU_019366,SPU_004924,0.024187404
SPU_023894,SPU_012050,0.024185324
SPU_025346,SPU_002320,0.024184493
SPU_001262_2,SPU_022841,0.024163562
SPU_014401,SPU_019290,0.024162037
SPU_010424,SPU_023366,0.024156215
SPU_006462,SPU_022816,0.024153304
SPU_020565,SPU_012203,0.024148591
SPU_015908,SPU_016523,0.024147067
SPU_010351,SPU_002677,0.024144294
SPU_002791,SPU_016250,0.024142354
SPU_017348,SPU_026731,0.024129878
SPU_012203,SPU_015767,0.024127106
SPU_000424,SPU_022816,0.024124473
SPU_003166,SPU_002677,0.024114492
SPU_004723,SPU_007011,0.024105205
SPU_024307,SPU_023140,0.024101185
SPU_000424,SPU_017511,0.024097304
SPU_022163,SPU_012912,0.024091621
SPU_017635,SPU_008112,0.024079423
SPU_014197,SPU_014461,0.024065146
SPU_006991,SPU_011130,0.024060987
SPU_006786,SPU_001657,0.024051423
SPU_000861,SPU_015358,0.024048789
SPU_004414,SPU_009876,0.024046433
SPU_005718,SPU_009048,0.024014274
SPU_007253,SPU_024610,0.024012888
SPU_027053,SPU_003490,0.023994175
SPU_002603,SPU_017348,0.023990571
SPU_020637,SPU_012050,0.023984056
SPU_005718,SPU_006787,0.023982808
SPU_017837,SPU_011635,0.023977264
SPU_028479,SPU_017348,0.023964234
SPU_027774,SPU_003595,0.023957719
SPU_004723,SPU_022955,0.023955086
SPU_014793,SPU_013689,0.023950234
SPU_012469,SPU_000739,0.023945383
SPU_020722,SPU_019024_1,0.023934986
SPU_001998,SPU_012203,0.023933046
SPU_002874,SPU_000578,0.023932491
SPU_005572,SPU_022817,0.023923066
SPU_026099,SPU_015719,0.023922234
SPU_027774,SPU_000806,0.023921957
SPU_003595,SPU_019332,0.023911976
SPU_026905,SPU_015605,0.023889382
SPU_000975,SPU_014461,0.023883838
SPU_026763,SPU_008196_1,0.023873996
SPU_002874,SPU_026510,0.023866649
SPU_021192,SPU_019290,0.023862352
SPU_006312,SPU_026962,0.023846828
SPU_000276,SPU_025632,0.023838649
SPU_021557,SPU_002320,0.023838511
SPU_009771,SPU_023730,0.023829639
SPU_002592,SPU_000739,0.023823679
SPU_006917,SPU_013810_1,0.023817441
SPU_020565,SPU_015108,0.023813006
SPU_012203,SPU_027472,0.023808986
SPU_008936,SPU_027145,0.023789441
SPU_007599,SPU_001628,0.023784451
SPU_018355,SPU_004217,0.023774332
SPU_016881,SPU_013178,0.023764075
SPU_005022,SPU_014923,0.023758253
SPU_008196,SPU_013140_1,0.023753817
SPU_018355_1,SPU_006427,0.023746471
SPU_004287_1,SPU_002428,0.023745362
SPU_015772,SPU_004024,0.023741896
SPU_006917,SPU_013140_1,0.023710708
SPU_016449,SPU_003649,0.023705857
SPU_022678,SPU_027774,0.023696015
SPU_022242,SPU_002632,0.023693381
SPU_019366,SPU_018393,0.023683956
SPU_007147,SPU_027362,0.02366649
SPU_020637,SPU_023894,0.023658173
SPU_011635,SPU_011720,0.023654153
SPU_012699,SPU_015719,0.023652767
SPU_007981,SPU_018373,0.023647916
SPU_003704,SPU_006427,0.023642648
SPU_006312,SPU_000739,0.023636965
SPU_026633,SPU_020680,0.023633638
SPU_026465,SPU_005435,0.023631698
SPU_010295,SPU_012648_1,0.023630312
SPU_018056,SPU_006427,0.023619638
SPU_026418,SPU_012772,0.023615757
SPU_001262_2,SPU_023366,0.023599262
SPU_000485,SPU_016786,0.023589698
SPU_017106,SPU_019290,0.023585678
SPU_009642,SPU_013611,0.023580272
SPU_020565,SPU_027145,0.023573203
SPU_023037,SPU_000806,0.023569876
SPU_012490,SPU_008196,0.023569599
SPU_015640,SPU_006786,0.023568212
SPU_005358,SPU_008196_1,0.023568074
SPU_014802,SPU_020330_1,0.023567658
SPU_021192,SPU_009048,0.023566272
SPU_017106,SPU_013047,0.0235635
SPU_028120,SPU_019290,0.02356142
SPU_011189,SPU_007262,0.023553242
SPU_000485,SPU_007599,0.023549222
SPU_015908,SPU_010634,0.023544371
SPU_015772,SPU_007599,0.023540074
SPU_000756,SPU_023140,0.023538965
SPU_004723,SPU_009685,0.02353439
SPU_017106,SPU_009048,0.023528985
SPU_007644,SPU_017441,0.023524826
SPU_014802,SPU_018393,0.023514291
SPU_018391,SPU_012648_1,0.023512074
SPU_026633,SPU_022573,0.02350639
SPU_015772,SPU_026099,0.023505836
SPU_011202,SPU_006004,0.023502093
SPU_012253,SPU_010924_1,0.02347645
SPU_015908,SPU_014289,0.023475479
SPU_006803,SPU_008196_1,0.023461618
SPU_003470,SPU_013904,0.023449143
SPU_008196_1,SPU_013140_1,0.023448727
SPU_022573,SPU_008196,0.023444984
SPU_001998,SPU_009178,0.023441103
SPU_023366,SPU_005435,0.02342142
SPU_014332,SPU_021557,0.023415321
SPU_012546,SPU_008112,0.023411439
SPU_015640,SPU_011297,0.023404647
SPU_003704,SPU_013904,0.023395637
SPU_025590,SPU_026962,0.023392172
SPU_007611,SPU_009646,0.02338136
SPU_002816,SPU_001628,0.023379004
SPU_008117_1,SPU_025346,0.02337332
SPU_004414,SPU_013202,0.023371796
SPU_014628,SPU_000310,0.023368746
SPU_004723,SPU_018673,0.023368607
SPU_015982,SPU_000129,0.023358766
SPU_011297,SPU_012203,0.023355301
SPU_024877,SPU_004599,0.023355301
SPU_016443,SPU_006787,0.023350033
SPU_023366,SPU_017470,0.023325776
SPU_017635,SPU_000509,0.023323003
SPU_013047,SPU_015362,0.023318845
SPU_023177,SPU_028120,0.023317875
SPU_000757,SPU_000437,0.023317459
SPU_006991,SPU_002592,0.023315795
SPU_013689,SPU_013904,0.023315102
SPU_011297,SPU_019366,0.023314686
SPU_000975,SPU_015719,0.023299439
SPU_009831,SPU_002025,0.023297914
SPU_018355_1,SPU_006420,0.023296112
SPU_002874,SPU_001937,0.02328932
SPU_011297,SPU_015456,0.023284191
SPU_014461,SPU_016881,0.023274072
SPU_028120,SPU_006787,0.023272548
SPU_027472,SPU_024877,0.023266171
SPU_008117_1,SPU_011635,0.023265201
SPU_028093,SPU_014752,0.023257577
SPU_007644,SPU_006427,0.023253557
SPU_004723,SPU_011635,0.023231518
SPU_006991,SPU_018797,0.023230686
SPU_011635,SPU_016250,0.023215438
SPU_002816,SPU_014418,0.023209201
SPU_011635,SPU_018373,0.023207676
SPU_017404_1,SPU_010924,0.023204765
SPU_006787,SPU_008595_1,0.02320324
SPU_017837,SPU_010329_1,0.023200191
SPU_008936,SPU_001657,0.023195894
SPU_018391,SPU_008845,0.023194092
SPU_001113,SPU_028148,0.023193122
SPU_018391,SPU_010329,0.023190765
SPU_023386,SPU_023757,0.023189102
SPU_025346,SPU_027918,0.023188963
SPU_026465,SPU_013904,0.023188547
SPU_006814,SPU_001739,0.023177042
SPU_010295,SPU_019508,0.023171359
SPU_000129,SPU_001739,0.023169141
SPU_020722,SPU_011756,0.023163042
SPU_023090,SPU_018391,0.023159715
SPU_006803,SPU_014752,0.023144745
SPU_011635,SPU_024901_1,0.023135042
SPU_012491,SPU_024610,0.023123676
SPU_011635,SPU_026510,0.023122844
SPU_018355_1,SPU_013611,0.023121458
SPU_013015,SPU_009876,0.023117715
SPU_011635,SPU_000806,0.02311023
SPU_019290,SPU_009474,0.023108151
SPU_018126,SPU_001739,0.023106765
SPU_006421,SPU_012469,0.023103022
SPU_014418,SPU_006786,0.023093596
SPU_023894,SPU_015767,0.023093042
SPU_006676,SPU_023140,0.023086804
SPU_009831,SPU_003595,0.023086804
SPU_007644,SPU_023037,0.023082784
SPU_027935,SPU_013810,0.023076269
SPU_012203,SPU_019290,0.023068923
SPU_006787,SPU_005955,0.02306019
SPU_014793,SPU_027918,0.023045358
SPU_014418,SPU_013119,0.023037873
SPU_018581,SPU_022049,0.023029556
SPU_023090,SPU_000806,0.023018467
SPU_012384,SPU_002632,0.022999616
SPU_021210,SPU_001262_1,0.022992269
SPU_002320,SPU_011130,0.022991853
SPU_006786,SPU_006787,0.022984091
SPU_012491,SPU_026099,0.022983952
SPU_014289,SPU_023757,0.022974526
SPU_008117,SPU_007262,0.022974249
SPU_002874,SPU_011720,0.022972447
SPU_000861,SPU_008377_2,0.022969952
SPU_012008,SPU_020637,0.022969536
SPU_004702,SPU_004217,0.022968843
SPU_007599,SPU_015362,0.022965239
SPU_003102,SPU_014643,0.022964269
SPU_006753,SPU_002592,0.022948051
SPU_021557,SPU_011687,0.022947774
SPU_008117,SPU_024901,0.02294417
SPU_026205,SPU_023757,0.022935714
SPU_006676,SPU_026731,0.022926011
SPU_023090,SPU_006427,0.022920328
SPU_004414,SPU_023065,0.022907853
SPU_018126,SPU_013047,0.022888863
SPU_018797,SPU_014752,0.022879853
SPU_018797,SPU_028827,0.022878882
SPU_002603,SPU_013810_1,0.02287611
SPU_022573,SPU_013140_1,0.022864328
SPU_006991,SPU_015243,0.022860308
SPU_016443,SPU_012203,0.022859199
SPU_027053,SPU_010329_1,0.022856427
SPU_007262,SPU_027918,0.022851991
SPU_008752,SPU_024189,0.022841179
SPU_026877,SPU_013140,0.022834942
SPU_020722,SPU_010329,0.022830783
SPU_001998,SPU_023065,0.022830783
SPU_021192,SPU_021119,0.022827318
SPU_017837,SPU_007262,0.022816922
SPU_012648,SPU_006871,0.022814149
SPU_012203,SPU_013570,0.022805417
SPU_006991,SPU_021557,0.022802783
SPU_018581,SPU_017441,0.022802783
SPU_028479,SPU_024953,0.022793219
SPU_007644,SPU_018392,0.02278712
SPU_000485,SPU_023813,0.022783654
SPU_001998,SPU_027708,0.022782268
SPU_022820,SPU_004723,0.022754822
SPU_002791,SPU_003595,0.022746921
SPU_000861,SPU_015243,0.022746644
SPU_003470,SPU_013611,0.022746644
SPU_023037,SPU_011720,0.022745674
SPU_017837,SPU_025346,0.022744426
SPU_018581,SPU_014588,0.02274207
SPU_013047,SPU_007624,0.022741654
SPU_007644,SPU_018850,0.022736664
SPU_020565,SPU_006787,0.022736248
SPU_000485,SPU_019290,0.022731951
SPU_027235,SPU_009876,0.022730842
SPU_011189,SPU_018373,0.022730288
SPU_002129,SPU_012912,0.02272904
SPU_026962,SPU_009079_1,0.022724466
SPU_008528,SPU_012648_1,0.022722248
SPU_016449,SPU_027145,0.022707555
SPU_012491,SPU_013047,0.022705198
SPU_015772,SPU_005955,0.022702287
SPU_002816,SPU_015767,0.022696743
SPU_017635,SPU_002320,0.022693971
SPU_006917,SPU_000129,0.022691753
SPU_014401,SPU_016792,0.022670822
SPU_018744,SPU_000948,0.022670545
SPU_028583,SPU_000437,0.022669297
SPU_017837,SPU_009685,0.022663337
SPU_000948,SPU_019332,0.022661119
SPU_022817,SPU_017348,0.022651416
SPU_017492,SPU_000948,0.022646287
SPU_017971,SPU_005708,0.022644762
SPU_008117_1,SPU_010924_1,0.022641852
SPU_024877,SPU_001628,0.02263797
SPU_016523,SPU_012645,0.02263298
SPU_006814,SPU_012772,0.022625356
SPU_026465,SPU_017441,0.022610802
SPU_018355_1,SPU_002025,0.022607891
SPU_017579,SPU_000016_1,0.02259694
SPU_015456,SPU_020680,0.022590287
SPU_026099,SPU_000276,0.022580723
SPU_020565,SPU_014418,0.022571574
SPU_023090,SPU_027969,0.022554247
SPU_018056,SPU_000806,0.022548841
SPU_015108,SPU_000948,0.022545376
SPU_027053,SPU_018391,0.02254496
SPU_002816,SPU_023894,0.022539277
SPU_027235,SPU_022573,0.022538722
SPU_012253,SPU_000739,0.022538029
SPU_026763,SPU_013140,0.022535673
SPU_014401,SPU_005955,0.022524999
SPU_023037,SPU_003490,0.022524861
SPU_026418,SPU_017379,0.022521673
SPU_013689,SPU_022841,0.022512386
SPU_008117,SPU_025346,0.022496306
SPU_023090,SPU_012949,0.022492148
SPU_011635,SPU_022955,0.022491316
SPU_003704,SPU_004217,0.022490762
SPU_011174,SPU_020282,0.022489098
SPU_002603,SPU_013810,0.022487989
SPU_002129,SPU_022816,0.022472742
SPU_018581,SPU_022841,0.022470524
SPU_016881,SPU_011315,0.022469276
SPU_008528,SPU_008845,0.022467474
SPU_020565,SPU_017379,0.022462484
SPU_014289,SPU_027145,0.022446959
SPU_008117_1,SPU_006871,0.022426167
SPU_014289,SPU_028120,0.022418959
SPU_021608,SPU_002632,0.022413276
SPU_002874,SPU_024901_1,0.022392623
SPU_004148,SPU_025125,0.022386801
SPU_000739,SPU_022816,0.022385969
SPU_012253,SPU_021557,0.022382088
SPU_024903,SPU_014752,0.022379731
SPU_004148,SPU_012469,0.022357692
SPU_025590,SPU_000739,0.022357553
SPU_018391,SPU_005035,0.022353533
SPU_006991,SPU_014752,0.022349652
SPU_011189,SPU_022955,0.022348405
SPU_023177,SPU_009876,0.022346741
SPU_009876,SPU_009048,0.022344523
SPU_015908,SPU_013570,0.022340919
SPU_016881,SPU_024093,0.022338979
SPU_004217,SPU_015071_1,0.022336761
SPU_018797,SPU_017511,0.022320266
SPU_015640,SPU_013119,0.02231985
SPU_000756,SPU_000437,0.022314167
SPU_022820,SPU_008377,0.022314028
SPU_025590,SPU_010295,0.022306543
SPU_014401,SPU_008752,0.022305018
SPU_008845,SPU_006871,0.022294345
SPU_012008,SPU_027935_1,0.022292266
SPU_018483,SPU_020646,0.022286721
SPU_013119,SPU_001628,0.0222748
SPU_012546,SPU_007315,0.022274246
SPU_017407,SPU_018861,0.02226177
SPU_025346,SPU_013689,0.022261632
SPU_027235,SPU_013810,0.022258167
SPU_018391,SPU_017811,0.022227117
SPU_018355,SPU_006427,0.022208404
SPU_012203,SPU_006787,0.022189552
SPU_002634,SPU_000437,0.022186641
SPU_009831,SPU_018673,0.022183176
SPU_007253,SPU_013047,0.022176661
SPU_004217,SPU_012949,0.022172364
SPU_002816,SPU_023813,0.022170424
SPU_004414,SPU_014289,0.022168067
SPU_004414,SPU_027708,0.022160027
SPU_006753,SPU_002320,0.022158225
SPU_013569,SPU_024901,0.022141453
SPU_001998,SPU_013570,0.022140067
SPU_009876,SPU_002677,0.022138681
SPU_009831,SPU_009685,0.022133968
SPU_013119,SPU_015719,0.022131473
SPU_020722,SPU_010625,0.022128978
SPU_024139,SPU_025632,0.022128562
SPU_000739,SPU_009771,0.02212274
SPU_012253,SPU_002632,0.022122324
SPU_006787,SPU_012050,0.022102225
SPU_013047,SPU_016449,0.022095988
SPU_008117,SPU_012913,0.022095294
SPU_002603,SPU_012772,0.022075888
SPU_018581,SPU_014683,0.022075334
SPU_010295,SPU_006312,0.022075334
SPU_000861,SPU_002592,0.02207173
SPU_004287_1,SPU_020646,0.022068265
SPU_009831,SPU_002554,0.02206771
SPU_021557,SPU_022817,0.022062581
SPU_015358,SPU_028093,0.022043314
SPU_000749,SPU_007147,0.022041096
SPU_009642,SPU_017441,0.022038878
SPU_003704,SPU_018355,0.02203472
SPU_019656,SPU_006004,0.022028898
SPU_014197,SPU_004024,0.022024878
SPU_019656,SPU_016786,0.022011987
SPU_015982,SPU_006484,0.02200367
SPU_009876,SPU_008936,0.021999928
SPU_014628,SPU_005358,0.02199965
SPU_006786,SPU_004024,0.021999235
SPU_008845,SPU_018680,0.021983987
SPU_006991,SPU_007108,0.021983571
SPU_002592,SPU_012913,0.021973036
SPU_009048,SPU_006786,0.021972066
SPU_012546,SPU_011130,0.021944205
SPU_010295,SPU_025590,0.021931868
SPU_019656,SPU_023813,0.021930343
SPU_026465,SPU_018355,0.021925214
SPU_004217,SPU_017441,0.021923274
SPU_022049,SPU_023014,0.021920917
SPU_024918,SPU_000540,0.021919947
SPU_024877,SPU_012050,0.021910383
SPU_007981,SPU_003595,0.021907056
SPU_015374,SPU_023140,0.021889036
SPU_012648,SPU_012648_1,0.021886818
SPU_018056,SPU_027774,0.021886125
SPU_017106,SPU_001739,0.021879194
SPU_000739,SPU_008196,0.021877254
SPU_025590,SPU_021557,0.02186658
SPU_002791,SPU_021382,0.0218566
SPU_014793,SPU_010458,0.021856462
SPU_020565,SPU_024946,0.021840521
SPU_017725,SPU_000739,0.021834006
SPU_024139,SPU_014588,0.021824719
SPU_025346,SPU_009756,0.021824719
SPU_011297,SPU_012008,0.021813214
SPU_025632,SPU_019656,0.021812382
SPU_013689,SPU_018355,0.021811689
SPU_007262,SPU_024901,0.021806422
SPU_017635,SPU_012912,0.021805451
SPU_022846,SPU_019290,0.021794224
SPU_023177,SPU_012772,0.021783689
SPU_015767,SPU_018393,0.021780917
SPU_009876,SPU_023730,0.021778283
SPU_023386,SPU_023140,0.021777729
SPU_012203,SPU_004924,0.021773847
SPU_020722,SPU_006871,0.021773016
SPU_019656,SPU_015767,0.02177163
SPU_026099,SPU_001657,0.02175056
SPU_012546,SPU_009053,0.021747788
SPU_006917,SPU_025584,0.021745154
SPU_018391,SPU_004723,0.021740857
SPU_007644,SPU_010329_1,0.021736283
SPU_006808,SPU_014836,0.021735035
SPU_013047,SPU_002677,0.021733095
SPU_019290,SPU_025632,0.021733095
SPU_022049,SPU_022916,0.021719788
SPU_017642,SPU_026962,0.021719095
SPU_006814,SPU_006242,0.021713966
SPU_024877,SPU_027145,0.02171355
SPU_020637,SPU_019656,0.021711055
SPU_028255,SPU_018797,0.021710916
SPU_017837,SPU_006871,0.021698302
SPU_018355,SPU_000806,0.021691649
SPU_016881,SPU_005955_1,0.021685134
SPU_004414,SPU_016523,0.021682223
SPU_012648,SPU_009685,0.021680005
SPU_007262,SPU_014836,0.02167557
SPU_011315,SPU_004217,0.021671134
SPU_012648,SPU_027912,0.02166753
SPU_004723,SPU_001937,0.021656164
SPU_018797,SPU_017348,0.021655609
SPU_008117,SPU_006871,0.021655332
SPU_008117,SPU_009685,0.021653253
SPU_011189,SPU_024901,0.021651589
SPU_004702,SPU_003649,0.021633292
SPU_021210,SPU_023140,0.021628995
SPU_014793,SPU_012384,0.021622203
SPU_003102,SPU_010924_1,0.021620956
SPU_019332,SPU_005435,0.021618738
SPU_018126,SPU_009048,0.021608619
SPU_000485,SPU_026099,0.021603767
SPU_012648,SPU_000806,0.021601827
SPU_023730,SPU_019290,0.021564955
SPU_004723,SPU_026390,0.021563569
SPU_008117,SPU_019508,0.021558579
SPU_023090,SPU_011720,0.021552619
SPU_027214,SPU_014752,0.021542777
SPU_000948,SPU_020680,0.021535015
SPU_004148,SPU_011130,0.021525589
SPU_014332,SPU_011130,0.021524203
SPU_007599,SPU_014418,0.02152351
SPU_006991,SPU_026962,0.021522401
SPU_002791,SPU_024901,0.021522262
SPU_001998,SPU_000129,0.021509648
SPU_013047,SPU_008936,0.021505905
SPU_015982,SPU_015362,0.021503826
SPU_006312,SPU_021557,0.021500777
SPU_004287_1,SPU_005708,0.021491628
SPU_000276,SPU_004924,0.021488163
SPU_004148,SPU_019033,0.021487054
SPU_026877,SPU_024044,0.021486084
SPU_003704,SPU_000806,0.021482341
SPU_007981,SPU_005737,0.021474856
SPU_018056,SPU_018355,0.021471945
SPU_009048,SPU_012050,0.021468064
SPU_020722,SPU_021044,0.021466955
SPU_006991,SPU_007957,0.021462935
SPU_017407,SPU_016523,0.021457529
SPU_026633,SPU_009178,0.021447687
SPU_012645,SPU_021726,0.021444083
SPU_004217,SPU_005737,0.02143646
SPU_026099,SPU_015362,0.021432578
SPU_012648,SPU_027912_1,0.021430083
SPU_004414,SPU_000129,0.021421489
SPU_000485,SPU_004024,0.021419271
SPU_027053,SPU_018373,0.021416915
SPU_000975,SPU_001628,0.021415945
SPU_018056,SPU_004217,0.021408182
SPU_016449,SPU_000948,0.021398063
SPU_007253,SPU_006242,0.02139543
SPU_020722,SPU_025856,0.02139335
SPU_025113,SPU_007262,0.021388499
SPU_003548,SPU_000437,0.021382539
SPU_027053,SPU_022955,0.021378241
SPU_021608,SPU_011687,0.021377687
SPU_023386,SPU_024610,0.021372142
SPU_015772,SPU_025632,0.021371449
SPU_007981,SPU_001937,0.021359944
SPU_011202,SPU_008752,0.021352736
SPU_005358,SPU_026633,0.021344142
SPU_017725,SPU_021557,0.021342063
SPU_026962,SPU_022242,0.02132238
SPU_014793,SPU_009053,0.021321687
SPU_008117_1,SPU_025590,0.021311845
SPU_022163,SPU_022817,0.021310043
SPU_019366,SPU_014401,0.021301172
SPU_014628,SPU_001262_1,0.02129937
SPU_004723,SPU_011270,0.021294796
SPU_018581,SPU_014684,0.02127137
SPU_028255,SPU_026633,0.021270399
SPU_004702,SPU_012949,0.02126638
SPU_022049,SPU_025584,0.021264716
SPU_017837,SPU_010924_1,0.021250855
SPU_009771,SPU_000129,0.021240736
SPU_011189,SPU_011720,0.021238518
SPU_027053,SPU_019332,0.021237686
SPU_019290,SPU_002816,0.021233805
SPU_014289,SPU_016045,0.02123034
SPU_018355_1,SPU_017441,0.02123034
SPU_006808,SPU_004037,0.021225627
SPU_011315,SPU_003649,0.021222439
SPU_008703,SPU_013570,0.021213152
SPU_015640,SPU_000276,0.021210795
SPU_020124,SPU_006583,0.021206221
SPU_017106,SPU_006787,0.02120331
SPU_009048,SPU_021119,0.021195548
SPU_012384,SPU_000739,0.021191528
SPU_009642,SPU_006427,0.02118931
SPU_025346,SPU_014836,0.021178082
SPU_002815,SPU_024610,0.021177943
SPU_000739,SPU_007317,0.021176419
SPU_010351,SPU_000437,0.021167963
SPU_008112,SPU_002631,0.021150221
SPU_008117_1,SPU_009685,0.021150082
SPU_005572,SPU_008563,0.021141626
SPU_000485,SPU_006787,0.021139409
SPU_010295,SPU_015466,0.0211383
SPU_024877,SPU_019290,0.021137745
SPU_018355_1,SPU_022242,0.021136221
SPU_022816,SPU_004287_1,0.021126379
SPU_002631,SPU_003470,0.021125409
SPU_011297,SPU_009474,0.021120003
SPU_004723,SPU_009646,0.021112795
SPU_000756,SPU_026731,0.021109607
SPU_025584,SPU_011583,0.021107111
SPU_013689,SPU_022242,0.021095884
SPU_018126,SPU_028120,0.021090478
SPU_000757,SPU_001739,0.021089092
SPU_022846,SPU_016786,0.021087844
SPU_010295,SPU_009646,0.021059428
SPU_022163,SPU_015466,0.021059012
SPU_012645,SPU_020637,0.021056379
SPU_019089,SPU_000129,0.021052913
SPU_003470,SPU_006427,0.021046121
SPU_012384,SPU_012648_1,0.021044596
SPU_004723,SPU_011720,0.021041824
SPU_012491,SPU_001739,0.021040576
SPU_022049,SPU_013810_1,0.021040161
SPU_022049,SPU_013810,0.021040022
SPU_006676,SPU_004746,0.021026022
SPU_024903,SPU_026633,0.021012438
SPU_001262_2,SPU_005708,0.021011745
SPU_020565,SPU_025125,0.021000101
SPU_012699,SPU_026099,0.020996081
SPU_000861,SPU_025590,0.020993309
SPU_018393,SPU_015456,0.02099317
SPU_015243,SPU_000739,0.020993032
SPU_003102,SPU_006871,0.020990398
SPU_022678,SPU_017441,0.020989012
SPU_020722,SPU_005035,0.020988042
SPU_001262,SPU_024953,0.020979447
SPU_028827,SPU_009178,0.020968081
SPU_010305,SPU_026731,0.020964893
SPU_025346,SPU_000509,0.020947289
SPU_009831,SPU_014836,0.020946457
SPU_021557,SPU_005522,0.020945348
SPU_001262_2,SPU_004217,0.020942576
SPU_000276,SPU_014401,0.020937863
SPU_024139,SPU_006787,0.020931903
SPU_012490,SPU_007862,0.020927051
SPU_023386,SPU_002677,0.020924695
SPU_002791,SPU_001937,0.020923031
SPU_009642,SPU_006421,0.020919566
SPU_027935,SPU_001262_1,0.020918596
SPU_023177,SPU_023730,0.02091721
SPU_004599,SPU_000749,0.020913328
SPU_003166,SPU_008196,0.020912774
SPU_021192,SPU_006787,0.020910695
SPU_025010,SPU_023140,0.020908615
SPU_028479,SPU_005435,0.020898497
SPU_013047,SPU_006242,0.020898219
SPU_015243,SPU_022816,0.020895308
SPU_011202,SPU_019290,0.02089517
SPU_008752,SPU_016792,0.020885467
SPU_009048,SPU_013119,0.020884497
SPU_021608,SPU_006991,0.020871744
SPU_012384,SPU_010458,0.020863566
SPU_022816,SPU_008196_1,0.020861071
SPU_001113,SPU_004599,0.02085913
SPU_028255,SPU_024044,0.020856081
SPU_026099,SPU_000749,0.020854972
SPU_013689,SPU_017441,0.020847209
SPU_014170,SPU_023894,0.020828912
SPU_025632,SPU_004599,0.02082614
SPU_024918,SPU_007611,0.020824061
SPU_000757,SPU_007624,0.020823506
SPU_025346,SPU_009685,0.020815051
SPU_013047,SPU_012203,0.020810061
SPU_014576,SPU_012203,0.020795506
SPU_011189,SPU_009685,0.020791486
SPU_018797,SPU_002836,0.020784001
SPU_008845,SPU_000540,0.020783308
SPU_010351,SPU_021119,0.020769308
SPU_017635,SPU_026664,0.020758773
SPU_006312,SPU_005522,0.020746021
SPU_023090,SPU_013904,0.020741169
SPU_011189,SPU_015071_1,0.020730357
SPU_012253,SPU_012469,0.020728971
SPU_022163,SPU_014643,0.020728832
SPU_012253,SPU_016272,0.020722733
SPU_013047,SPU_001739,0.02072107
SPU_002592,SPU_017511,0.020715248
SPU_023037,SPU_003595,0.020709011
SPU_012253,SPU_012648_1,0.02070804
SPU_022846,SPU_004024,0.020704575
SPU_024877,SPU_014418,0.020702912
SPU_013015,SPU_019089,0.02070111
SPU_000424,SPU_022892,0.020699585
SPU_027235,SPU_020646,0.020699446
SPU_001998,SPU_014289,0.020695842
SPU_017635,SPU_021557,0.020687664
SPU_002874,SPU_026390,0.020676159
SPU_023730,SPU_024139,0.020661604
SPU_025590,SPU_005522,0.020657585
SPU_002592,SPU_015243,0.020648436
SPU_022846,SPU_023813,0.020641921
SPU_027053,SPU_003595,0.020636515
SPU_002603,SPU_010305,0.020633743
SPU_021192,SPU_015362,0.020627505
SPU_008117_1,SPU_011001,0.020614198
SPU_002791,SPU_026510,0.02060699
SPU_017837,SPU_011720,0.020603941
SPU_016443,SPU_015456,0.020597842
SPU_023730,SPU_013047,0.020585505
SPU_009831,SPU_001937,0.02057996
SPU_028093,SPU_019089,0.020566653
SPU_014418,SPU_000276,0.020566376
SPU_014289,SPU_004340,0.020566099
SPU_005718,SPU_024139,0.020565406
SPU_000424,SPU_013810,0.020561525
SPU_007262,SPU_022697,0.020549188
SPU_021172,SPU_026633,0.02054198
SPU_025346,SPU_022817,0.020539762
SPU_000424,SPU_014752,0.020526594
SPU_026205,SPU_020646,0.020517029
SPU_003102,SPU_000424,0.020508297
SPU_023037,SPU_018391,0.020506079
SPU_018797,SPU_008196_1,0.020504831
SPU_006991,SPU_018908,0.020497623
SPU_011189,SPU_024901_1,0.020484732
SPU_006786,SPU_020637,0.020471148
SPU_001262_1,SPU_005708,0.020470594
SPU_008117,SPU_012648_1,0.02046796
SPU_006676,SPU_009876,0.020466712
SPU_023366,SPU_002603,0.020466435
SPU_018581,SPU_027144,0.020450356
SPU_001113,SPU_027935_1,0.020448415
SPU_012253,SPU_006991,0.020443148
SPU_021608,SPU_030148,0.020440098
SPU_005572,SPU_026664,0.020436079
SPU_025584,SPU_022916,0.020434277
SPU_008112,SPU_022816,0.020431781
SPU_011297,SPU_014588,0.020431504
SPU_002603,SPU_022817,0.020423465
SPU_001657,SPU_013178,0.020422633
SPU_011635,SPU_015071_1,0.02042097
SPU_008845,SPU_000922,0.020420554
SPU_023037,SPU_022955,0.020410435
SPU_011189,SPU_016250,0.020391722
SPU_028827,SPU_000739,0.020382712
SPU_013015,SPU_024044,0.020374256
SPU_008117_1,SPU_014643,0.020363583
SPU_002129,SPU_006991,0.020362613
SPU_026099,SPU_012008,0.020362336
SPU_013015,SPU_020646,0.020357207
SPU_013015,SPU_008196_1,0.020354712
SPU_009876,SPU_024139,0.020354573
SPU_018744,SPU_027598,0.020354573
SPU_017635,SPU_025590,0.020343623
SPU_018954,SPU_018861,0.020341266
SPU_002592,SPU_012786,0.020335722
SPU_006312,SPU_018908,0.020321583
SPU_027598,SPU_007981,0.020321444
SPU_010351,SPU_026731,0.020312296
SPU_025010,SPU_023757,0.020311464
SPU_020565,SPU_013570,0.020298296
SPU_028583,SPU_025888,0.020288177
SPU_028148,SPU_016523,0.020287345
SPU_002816,SPU_006004,0.020282216
SPU_008117,SPU_010924_1,0.020281107
SPU_003166,SPU_014628,0.020279028
SPU_021557,SPU_025590,0.020274593
SPU_017837,SPU_024901,0.020264335
SPU_022820,SPU_007203,0.020263226
SPU_000485,SPU_008595,0.020261701
SPU_000440,SPU_011064,0.020251998
SPU_012648,SPU_007262,0.020249919
SPU_003548,SPU_020646,0.020247008
SPU_012645,SPU_012491,0.020244652
SPU_002874,SPU_018673,0.020231483
SPU_024189,SPU_011246,0.020231206
SPU_002791,SPU_011720,0.020230236
SPU_012203,SPU_002950,0.020214434
SPU_015908,SPU_016045,0.020213741
SPU_013569,SPU_022242,0.020209167
SPU_006803,SPU_007108,0.020209028
SPU_022820,SPU_012648_1,0.020195028
SPU_000424,SPU_026877,0.020193642
SPU_013689_1,SPU_018888,0.020189067
SPU_006753,SPU_022817,0.020187681
SPU_011635,SPU_013611,0.020185741
SPU_018391,SPU_013902,0.020184077
SPU_008936,SPU_024139,0.020140691
SPU_024918,SPU_025848,0.020139028
SPU_015374,SPU_026731,0.020138889
SPU_006814,SPU_013047,0.020132235
SPU_026099,SPU_001628,0.020128632
SPU_014401,SPU_002816,0.020106315
SPU_004148,SPU_002632,0.020104235
SPU_007644,SPU_015605,0.020101186
SPU_014461,SPU_013119,0.020092037
SPU_024877,SPU_006786,0.020088711
SPU_010424,SPU_004287,0.020084829
SPU_023894,SPU_023813,0.020083998
SPU_021192,SPU_013119,0.020068057
SPU_011635,SPU_024901,0.020064176
SPU_015982,SPU_013047,0.020050314
SPU_019290,SPU_007599,0.020049205
SPU_007644,SPU_022697,0.020048374
SPU_011246,SPU_002677,0.020041443
SPU_012914,SPU_025590,0.020036591
SPU_015982,SPU_023140,0.02003576
SPU_007644,SPU_005737,0.020023146
SPU_004723,SPU_002025,0.020021205
SPU_004148,SPU_000016_1,0.020006512
SPU_007253,SPU_009048,0.020002354
SPU_017725,SPU_007315,0.020000968
SPU_006991,SPU_009178,0.020000413
SPU_027935,SPU_013810_1,0.019999027
SPU_012648_1,SPU_014055,0.019995977
SPU_016443,SPU_019290,0.019995146
SPU_012699,SPU_020637,0.019988631
SPU_012469,SPU_014332,0.01998669
SPU_022573,SPU_000437,0.019983363
SPU_006787,SPU_014418,0.019977542
SPU_014802,SPU_015456,0.019976571
SPU_010295,SPU_006871,0.019972967
SPU_027472,SPU_006787,0.019969779
SPU_002815,SPU_006242,0.019961601
SPU_024918,SPU_026385,0.019959799
SPU_026205,SPU_002677,0.019955086
SPU_018391,SPU_022487,0.019952037
SPU_014418,SPU_025632,0.019941225
SPU_017407,SPU_027598,0.019934987
SPU_000861,SPU_006312,0.019932908
SPU_015908,SPU_004924,0.01992473
SPU_012648,SPU_011635,0.019922789
SPU_007599,SPU_000749,0.019912531
SPU_010305,SPU_026877,0.019909066
SPU_011576,SPU_023894,0.019901304
SPU_002320,SPU_026664,0.019900888
SPU_028255,SPU_012912,0.01989964
SPU_018355_1,SPU_022841,0.019880373
SPU_011297,SPU_014802,0.019877462
SPU_023090,SPU_004217,0.019876492
SPU_027053,SPU_011720,0.019874828
SPU_011246,SPU_013047,0.019873442
SPU_020722,SPU_009685,0.019859997
SPU_013689_1,SPU_002025_1,0.019858888
SPU_024877,SPU_021119,0.019841838
SPU_019366,SPU_007147,0.019840868
SPU_020124,SPU_012469,0.019839343
SPU_002874,SPU_018392,0.01982964
SPU_023090,SPU_018355,0.019828531
SPU_000424,SPU_013810_1,0.019825759
SPU_008703,SPU_012203,0.019818274
SPU_006787,SPU_007599,0.019808293
SPU_018392,SPU_002791,0.019807739
SPU_003179,SPU_028583,0.019806907
SPU_015243,SPU_012913,0.019806491
SPU_013689_1,SPU_009847,0.019790967
SPU_021608,SPU_009053,0.019790273
SPU_027053,SPU_018392,0.019787917
SPU_018056,SPU_013904,0.019786669
SPU_025113,SPU_009685,0.019785699
SPU_025888,SPU_006787,0.019785561
SPU_011174,SPU_016523,0.019772392
SPU_014576,SPU_006484,0.01976865
SPU_023037,SPU_024901,0.01976865
SPU_025632,SPU_023894,0.019762966
SPU_023730,SPU_021192,0.019758669
SPU_006917,SPU_017348,0.01975659
SPU_009831,SPU_015071,0.019753402
SPU_028255,SPU_022817,0.01975257
SPU_000424,SPU_018797,0.019750768
SPU_004217,SPU_021382,0.019748828
SPU_024877,SPU_015719,0.019748135
SPU_001739,SPU_009048,0.019746471
SPU_022846,SPU_008595,0.019740788
SPU_008196_1,SPU_024044,0.019726927
SPU_018797,SPU_008196,0.019723461
SPU_022820,SPU_000806,0.019716253
SPU_018581,SPU_028093,0.019699897
SPU_012648_1,SPU_013202,0.019699897
SPU_003179,SPU_019089,0.019697818
SPU_021557,SPU_014628,0.019695322
SPU_012772,SPU_016523,0.019683956
SPU_014289,SPU_006787,0.019671619
SPU_012699,SPU_023894,0.019663303
SPU_003548,SPU_017348,0.019651936
SPU_028255,SPU_017511,0.01964556
SPU_002874,SPU_005737,0.019633223
SPU_018391,SPU_009685,0.019626847
SPU_016443,SPU_023894,0.019618669
SPU_003179,SPU_013810,0.019612431
SPU_007262,SPU_018908,0.019606055
SPU_010403,SPU_002677,0.019605362
SPU_014802,SPU_014401,0.019601619
SPU_016881,SPU_000948,0.019598708
SPU_026205,SPU_013305,0.019596768
SPU_014170,SPU_001628,0.019580272
SPU_020565,SPU_006786,0.019579302
SPU_019002,SPU_012469,0.019571817
SPU_009048,SPU_003378,0.019566134
SPU_014628,SPU_020646,0.019565025
SPU_006583,SPU_017348,0.019563084
SPU_009048,SPU_027145,0.019551856
SPU_002632,SPU_001739,0.019551718
SPU_014793,SPU_002707,0.01954645
SPU_025888,SPU_013047,0.019540351
SPU_014289,SPU_024139,0.01952344
SPU_017348,SPU_027145,0.019523163
SPU_004287,SPU_026664,0.019519975
SPU_003166,SPU_022816,0.01951748
SPU_024139,SPU_006786,0.019516094
SPU_027053,SPU_015071_1,0.019514846
SPU_014289,SPU_013570,0.019506668
SPU_014802,SPU_004924,0.019505005
SPU_007981,SPU_018392,0.019498628
SPU_006583,SPU_008752,0.019497797
SPU_024093,SPU_000948,0.019491975
SPU_023037,SPU_024901_1,0.019485044
SPU_011297,SPU_004024,0.019481718
SPU_018391,SPU_000806,0.019472153
SPU_007262,SPU_024901_1,0.019461618
SPU_010295,SPU_009685,0.019454826
SPU_023037,SPU_018673,0.019450945
SPU_018744,SPU_017492,0.019448866
SPU_017635,SPU_004287_1,0.019446648
SPU_009771,SPU_027708,0.019434034
SPU_011189,SPU_026510,0.019428351
SPU_014289,SPU_021192,0.01942142
SPU_014722,SPU_000669,0.01941948
SPU_022049,SPU_000129,0.019415044
SPU_002791,SPU_005737,0.019414074
SPU_001262_1,SPU_002428,0.01940742
SPU_012384,SPU_021557,0.019397856
SPU_019656,SPU_018393,0.019397578
SPU_012699,SPU_015456,0.019385103
SPU_007644,SPU_007981,0.019382192
SPU_005572,SPU_002025,0.019379281
SPU_008528,SPU_000806,0.019360014
SPU_003102,SPU_009685,0.019355024
SPU_002815,SPU_012772,0.019350588
SPU_009642,SPU_010458,0.01934837
SPU_006676,SPU_002677,0.019346291
SPU_009831,SPU_022697,0.019335618
SPU_018797,SPU_006484,0.019335063
SPU_003470,SPU_027918,0.019335063
SPU_002791,SPU_024901_1,0.019332707
SPU_021192,SPU_000975,0.01933243
SPU_006753,SPU_021557,0.019323004
SPU_025584,SPU_028093,0.019317321
SPU_009831,SPU_027918,0.019310944
SPU_000424,SPU_010305,0.019306232
SPU_009831,SPU_007644,0.019292509
SPU_017837,SPU_022955,0.019289321
SPU_006787,SPU_026099,0.019280311
SPU_009178,SPU_000437,0.019280033
SPU_026465,SPU_006427,0.01927837
SPU_008845,SPU_010924,0.019269915
SPU_019366,SPU_020330_1,0.019258271
SPU_018581,SPU_004037,0.019252865
SPU_015712,SPU_027145,0.019250093
SPU_014461,SPU_023813,0.019248429
SPU_021608,SPU_010924_1,0.019247182
SPU_023177,SPU_017379,0.019234706
SPU_015712,SPU_013047,0.019221399
SPU_009048,SPU_008595_1,0.01921738
SPU_014332,SPU_002707,0.019213498
SPU_013047,SPU_006786,0.019208785
SPU_025113,SPU_008112,0.019203518
SPU_009771,SPU_026731,0.019198389
SPU_006753,SPU_025590,0.019194647
SPU_001739,SPU_012203,0.01918037
SPU_000739,SPU_009911,0.019177874
SPU_023177,SPU_002950,0.019174964
SPU_006484,SPU_027145,0.019173023
SPU_008196,SPU_020646,0.019172191
SPU_023730,SPU_027145,0.019166647
SPU_007611,SPU_012913,0.019147102
SPU_015772,SPU_019290,0.019143914
SPU_024918,SPU_027912,0.019133934
SPU_017837,SPU_012648_1,0.019132825
SPU_024093,SPU_011315,0.019127696
SPU_025010,SPU_025888,0.019123399
SPU_000485,SPU_024946,0.019114805
SPU_006462,SPU_020646,0.019104825
SPU_026465,SPU_006420,0.019099557
SPU_025010,SPU_020646,0.019092627
SPU_015982,SPU_004340,0.019089854
SPU_027214,SPU_004287,0.019088607
SPU_007262,SPU_023366,0.019085696
SPU_003470,SPU_015605,0.019081399
SPU_015243,SPU_025584,0.019072112
SPU_016443,SPU_012008,0.019068785
SPU_009642,SPU_018355,0.019058527
SPU_009831,SPU_023366,0.019052983
SPU_008936,SPU_006786,0.01905229
SPU_005572,SPU_009646,0.019045636
SPU_021210,SPU_005708,0.019041616
SPU_017470,SPU_004217,0.019036626
SPU_012490,SPU_014752,0.019036488
SPU_024139,SPU_012699,0.019015834
SPU_017837,SPU_019508,0.019008765
SPU_008936,SPU_023730,0.019007517
SPU_022163,SPU_000739,0.018998369
SPU_007599,SPU_023894,0.018992408
SPU_010295,SPU_010924_1,0.018980487
SPU_025590,SPU_012912,0.018971893
SPU_020637,SPU_016786,0.018968705
SPU_000739,SPU_015466,0.01895623
SPU_015712,SPU_012772,0.01894223
SPU_012203,SPU_015362,0.018941121
SPU_012546,SPU_025125,0.018940566
SPU_023177,SPU_021192,0.018912705
SPU_013305,SPU_030139,0.018911457
SPU_018355,SPU_005737,0.018901616
SPU_021210,SPU_030139,0.018899675
SPU_023037,SPU_018392,0.018885398
SPU_009831,SPU_013611,0.018875002
SPU_002634,SPU_023140,0.018874309
SPU_002603,SPU_026205,0.018872368
SPU_017106,SPU_003378,0.018871814
SPU_017725,SPU_025125,0.018870012
SPU_018908,SPU_022242,0.018868071
SPU_005718,SPU_003378,0.01886419
SPU_009831,SPU_002662_1,0.018858368
SPU_011189,SPU_006871,0.018848942
SPU_017837,SPU_014836,0.018838407
SPU_026633,SPU_008196,0.018829813
SPU_002634,SPU_002677,0.018819972
SPU_007644,SPU_012949,0.018817338
SPU_000276,SPU_020330_1,0.018810546
SPU_004287_1,SPU_026731,0.018807635
SPU_018355_1,SPU_018355,0.018799041
SPU_014793,SPU_014836,0.018787259
SPU_012648_1,SPU_021757,0.018778249
SPU_021557,SPU_015466,0.018775061
SPU_007611,SPU_004148,0.018775061
SPU_023366,SPU_000440,0.018773397
SPU_027015,SPU_024877,0.018768684
SPU_004414,SPU_012772,0.018766744
SPU_000485,SPU_002816,0.018765912
SPU_006808,SPU_007262,0.018761338
SPU_022846,SPU_020637,0.0187551
SPU_022846,SPU_012008,0.018753437
SPU_004723,SPU_027918,0.018750664
SPU_018581,SPU_011272_1,0.018746922
SPU_008936,SPU_026099,0.018746506
SPU_022816,SPU_010305,0.018721694
SPU_000485,SPU_014802,0.01871407
SPU_027472,SPU_015362,0.018709635
SPU_012648,SPU_019508,0.018705615
SPU_026099,SPU_015456,0.018701734
SPU_011635,SPU_018392,0.018697021
SPU_015243,SPU_009178,0.018693971
SPU_019332,SPU_003595,0.018690644
SPU_014418,SPU_000975,0.018688842
SPU_014332,SPU_011711,0.018669852
SPU_021172,SPU_008112,0.018666941
SPU_026633,SPU_013810_1,0.018663892
SPU_018483,SPU_024044,0.018660149
SPU_013047,SPU_009474,0.018655159
SPU_002791,SPU_018392,0.018652941
SPU_018355_1,SPU_013689,0.018652525
SPU_000276,SPU_007147,0.018642684
SPU_026205,SPU_009876,0.018638387
SPU_006786,SPU_012203,0.018633535
SPU_001262,SPU_005708,0.018633258
SPU_012648,SPU_010329_1,0.018631179
SPU_008845,SPU_011001,0.018622307
SPU_012490,SPU_018797,0.018619258
SPU_015908,SPU_017379,0.01861801
SPU_012253,SPU_010458,0.018616347
SPU_020565,SPU_008752,0.018615377
SPU_022049,SPU_017348,0.018613991
SPU_018581,SPU_022817,0.018604288
SPU_012203,SPU_005955_1,0.018603733
SPU_000861,SPU_014643,0.018599575
SPU_025590,SPU_007957,0.018587238
SPU_020124,SPU_009079_1,0.018574347
SPU_003470,SPU_009685,0.018570743
SPU_014793,SPU_018355,0.018569079
SPU_004723,SPU_009847,0.018564505
SPU_009048,SPU_019290,0.018558822
SPU_017470,SPU_027935_1,0.018537198
SPU_006814,SPU_002677,0.018526525
SPU_025346,SPU_023366,0.018510861
SPU_008528,SPU_017811,0.018501297
SPU_000861,SPU_012469,0.01849894
SPU_007644,SPU_004037,0.018498109
SPU_001657,SPU_010634,0.018489099
SPU_001998,SPU_016523,0.01847399
SPU_012384,SPU_012469,0.018466227
SPU_018056,SPU_008698,0.01846193
SPU_027472,SPU_024139,0.018461237
SPU_008703,SPU_008936,0.018458049
SPU_020123,SPU_014686,0.018457356
SPU_021119,SPU_019656,0.018455416
SPU_018393,SPU_027969,0.018451118
SPU_026465,SPU_018391,0.018442247
SPU_003166,SPU_009876,0.018441693
SPU_013119,SPU_001113,0.018435039
SPU_011297,SPU_027145,0.018434901
SPU_023090,SPU_008698,0.018432406
SPU_001739,SPU_013047,0.018429495
SPU_009048,SPU_008936,0.018423396
SPU_006312,SPU_007315,0.018419099
SPU_022846,SPU_025632,0.018414524
SPU_027472,SPU_025632,0.018403574
SPU_021192,SPU_024946,0.018396782
SPU_018355_1,SPU_005708,0.018392346
SPU_020637,SPU_012008,0.01839096
SPU_012203,SPU_010634,0.018389435
SPU_006814,SPU_006786,0.01838597
SPU_022846,SPU_024877,0.018382366
SPU_008703,SPU_008752,0.018380841
SPU_014170,SPU_023813,0.018378623
SPU_007599,SPU_015456,0.018361712
SPU_006786,SPU_026099,0.01835797
SPU_022816,SPU_008196,0.018348821
SPU_003704,SPU_008698,0.018340643
SPU_006462,SPU_013810,0.018329831
SPU_005358,SPU_022817,0.018329554
SPU_008117,SPU_011720,0.018325672
SPU_003166,SPU_007862,0.018313613
SPU_012491,SPU_007599,0.018311672
SPU_021192,SPU_019656,0.018310702
SPU_025346,SPU_011270,0.018305435
SPU_006991,SPU_009048,0.018303217
SPU_002677,SPU_001739,0.018301831
SPU_011635,SPU_018673,0.018296979
SPU_019290,SPU_014401,0.018293652
SPU_028255,SPU_003548,0.018279791
SPU_013047,SPU_027145,0.018274939
SPU_009642,SPU_028093,0.018273415
SPU_015908,SPU_008752,0.018266623
SPU_000440,SPU_015243,0.018264405
SPU_003595_1,SPU_028120,0.018260939
SPU_004723,SPU_025849,0.018249712
SPU_022678,SPU_007644,0.018248603
SPU_021557,SPU_010295,0.018247632
SPU_020722,SPU_013902,0.018245415
SPU_002631,SPU_000861,0.018242919
SPU_006803,SPU_008196,0.018233494
SPU_006808,SPU_005667,0.018229197
SPU_010295,SPU_002025,0.018229058
SPU_019002,SPU_026633,0.018226563
SPU_015982,SPU_027145,0.01822282
SPU_018581,SPU_021210,0.018222682
SPU_008528,SPU_005035,0.01821783
SPU_006462,SPU_013810_1,0.018208682
SPU_017837,SPU_026510,0.01820785
SPU_013015,SPU_026205,0.01819787
SPU_012491,SPU_006484,0.018194543
SPU_018483,SPU_026633,0.018183592
SPU_006312,SPU_012912,0.018183315
SPU_018483,SPU_013810,0.018176662
SPU_003179,SPU_013810_1,0.018174167
SPU_004723,SPU_026510,0.018173474
SPU_026633,SPU_013810,0.018170979
SPU_003470,SPU_022697,0.018165988
SPU_007253,SPU_000437,0.018165018
SPU_005572,SPU_007108,0.018160998
SPU_000485,SPU_019366,0.018149909
SPU_012699,SPU_007599,0.018149493
SPU_023090,SPU_027774,0.018147275
SPU_003179,SPU_006242,0.018147137
SPU_007262,SPU_004037,0.01814686
SPU_028479,SPU_013689,0.018136879
SPU_003179,SPU_013967,0.018132444
SPU_008196_1,SPU_008196,0.018128147
SPU_005572,SPU_002592,0.018127038
SPU_016523,SPU_011348,0.018126206
SPU_009831,SPU_006871,0.018118998
SPU_025632,SPU_015719,0.018111929
SPU_003595_1,SPU_025888,0.018108048
SPU_008936,SPU_013570,0.018106107
SPU_008936,SPU_012203,0.018102087
SPU_003179,SPU_014289,0.018101117
SPU_021557,SPU_006312,0.018099176
SPU_000485,SPU_015767,0.018081711
SPU_011315,SPU_017492,0.018075196
SPU_018391,SPU_007203,0.018067156
SPU_000424,SPU_002025_1,0.018063968
SPU_004723,SPU_014836,0.018060503
SPU_009048,SPU_025632,0.018059117
SPU_009771,SPU_013967,0.018051077
SPU_002129,SPU_022817,0.018042621
SPU_014332,SPU_012469,0.018031116
SPU_027214,SPU_011174,0.018029314
SPU_013015,SPU_010305,0.018025295
SPU_015982,SPU_023757,0.018019334
SPU_000129,SPU_021192,0.018007968
SPU_008528,SPU_025848,0.018005334
SPU_012384,SPU_014923,0.01800478
SPU_000485,SPU_025632,0.018001453
SPU_013015,SPU_028148,0.018001314
SPU_023090,SPU_005737,0.01799771
SPU_001262_2,SPU_012949,0.017988285
SPU_015828,SPU_007611,0.017977057
SPU_003166,SPU_002615,0.017975393
SPU_027053,SPU_021382,0.01797276
SPU_012469,SPU_012877,0.017963195
SPU_010351,SPU_020082,0.017958067
SPU_006814,SPU_006787,0.017957235
SPU_012648,SPU_022955,0.017956403
SPU_018355,SPU_008698,0.017955433
SPU_027053,SPU_005737,0.017947255
SPU_025632,SPU_016786,0.017938522
SPU_019332,SPU_007981,0.017935611
SPU_014461,SPU_019656,0.017933532
SPU_000757,SPU_028120,0.017933255
SPU_002791,SPU_018673,0.017925354
SPU_008528,SPU_005435,0.017909552
SPU_007644,SPU_028746,0.017908443
SPU_027472,SPU_021192,0.017908304
SPU_012772,SPU_013202,0.017907611
SPU_009642,SPU_009053,0.017895829
SPU_024877,SPU_008595,0.017894304
SPU_009048,SPU_000975,0.017889175
SPU_001262,SPU_002428,0.017882938
SPU_014793,SPU_014684,0.0178767
SPU_016443,SPU_019656,0.017866442
SPU_018392,SPU_000922,0.01785965
SPU_006991,SPU_017725,0.017859234
SPU_025113,SPU_006871,0.017857432
SPU_018391,SPU_025848,0.017851749
SPU_022820,SPU_018391,0.01785064
SPU_003595_1,SPU_023757,0.017849531
SPU_008703,SPU_016523,0.017846343
SPU_027053,SPU_001937,0.017838997
SPU_007611,SPU_002631,0.01783262
SPU_023894,SPU_019290,0.017829848
SPU_003704,SPU_005737,0.01782971
SPU_026465,SPU_013689,0.017815016
SPU_023386,SPU_013810,0.017813492
SPU_013569,SPU_014628,0.017812521
SPU_000861,SPU_008112,0.017811412
SPU_026763,SPU_010305,0.017810165
SPU_009642,SPU_002707,0.017810165
SPU_013569,SPU_027774,0.017807947
SPU_003166,SPU_026633,0.017803927
SPU_007253,SPU_002677,0.017800462
SPU_001113,SPU_021726,0.017796858
SPU_004723,SPU_022697,0.017793808
SPU_014802,SPU_007147,0.017789234
SPU_012648_1,SPU_000016_1,0.017780501
SPU_006421,SPU_002632,0.01777468
SPU_017348,SPU_027935_1,0.017768442
SPU_003166,SPU_013305,0.017763036
SPU_012914,SPU_010924_1,0.017759293
SPU_022049,SPU_026962,0.017758323
SPU_003704,SPU_023037,0.017751392
SPU_026099,SPU_014418,0.017746541
SPU_010351,SPU_023140,0.017744462
SPU_022820,SPU_002707,0.017740858
SPU_018797,SPU_003548,0.017729214
SPU_002791,SPU_026390,0.017725056
SPU_004217,SPU_007644,0.017721729
SPU_027598,SPU_007611,0.01771965
SPU_026905,SPU_010924,0.017719511
SPU_001113,SPU_004021,0.017715214
SPU_018483,SPU_030148,0.017710778
SPU_015772,SPU_006786,0.017708699
SPU_023037,SPU_021382,0.017701353
SPU_002816,SPU_005955,0.017696501
SPU_008845,SPU_004723,0.017691372
SPU_017407,SPU_011348,0.017681253
SPU_007253,SPU_027145,0.017674739
SPU_006753,SPU_006312,0.017671412
SPU_017379,SPU_027145,0.017669748
SPU_009178,SPU_020646,0.017667808
SPU_008117_1,SPU_015466,0.01766559
SPU_004287_1,SPU_003179,0.017664481
SPU_026099,SPU_023894,0.017663927
SPU_018744,SPU_008953_1,0.017661154
SPU_027214,SPU_027708,0.017653946
SPU_004217,SPU_018392,0.017650065
SPU_012203,SPU_015772,0.017649372
SPU_016881,SPU_020803,0.017647709
SPU_002634,SPU_028120,0.017644936
SPU_018056,SPU_005737,0.017644105
SPU_013689,SPU_006427,0.017644105
SPU_021210,SPU_017971,0.017640639
SPU_009876,SPU_018861,0.017630798
SPU_014576,SPU_003586,0.017629273
SPU_012648_1,SPU_008112,0.017628857
SPU_007644,SPU_013904,0.017613055
SPU_008936,SPU_025632,0.017608619
SPU_019290,SPU_013178,0.017606956
SPU_014802,SPU_024307,0.017605154
SPU_022846,SPU_024946,0.017588798
SPU_004217,SPU_028746,0.017583392
SPU_019656,SPU_019366,0.017582698
SPU_012772,SPU_017379,0.017567312
SPU_019366,SPU_010634,0.017565372
SPU_018126,SPU_027145,0.017561906
SPU_022846,SPU_014802,0.017557193
SPU_028827,SPU_015466,0.017548599
SPU_014628,SPU_017635,0.017545411
SPU_002634,SPU_026731,0.017510619
SPU_015640,SPU_000749,0.017479292
SPU_022049,SPU_009178,0.017470559
SPU_018581,SPU_025849,0.017467648
SPU_004021,SPU_014418,0.017456698
SPU_003179,SPU_025888,0.017452678
SPU_026465,SPU_008698,0.017449767
SPU_000440,SPU_002592,0.017449767
SPU_007599,SPU_005955,0.01744852
SPU_022846,SPU_002816,0.017447549
SPU_018355_1,SPU_014683,0.01744644
SPU_015640,SPU_000975,0.017438539
SPU_009642,SPU_027918,0.017438539
SPU_009048,SPU_021192,0.017433688
SPU_006814,SPU_027145,0.017430777
SPU_024139,SPU_012203,0.017411787
SPU_018393,SPU_011315,0.017399727
SPU_018392,SPU_000540,0.017387668
SPU_007599,SPU_000276,0.017381846
SPU_015358,SPU_009646,0.017379628
SPU_016443,SPU_015362,0.01737741
SPU_000424,SPU_025849,0.017375608
SPU_021172,SPU_009876,0.017369509
SPU_022678,SPU_008698,0.0173684
SPU_018355_1,SPU_013861,0.017366598
SPU_008936,SPU_019366,0.01736244
SPU_007147,SPU_011315,0.017360915
SPU_002603,SPU_028148,0.017360777
SPU_020722,SPU_011001,0.017344281
SPU_010295,SPU_026962,0.017342618
SPU_017407,SPU_023757,0.017340262
SPU_002816,SPU_025632,0.017339153
SPU_021119,SPU_002816,0.017336796
SPU_023037,SPU_018373,0.017331945
SPU_004217,SPU_008698,0.017326539
SPU_027774,SPU_015828,0.017324598
SPU_013119,SPU_025632,0.017322935
SPU_011202,SPU_005955,0.017321133
SPU_028827,SPU_022816,0.017312262
SPU_016443,SPU_008595,0.017310875
SPU_020123,SPU_013576,0.017309628
SPU_020311,SPU_021557,0.01730838
SPU_015829,SPU_007611,0.017304638
SPU_018744,SPU_013861,0.01729937
SPU_011297,SPU_005955_1,0.017296875
SPU_014802,SPU_015772,0.017295628
SPU_013047,SPU_028120,0.017295212
SPU_004287,SPU_007862,0.017291053
SPU_025346,SPU_006871,0.017284954
SPU_012648,SPU_011720,0.017284261
SPU_012772,SPU_015772,0.017268043
SPU_016443,SPU_023813,0.017261667
SPU_014461,SPU_016786,0.017259865
SPU_011576,SPU_001628,0.017248083
SPU_011576,SPU_015767,0.017243925
SPU_025113,SPU_014836,0.017229093
SPU_007262,SPU_023037,0.017225627
SPU_009771,SPU_002677,0.017218558
SPU_016443,SPU_004024,0.017213707
SPU_022817,SPU_004746,0.017213568
SPU_027214,SPU_026418,0.017205944
SPU_015640,SPU_025632,0.017205251
SPU_001739,SPU_027145,0.017200815
SPU_005572,SPU_009685,0.017185984
SPU_024093,SPU_014588,0.017157013
SPU_004217,SPU_001937,0.01715535
SPU_018581,SPU_006058,0.017155073
SPU_024877,SPU_004024,0.017152439
SPU_012008,SPU_026099,0.01715133
SPU_020124,SPU_011174,0.017139686
SPU_003704,SPU_013861,0.017139686
SPU_008117,SPU_014836,0.017136498
SPU_014289,SPU_027472,0.017135805
SPU_007981,SPU_026510,0.017129706
SPU_009048,SPU_012203,0.017123469
SPU_026465,SPU_013861,0.017099904
SPU_000485,SPU_020330_1,0.017092696
SPU_018056,SPU_023037,0.017091449
SPU_024918,SPU_018391,0.017090478
SPU_008117_1,SPU_019508,0.017089092
SPU_027598,SPU_004217,0.017082716
SPU_008752,SPU_025125,0.017081468
SPU_014793,SPU_018888,0.017061924
SPU_014722,SPU_007611,0.017057072
SPU_019089,SPU_027708,0.017051666
SPU_011635,SPU_009646,0.01705028
SPU_015772,SPU_024946,0.017050141
SPU_002677,SPU_014588,0.017043904
SPU_011297,SPU_006787,0.017043211
SPU_021608,SPU_012469,0.017039607
SPU_009876,SPU_021192,0.017038636
SPU_012645,SPU_024610,0.017030874
SPU_016881,SPU_012489,0.017030874
SPU_019366,SPU_011315,0.017017428
SPU_015908,SPU_015772,0.017012854
SPU_013569,SPU_028093,0.017012438
SPU_026418,SPU_006484,0.017011052
SPU_018355,SPU_018392,0.017008003
SPU_017348,SPU_020646,0.017003706
SPU_013689,SPU_011272_1,0.016998577
SPU_005572,SPU_012912,0.016986102
SPU_022820,SPU_011174,0.0169843
SPU_012469,SPU_013202,0.01697723
SPU_021192,SPU_008595,0.016976399
SPU_018744,SPU_022717,0.016974458
SPU_013689_1,SPU_021666,0.016968913
SPU_003704,SPU_028746,0.016963369
SPU_018355,SPU_013861,0.016962676
SPU_027598,SPU_012949,0.016957963
SPU_011189,SPU_009646,0.016953804
SPU_006991,SPU_006637,0.016942715
SPU_018355_1,SPU_008698,0.016931626
SPU_006786,SPU_008936,0.016928299
SPU_017837,SPU_000578,0.016926497
SPU_014576,SPU_025888,0.016920398
SPU_009642,SPU_013689,0.016917349
SPU_002874,SPU_027774,0.016916933
SPU_006786,SPU_015362,0.016916933
SPU_006583,SPU_024189,0.016915131
SPU_006753,SPU_015466,0.016907923
SPU_015712,SPU_009048,0.016906675
SPU_015640,SPU_019290,0.016902517
SPU_014170,SPU_005955,0.016895863
SPU_018391,SPU_004807,0.016890735
SPU_017407,SPU_017492,0.01688824
SPU_004599,SPU_012008,0.016884913
SPU_000276,SPU_011315,0.016879923
SPU_015908,SPU_025125,0.016873547
SPU_016443,SPU_025632,0.016870358
SPU_008528,SPU_022487,0.016870081
SPU_018355_1,SPU_022717,0.016869527
SPU_008528,SPU_007203,0.016860933
SPU_003470,SPU_028093,0.016858715
SPU_018581,SPU_002025_1,0.016854279
SPU_014576,SPU_024953,0.016840418
SPU_018483,SPU_022816,0.01684014
SPU_012648,SPU_018391,0.016836952
SPU_004217,SPU_027774,0.016835289
SPU_021210,SPU_002025_1,0.01683113
SPU_002874,SPU_017441,0.016830715
SPU_013305,SPU_028148,0.016827804
SPU_002815,SPU_006484,0.016825863
SPU_002677,SPU_013047,0.016825586
SPU_020123,SPU_028583,0.016823091
SPU_002677,SPU_006787,0.016816437
SPU_016617,SPU_028583,0.01681519
SPU_014802,SPU_010634,0.016814635
SPU_014576,SPU_011246,0.016812695
SPU_000440,SPU_002615,0.016811031
SPU_002677,SPU_021192,0.01680812
SPU_010305,SPU_013140_1,0.016794675
SPU_001739,SPU_023730,0.016792041
SPU_009831,SPU_017441,0.016788299
SPU_028120,SPU_001113,0.016787467
SPU_020722,SPU_009831,0.016786219
SPU_010351,SPU_021192,0.016782477
SPU_026465,SPU_023037,0.016776932
SPU_027472,SPU_027145,0.016773605
SPU_028583,SPU_028148,0.016763764
SPU_023090,SPU_018673,0.016759467
SPU_015982,SPU_009048,0.016750318
SPU_026418,SPU_020282,0.016732437
SPU_015358,SPU_015466,0.016731051
SPU_015456,SPU_003649,0.016730635
SPU_002791,SPU_028746,0.016726754
SPU_026465,SPU_022717,0.016725645
SPU_026877,SPU_008196_1,0.016720655
SPU_027015,SPU_017511,0.016714694
SPU_000757,SPU_027145,0.016710536
SPU_021119,SPU_016786,0.016709427
SPU_007599,SPU_025632,0.016708457
SPU_002874,SPU_028746,0.016693763
SPU_002874,SPU_007981,0.016685169
SPU_027053,SPU_024901_1,0.016676714
SPU_001262,SPU_022717,0.016668536
SPU_003166,SPU_026205,0.016667843
SPU_001262,SPU_008953_1,0.01666715
SPU_015640,SPU_008936,0.016660219
SPU_018581,SPU_003548,0.016650932
SPU_018355_1,SPU_008953_1,0.01664705
SPU_000485,SPU_006004,0.01664109
SPU_023037,SPU_026390,0.016637763
SPU_015772,SPU_023894,0.016634021
SPU_026099,SPU_005955,0.016630278
SPU_008528,SPU_018391,0.016627506
SPU_000485,SPU_012008,0.016626258
SPU_005358,SPU_010924_1,0.016624872
SPU_009831,SPU_027774,0.016623486
SPU_006462,SPU_024044,0.016621129
SPU_018056,SPU_013861,0.016617526
SPU_012699,SPU_001628,0.016615724
SPU_003704,SPU_022717,0.016599783
SPU_008117,SPU_009646,0.016598535
SPU_015982,SPU_022846,0.01658204
SPU_012914,SPU_000016_1,0.016572614
SPU_005572,SPU_002554,0.016572337
SPU_027053,SPU_024901,0.016569703
SPU_002874,SPU_022697,0.016560694
SPU_015374,SPU_023757,0.016558753
SPU_020637,SPU_023813,0.016555565
SPU_014332,SPU_006871,0.016553901
SPU_023037,SPU_027774,0.016549604
SPU_008752,SPU_000578,0.016548495
SPU_012469,SPU_011130,0.016547802
SPU_028120,SPU_005955_1,0.016540733
SPU_018797,SPU_000129,0.016536436
SPU_014461,SPU_000975,0.016534495
SPU_000975,SPU_025632,0.016521881
SPU_027235,SPU_026205,0.016514812
SPU_013569,SPU_007862,0.01650802
SPU_012469,SPU_020123,0.016505525
SPU_016449,SPU_027598,0.016497347
SPU_012648,SPU_018392,0.016497347
SPU_021210,SPU_027144,0.016491941
SPU_015640,SPU_021119,0.016486396
SPU_016786,SPU_023813,0.016479743
SPU_008936,SPU_024946,0.016479743
SPU_006676,SPU_006484,0.016473921
SPU_001739,SPU_008936,0.01647198
SPU_002677,SPU_000437,0.016468931
SPU_005358,SPU_007011,0.016468792
SPU_025010,SPU_009876,0.016468515
SPU_005358,SPU_023366,0.016465465
SPU_014418,SPU_023894,0.016459921
SPU_015719,SPU_008595,0.016459644
SPU_000739,SPU_008112,0.01645604
SPU_011576,SPU_014418,0.016450634
SPU_018355,SPU_022841,0.016449109
SPU_018581,SPU_024555,0.016426653
SPU_015243,SPU_001262_1,0.016423188
SPU_018483,SPU_014752,0.01642
SPU_025632,SPU_015767,0.016419168
SPU_025010,SPU_002428,0.016414455
SPU_012645,SPU_016045,0.016411544
SPU_022846,SPU_019366,0.016411267
SPU_008528,SPU_018392,0.01641002
SPU_014628,SPU_005708,0.016407247
SPU_003470,SPU_023366,0.016406693
SPU_018355,SPU_022717,0.016399901
SPU_014170,SPU_015767,0.016396851
SPU_014793,SPU_011272_1,0.016390614
SPU_015719,SPU_001628,0.016381881
SPU_015719,SPU_012008,0.016380079
SPU_009831,SPU_023037,0.016361504
SPU_023037,SPU_004037,0.016358039
SPU_020722,SPU_012948,0.016357485
SPU_015772,SPU_012203,0.016356514
SPU_008117_1,SPU_011720,0.016356514
SPU_004287_1,SPU_017971,0.016347366
SPU_012913,SPU_002815,0.01633392
SPU_017725,SPU_010924_1,0.016332811
SPU_011174,SPU_023463_1,0.016328376
SPU_014332,SPU_009685,0.016316316
SPU_012490,SPU_017511,0.016305088
SPU_015772,SPU_019366,0.016296494
SPU_008703,SPU_025125,0.016294969
SPU_020637,SPU_020330_1,0.016293583
SPU_016786,SPU_015767,0.016290672
SPU_000440,SPU_025590,0.016284712
SPU_014628,SPU_021210,0.016280554
SPU_017837,SPU_022697,0.016278336
SPU_008117_1,SPU_014836,0.016264752
SPU_027774,SPU_004037,0.016260593
SPU_012648,SPU_004806,0.016258514
SPU_023177,SPU_014289,0.016253247
SPU_011315,SPU_027598,0.016237722
SPU_002129,SPU_026633,0.016232593
SPU_012491,SPU_004340,0.016229543
SPU_007644,SPU_014683,0.016224137
SPU_025113,SPU_009646,0.016218038
SPU_012648_1,SPU_011226,0.016202929
SPU_012469,SPU_010924,0.016201959
SPU_016881,SPU_030073,0.016200157
SPU_025346,SPU_014684,0.016195167
SPU_011635,SPU_018391,0.016190038
SPU_006787,SPU_023894,0.01618685
SPU_001113,SPU_000975,0.016184632
SPU_008936,SPU_007599,0.016184355
SPU_024189,SPU_004551,0.016183246
SPU_011576,SPU_023813,0.016177286
SPU_018744,SPU_003937,0.016177286
SPU_012490,SPU_020646,0.016173682
SPU_007981,SPU_028746,0.016168692
SPU_011202,SPU_002816,0.01615788
SPU_016523,SPU_007360_1,0.016150256
SPU_012772,SPU_027708,0.016147484
SPU_007644,SPU_008698,0.016141385
SPU_023090,SPU_028746,0.016140553
SPU_001262_2,SPU_018355,0.016112137
SPU_024918,SPU_013902,0.016097721
SPU_005435,SPU_020282,0.016097305
SPU_018581,SPU_022916,0.016088711
SPU_028827,SPU_005522,0.016085107
SPU_012469,SPU_017750,0.01608178
SPU_018126,SPU_000437,0.016078869
SPU_000424,SPU_013140,0.016076652
SPU_012648_1,SPU_020726,0.016074295
SPU_026905,SPU_006421,0.016069305
SPU_008117,SPU_026510,0.01606778
SPU_016449,SPU_022678,0.016067642
SPU_013305,SPU_017971,0.016067503
SPU_015358,SPU_010458,0.01606584
SPU_003166,SPU_014752,0.016064315
SPU_000756,SPU_013810,0.016061958
SPU_015374,SPU_013810,0.016045463
SPU_008936,SPU_014802,0.016044354
SPU_002592,SPU_015466,0.016044077
SPU_024877,SPU_004340,0.016038117
SPU_022817,SPU_003548,0.016037424
SPU_006814,SPU_023757,0.016034651
SPU_013047,SPU_000437,0.016029245
SPU_003166,SPU_022817,0.016026889
SPU_011174,SPU_019089,0.016017186
SPU_003166,SPU_013810,0.0160158
SPU_010635,SPU_004021,0.016015107
SPU_004287_1,SPU_012877_1,0.016011087
SPU_007262,SPU_016250,0.016008315
SPU_000948,SPU_023730,0.016008037
SPU_014332,SPU_000739,0.016004711
SPU_009876,SPU_012491,0.015998889
SPU_002874,SPU_007644,0.015983918
SPU_011189,SPU_018392,0.015981146
SPU_025584,SPU_023366,0.015979067
SPU_012203,SPU_016523,0.015978235
SPU_012648_1,SPU_000016,0.015977681
SPU_024877,SPU_012008,0.01597574
SPU_000757,SPU_012203,0.015972275
SPU_005358,SPU_017656,0.015963819
SPU_022846,SPU_020330_1,0.015962017
SPU_013689,SPU_007862,0.015955503
SPU_018581,SPU_018888,0.015944552
SPU_009642,SPU_022697,0.015940671
SPU_015358,SPU_000739,0.015939978
SPU_023090,SPU_013861,0.015934017
SPU_006462,SPU_012912,0.015928334
SPU_002603,SPU_020646,0.015921403
SPU_018392,SPU_000806,0.015916829
SPU_008117_1,SPU_026390,0.015911839
SPU_019290,SPU_026099,0.015887166
SPU_005572,SPU_003166,0.015885502
SPU_012469,SPU_012632,0.015877878
SPU_027053,SPU_018673,0.015874413
SPU_011202,SPU_001628,0.015874274
SPU_000276,SPU_010634,0.015871641
SPU_018391,SPU_018392,0.015869423
SPU_020124,SPU_008752,0.015865403
SPU_005435,SPU_019332,0.01586374
SPU_003166,SPU_027708,0.015860136
SPU_024877,SPU_024139,0.015853898
SPU_020565,SPU_016523,0.01583574
SPU_006991,SPU_000739,0.015831165
SPU_020637,SPU_014802,0.015828116
SPU_025346,SPU_013569,0.015827977
SPU_018056,SPU_028746,0.015825482
SPU_024093,SPU_030073,0.015825482
SPU_018392,SPU_008845,0.01582271
SPU_028255,SPU_011246,0.015819799
SPU_023894,SPU_014418,0.015818413
SPU_028255,SPU_013810,0.015817997
SPU_025346,SPU_006808,0.015815918
SPU_025113,SPU_012648_1,0.015810928
SPU_003179,SPU_028148,0.015808017
SPU_000739,SPU_015243,0.015799007
SPU_014170,SPU_025632,0.015797621
SPU_014793,SPU_006058,0.015796373
SPU_018581,SPU_021666,0.015782234
SPU_007981,SPU_011720,0.015781264
SPU_003470,SPU_023037,0.015779462
SPU_009048,SPU_008595,0.015779185
SPU_002791,SPU_007981,0.015775997
SPU_019290,SPU_004924,0.015773779
SPU_003102,SPU_006991,0.015748412
SPU_003166,SPU_007108,0.015747026
SPU_015772,SPU_006787,0.015738155
SPU_012648_1,SPU_025346,0.015735937
SPU_023894,SPU_001628,0.015731779
SPU_009642,SPU_013861,0.015723185
SPU_004148,SPU_014055,0.015722214
SPU_023037,SPU_001937,0.01572166
SPU_019290,SPU_007147,0.015720967
SPU_006462,SPU_014752,0.015714452
SPU_020722,SPU_010329_1,0.015713482
SPU_013689,SPU_018888,0.015710432
SPU_027053,SPU_016250,0.015708907
SPU_025010,SPU_024953,0.015693937
SPU_014197,SPU_000975,0.015691303
SPU_002320,SPU_000739,0.01569061
SPU_007611,SPU_020282,0.015685481
SPU_023090,SPU_023037,0.015681046
SPU_003595_1,SPU_003937,0.015677442
SPU_006787,SPU_004024,0.015676056
SPU_006753,SPU_000440,0.015669125
SPU_022049,SPU_012912,0.015645422
SPU_008752,SPU_004723,0.015634055
SPU_003102,SPU_021557,0.015633917
SPU_022820,SPU_009685,0.015633085
SPU_015374,SPU_019089,0.015632947
SPU_006917,SPU_026731,0.015631283
SPU_008528,SPU_004723,0.015627679
SPU_009771,SPU_014289,0.015626432
SPU_001262_1,SPU_017470,0.015607441
SPU_012648,SPU_003595,0.015598016
SPU_011189,SPU_000578,0.01559261
SPU_024903,SPU_012469,0.015592194
SPU_006676,SPU_013810_1,0.015588313
SPU_006312,SPU_012877,0.015579025
SPU_013689,SPU_013861,0.015564332
SPU_011297,SPU_020637,0.01556156
SPU_021192,SPU_016786,0.015555184
SPU_020637,SPU_025632,0.015549778
SPU_002632,SPU_015712,0.015544095
SPU_027235,SPU_022816,0.015543402
SPU_007262,SPU_006808,0.015537441
SPU_011635,SPU_014628,0.015528015
SPU_016523,SPU_015772,0.015523441
SPU_008703,SPU_017379,0.015519976
SPU_002791,SPU_027774,0.015516372
SPU_023037,SPU_005737,0.01551249
SPU_023177,SPU_016523,0.015508193
SPU_017492,SPU_011348,0.015505283
SPU_015772,SPU_016786,0.015499877
SPU_009831,SPU_004037,0.015499599
SPU_003595,SPU_003490,0.015496688
SPU_012469,SPU_009053,0.015496411
SPU_027235,SPU_013810_1,0.015489896
SPU_018581,SPU_018355_1,0.015481995
SPU_016786,SPU_018393,0.015472847
SPU_014576,SPU_024610,0.015465223
SPU_028583,SPU_019089,0.015463837
SPU_004723,SPU_011226,0.015461619
SPU_001998,SPU_012772,0.01544748
SPU_026099,SPU_019290,0.015443045
SPU_001657,SPU_016792,0.01544055
SPU_000424,SPU_007087,0.015439718
SPU_012546,SPU_021044,0.015420035
SPU_021210,SPU_013967,0.015419757
SPU_015828,SPU_004621,0.01541754
SPU_003166,SPU_013810_1,0.01540049
SPU_021119,SPU_000749,0.015400213
SPU_019290,SPU_018393,0.015388153
SPU_021192,SPU_005955_1,0.0153815
SPU_002677,SPU_009048,0.015380114
SPU_014628,SPU_030139,0.015373737
SPU_004702,SPU_008698,0.015369163
SPU_004021,SPU_008595_1,0.015365836
SPU_028827,SPU_021557,0.015362232
SPU_008117_1,SPU_009646,0.015361955
SPU_024877,SPU_021192,0.015347123
SPU_005572,SPU_014836,0.015346708
SPU_015456,SPU_017492,0.015333262
SPU_014170,SPU_011315,0.015321064
SPU_019089,SPU_014289,0.015319262
SPU_008117_1,SPU_020282,0.01531344
SPU_011297,SPU_002816,0.015302351
SPU_020565,SPU_010634,0.015293895
SPU_003166,SPU_017511,0.015291955
SPU_008703,SPU_014289,0.015290707
SPU_003179,SPU_000129,0.015283361
SPU_016443,SPU_016786,0.015278648
SPU_021192,SPU_019366,0.015278093
SPU_027214,SPU_001262_1,0.015257856
SPU_008196,SPU_024044,0.015257856
SPU_006808,SPU_009847,0.015252865
SPU_003470,SPU_006808,0.015251063
SPU_002677,SPU_004340,0.015250925
SPU_000749,SPU_016792,0.015247182
SPU_014802,SPU_005955_1,0.015245935
SPU_016443,SPU_024877,0.015245658
SPU_003470,SPU_006871,0.015242608
SPU_003166,SPU_009178,0.015242192
SPU_018392,SPU_011001,0.015239836
SPU_014576,SPU_023730,0.015232628
SPU_003166,SPU_003084,0.015229301
SPU_014802,SPU_012489,0.015229162
SPU_016449,SPU_003937,0.015223756
SPU_007644,SPU_022841,0.015223202
SPU_016881,SPU_011202,0.015218073
SPU_005718,SPU_001113,0.015215578
SPU_010295,SPU_014836,0.015214885
SPU_025888,SPU_028120,0.015211143
SPU_000485,SPU_020637,0.015201439
SPU_000424,SPU_013140_1,0.015195895
SPU_006676,SPU_014131,0.015192014
SPU_022817,SPU_014643,0.015191043
SPU_026763,SPU_008196,0.015190489
SPU_002677,SPU_016449,0.015181895
SPU_013178,SPU_013305,0.015181618
SPU_001262_2,SPU_013689,0.0151794
SPU_011635,SPU_022816,0.015177182
SPU_005358,SPU_006333,0.015174964
SPU_016881,SPU_017492,0.015173162
SPU_012699,SPU_012008,0.01517233
SPU_018126,SPU_021192,0.015166231
SPU_026962,SPU_012632,0.015165261
SPU_023037,SPU_000578,0.015152786
SPU_000756,SPU_020646,0.015150013
SPU_016881,SPU_020803_1,0.015146964
SPU_006421,SPU_000016_1,0.015142112
SPU_022846,SPU_009474,0.015132548
SPU_014628,SPU_003179,0.015126726
SPU_028479,SPU_022717,0.015125895
SPU_006753,SPU_000861,0.015121459
SPU_025346,SPU_011226,0.015120766
SPU_013689,SPU_002025_1,0.015110231
SPU_020123,SPU_022242,0.015105657
SPU_019002,SPU_006991,0.015104271
SPU_006787,SPU_008595,0.015093182
SPU_003470,SPU_011270,0.01508334
SPU_003179,SPU_012772,0.015079459
SPU_009048,SPU_014461,0.015076409
SPU_021192,SPU_012699,0.015076409
SPU_012699,SPU_005955,0.015075577
SPU_014802,SPU_024093,0.015072944
SPU_014289,SPU_006484,0.015062548
SPU_026205,SPU_007863,0.015060746
SPU_006787,SPU_020637,0.015059775
SPU_026465,SPU_018673,0.015058667
SPU_023177,SPU_013570,0.015058389
SPU_004702,SPU_028746,0.015052983
SPU_007981,SPU_015828,0.015052983
SPU_009642,SPU_011272_1,0.015050765
SPU_011202,SPU_014418,0.015045082
SPU_012648,SPU_026510,0.015041478
SPU_008936,SPU_027472,0.015040231
SPU_012490,SPU_026633,0.015038013
SPU_018126,SPU_004340,0.015036488
SPU_023386,SPU_000129,0.015035379
SPU_004723,SPU_023463_1,0.015032191
SPU_020311,SPU_012469,0.015019577
SPU_010305,SPU_008196,0.015019439
SPU_015640,SPU_021192,0.015016944
SPU_006676,SPU_028148,0.015016112
SPU_024093,SPU_012489,0.015015696
SPU_002791,SPU_000578,0.015013201
SPU_026205,SPU_025888,0.015013062
SPU_008196_1,SPU_002677,0.015010706
SPU_011202,SPU_014401,0.014999478
SPU_025584,SPU_014684,0.014988666
SPU_009831,SPU_018391,0.014988112
SPU_008752,SPU_020123,0.014971201
SPU_008528,SPU_015828,0.014957062
SPU_004287_1,SPU_030139,0.014956092
SPU_008112,SPU_026633,0.014952488
SPU_008752,SPU_012648_1,0.014941537
SPU_012648,SPU_018673,0.01494029
SPU_001262_2,SPU_008698,0.014937517
SPU_008528,SPU_013902,0.014935577
SPU_015243,SPU_015466,0.014934745
SPU_015719,SPU_025632,0.014931557
SPU_027235,SPU_026633,0.014929339
SPU_015829,SPU_004621,0.014925874
SPU_025113,SPU_010924_1,0.014922547
SPU_011297,SPU_015772,0.014921022
SPU_022678,SPU_013861,0.014920745
SPU_018797,SPU_013810,0.014916032
SPU_000424,SPU_022473,0.014913676
SPU_013015,SPU_013810,0.014906468
SPU_012490,SPU_013810,0.014903141
SPU_013689_1,SPU_018355_1,0.014900785
SPU_027935,SPU_004037,0.014899121
SPU_020637,SPU_027362,0.014893438
SPU_009876,SPU_016523,0.014892052
SPU_007262,SPU_005667,0.014882765
SPU_028148,SPU_012491,0.014879161
SPU_009831,SPU_018850,0.01487625
SPU_025113,SPU_012913,0.014868072
SPU_009831,SPU_013904,0.01486724
SPU_012648,SPU_018373,0.014866131
SPU_006808,SPU_008196_1,0.014865576
SPU_012203,SPU_008752,0.014857814
SPU_003166,SPU_004287,0.014857675
SPU_018355,SPU_028746,0.014848804
SPU_017635,SPU_028093,0.014847418
SPU_002129,SPU_007108,0.014842982
SPU_002791,SPU_017441,0.014824962
SPU_011635,SPU_005737,0.014821081
SPU_000485,SPU_024877,0.014817754
SPU_023090,SPU_018392,0.014816646
SPU_022678,SPU_028746,0.01480722
SPU_027053,SPU_015828,0.014795576
SPU_025590,SPU_002008,0.014794606
SPU_002874,SPU_023037,0.014790586
SPU_004021,SPU_024610,0.014788091
SPU_028827,SPU_014752,0.014787952
SPU_028255,SPU_004551,0.014785735
SPU_020637,SPU_015362,0.014782131
SPU_021608,SPU_013510,0.014780606
SPU_026633,SPU_000129,0.014779774
SPU_015640,SPU_012203,0.014779358
SPU_013689,SPU_014683,0.014779081
SPU_006484,SPU_021192,0.014777972
SPU_003595_1,SPU_002677,0.014767853
SPU_008117_1,SPU_015071_1,0.014767022
SPU_006786,SPU_007599,0.014766883
SPU_015719,SPU_023894,0.014762447
SPU_014332,SPU_026633,0.014754685
SPU_011635,SPU_027918,0.014752606
SPU_008112,SPU_004551,0.014752467
SPU_010403,SPU_027708,0.014750249
SPU_025632,SPU_027362,0.014732784
SPU_012384,SPU_014055,0.014727516
SPU_000757,SPU_024610,0.014725714
SPU_000440,SPU_006312,0.014725576
SPU_011635,SPU_004037,0.014721417
SPU_015243,SPU_014752,0.014712269
SPU_015374,SPU_024044,0.01471213
SPU_023090,SPU_006063,0.014711437
SPU_026099,SPU_006786,0.014707556
SPU_000975,SPU_024877,0.01470714
SPU_022820,SPU_005737,0.014703952
SPU_004723,SPU_014055,0.014701318
SPU_012491,SPU_028120,0.01469716
SPU_008936,SPU_009474,0.014693556
SPU_006421,SPU_021557,0.014692586
SPU_011189,SPU_026390,0.014689952
SPU_011635,SPU_001937,0.014688843
SPU_014793,SPU_009685,0.014683437
SPU_000424,SPU_020123,0.014682744
SPU_007253,SPU_014628,0.014680803
SPU_018126,SPU_008936,0.014670823
SPU_014170,SPU_006004,0.014657655
SPU_026763,SPU_002836,0.014655021
SPU_017379,SPU_004340,0.014650308
SPU_000757,SPU_001113,0.014646843
SPU_001262,SPU_003378,0.01464213
SPU_013305,SPU_023065,0.01464213
SPU_025346,SPU_011272_1,0.014640882
SPU_002874,SPU_008698,0.014640189
SPU_015908,SPU_013576,0.014627159
SPU_028120,SPU_008595,0.014624942
SPU_014802,SPU_011315,0.014609555
SPU_018056,SPU_018392,0.01459708
SPU_012253,SPU_030148,0.014587793
SPU_028120,SPU_027145,0.014570466
SPU_004287_1,SPU_028479,0.01456603
SPU_000424,SPU_026763,0.014563674
SPU_028255,SPU_008196,0.014558961
SPU_023894,SPU_005955,0.014557436
SPU_018391,SPU_015828,0.014547456
SPU_023037,SPU_022697,0.014546902
SPU_011297,SPU_012699,0.014544407
SPU_000485,SPU_027362,0.014529575
SPU_017404_1,SPU_021757,0.01452209
SPU_007262,SPU_011270,0.014521674
SPU_026205,SPU_013810,0.014519733
SPU_003470,SPU_011272_1,0.014513773
SPU_014289,SPU_008353_1,0.014512941
SPU_011246,SPU_023140,0.014512525
SPU_006312,SPU_002008,0.014508644
SPU_020637,SPU_015767,0.014507674
SPU_021172,SPU_026205,0.014502545
SPU_006421,SPU_014055,0.014502406
SPU_009831,SPU_024745,0.014493951
SPU_012491,SPU_025888,0.01448702
SPU_019089,SPU_022573,0.014480367
SPU_001262_2,SPU_013861,0.014477594
SPU_001998,SPU_023140,0.014467753
SPU_024093,SPU_022892,0.014467337
SPU_025346,SPU_014683,0.01446401
SPU_012648_1,SPU_009756,0.014454862
SPU_013569,SPU_014683,0.014449872
SPU_021608,SPU_000016_1,0.014446961
SPU_014418,SPU_008595,0.014442109
SPU_012490,SPU_009178,0.014434763
SPU_002592,SPU_014752,0.014432822
SPU_023730,SPU_027472,0.014431574
SPU_027015,SPU_011271,0.014424921
SPU_027472,SPU_015456,0.014422564
SPU_021210,SPU_028479,0.014412307
SPU_015374,SPU_028148,0.014408564
SPU_025590,SPU_022817,0.014406624
SPU_017837,SPU_015243,0.014406347
SPU_018483,SPU_026205,0.014405792
SPU_003704,SPU_018392,0.014405099
SPU_015640,SPU_012699,0.014398307
SPU_000739,SPU_026205,0.014398168
SPU_020722,SPU_014055,0.014392346
SPU_024139,SPU_027145,0.014390129
SPU_024189,SPU_017379,0.014389158
SPU_011635,SPU_022697,0.014378069
SPU_028255,SPU_022573,0.014377931
SPU_022820,SPU_015828,0.014374742
SPU_020124,SPU_028479,0.014372109
SPU_022816,SPU_003548,0.014367257
SPU_014836,SPU_005667,0.01436698
SPU_004723,SPU_028746,0.014365455
SPU_011635,SPU_023037,0.014355614
SPU_011189,SPU_018391,0.014355614
SPU_024877,SPU_008595_1,0.014339673
SPU_000485,SPU_009474,0.014332881
SPU_026465,SPU_006063,0.014331495
SPU_006787,SPU_012008,0.014322762
SPU_012914,SPU_011130,0.014322208
SPU_015712,SPU_017379,0.014318465
SPU_024189,SPU_013810,0.014314307
SPU_017106,SPU_004340,0.014308207
SPU_003102,SPU_010924,0.014302108
SPU_020722,SPU_010924,0.01429892
SPU_000757,SPU_015108,0.014296564
SPU_028255,SPU_014752,0.014290049
SPU_011315,SPU_026385,0.014269395
SPU_004723,SPU_018373,0.014268702
SPU_017635,SPU_013140_1,0.014265514
SPU_011315,SPU_027362,0.014265514
SPU_011189,SPU_018673,0.01426094
SPU_022678,SPU_022841,0.014257613
SPU_001262_1,SPU_030139,0.014255811
SPU_007262,SPU_006427,0.014250821
SPU_004414,SPU_025125,0.014250544
SPU_012699,SPU_019656,0.014243336
SPU_011297,SPU_004924,0.014241672
SPU_026877,SPU_013140_1,0.014235296
SPU_020311,SPU_013510,0.014233494
SPU_022678,SPU_006427,0.014231692
SPU_013047,SPU_024139,0.014221573
SPU_003704,SPU_022841,0.014221435
SPU_003548,SPU_015199,0.01422088
SPU_025010,SPU_013305,0.014217276
SPU_017404,SPU_010924,0.014216999
SPU_002791,SPU_022697,0.014213534
SPU_014793,SPU_018355_1,0.014205494
SPU_025888,SPU_004340,0.014197593
SPU_005022,SPU_005708,0.014189692
SPU_026099,SPU_025632,0.014179296
SPU_017106,SPU_001113,0.014174167
SPU_026465,SPU_005737,0.01417389
SPU_011297,SPU_020803,0.014170563
SPU_001262_1,SPU_008953_1,0.014154761
SPU_012384,SPU_000016_1,0.014142563
SPU_006676,SPU_017348,0.014138127
SPU_017837,SPU_002025,0.014131751
SPU_024918,SPU_028746,0.014131751
SPU_017837,SPU_026390,0.014125929
SPU_008703,SPU_023757,0.014123573
SPU_026633,SPU_014752,0.014123573
SPU_026763,SPU_022654,0.014116226
SPU_006787,SPU_023813,0.014115533
SPU_022678,SPU_008953_1,0.014112622
SPU_022242,SPU_014289,0.014110405
SPU_006786,SPU_008595,0.01410985
SPU_025584,SPU_013689,0.014104028
SPU_027053,SPU_026390,0.014100702
SPU_018908,SPU_000739,0.014088365
SPU_002816,SPU_018393,0.014071038
SPU_010295,SPU_014643,0.014069513
SPU_008528,SPU_004807,0.014066602
SPU_002634,SPU_020082,0.014066602
SPU_024918,SPU_007203,0.014061474
SPU_017837,SPU_015071_1,0.014059117
SPU_011576,SPU_025632,0.014046919
SPU_010295,SPU_011270,0.014046503
SPU_023730,SPU_004340,0.014042761
SPU_022678,SPU_006063,0.014042622
SPU_008703,SPU_016045,0.014030978
SPU_019366,SPU_016792,0.014029592
SPU_015772,SPU_001657,0.014020028
SPU_027774,SPU_010873,0.014012681
SPU_012648,SPU_005737,0.014005889
SPU_013569,SPU_010625,0.014002285
SPU_006787,SPU_015362,0.013992305
SPU_016523,SPU_020082,0.013989533
SPU_026465,SPU_014683,0.013988285
SPU_001262,SPU_030139,0.01398482
SPU_017837,SPU_024901_1,0.013980384
SPU_022820,SPU_018392,0.013975255
SPU_027214,SPU_008752,0.013966523
SPU_008936,SPU_006787,0.013964166
SPU_028583,SPU_012772,0.013961671
SPU_002791,SPU_015828,0.013950998
SPU_015982,SPU_026099,0.01394975
SPU_011635,SPU_026390,0.013943235
SPU_023894,SPU_025632,0.013943235
SPU_008936,SPU_019290,0.013942265
SPU_003378,SPU_022678,0.013934641
SPU_019002,SPU_017656,0.013932146
SPU_002791,SPU_008698,0.013930067
SPU_016449,SPU_003685,0.013927988
SPU_000861,SPU_005522,0.01392577
SPU_027015,SPU_004551,0.013915513
SPU_017837,SPU_009646,0.013911354
SPU_015772,SPU_027472,0.013908998
SPU_026465,SPU_022678,0.013903314
SPU_019002,SPU_014687,0.013903176
SPU_025888,SPU_014461,0.01389971
SPU_023177,SPU_004340,0.013899017
SPU_027472,SPU_004024,0.013898879
SPU_013047,SPU_013570,0.013896522
SPU_000739,SPU_002662_1,0.013894166
SPU_025888,SPU_008595,0.013892364
SPU_012253,SPU_002008,0.013890423
SPU_012384,SPU_002707,0.013881968
SPU_007981,SPU_008698,0.013859789
SPU_008117,SPU_022697,0.013859096
SPU_000757,SPU_021192,0.01385771
SPU_025632,SPU_014802,0.013849116
SPU_027935,SPU_005358,0.013848284
SPU_025632,SPU_005955,0.013840106
SPU_024903,SPU_013569,0.013839275
SPU_026099,SPU_012050,0.013829571
SPU_002816,SPU_014401,0.013825552
SPU_011576,SPU_005955,0.013824581
SPU_027935,SPU_017348,0.013824166
SPU_012648,SPU_015828,0.013820146
SPU_027214,SPU_004551,0.013817235
SPU_000757,SPU_013570,0.013814878
SPU_017837,SPU_023366,0.013812938
SPU_021210,SPU_006197,0.013809334
SPU_003102,SPU_021757,0.013803789
SPU_018797,SPU_010305,0.013802403
SPU_007644,SPU_019365,0.013795195
SPU_007644,SPU_018355,0.013792146
SPU_015984,SPU_013689_1,0.013787571
SPU_011576,SPU_019366,0.013787294
SPU_005435,SPU_004702,0.013782581
SPU_024918,SPU_010329_1,0.013780086
SPU_005358,SPU_014836,0.013778284
SPU_007262,SPU_010329_1,0.013775512
SPU_027053,SPU_028746,0.013774957
SPU_006583,SPU_026205,0.013774542
SPU_011189,SPU_008196_1,0.01376872
SPU_018126,SPU_024139,0.01376872
SPU_006787,SPU_002816,0.013764977
SPU_015984,SPU_021666,0.013762482
SPU_026465,SPU_018355_1,0.013760819
SPU_005572,SPU_010924,0.013759017
SPU_028827,SPU_022817,0.013751393
SPU_020637,SPU_024946,0.013750977
SPU_007253,SPU_020082,0.013748482
SPU_002631,SPU_008112,0.013745987
SPU_019002,SPU_002008,0.01374169
SPU_007644,SPU_010873,0.013737809
SPU_014332,SPU_014055,0.013734621
SPU_015374,SPU_000437,0.013734343
SPU_019332,SPU_000948,0.013733373
SPU_017407,SPU_018744,0.013727274
SPU_015640,SPU_014461,0.013726026
SPU_001113,SPU_003548,0.013725333
SPU_017106,SPU_005955_1,0.013715492
SPU_007599,SPU_011297,0.013711333
SPU_012203,SPU_008353_1,0.013708977
SPU_017837,SPU_018673,0.013706759
SPU_009771,SPU_007360_1,0.013703155
SPU_006676,SPU_020646,0.013698442
SPU_000739,SPU_022817,0.013695947
SPU_008936,SPU_002950,0.013695947
SPU_009771,SPU_023140,0.013694561
SPU_006312,SPU_017750,0.01369165
SPU_012469,SPU_015358,0.013686937
SPU_017635,SPU_010924_1,0.013683056
SPU_000749,SPU_000948,0.013661293
SPU_008117_1,SPU_002025,0.013656858
SPU_020637,SPU_002816,0.013655887
SPU_002592,SPU_026633,0.013653254
SPU_008528,SPU_005737,0.013651313
SPU_014289,SPU_020082,0.013648264
SPU_008936,SPU_015772,0.01364466
SPU_024918,SPU_005035,0.01364161
SPU_027053,SPU_022697,0.013638422
SPU_005022,SPU_003937,0.013636343
SPU_023090,SPU_014683,0.013635788
SPU_017837,SPU_018373,0.013634402
SPU_020722,SPU_007011,0.013633571
SPU_002592,SPU_002662,0.013631907
SPU_018581,SPU_014752,0.013631907
SPU_015374,SPU_010305,0.01363163
SPU_006803,SPU_026633,0.013628165
SPU_014289,SPU_023730,0.013614719
SPU_023037,SPU_015828,0.013612501
SPU_012491,SPU_021192,0.013609867
SPU_025346,SPU_022473,0.013605986
SPU_019290,SPU_015772,0.013605848
SPU_014802,SPU_000948,0.013596283
SPU_007262,SPU_007644,0.013595313
SPU_026205,SPU_013810_1,0.013594204
SPU_012253,SPU_014055,0.013587828
SPU_024903,SPU_022473,0.013583669
SPU_019366,SPU_024093,0.013583115
SPU_026099,SPU_011297,0.013578956
SPU_012648,SPU_022697,0.013563154
SPU_006808,SPU_006865,0.013560937
SPU_028255,SPU_010305,0.013558303
SPU_009178,SPU_024044,0.013541669
SPU_021172,SPU_028255,0.013540144
SPU_001998,SPU_025125,0.013535847
SPU_003102,SPU_011270,0.013535154
SPU_021210,SPU_007721,0.013531273
SPU_025590,SPU_012877,0.013531134
SPU_028120,SPU_000749,0.013530164
SPU_017470,SPU_022678,0.01352656
SPU_013305,SPU_001262_1,0.013526283
SPU_017348,SPU_007863,0.013518659
SPU_004723,SPU_005522,0.013516164
SPU_007253,SPU_021192,0.013512976
SPU_021557,SPU_007108,0.013511728
SPU_019290,SPU_012008,0.01350757
SPU_015243,SPU_021557,0.013502718
SPU_027935,SPU_023386,0.013501194
SPU_020565,SPU_005955_1,0.013500778
SPU_015108,SPU_003937,0.013496758
SPU_004287_1,SPU_007863,0.013495095
SPU_012203,SPU_024093,0.013494817
SPU_027472,SPU_023894,0.013492322
SPU_006787,SPU_015456,0.013491075
SPU_026962,SPU_019089,0.013484699
SPU_018483,SPU_003548,0.0134725
SPU_008117_1,SPU_026510,0.013470005
SPU_023177,SPU_013810,0.013470005
SPU_027053,SPU_027774,0.013464599
SPU_013305,SPU_002025_1,0.013459193
SPU_001739,SPU_004340,0.013456283
SPU_028120,SPU_004021,0.013455728
SPU_023894,SPU_014401,0.013453233
SPU_017635,SPU_000739,0.013453094
SPU_027935,SPU_027144,0.013453094
SPU_002874,SPU_015828,0.01344755
SPU_012699,SPU_025632,0.013446302
SPU_006814,SPU_023140,0.013443114
SPU_023730,SPU_004024,0.013433966
SPU_015243,SPU_021608,0.013433411
SPU_018392,SPU_015828,0.013416084
SPU_002791,SPU_007644,0.013411371
SPU_011315,SPU_003937,0.013404579
SPU_002592,SPU_007863,0.013402639
SPU_006991,SPU_003548,0.013401668
SPU_028583,SPU_014687,0.013400698
SPU_018392,SPU_019652,0.013400282
SPU_013689_1,SPU_015682,0.013393074
SPU_011189,SPU_004037,0.01339252
SPU_028827,SPU_003586,0.013383233
SPU_006991,SPU_012632,0.013382955
SPU_006312,SPU_022817,0.013380599
SPU_002677,SPU_024139,0.013380045
SPU_016786,SPU_006004,0.013376579
SPU_008117_1,SPU_010924,0.013376441
SPU_008936,SPU_012489,0.013375332
SPU_027053,SPU_000578,0.013367292
SPU_004702,SPU_003685,0.013360084
SPU_028479,SPU_013305,0.013357728
SPU_002603,SPU_020123,0.013357589
SPU_018392,SPU_010625,0.013356203
SPU_022678,SPU_003685,0.013353292
SPU_018581,SPU_000310,0.013349965
SPU_018483,SPU_020565,0.013348856
SPU_013689,SPU_018355_1,0.013345391
SPU_008117,SPU_025590,0.013337767
SPU_024139,SPU_001113,0.013337074
SPU_026962,SPU_000739,0.013330836
SPU_014289,SPU_002950,0.013330005
SPU_022049,SPU_020646,0.013323767
SPU_002815,SPU_020082,0.013323628
SPU_018581,SPU_013689_1,0.013317529
SPU_019366,SPU_000948,0.013316559
SPU_013015,SPU_013810_1,0.013316005
SPU_009642,SPU_018355_1,0.013312262
SPU_004723,SPU_005667,0.013303529
SPU_003595,SPU_010873,0.013295628
SPU_022049,SPU_022816,0.013287173
SPU_027969,SPU_020123,0.013282599
SPU_013305,SPU_007721,0.013273866
SPU_012648,SPU_001937,0.013267212
SPU_017837,SPU_005667,0.013266935
SPU_028120,SPU_024044,0.013249747
SPU_011202,SPU_025632,0.013248222
SPU_002815,SPU_017379,0.013245173
SPU_002815,SPU_004340,0.013243786
SPU_006583,SPU_030148,0.013243648
SPU_015828,SPU_012648,0.013239767
SPU_012490,SPU_013810_1,0.01323048
SPU_006808,SPU_001483,0.013229648
SPU_028120,SPU_002950,0.01322341
SPU_011189,SPU_022697,0.013220776
SPU_012699,SPU_016786,0.013219945
SPU_012203,SPU_020330_1,0.01320941
SPU_009771,SPU_013576,0.013207608
SPU_012253,SPU_013510,0.013207054
SPU_022049,SPU_004287_1,0.013206083
SPU_006808,SPU_024745,0.01320539
SPU_028120,SPU_008353_1,0.013204697
SPU_012648,SPU_020282,0.013200816
SPU_016443,SPU_019366,0.013190559
SPU_015712,SPU_004340,0.013184182
SPU_012253,SPU_014923,0.013183073
SPU_014332,SPU_002008,0.01318141
SPU_006753,SPU_026962,0.01317836
SPU_004021,SPU_019290,0.01317642
SPU_007262,SPU_024745,0.013172677
SPU_015108,SPU_020565,0.013172261
SPU_014418,SPU_005955,0.013162281
SPU_000129,SPU_024139,0.013157152
SPU_008117,SPU_018673,0.013150638
SPU_006991,SPU_005358,0.013149944
SPU_014332,SPU_000016,0.013149529
SPU_015358,SPU_011226,0.013147727
SPU_006991,SPU_002008,0.013144123
SPU_000424,SPU_016617,0.013138717
SPU_000739,SPU_004551,0.013137192
SPU_004148,SPU_010924,0.013134697
SPU_005435,SPU_003595,0.013133033
SPU_020637,SPU_008595,0.013125687
SPU_017106,SPU_008353_1,0.013116677
SPU_027235,SPU_021210,0.013114182
SPU_017971,SPU_006197,0.013113489
SPU_010295,SPU_013611,0.013107667
SPU_017492,SPU_003937,0.013104756
SPU_018483,SPU_028583,0.013103509
SPU_023090,SPU_022697,0.013101014
SPU_009048,SPU_001113,0.013090202
SPU_013015,SPU_028583,0.013086182
SPU_026099,SPU_024877,0.013085489
SPU_014793,SPU_027235,0.013081746
SPU_013305,SPU_024189,0.013079667
SPU_019366,SPU_012489,0.013075231
SPU_007644,SPU_022955_1,0.0130744
SPU_000739,SPU_026633,0.013072182
SPU_000757,SPU_024139,0.013061786
SPU_017404,SPU_019332,0.013061647
SPU_024877,SPU_025632,0.013055687
SPU_011576,SPU_004217,0.013054994
SPU_018391,SPU_005737,0.013050419
SPU_014802,SPU_027362,0.01304931
SPU_015640,SPU_008595,0.013045706
SPU_023037,SPU_005667,0.013044597
SPU_014461,SPU_000749,0.013039191
SPU_006991,SPU_006333,0.013037528
SPU_023386,SPU_012772,0.01302131
SPU_015772,SPU_015362,0.01302131
SPU_023730,SPU_007624,0.013015904
SPU_005718,SPU_008353_1,0.013015211
SPU_000129,SPU_004340,0.013012023
SPU_006676,SPU_013810,0.013011053
SPU_006787,SPU_019656,0.013005924
SPU_002874,SPU_012949,0.013003152
SPU_019290,SPU_020803,0.013002597
SPU_015640,SPU_001113,0.013002043
SPU_009831,SPU_011272_1,0.012997191
SPU_023090,SPU_022955_1,0.012992617
SPU_015984,SPU_028093,0.012992478
SPU_019656,SPU_014401,0.012990122
SPU_001739,SPU_021192,0.012987627
SPU_016449,SPU_018744,0.012983053
SPU_016443,SPU_002816,0.012981528
SPU_004287,SPU_012632,0.012976815
SPU_013119,SPU_012912,0.012975983
SPU_007147,SPU_024093,0.012974736
SPU_015243,SPU_027708,0.012964617
SPU_023386,SPU_014289,0.012957825
SPU_013689_1,SPU_014686,0.012954914
SPU_004217,SPU_015828,0.012944795
SPU_021192,SPU_001113,0.012940498
SPU_012699,SPU_012050,0.012938835
SPU_027472,SPU_006786,0.012933567
SPU_027015,SPU_027145,0.012926914
SPU_006421,SPU_002008,0.012922755
SPU_000424,SPU_007721,0.012918458
SPU_024093,SPU_002309,0.012917211
SPU_016786,SPU_019366,0.012913191
SPU_000276,SPU_000948,0.012912082
SPU_024918,SPU_005737,0.012904458
SPU_000861,SPU_025346,0.012897112
SPU_025888,SPU_003378,0.012896834
SPU_019332,SPU_003490,0.012896003
SPU_006991,SPU_014793,0.01289226
SPU_013689_1,SPU_013861,0.012890874
SPU_019290,SPU_011315,0.012888517
SPU_017348,SPU_002428,0.012887686
SPU_020637,SPU_019366,0.012886854
SPU_025590,SPU_017750,0.012883805
SPU_007981,SPU_000578,0.012879785
SPU_003166,SPU_012912,0.012878953
SPU_004723,SPU_002008,0.012878537
SPU_004021,SPU_012050,0.012873547
SPU_014401,SPU_020803_1,0.012873408
SPU_004702,SPU_008953_1,0.012870636
SPU_011635,SPU_017441,0.012867171
SPU_021192,SPU_024877,0.012860656
SPU_021210,SPU_003179,0.012855804
SPU_013689,SPU_003685,0.012852755
SPU_014332,SPU_020726,0.012848874
SPU_019290,SPU_000948,0.012845686
SPU_018391,SPU_023090,0.012842913
SPU_000757,SPU_004021,0.012832656
SPU_007981,SPU_022955_1,0.012822953
SPU_028120,SPU_027472,0.012821151
SPU_017106,SPU_020082,0.012815606
SPU_000861,SPU_021557,0.012803408
SPU_004217,SPU_022955_1,0.012799666
SPU_000757,SPU_025888,0.012796062
SPU_003470,SPU_011226,0.01279523
SPU_003595_1,SPU_012877_1,0.012794953
SPU_002129,SPU_008752,0.012793428
SPU_012384,SPU_006871,0.012793289
SPU_012699,SPU_005955_1,0.012779012
SPU_018391,SPU_008377,0.012776378
SPU_003470,SPU_014683,0.012770695
SPU_026465,SPU_022841,0.012770279
SPU_005022,SPU_024953,0.012760715
SPU_018908,SPU_017750,0.012756418
SPU_013119,SPU_012699,0.012754616
SPU_023366,SPU_024953,0.012753784
SPU_006808,SPU_024555,0.012751012
SPU_006786,SPU_027935_1,0.012748655
SPU_014401,SPU_001628,0.012744774
SPU_007599,SPU_019290,0.012743111
SPU_017837,SPU_027918,0.012742695
SPU_006991,SPU_025590,0.012742556
SPU_017725,SPU_002008,0.012739507
SPU_011297,SPU_000975,0.012736735
SPU_000739,SPU_014752,0.012733546
SPU_007644,SPU_013861,0.012728834
SPU_010635,SPU_004746,0.012727032
SPU_002874,SPU_018850,0.012725645
SPU_002592,SPU_022816,0.012720655
SPU_022049,SPU_008196_1,0.012717744
SPU_014802,SPU_017492,0.012715804
SPU_003102,SPU_007315,0.012714556
SPU_002592,SPU_008112,0.012713447
SPU_000757,SPU_011297,0.012711923
SPU_015982,SPU_024139,0.012708734
SPU_002634,SPU_020646,0.012702913
SPU_013305,SPU_026205,0.01269515
SPU_015358,SPU_021757,0.01269418
SPU_025346,SPU_024555,0.012687526
SPU_010305,SPU_024044,0.012682259
SPU_006803,SPU_007087,0.012669922
SPU_006808,SPU_000016,0.012661605
SPU_014418,SPU_001113,0.01266119
SPU_020565,SPU_002950,0.012657308
SPU_018126,SPU_023730,0.012652873
SPU_000757,SPU_008353_1,0.012651902
SPU_017470,SPU_026664,0.012651764
SPU_000424,SPU_023014,0.012650239
SPU_018056,SPU_022955_1,0.012646774
SPU_023386,SPU_020646,0.012636932
SPU_003102,SPU_004148,0.012634991
SPU_009048,SPU_004021,0.012626259
SPU_011297,SPU_013119,0.012623902
SPU_004723,SPU_020726,0.012623486
SPU_022163,SPU_012632,0.012623348
SPU_000485,SPU_014401,0.012619883
SPU_002320,SPU_017656,0.012618774
SPU_000276,SPU_024093,0.012617665
SPU_008117_1,SPU_024901_1,0.012611427
SPU_005572,SPU_012632,0.01261115
SPU_004723,SPU_006427,0.012609625
SPU_018355_1,SPU_014763,0.012609209
SPU_000276,SPU_013178,0.012608378
SPU_017407,SPU_030139,0.012602833
SPU_002874,SPU_022955_1,0.012602001
SPU_011297,SPU_012489,0.012597427
SPU_007262,SPU_011226,0.012596595
SPU_015640,SPU_028120,0.012595902
SPU_000276,SPU_012489,0.012591328
SPU_006814,SPU_006484,0.012586199
SPU_001998,SPU_017379,0.01258509
SPU_012253,SPU_020726,0.012584952
SPU_015243,SPU_026205,0.012581348
SPU_024139,SPU_027472,0.012576496
SPU_006991,SPU_022163,0.012574417
SPU_002874,SPU_004217,0.012572892
SPU_025113,SPU_015071_1,0.012572754
SPU_026633,SPU_026205,0.012572615
SPU_018391,SPU_022955,0.01256707
SPU_002816,SPU_011315,0.012560001
SPU_002129,SPU_020124,0.012544476
SPU_000757,SPU_008936,0.01254309
SPU_013047,SPU_021192,0.012533387
SPU_027774,SPU_022841,0.012526872
SPU_018355_1,SPU_006063,0.012526179
SPU_021210,SPU_024044,0.012519248
SPU_015982,SPU_027472,0.012515229
SPU_014289,SPU_008936,0.012513981
SPU_015772,SPU_020637,0.01251107
SPU_008528,SPU_005667,0.012504971
SPU_015982,SPU_020646,0.012503862
SPU_005572,SPU_022473,0.012503724
SPU_017837,SPU_002129,0.012493605
SPU_012772,SPU_007360_1,0.012481684
SPU_007981,SPU_007644,0.012481545
SPU_008117_1,SPU_011226,0.012478357
SPU_012648,SPU_005667,0.012470179
SPU_006786,SPU_008595_1,0.012469624
SPU_011635,SPU_005667,0.012465605
SPU_012772,SPU_013576,0.012463109
SPU_024139,SPU_014461,0.012462971
SPU_027774,SPU_028746,0.012458951
SPU_003166,SPU_000129,0.012452991
SPU_000739,SPU_003548,0.012450496
SPU_001113,SPU_001628,0.012429981
SPU_006808,SPU_002554,0.012427347
SPU_028255,SPU_007721,0.012426931
SPU_012469,SPU_020726,0.01241404
SPU_017407,SPU_008953_1,0.01241002
SPU_002791,SPU_004217,0.012409604
SPU_014418,SPU_021192,0.012404891
SPU_004148,SPU_020726,0.012403782
SPU_001657,SPU_004924,0.012397268
SPU_026465,SPU_014763,0.01239699
SPU_006583,SPU_028583,0.012395466
SPU_007253,SPU_017379,0.012394357
SPU_015640,SPU_027935_1,0.012392277
SPU_024918,SPU_017811,0.012390614
SPU_004414,SPU_013576,0.012388535
SPU_012699,SPU_019290,0.012385901
SPU_009048,SPU_002950,0.012383406
SPU_008117_1,SPU_011756,0.012379525
SPU_002791,SPU_022955_1,0.012370376
SPU_017725,SPU_028093,0.012369545
SPU_012546,SPU_009831,0.012369406
SPU_027472,SPU_024946,0.012364139
SPU_012384,SPU_000016,0.012350832
SPU_010295,SPU_010924,0.012348614
SPU_011315,SPU_018744,0.012347921
SPU_003102,SPU_011226,0.01234196
SPU_019002,SPU_000016,0.012332812
SPU_027214,SPU_028148,0.012332257
SPU_005718,SPU_004021,0.012329485
SPU_001739,SPU_000437,0.012323663
SPU_004723,SPU_000669,0.012321307
SPU_006991,SPU_002025,0.012315624
SPU_027472,SPU_012489,0.012314931
SPU_022163,SPU_002008,0.012314515
SPU_026633,SPU_020123,0.012310495
SPU_002603,SPU_027708,0.012310079
SPU_028583,SPU_000129,0.012303148
SPU_012384,SPU_020726,0.012302455
SPU_018391,SPU_018673,0.012301624
SPU_013015,SPU_014289,0.012295247
SPU_011635,SPU_007644,0.012290257
SPU_012648,SPU_024901,0.01228901
SPU_021608,SPU_014055,0.012288039
SPU_018391,SPU_010329_1,0.012287346
SPU_008112,SPU_000509,0.012275703
SPU_007981,SPU_012949,0.012267247
SPU_024903,SPU_012877,0.012252277
SPU_012490,SPU_026205,0.01224396
SPU_014332,SPU_010924,0.012241326
SPU_004148,SPU_000016,0.012239524
SPU_013689,SPU_006063,0.012237584
SPU_026205,SPU_028148,0.012233009
SPU_008528,SPU_003595,0.012232178
SPU_025010,SPU_007863,0.012232039
SPU_015243,SPU_008112,0.012231623
SPU_026877,SPU_012912,0.012231069
SPU_011635,SPU_006808,0.012225108
SPU_004287,SPU_026763,0.012219287
SPU_013047,SPU_001113,0.012213881
SPU_011635,SPU_000578,0.012211385
SPU_023177,SPU_023140,0.012209999
SPU_008117_1,SPU_014055,0.012208475
SPU_001262,SPU_014763,0.012207782
SPU_015829,SPU_012648,0.01220598
SPU_008196_1,SPU_007863,0.012202237
SPU_014332,SPU_000016_1,0.012198633
SPU_006814,SPU_017379,0.012196554
SPU_006484,SPU_027472,0.012191841
SPU_020722,SPU_022955,0.012189346
SPU_018391,SPU_003595,0.012187128
SPU_004414,SPU_023140,0.012186019
SPU_007147,SPU_016792,0.012182276
SPU_019290,SPU_005955_1,0.012168692
SPU_003704,SPU_018355_1,0.01216495
SPU_007644,SPU_006058,0.012160237
SPU_016449,SPU_023366,0.012159682
SPU_015640,SPU_005955,0.012158712
SPU_015772,SPU_012489,0.012153167
SPU_011576,SPU_006004,0.012145821
SPU_012648,SPU_000578,0.012143742
SPU_007253,SPU_025888,0.012143187
SPU_015640,SPU_008353_1,0.012135979
SPU_003470,SPU_013569,0.012135009
SPU_023037,SPU_010329_1,0.012128771
SPU_012699,SPU_015767,0.012126276
SPU_010305,SPU_024139,0.012118652
SPU_004414,SPU_017379,0.012112831
SPU_013569,SPU_005435,0.012109781
SPU_002791,SPU_023037,0.012109365
SPU_007262,SPU_013689,0.012108118
SPU_004723,SPU_006808,0.012105345
SPU_006462,SPU_028583,0.012105068
SPU_006787,SPU_019290,0.012099662
SPU_025888,SPU_027145,0.012097029
SPU_006462,SPU_026205,0.012092038
SPU_025590,SPU_012632,0.012089266
SPU_020565,SPU_027472,0.012079147
SPU_021172,SPU_013810,0.01207582
SPU_009831,SPU_006427,0.012071939
SPU_012384,SPU_013510,0.012061959
SPU_022846,SPU_005955_1,0.01206085
SPU_006676,SPU_000129,0.012054474
SPU_004723,SPU_017404_1,0.012049206
SPU_001262_1,SPU_020646,0.012048652
SPU_008117,SPU_020282,0.012044355
SPU_008528,SPU_004148,0.012040058
SPU_012546,SPU_010924_1,0.012039226
SPU_004217,SPU_027362,0.012039226
SPU_009831,SPU_024555,0.012034791
SPU_026633,SPU_028583,0.012028969
SPU_018355,SPU_018355_1,0.012028692
SPU_027053,SPU_005667,0.012027721
SPU_004287_1,SPU_008953_1,0.01202481
SPU_025888,SPU_021192,0.012022038
SPU_015640,SPU_012050,0.01201788
SPU_002874,SPU_006427,0.012017602
SPU_003166,SPU_028255,0.012013721
SPU_025632,SPU_023813,0.012013721
SPU_021557,SPU_012632,0.012012889
SPU_021557,SPU_012877,0.012006236
SPU_018392,SPU_004148,0.012004295
SPU_028827,SPU_026633,0.012003186
SPU_009048,SPU_012699,0.0120018
SPU_015243,SPU_022817,0.011999721
SPU_023894,SPU_010634,0.011992929
SPU_009876,SPU_002950,0.011990434
SPU_012203,SPU_001113,0.01197879
SPU_008117_1,SPU_022697,0.011978513
SPU_013689_1,SPU_006865,0.011977543
SPU_000739,SPU_025346,0.011972553
SPU_006991,SPU_026633,0.011964097
SPU_025632,SPU_002816,0.011959107
SPU_004217,SPU_026385,0.011955087
SPU_021172,SPU_014752,0.011952315
SPU_024877,SPU_008353_1,0.011947602
SPU_015712,SPU_004702,0.011937899
SPU_005718,SPU_004340,0.011935265
SPU_011297,SPU_027472,0.011933879
SPU_009048,SPU_008353_1,0.011929721
SPU_022163,SPU_002025,0.011927226
SPU_006786,SPU_024877,0.011925562
SPU_013305,SPU_006197,0.011925424
SPU_018355,SPU_022955_1,0.011922374
SPU_005718,SPU_024946,0.011922097
SPU_019002,SPU_020124,0.01192182
SPU_003704,SPU_022955_1,0.011921681
SPU_014170,SPU_014401,0.011919325
SPU_006753,SPU_012877,0.011912255
SPU_007599,SPU_000975,0.011910592
SPU_012253,SPU_000016,0.01190879
SPU_014576,SPU_017379,0.011907404
SPU_004414,SPU_022892,0.011905186
SPU_027053,SPU_023037,0.011903661
SPU_004217,SPU_022841,0.011903107
SPU_006991,SPU_007087,0.011901998
SPU_017470,SPU_002025,0.011901582
SPU_024877,SPU_004021,0.011901443
SPU_022816,SPU_017656,0.011898671
SPU_015828,SPU_027053,0.011897562
SPU_000276,SPU_016792,0.011897008
SPU_019290,SPU_011202,0.011896731
SPU_016443,SPU_020330_1,0.011894513
SPU_012253,SPU_006871,0.011892433
SPU_015243,SPU_026633,0.011890216
SPU_018355,SPU_014763,0.01187774
SPU_007253,SPU_013570,0.011876493
SPU_015908,SPU_023065,0.011871087
SPU_003166,SPU_018797,0.011862909
SPU_021172,SPU_017511,0.011861938
SPU_013047,SPU_004340,0.011859998
SPU_012253,SPU_017656,0.011859166
SPU_014418,SPU_012699,0.011855285
SPU_003179,SPU_014687,0.011852374
SPU_019002,SPU_000016_1,0.011849879
SPU_011189,SPU_012648_1,0.011848215
SPU_006991,SPU_012469,0.011847522
SPU_015374,SPU_013810_1,0.011844196
SPU_023037,SPU_016250,0.011839483
SPU_014793,SPU_013689_1,0.011839205
SPU_020311,SPU_011130,0.011837819
SPU_015772,SPU_000975,0.011835186
SPU_006814,SPU_024610,0.01183075
SPU_018391,SPU_011720,0.011826176
SPU_014836,SPU_003179,0.011826176
SPU_009831,SPU_022955_1,0.011820354
SPU_014332,SPU_014836,0.011819106
SPU_006312,SPU_012632,0.011818829
SPU_006787,SPU_016786,0.011818552
SPU_010424,SPU_014684,0.011818413
SPU_026962,SPU_013810_1,0.011817027
SPU_008845,SPU_019652,0.011810651
SPU_021172,SPU_012912,0.011807047
SPU_023730,SPU_015772,0.011806215
SPU_024139,SPU_008353_1,0.011804275
SPU_024877,SPU_005955,0.011803582
SPU_020123,SPU_013810_1,0.011802888
SPU_013015,SPU_013967,0.011802334
SPU_002816,SPU_007147,0.011796235
SPU_013689,SPU_014763,0.011796096
SPU_017379,SPU_006484,0.011789304
SPU_013015,SPU_006242,0.01178875
SPU_004217,SPU_022678,0.011783205
SPU_002320,SPU_013611,0.011782512
SPU_015456,SPU_003937,0.011778631
SPU_014418,SPU_015456,0.011770591
SPU_011189,SPU_005667,0.011765878
SPU_018581,SPU_011272,0.011756175
SPU_008845,SPU_004148,0.011754512
SPU_017407,SPU_014684,0.011744809
SPU_022846,SPU_012699,0.011739819
SPU_018392,SPU_014722,0.011730254
SPU_015829,SPU_015828,0.011725403
SPU_021172,SPU_013810_1,0.011714868
SPU_011202,SPU_018393,0.01170974
SPU_021557,SPU_022654,0.01170267
SPU_014461,SPU_019366,0.0117017
SPU_007599,SPU_001657,0.011701423
SPU_018056,SPU_022841,0.011698789
SPU_008117_1,SPU_000016,0.011698373
SPU_019332,SPU_019825,0.011690749
SPU_015243,SPU_021210,0.011689779
SPU_017971,SPU_030139,0.011680908
SPU_007253,SPU_016045,0.011677581
SPU_018126,SPU_027472,0.011674531
SPU_012384,SPU_017656,0.011673977
SPU_002874,SPU_018355,0.011672868
SPU_006421,SPU_020726,0.011663304
SPU_005572,SPU_013569,0.011654848
SPU_018392,SPU_018391,0.011651937
SPU_006786,SPU_011297,0.011646531
SPU_014197,SPU_023757,0.011645284
SPU_019002,SPU_006333,0.011644591
SPU_019332,SPU_028746,0.011641957
SPU_023366,SPU_013810,0.011641957
SPU_012253,SPU_002707,0.01164168
SPU_024139,SPU_002950,0.011638076
SPU_004148,SPU_002008,0.011637106
SPU_009876,SPU_017379,0.011636274
SPU_015640,SPU_004024,0.011635304
SPU_004021,SPU_028148,0.011633917
SPU_022846,SPU_004924,0.011630591
SPU_021608,SPU_002320,0.011624353
SPU_024139,SPU_005955_1,0.011621303
SPU_016881,SPU_012699,0.011614511
SPU_000739,SPU_018797,0.011614373
SPU_008528,SPU_019332,0.011614234
SPU_024877,SPU_002950,0.011610353
SPU_007644,SPU_026385,0.011606472
SPU_006991,SPU_012877,0.011599818
SPU_014401,SPU_014418,0.011591917
SPU_002592,SPU_021557,0.01158859
SPU_026763,SPU_001262_1,0.011585125
SPU_006917,SPU_010305,0.011584986
SPU_009876,SPU_007360_1,0.011583046
SPU_012648,SPU_021382,0.011579303
SPU_009831,SPU_006058,0.011569877
SPU_007253,SPU_014289,0.011562531
SPU_026465,SPU_018392,0.011560868
SPU_008528,SPU_022955,0.011550333
SPU_020565,SPU_015772,0.011546729
SPU_007262,SPU_022654,0.011546174
SPU_018744,SPU_022678,0.011543541
SPU_003704,SPU_022678,0.011541323
SPU_022049,SPU_008196,0.011540907
SPU_007644,SPU_005667,0.011534392
SPU_008703,SPU_023730,0.011533699
SPU_000276,SPU_020803,0.011532867
SPU_012384,SPU_009685,0.011529263
SPU_008117,SPU_005667,0.011519283
SPU_011189,SPU_015828,0.01151263
SPU_006421,SPU_000016,0.011506392
SPU_005572,SPU_006808,0.011506392
SPU_006753,SPU_012632,0.011505006
SPU_024189,SPU_015199,0.011502649
SPU_001262,SPU_022678,0.011490451
SPU_020565,SPU_021726,0.011490035
SPU_028479,SPU_014763,0.011489481
SPU_009048,SPU_004340,0.011489342
SPU_005572,SPU_010924_1,0.011488095
SPU_007981,SPU_004217,0.01148657
SPU_022816,SPU_022800,0.011486016
SPU_009831,SPU_002309,0.011485184
SPU_007262,SPU_015682,0.01148463
SPU_027774,SPU_018673,0.011481996
SPU_022049,SPU_026205,0.01147659
SPU_027774,SPU_005708,0.011473125
SPU_006991,SPU_006312,0.011469521
SPU_012648,SPU_004148,0.011466332
SPU_015719,SPU_019656,0.011465223
SPU_007262,SPU_024555,0.011463699
SPU_021172,SPU_028583,0.01145857
SPU_001998,SPU_013576,0.011455382
SPU_000749,SPU_030073,0.011446788
SPU_009876,SPU_001113,0.011440827
SPU_014576,SPU_013576,0.011440689
SPU_007262,SPU_027774,0.011435283
SPU_018393,SPU_013305,0.011434867
SPU_000757,SPU_004340,0.01143251
SPU_011635,SPU_022955_1,0.011430708
SPU_004021,SPU_015456,0.0114296
SPU_005718,SPU_023730,0.011424471
SPU_008196_1,SPU_012877_1,0.011424194
SPU_008196,SPU_007863,0.011420312
SPU_004723,SPU_024745,0.011418233
SPU_002320,SPU_017750,0.01141352
SPU_006753,SPU_018797,0.011408807
SPU_019002,SPU_005667,0.011405342
SPU_008112,SPU_022817,0.011403124
SPU_027472,SPU_000975,0.011400906
SPU_011297,SPU_015362,0.011397025
SPU_003470,SPU_024555,0.011394114
SPU_023730,SPU_020082,0.01139356
SPU_004414,SPU_005522,0.011390787
SPU_017407,SPU_003378,0.011386629
SPU_013119,SPU_021119,0.011385104
SPU_014197,SPU_004021,0.011381916
SPU_023894,SPU_002816,0.011379698
SPU_003595,SPU_000948,0.011377203
SPU_020722,SPU_011720,0.01137554
SPU_010295,SPU_026465,0.011375124
SPU_012384,SPU_006991,0.011365975
SPU_007262,SPU_024903,0.011362233
SPU_024918,SPU_018392,0.011353223
SPU_009642,SPU_014763,0.011350867
SPU_004021,SPU_012203,0.011350867
SPU_012546,SPU_010458,0.011346569
SPU_006803,SPU_015071_1,0.011346292
SPU_018391,SPU_007262,0.011338807
SPU_025584,SPU_013569,0.011338668
SPU_014722,SPU_012648,0.011337282
SPU_012490,SPU_002836,0.011336589
SPU_020123,SPU_014687,0.011336173
SPU_001113,SPU_015719,0.011335619
SPU_004021,SPU_001113,0.011334094
SPU_026099,SPU_002816,0.011331183
SPU_009831,SPU_005667,0.011319817
SPU_018126,SPU_008353_1,0.011318985
SPU_027472,SPU_004217,0.011314549
SPU_018056,SPU_018355_1,0.011302767
SPU_007644,SPU_022717,0.011299302
SPU_000739,SPU_020311,0.011298193
SPU_006753,SPU_002008,0.011293896
SPU_013569,SPU_022841,0.011286688
SPU_014332,SPU_019033,0.011286272
SPU_002592,SPU_012877,0.011279341
SPU_002603,SPU_014752,0.011277955
SPU_002816,SPU_027362,0.011272272
SPU_026763,SPU_021210,0.011271302
SPU_017407,SPU_005708,0.011268391
SPU_017837,SPU_002554,0.011268252
SPU_008845,SPU_011720,0.011262985
SPU_024918,SPU_014722,0.011258549
SPU_007147,SPU_020330_1,0.011257718
SPU_003166,SPU_026465,0.0112555
SPU_021210,SPU_005435,0.011254252
SPU_004217,SPU_024901_1,0.011244549
SPU_006484,SPU_000437,0.011244133
SPU_000424,SPU_016490,0.01124247
SPU_011174,SPU_020123,0.0112415
SPU_002592,SPU_028255,0.011238173
SPU_007599,SPU_012699,0.011232351
SPU_007262,SPU_002008,0.011218905
SPU_008528,SPU_008377,0.011218628
SPU_014576,SPU_009178,0.011216688
SPU_017725,SPU_013510,0.011216133
SPU_011635,SPU_011272_1,0.011214193
SPU_000739,SPU_021666,0.0112074
SPU_015243,SPU_007317,0.011206153
SPU_020722,SPU_022487,0.011201163
SPU_002320,SPU_001483,0.01119243
SPU_015243,SPU_003548,0.011189242
SPU_004148,SPU_010698,0.011186747
SPU_028255,SPU_014687,0.011185915
SPU_012648,SPU_024901_1,0.011174687
SPU_011635,SPU_024555,0.011169143
SPU_006991,SPU_002836,0.011168034
SPU_015772,SPU_013119,0.011167618
SPU_000440,SPU_021557,0.011167479
SPU_025632,SPU_019366,0.011165123
SPU_021172,SPU_020124,0.011164984
SPU_005572,SPU_006871,0.011163044
SPU_004217,SPU_014722,0.011156806
SPU_005358,SPU_002320,0.011153618
SPU_026205,SPU_002428,0.011149875
SPU_012546,SPU_006871,0.01114946
SPU_022242,SPU_028583,0.011148628
SPU_015712,SPU_023730,0.011143361
SPU_022846,SPU_014401,0.011139479
SPU_014461,SPU_021119,0.011135321
SPU_014170,SPU_018393,0.011131994
SPU_008845,SPU_005035,0.011125063
SPU_006462,SPU_021210,0.011122291
SPU_008528,SPU_018673,0.011121182
SPU_025888,SPU_004021,0.011102192
SPU_014628,SPU_001262_2,0.0110954
SPU_023386,SPU_006484,0.011094568
SPU_012648,SPU_011270,0.011091519
SPU_000756,SPU_024044,0.011091241
SPU_019656,SPU_024946,0.011089994
SPU_001262_2,SPU_022678,0.011083063
SPU_021172,SPU_014687,0.01108043
SPU_002791,SPU_012949,0.011080152
SPU_014793,SPU_011272,0.011078212
SPU_008936,SPU_015362,0.011076826
SPU_014722,SPU_015828,0.011075994
SPU_008845,SPU_018673,0.0110674
SPU_002603,SPU_014687,0.011067261
SPU_019290,SPU_024093,0.011061994
SPU_004217,SPU_006063,0.011061578
SPU_019332,SPU_010873,0.011061439
SPU_007644,SPU_006063,0.011057558
SPU_027053,SPU_022955_1,0.011055479
SPU_003378,SPU_009756,0.011052429
SPU_027214,SPU_016523,0.011040924
SPU_007262,SPU_022955_1,0.011039261
SPU_012914,SPU_014055,0.011038429
SPU_002129,SPU_028255,0.011037043
SPU_009831,SPU_018355,0.011034825
SPU_023037,SPU_010873,0.01103441
SPU_001262_2,SPU_017441,0.011029835
SPU_019332,SPU_023839,0.011020825
SPU_003102,SPU_014055,0.011016528
SPU_023177,SPU_003586,0.011015697
SPU_002816,SPU_010634,0.011005023
SPU_027214,SPU_017348,0.011002528
SPU_013015,SPU_014687,0.011002251
SPU_017106,SPU_004021,0.010999479
SPU_000440,SPU_008377_2,0.010993518
SPU_024139,SPU_023894,0.010992687
SPU_027235,SPU_022654,0.0109913
SPU_008117,SPU_011226,0.010988251
SPU_009831,SPU_013689,0.010987696
SPU_027053,SPU_008698,0.010984647
SPU_021557,SPU_002025,0.010982845
SPU_023730,SPU_002950,0.010981182
SPU_007262,SPU_022817,0.01097536
SPU_025590,SPU_010924_1,0.010970785
SPU_002874,SPU_012648_1,0.010962607
SPU_006786,SPU_015456,0.010962469
SPU_006312,SPU_020124,0.010960528
SPU_003595,SPU_019825,0.010957063
SPU_015108,SPU_017492,0.010954706
SPU_024903,SPU_028255,0.010954152
SPU_016443,SPU_006786,0.010953597
SPU_014802,SPU_020803,0.01095235
SPU_017106,SPU_002950,0.0109493
SPU_004702,SPU_010873,0.010948746
SPU_007262,SPU_013904,0.010948607
SPU_000975,SPU_012699,0.010946528
SPU_012384,SPU_020124,0.010940983
SPU_012253,SPU_009079_1,0.010936686
SPU_010424,SPU_013689,0.010932389
SPU_000485,SPU_020803,0.010927815
SPU_001262_2,SPU_014683,0.010915617
SPU_028479,SPU_010305,0.010912013
SPU_005358,SPU_026205,0.010909379
SPU_004723,SPU_015682,0.010909102
SPU_006814,SPU_013570,0.010905082
SPU_025584,SPU_008563,0.010897597
SPU_004414,SPU_007360_1,0.01089732
SPU_003704,SPU_006063,0.010896349
SPU_005572,SPU_000739,0.010891359
SPU_007253,SPU_013140_1,0.010886092
SPU_006312,SPU_013510,0.010884567
SPU_026099,SPU_008595_1,0.010883458
SPU_014802,SPU_030073,0.010882349
SPU_020124,SPU_007087,0.010875141
SPU_015358,SPU_009685,0.010867518
SPU_017348,SPU_003378,0.010866963
SPU_006991,SPU_002309,0.010866686
SPU_006808,SPU_002025,0.010864468
SPU_027598,SPU_003937,0.010864191
SPU_015828,SPU_014722,0.010857676
SPU_018391,SPU_012948,0.010857537
SPU_002677,SPU_027145,0.010853656
SPU_024139,SPU_020082,0.010853379
SPU_004021,SPU_006786,0.010850191
SPU_000424,SPU_021172,0.010847973
SPU_003166,SPU_028583,0.010846864
SPU_015828,SPU_000806,0.010846032
SPU_000485,SPU_015772,0.010839379
SPU_015358,SPU_011270,0.010835359
SPU_012384,SPU_010924,0.010826072
SPU_013015,SPU_013202,0.010810963
SPU_014401,SPU_025632,0.0108093
SPU_024139,SPU_004021,0.010807775
SPU_027472,SPU_015772,0.010806943
SPU_019656,SPU_007147,0.010803755
SPU_017635,SPU_026633,0.010801537
SPU_015828,SPU_018392,0.010798903
SPU_000756,SPU_013810_1,0.010794468
SPU_000757,SPU_018861,0.010783101
SPU_005572,SPU_014684,0.010780606
SPU_018391,SPU_019384,0.010777002
SPU_001739,SPU_024139,0.01077021
SPU_015712,SPU_013570,0.010765636
SPU_015358,SPU_010924_1,0.010761893
SPU_015358,SPU_021557,0.010758705
SPU_012253,SPU_020124,0.010758705
SPU_000861,SPU_002008,0.010746646
SPU_015243,SPU_007721,0.010740963
SPU_015772,SPU_012699,0.010736527
SPU_012490,SPU_018908,0.010734586
SPU_018126,SPU_013570,0.010732923
SPU_025632,SPU_020330_1,0.010731537
SPU_006814,SPU_016523,0.010727794
SPU_022163,SPU_012877,0.010725715
SPU_026905,SPU_012648_1,0.010725299
SPU_013689,SPU_025010,0.010719893
SPU_017725,SPU_012632,0.010717121
SPU_020565,SPU_001113,0.010714626
SPU_018581,SPU_022800,0.010707834
SPU_008528,SPU_014722,0.010706863
SPU_018355,SPU_010873,0.010703814
SPU_008703,SPU_015772,0.010702151
SPU_011297,SPU_020330_1,0.010694527
SPU_027472,SPU_002816,0.010687873
SPU_022846,SPU_011202,0.010679695
SPU_019332,SPU_009847,0.010678309
SPU_024903,SPU_007087,0.01067623
SPU_018391,SPU_011635,0.010675814
SPU_015829,SPU_014722,0.010674982
SPU_006753,SPU_002025,0.010673735
SPU_024877,SPU_012489,0.010665695
SPU_002874,SPU_010873,0.010663754
SPU_001262_1,SPU_022678,0.010662507
SPU_028255,SPU_013689,0.010660428
SPU_013569,SPU_024901_1,0.01065821
SPU_024189,SPU_009876,0.010649616
SPU_008117,SPU_010924,0.010646982
SPU_020637,SPU_009474,0.010643794
SPU_012648,SPU_014722,0.010642408
SPU_018483,SPU_020123,0.010638388
SPU_024877,SPU_000437,0.010638388
SPU_025590,SPU_013510,0.010631596
SPU_025584,SPU_018355,0.010630348
SPU_028120,SPU_012877_1,0.010626467
SPU_027235,SPU_020123,0.010624526
SPU_010351,SPU_024139,0.010613853
SPU_018355,SPU_022678,0.010612051
SPU_006991,SPU_013689_1,0.0106072
SPU_022816,SPU_004340,0.010605536
SPU_011297,SPU_024093,0.010598605
SPU_013015,SPU_006484,0.01059611
SPU_015719,SPU_015767,0.010592368
SPU_012772,SPU_023140,0.010591952
SPU_016443,SPU_014802,0.010591813
SPU_012469,SPU_000016,0.010591536
SPU_010305,SPU_012491,0.010587378
SPU_006991,SPU_022654,0.010580031
SPU_015829,SPU_000806,0.010579615
SPU_002592,SPU_028583,0.010572823
SPU_004414,SPU_011348,0.010569774
SPU_022846,SPU_006786,0.010565754
SPU_006312,SPU_010924_1,0.010565477
SPU_013047,SPU_008353_1,0.010565061
SPU_028120,SPU_013570,0.010564645
SPU_019290,SPU_012699,0.010560764
SPU_005718,SPU_002950,0.010560209
SPU_028827,SPU_006312,0.010547734
SPU_023037,SPU_024745,0.010547595
SPU_000757,SPU_009474,0.010543853
SPU_011576,SPU_005955_1,0.010543853
SPU_009771,SPU_022573,0.010542467
SPU_018581,SPU_005667,0.010540387
SPU_009642,SPU_013569,0.010540249
SPU_009831,SPU_006063,0.010539001
SPU_027774,SPU_023839,0.010538447
SPU_002874,SPU_005667,0.010534843
SPU_002592,SPU_020124,0.010534011
SPU_014332,SPU_015682,0.010533872
SPU_005572,SPU_011270,0.010531377
SPU_017635,SPU_002554,0.010530823
SPU_012469,SPU_028255,0.010526387
SPU_015243,SPU_011687,0.010522783
SPU_004217,SPU_000603,0.010510169
SPU_027472,SPU_002950,0.010501021
SPU_022163,SPU_010924,0.010497971
SPU_011297,SPU_006786,0.010493951
SPU_012490,SPU_003548,0.010484803
SPU_015772,SPU_002816,0.010482862
SPU_000757,SPU_027472,0.010477734
SPU_023386,SPU_007863,0.010474684
SPU_014170,SPU_012489,0.010471773
SPU_014461,SPU_015767,0.01047011
SPU_003102,SPU_000016_1,0.010467337
SPU_024918,SPU_023090,0.010467337
SPU_018056,SPU_022678,0.010464149
SPU_002320,SPU_022654,0.010464149
SPU_005718,SPU_020082,0.010456664
SPU_003166,SPU_014687,0.010454724
SPU_000485,SPU_005955_1,0.010454308
SPU_007981,SPU_023839,0.010452644
SPU_028827,SPU_002631,0.010451258
SPU_018393,SPU_012489,0.010443357
SPU_017404_1,SPU_019332,0.01044211
SPU_011635,SPU_024745,0.010441971
SPU_027053,SPU_015829,0.010439337
SPU_006991,SPU_022473,0.010439337
SPU_012253,SPU_012877,0.010439337
SPU_024877,SPU_027935_1,0.010438506
SPU_015374,SPU_014687,0.010438228
SPU_000757,SPU_002950,0.010437674
SPU_013047,SPU_004021,0.010436981
SPU_006803,SPU_021757,0.010434486
SPU_020722,SPU_022697,0.010422981
SPU_018056,SPU_006063,0.010422565
SPU_010295,SPU_014055,0.010419515
SPU_006808,SPU_007108,0.010418822
SPU_025584,SPU_007863,0.010418268
SPU_000485,SPU_015362,0.010413694
SPU_027935,SPU_022473,0.010409397
SPU_018391,SPU_004148,0.010408288
SPU_014170,SPU_007147,0.010399139
SPU_009831,SPU_011226,0.010395812
SPU_003102,SPU_015682,0.010395258
SPU_025584,SPU_004983,0.010395119
SPU_003102,SPU_012469,0.010392901
SPU_003166,SPU_020124,0.010385832
SPU_021192,SPU_004024,0.01038001
SPU_001739,SPU_027472,0.010371139
SPU_015358,SPU_014643,0.010371
SPU_007253,SPU_002950,0.010370307
SPU_006484,SPU_020082,0.01036906
SPU_006786,SPU_012008,0.010364347
SPU_008936,SPU_002816,0.010362129
SPU_005572,SPU_015466,0.010356862
SPU_006803,SPU_002025_1,0.010344386
SPU_005718,SPU_024610,0.010339396
SPU_019366,SPU_020803,0.01033704
SPU_014418,SPU_019290,0.010325396
SPU_021192,SPU_012489,0.01031306
SPU_005358,SPU_004037,0.01030599
SPU_020311,SPU_014055,0.010296426
SPU_009831,SPU_014683,0.010291574
SPU_014332,SPU_013510,0.010290604
SPU_002634,SPU_021119,0.010289079
SPU_011202,SPU_016792,0.010287416
SPU_002816,SPU_012008,0.010282842
SPU_013047,SPU_002950,0.010278406
SPU_006753,SPU_007087,0.010277851
SPU_002874,SPU_013861,0.010277297
SPU_017379,SPU_014289,0.010275356
SPU_017837,SPU_013611,0.010273554
SPU_004723,SPU_007644,0.010272307
SPU_008117_1,SPU_000016_1,0.010263574
SPU_000861,SPU_018908,0.010250544
SPU_006991,SPU_021210,0.010249435
SPU_000739,SPU_013510,0.010244168
SPU_006787,SPU_005955_1,0.010243614
SPU_007981,SPU_001415,0.010243475
SPU_010295,SPU_000016,0.010236683
SPU_015829,SPU_018392,0.010236267
SPU_012546,SPU_000016_1,0.010233079
SPU_018355,SPU_006063,0.010228366
SPU_007599,SPU_012050,0.010224901
SPU_027053,SPU_001415,0.010222128
SPU_021608,SPU_017656,0.010218524
SPU_015908,SPU_000310,0.01021797
SPU_024877,SPU_001113,0.010211732
SPU_022163,SPU_022473,0.010209376
SPU_013047,SPU_027472,0.01020591
SPU_014418,SPU_008353_1,0.010205495
SPU_009831,SPU_020480_1,0.010198148
SPU_010424,SPU_021666,0.010197039
SPU_027015,SPU_013570,0.01019593
SPU_003470,SPU_002320,0.010195514
SPU_026465,SPU_022955_1,0.01019191
SPU_015640,SPU_015456,0.010190108
SPU_002129,SPU_012877,0.010186227
SPU_011576,SPU_014401,0.010184841
SPU_013689,SPU_027235,0.010181653
SPU_027053,SPU_023839,0.01018096
SPU_022163,SPU_006333,0.010173891
SPU_004702,SPU_026385,0.010165851
SPU_005358,SPU_015682,0.010162386
SPU_012645,SPU_028148,0.010156564
SPU_014628,SPU_006197,0.010151296
SPU_018908,SPU_009079_1,0.010151158
SPU_023386,SPU_028148,0.010149079
SPU_004287_1,SPU_007253,0.010143395
SPU_017837,SPU_011226,0.010142841
SPU_007981,SPU_014722,0.010136603
SPU_002632,SPU_002815,0.01013092
SPU_016443,SPU_001113,0.010130227
SPU_010635,SPU_025888,0.010127732
SPU_027053,SPU_007981,0.010126623
SPU_006462,SPU_017511,0.010123712
SPU_006917,SPU_020646,0.010119692
SPU_025010,SPU_030139,0.010117752
SPU_028827,SPU_008112,0.010116781
SPU_015243,SPU_009911,0.010114702
SPU_027053,SPU_010873,0.010113455
SPU_014802,SPU_012699,0.010110405
SPU_011189,SPU_014722,0.010107494
SPU_003166,SPU_003548,0.010105554
SPU_002129,SPU_026205,0.010104583
SPU_000975,SPU_023894,0.010103474
SPU_025113,SPU_011226,0.0100989
SPU_022846,SPU_020803,0.010098761
SPU_014722,SPU_000806,0.010097791
SPU_023037,SPU_015829,0.010097653
SPU_012772,SPU_028148,0.010088504
SPU_017837,SPU_023014,0.010082128
SPU_015358,SPU_022473,0.010080603
SPU_016617,SPU_013967,0.010080326
SPU_011246,SPU_016045,0.010078801
SPU_026633,SPU_014687,0.010078108
SPU_000485,SPU_010634,0.010076445
SPU_008117,SPU_014055,0.010075751
SPU_012253,SPU_006333,0.010074088
SPU_021557,SPU_006333,0.010071732
SPU_021192,SPU_009474,0.010071039
SPU_008117,SPU_000016,0.010070207
SPU_002874,SPU_013904,0.010068128
SPU_022820,SPU_014722,0.010066326
SPU_020124,SPU_011635,0.010063692
SPU_006484,SPU_028120,0.010060781
SPU_013569,SPU_013015,0.010060504
SPU_002791,SPU_013904,0.010058563
SPU_004287,SPU_022916,0.010047474
SPU_023037,SPU_008698,0.010045256
SPU_007262,SPU_014683,0.010044702
SPU_000276,SPU_030073,0.010043177
SPU_023730,SPU_013570,0.010036801
SPU_005572,SPU_015682,0.010036246
SPU_000485,SPU_007147,0.010036108
SPU_001657,SPU_000948,0.010035553
SPU_018391,SPU_018373,0.010035415
SPU_027235,SPU_007721,0.01002987
SPU_008528,SPU_001415,0.010024325
SPU_015719,SPU_016786,0.010023078
SPU_023037,SPU_023839,0.010022108
SPU_027214,SPU_007863,0.010015454
SPU_022049,SPU_028120,0.010014345
SPU_000861,SPU_026962,0.010008801
SPU_023037,SPU_022955_1,0.010007276
SPU_024918,SPU_007644,0.010004365
SPU_022163,SPU_007862,0.009998959
SPU_002634,SPU_021192,0.009997018
SPU_025888,SPU_008353_1,0.009991058
SPU_016786,SPU_015456,0.009990781
SPU_025113,SPU_028093,0.009987315
SPU_027774,SPU_015829,0.009982187
SPU_015712,SPU_014289,0.009978583
SPU_017404_1,SPU_014055,0.009978028
SPU_002320,SPU_002554,0.009977197
SPU_014722,SPU_010698,0.009976226
SPU_008117_1,SPU_020726,0.009975256
SPU_027015,SPU_028148,0.00997387
SPU_021192,SPU_006786,0.009973593
SPU_023730,SPU_008353_1,0.009971097
SPU_008845,SPU_011270,0.009961533
SPU_001998,SPU_007360_1,0.009958761
SPU_004723,SPU_019365,0.009949335
SPU_008112,SPU_028255,0.009948365
SPU_021608,SPU_017750,0.009944345
SPU_017725,SPU_014055,0.009942404
SPU_003704,SPU_010873,0.0099388
SPU_025590,SPU_007862,0.009935889
SPU_006676,SPU_011246,0.009935751
SPU_021608,SPU_020726,0.009934642
SPU_000485,SPU_000948,0.009933949
SPU_019002,SPU_014836,0.009929097
SPU_026763,SPU_013140_1,0.009923691
SPU_009876,SPU_023140,0.009923137
SPU_012491,SPU_004021,0.009910662
SPU_027053,SPU_017441,0.009904008
SPU_019290,SPU_012489,0.009899711
SPU_023037,SPU_001415,0.009899018
SPU_019366,SPU_020803_1,0.009896523
SPU_007262,SPU_012469,0.009880444
SPU_028827,SPU_007087,0.009877533
SPU_021557,SPU_021666,0.009877533
SPU_028827,SPU_007863,0.009877394
SPU_028583,SPU_006484,0.009874622
SPU_005358,SPU_028255,0.009874206
SPU_005358,SPU_001483,0.009873651
SPU_000485,SPU_012699,0.009872127
SPU_025590,SPU_020124,0.009869632
SPU_028120,SPU_020082,0.009866305
SPU_006787,SPU_019366,0.009865057
SPU_007611,SPU_007981,0.009862701
SPU_006753,SPU_022473,0.009861038
SPU_011189,SPU_024555,0.009859236
SPU_016881,SPU_024307,0.009858265
SPU_017470,SPU_013611,0.009854523
SPU_015108,SPU_027598,0.009854107
SPU_012645,SPU_025888,0.009853552
SPU_001262_1,SPU_012877_1,0.009851335
SPU_002816,SPU_018954,0.009833869
SPU_012490,SPU_007721,0.00982874
SPU_024877,SPU_027472,0.009827493
SPU_006991,SPU_020646,0.009827077
SPU_009048,SPU_027472,0.00982375
SPU_025113,SPU_013611,0.009819592
SPU_024918,SPU_022697,0.009813631
SPU_002791,SPU_023839,0.009812245
SPU_026099,SPU_016786,0.009811691
SPU_021210,SPU_028148,0.009811275
SPU_000739,SPU_028255,0.009808087
SPU_019089,SPU_006484,0.009800602
SPU_012008,SPU_007599,0.009799631
SPU_024918,SPU_000603,0.009798661
SPU_024877,SPU_000975,0.009798107
SPU_018483,SPU_028255,0.009775374
SPU_020722,SPU_011635,0.009772463
SPU_021119,SPU_015767,0.009772186
SPU_005572,SPU_024555,0.009764562
SPU_012648,SPU_011226,0.009763037
SPU_014722,SPU_018392,0.009762205
SPU_020722,SPU_007262,0.009761651
SPU_002791,SPU_018355,0.009759294
SPU_015456,SPU_018744,0.009756799
SPU_018391,SPU_003470,0.009747928
SPU_015640,SPU_023894,0.009746681
SPU_001113,SPU_025632,0.009744463
SPU_006803,SPU_004551,0.009741136
SPU_018392,SPU_005737,0.009738225
SPU_012648_1,SPU_009646,0.009737255
SPU_018908,SPU_019089,0.009729908
SPU_012008,SPU_023894,0.009726859
SPU_027053,SPU_014722,0.009724779
SPU_013689_1,SPU_025590,0.009723671
SPU_007644,SPU_001415,0.009723255
SPU_009642,SPU_011272,0.009721175
SPU_005572,SPU_014643,0.009718819
SPU_012699,SPU_023813,0.009717017
SPU_012253,SPU_009685,0.009715908
SPU_002874,SPU_023839,0.009710641
SPU_006484,SPU_007360_1,0.00970773
SPU_017635,SPU_002025,0.009705235
SPU_002791,SPU_010873,0.009700938
SPU_018391,SPU_001415,0.009698581
SPU_001262_2,SPU_006063,0.009697334
SPU_015712,SPU_027472,0.009695948
SPU_009178,SPU_022892,0.009694007
SPU_015374,SPU_020646,0.009693314
SPU_018483,SPU_021210,0.009692482
SPU_015358,SPU_010924,0.009691651
SPU_006462,SPU_028148,0.009687769
SPU_012008,SPU_000276,0.009687631
SPU_024918,SPU_008117_1,0.009686106
SPU_017837,SPU_006808,0.009678621
SPU_000485,SPU_012489,0.009676264
SPU_012648,SPU_001415,0.009675294
SPU_004702,SPU_023839,0.009666561
SPU_006991,SPU_002320,0.009659492
SPU_025346,SPU_002309,0.009657274
SPU_023730,SPU_005955_1,0.009649512
SPU_002874,SPU_006058,0.009646324
SPU_014722,SPU_004148,0.00964369
SPU_001113,SPU_024877,0.009641195
SPU_026099,SPU_012699,0.009640502
SPU_000485,SPU_011315,0.009640225
SPU_020637,SPU_001113,0.009639532
SPU_009831,SPU_011270,0.009630522
SPU_006786,SPU_014418,0.009615135
SPU_004021,SPU_000975,0.009612086
SPU_025888,SPU_028148,0.009611531
SPU_013015,SPU_008196,0.009605848
SPU_003378,SPU_000948,0.009596007
SPU_017837,SPU_024555,0.00959462
SPU_007644,SPU_011226,0.009586997
SPU_000276,SPU_012008,0.009585056
SPU_004599,SPU_000975,0.009581729
SPU_009831,SPU_010924_1,0.009576739
SPU_005572,SPU_006333,0.009573967
SPU_006421,SPU_007262,0.009568284
SPU_004723,SPU_004148,0.009563432
SPU_001262_1,SPU_006197,0.009560521
SPU_006753,SPU_010295,0.009560105
SPU_002791,SPU_001415,0.009559967
SPU_023177,SPU_004702,0.009552066
SPU_027472,SPU_008353_1,0.009549016
SPU_006786,SPU_019290,0.009548878
SPU_017407,SPU_003595_1,0.009547769
SPU_003166,SPU_007721,0.009543749
SPU_015984,SPU_023463_1,0.009537373
SPU_013047,SPU_014588,0.009535986
SPU_007644,SPU_023839,0.009534046
SPU_018056,SPU_010873,0.00953266
SPU_015108,SPU_003378,0.009532244
SPU_008936,SPU_013119,0.009526699
SPU_011189,SPU_013305,0.009523095
SPU_017642,SPU_025125,0.009522402
SPU_017971,SPU_019825,0.009521432
SPU_016523,SPU_017492,0.009520739
SPU_001262_2,SPU_030139,0.009513392
SPU_003179,SPU_013576,0.009511036
SPU_007262,SPU_020480_1,0.009510897
SPU_019002,SPU_001483,0.009510897
SPU_028255,SPU_000129,0.009509234
SPU_018391,SPU_014722,0.009494679
SPU_015829,SPU_027053,0.009494125
SPU_008196,SPU_002428,0.009489135
SPU_017642,SPU_012912,0.009487194
SPU_006991,SPU_012912,0.00948456
SPU_018483,SPU_007190,0.009481095
SPU_002874,SPU_001415,0.009468897
SPU_003704,SPU_000603,0.009465016
SPU_012490,SPU_024044,0.009464323
SPU_013305,SPU_022717,0.009464184
SPU_013569,SPU_019652,0.009464046
SPU_007599,SPU_013119,0.009462798
SPU_016443,SPU_005955_1,0.009458085
SPU_006991,SPU_013569,0.009456145
SPU_011189,SPU_024745,0.009455867
SPU_008528,SPU_023839,0.009455313
SPU_020565,SPU_004924,0.009455036
SPU_000757,SPU_020082,0.009454897
SPU_005022,SPU_014588,0.009452125
SPU_005718,SPU_025888,0.009446996
SPU_016443,SPU_012489,0.009445194
SPU_021608,SPU_000016,0.009440897
SPU_015772,SPU_027935_1,0.009437154
SPU_022816,SPU_022892,0.009433412
SPU_004702,SPU_022678,0.009433273
SPU_002592,SPU_026205,0.009432719
SPU_004148,SPU_008117,0.009429115
SPU_000485,SPU_011202,0.009426481
SPU_028827,SPU_012877,0.009422184
SPU_006808,SPU_023386,0.009416085
SPU_007981,SPU_022697,0.009406936
SPU_000424,SPU_022654,0.009398204
SPU_008528,SPU_011635,0.009396124
SPU_000756,SPU_002677,0.009393907
SPU_006803,SPU_003548,0.009392382
SPU_025346,SPU_006991,0.009386976
SPU_025632,SPU_009474,0.009385035
SPU_018391,SPU_023839,0.00938351
SPU_021192,SPU_004021,0.009378105
SPU_015772,SPU_001113,0.009377966
SPU_005572,SPU_009847,0.009373114
SPU_016443,SPU_012699,0.009371312
SPU_002874,SPU_014683,0.009368956
SPU_021557,SPU_022473,0.009368124
SPU_002874,SPU_015829,0.009362164
SPU_015640,SPU_008595_1,0.009357451
SPU_011189,SPU_023037,0.009356619
SPU_021557,SPU_007087,0.009351906
SPU_010424,SPU_020480_1,0.009350797
SPU_007644,SPU_017404_1,0.009348025
SPU_019656,SPU_001657,0.009341094
SPU_002603,SPU_028583,0.009338599
SPU_019002,SPU_022817,0.009329174
SPU_011174,SPU_027708,0.009327926
SPU_017579,SPU_019825,0.009324461
SPU_002592,SPU_007087,0.009324045
SPU_023177,SPU_007360_1,0.009321966
SPU_012648,SPU_022955_1,0.00932058
SPU_002320,SPU_012632,0.009320164
SPU_008936,SPU_008353_1,0.009320025
SPU_020637,SPU_020803,0.009314342
SPU_006803,SPU_007262,0.009313094
SPU_006917,SPU_022892,0.009312817
SPU_028827,SPU_011687,0.009311708
SPU_027472,SPU_005955_1,0.009311708
SPU_007262,SPU_006865,0.009308243
SPU_009876,SPU_009178,0.009307827
SPU_027053,SPU_024745,0.009306302
SPU_028255,SPU_021210,0.009305609
SPU_002320,SPU_013178,0.009304084
SPU_014401,SPU_020803,0.009292857
SPU_026633,SPU_004287_1,0.009292164
SPU_024918,SPU_011001,0.00929147
SPU_025632,SPU_008595_1,0.00928149
SPU_025584,SPU_011272,0.009281074
SPU_006803,SPU_020124,0.009279688
SPU_000739,SPU_022573,0.009278579
SPU_002816,SPU_012489,0.009278579
SPU_027774,SPU_012949,0.009274421
SPU_017725,SPU_017750,0.009272896
SPU_014332,SPU_001483,0.009272757
SPU_016443,SPU_015772,0.00927151
SPU_022820,SPU_023839,0.009271094
SPU_022846,SPU_011315,0.009268183
SPU_007981,SPU_018850,0.00926749
SPU_015374,SPU_028583,0.009255292
SPU_021557,SPU_007863,0.00923852
SPU_002592,SPU_005522,0.009238242
SPU_019366,SPU_030073,0.009234777
SPU_002791,SPU_013861,0.009231728
SPU_011246,SPU_026731,0.009231312
SPU_024903,SPU_004551,0.009217728
SPU_000485,SPU_004924,0.00920747
SPU_003102,SPU_022473,0.009204421
SPU_017725,SPU_002025,0.009202203
SPU_006808,SPU_014683,0.009202064
SPU_027472,SPU_001113,0.00919042
SPU_022163,SPU_013510,0.009188064
SPU_019290,SPU_030073,0.009186816
SPU_011635,SPU_001415,0.009185292
SPU_022678,SPU_010873,0.009183767
SPU_016523,SPU_027935_1,0.009182935
SPU_008112,SPU_011756,0.00918044
SPU_018392,SPU_004723,0.009177113
SPU_022846,SPU_012489,0.009176975
SPU_012491,SPU_027472,0.009176836
SPU_007644,SPU_023463_1,0.00917642
SPU_011297,SPU_004340,0.009166024
SPU_012546,SPU_007011,0.009163806
SPU_017348,SPU_017971,0.009161311
SPU_008528,SPU_018373,0.009159232
SPU_026418,SPU_019089,0.009156599
SPU_017725,SPU_000016,0.009153272
SPU_026763,SPU_007721,0.009150222
SPU_001657,SPU_017492,0.009149252
SPU_008703,SPU_013576,0.009140796
SPU_015640,SPU_027472,0.009140519
SPU_007253,SPU_024139,0.009135529
SPU_016786,SPU_014401,0.00913539
SPU_018355,SPU_000603,0.009132757
SPU_015243,SPU_028255,0.009130816
SPU_002603,SPU_008196,0.009130816
SPU_022163,SPU_014836,0.009130123
SPU_016523,SPU_003937,0.009124856
SPU_012699,SPU_008595_1,0.009123885
SPU_010424,SPU_021726,0.009122777
SPU_023386,SPU_017379,0.009120282
SPU_017579,SPU_014055,0.009116123
SPU_007981,SPU_010873,0.009114598
SPU_013015,SPU_003548,0.009114598
SPU_020311,SPU_002008,0.009113905
SPU_014289,SPU_004021,0.009111133
SPU_014802,SPU_020803_1,0.00911044
SPU_006787,SPU_001113,0.00910739
SPU_018581,SPU_022473,0.009105588
SPU_021172,SPU_011756,0.009105034
SPU_008117_1,SPU_011270,0.009102816
SPU_024903,SPU_013689_1,0.009102677
SPU_007981,SPU_006063,0.0091024
SPU_023386,SPU_013305,0.00910143
SPU_012203,SPU_012489,0.009099905
SPU_004702,SPU_018744,0.009095885
SPU_015772,SPU_017492,0.009092836
SPU_001739,SPU_004024,0.009091588
SPU_026205,SPU_013967,0.009090479
SPU_014332,SPU_012632,0.009084658
SPU_009178,SPU_025888,0.009084242
SPU_026905,SPU_015358,0.009083826
SPU_018391,SPU_019508,0.009081469
SPU_006808,SPU_013689,0.009075509
SPU_009771,SPU_002428,0.009074955
SPU_006808,SPU_020480_1,0.009070519
SPU_018355,SPU_015828,0.009065529
SPU_025632,SPU_010634,0.009063588
SPU_018126,SPU_002950,0.009063034
SPU_020722,SPU_009847,0.009061925
SPU_006803,SPU_002309,0.009045568
SPU_018908,SPU_013510,0.009037529
SPU_008196_1,SPU_002428,0.009035727
SPU_000948,SPU_003937,0.009027826
SPU_008845,SPU_022697,0.009026024
SPU_012546,SPU_009646,0.009023251
SPU_000276,SPU_020803_1,0.009021034
SPU_009048,SPU_015772,0.009017707
SPU_006462,SPU_003548,0.009015489
SPU_008528,SPU_028746,0.009003568
SPU_020637,SPU_014401,0.009002321
SPU_003595,SPU_007981,0.008998301
SPU_007644,SPU_000603,0.008989291
SPU_011635,SPU_000016_1,0.008985687
SPU_011576,SPU_010634,0.008980281
SPU_025346,SPU_010924,0.008975013
SPU_000485,SPU_018954,0.00897335
SPU_013047,SPU_015772,0.008965865
SPU_000975,SPU_005955,0.008965172
SPU_014332,SPU_006333,0.00895339
SPU_002791,SPU_006427,0.008941885
SPU_004599,SPU_001628,0.008941746
SPU_022049,SPU_010305,0.008939528
SPU_006583,SPU_023463_1,0.008938696
SPU_028827,SPU_003548,0.008924974
SPU_022242,SPU_019825,0.00891832
SPU_025346,SPU_011272,0.008917073
SPU_028479,SPU_011272,0.008916518
SPU_015908,SPU_011246,0.008911528
SPU_018392,SPU_025848,0.008909172
SPU_015772,SPU_008353_1,0.008906538
SPU_008117,SPU_013904,0.008905845
SPU_009831,SPU_013569,0.008903904
SPU_002791,SPU_006063,0.008903766
SPU_009831,SPU_018888,0.00889531
SPU_026205,SPU_021210,0.008892815
SPU_000739,SPU_007087,0.008890736
SPU_017725,SPU_020726,0.008890181
SPU_020565,SPU_008353_1,0.008884775
SPU_008117_1,SPU_013611,0.008881171
SPU_016523,SPU_003595_1,0.008881033
SPU_000756,SPU_028148,0.008878954
SPU_016443,SPU_024946,0.008878815
SPU_015243,SPU_007087,0.008878538
SPU_014461,SPU_014401,0.008872577
SPU_012253,SPU_017750,0.008872023
SPU_011189,SPU_011226,0.008863983
SPU_012384,SPU_002008,0.008856498
SPU_018392,SPU_001415,0.008855112
SPU_016443,SPU_020803,0.008854419
SPU_020722,SPU_025848,0.008849429
SPU_006787,SPU_012489,0.00884832
SPU_017635,SPU_017656,0.008847627
SPU_012490,SPU_014687,0.008839171
SPU_013569,SPU_004414,0.008835151
SPU_005572,SPU_012877,0.008834597
SPU_002603,SPU_003548,0.00883127
SPU_017837,SPU_024745,0.008828359
SPU_020722,SPU_011226,0.008825033
SPU_023386,SPU_007360_1,0.008815191
SPU_023386,SPU_011246,0.008815052
SPU_014332,SPU_021044,0.008803686
SPU_009771,SPU_008936,0.008799112
SPU_002592,SPU_026962,0.008798696
SPU_012008,SPU_004599,0.008785666
SPU_005572,SPU_020480_1,0.00878331
SPU_002815,SPU_014289,0.008781369
SPU_007981,SPU_013861,0.00878026
SPU_002320,SPU_006333,0.00877929
SPU_006787,SPU_024877,0.008778735
SPU_004723,SPU_024555,0.008777904
SPU_018391,SPU_028746,0.008774715
SPU_001739,SPU_008353_1,0.00876931
SPU_011635,SPU_028479,0.008764597
SPU_028120,SPU_012203,0.008762933
SPU_021119,SPU_008595,0.008758636
SPU_011315,SPU_022678,0.008755864
SPU_022163,SPU_002025_1,0.008741587
SPU_004723,SPU_006865,0.008739646
SPU_015772,SPU_015456,0.008736735
SPU_005358,SPU_006808,0.008731052
SPU_020637,SPU_017492,0.008728695
SPU_015243,SPU_013810,0.008719824
SPU_028827,SPU_021210,0.008718992
SPU_027214,SPU_014289,0.008718992
SPU_022049,SPU_022892,0.008711369
SPU_006676,SPU_024044,0.008710121
SPU_002592,SPU_013810,0.008708042
SPU_027214,SPU_000578,0.008704022
SPU_015719,SPU_013119,0.008703606
SPU_011189,SPU_004148,0.008702775
SPU_010295,SPU_004037,0.008699448
SPU_021557,SPU_002554,0.008697369
SPU_023090,SPU_022841,0.00869626
SPU_008117_1,SPU_002632,0.008695012
SPU_017470,SPU_003685,0.008693072
SPU_002592,SPU_013510,0.008686695
SPU_006786,SPU_012489,0.0086842
SPU_000756,SPU_000129,0.008682537
SPU_026962,SPU_013510,0.008681151
SPU_018392,SPU_018680,0.008676854
SPU_027935,SPU_026763,0.008673943
SPU_018126,SPU_007624,0.0086702
SPU_028120,SPU_012912,0.008657586
SPU_021557,SPU_017750,0.008654537
SPU_011189,SPU_000016_1,0.00865121
SPU_025632,SPU_011315,0.00864816
SPU_004217,SPU_023839,0.008643586
SPU_006787,SPU_011202,0.008642754
SPU_001998,SPU_028148,0.008641784
SPU_011576,SPU_002816,0.008639289
SPU_002791,SPU_018850,0.00863624
SPU_023366,SPU_006197,0.008632081
SPU_011202,SPU_004217,0.008630418
SPU_011246,SPU_013570,0.008621269
SPU_012648,SPU_016250,0.008615725
SPU_026099,SPU_019656,0.008613091
SPU_014170,SPU_012008,0.008611566
SPU_012469,SPU_015682,0.008610596
SPU_015772,SPU_014401,0.008608933
SPU_002815,SPU_027935_1,0.008606437
SPU_009048,SPU_004024,0.008605606
SPU_012648,SPU_015071_1,0.008603665
SPU_021557,SPU_027918,0.008602002
SPU_003470,SPU_011272,0.008600893
SPU_026633,SPU_011246,0.008599784
SPU_021608,SPU_002008,0.008592576
SPU_011576,SPU_007147,0.00859216
SPU_024139,SPU_013570,0.008591051
SPU_012546,SPU_009685,0.008589526
SPU_012253,SPU_015682,0.00858814
SPU_012490,SPU_021210,0.008586893
SPU_015456,SPU_015908,0.008586754
SPU_002874,SPU_022717,0.008584121
SPU_015982,SPU_002950,0.008581625
SPU_004217,SPU_001415,0.008581487
SPU_027053,SPU_007644,0.008578299
SPU_017971,SPU_017492,0.008576081
SPU_027472,SPU_012699,0.008573447
SPU_020722,SPU_018673,0.008572061
SPU_025632,SPU_024946,0.008565962
SPU_024139,SPU_004340,0.008563606
SPU_013015,SPU_011246,0.008555705
SPU_024918,SPU_000806,0.008553764
SPU_021557,SPU_013689,0.008548497
SPU_018483,SPU_022800,0.008546833
SPU_013015,SPU_000129,0.008546417
SPU_015719,SPU_002816,0.008546279
SPU_018126,SPU_004021,0.008543645
SPU_015772,SPU_020803,0.008534497
SPU_017837,SPU_023037,0.008532417
SPU_019290,SPU_020803_1,0.008525348
SPU_002320,SPU_007108,0.00852313
SPU_007599,SPU_016786,0.008522437
SPU_007147,SPU_020803_1,0.008521883
SPU_002632,SPU_017379,0.008520358
SPU_023177,SPU_013576,0.00851814
SPU_026763,SPU_014686,0.008509823
SPU_016443,SPU_006004,0.008500952
SPU_025632,SPU_014401,0.008499427
SPU_008117,SPU_024745,0.008498595
SPU_021172,SPU_018797,0.008495269
SPU_014836,SPU_024901_1,0.008491387
SPU_015243,SPU_013810_1,0.008491249
SPU_010295,SPU_001262_1,0.008490556
SPU_026633,SPU_006333,0.008488199
SPU_002320,SPU_013510,0.00848709
SPU_012490,SPU_022654,0.008485704
SPU_014332,SPU_012877,0.008484457
SPU_012008,SPU_011202,0.008482516
SPU_023386,SPU_027708,0.00847808
SPU_011174,SPU_016792,0.008477942
SPU_008936,SPU_001113,0.008467684
SPU_028255,SPU_002025_1,0.008466714
SPU_017725,SPU_022473,0.008462001
SPU_003166,SPU_021210,0.008460338
SPU_022846,SPU_007147,0.008459783
SPU_015984,SPU_014686,0.008458397
SPU_008528,SPU_019508,0.008457843
SPU_025590,SPU_022473,0.008456179
SPU_027235,SPU_017656,0.008451328
SPU_012491,SPU_020082,0.008449942
SPU_002791,SPU_006058,0.008448694
SPU_006421,SPU_003470,0.008446199
SPU_007644,SPU_014763,0.008445367
SPU_026099,SPU_023813,0.008442872
SPU_000739,SPU_005522,0.008437189
SPU_013689,SPU_005667,0.008436357
SPU_002791,SPU_014722,0.008434833
SPU_012490,SPU_001262_1,0.008434833
SPU_017971,SPU_005022,0.008433031
SPU_028827,SPU_020124,0.008426516
SPU_003179,SPU_011246,0.008425268
SPU_007262,SPU_006058,0.008423328
SPU_002634,SPU_025888,0.008420417
SPU_007262,SPU_011272_1,0.008420001
SPU_012253,SPU_028255,0.008419446
SPU_023037,SPU_022841,0.008418199
SPU_006786,SPU_017492,0.008415288
SPU_023037,SPU_007644,0.008409328
SPU_017407,SPU_013576,0.00840905
SPU_020311,SPU_011711,0.008406694
SPU_002677,SPU_008353_1,0.008391862
SPU_005572,SPU_006865,0.008389506
SPU_004217,SPU_014684,0.0083841
SPU_026633,SPU_017511,0.008381189
SPU_026205,SPU_028583,0.008381189
SPU_011635,SPU_011226,0.008380219
SPU_022163,SPU_015682,0.008378555
SPU_006462,SPU_007721,0.008376337
SPU_008196_1,SPU_024139,0.008372456
SPU_012203,SPU_004021,0.008372179
SPU_001739,SPU_002950,0.00837204
SPU_022816,SPU_017511,0.008365525
SPU_017725,SPU_014793,0.008360535
SPU_011576,SPU_027472,0.008358872
SPU_011576,SPU_012008,0.008356654
SPU_026205,SPU_011246,0.008354575
SPU_003166,SPU_020123,0.00835402
SPU_020311,SPU_020726,0.008350832
SPU_003166,SPU_007087,0.008348753
SPU_018483,SPU_014687,0.008348476
SPU_023177,SPU_020123,0.008346812
SPU_009048,SPU_005955_1,0.008346119
SPU_018391,SPU_001937,0.008336832
SPU_004217,SPU_010873,0.00833503
SPU_000129,SPU_020082,0.00833101
SPU_023366,SPU_001483,0.008326852
SPU_017470,SPU_002025_1,0.008323525
SPU_023386,SPU_013576,0.008322832
SPU_006803,SPU_013569,0.008321862
SPU_015640,SPU_000485,0.008318258
SPU_000861,SPU_022817,0.008299406
SPU_002129,SPU_017656,0.008294278
SPU_006583,SPU_016792,0.00829206
SPU_010424,SPU_011502,0.008287901
SPU_003166,SPU_001262_1,0.008286792
SPU_024918,SPU_022955,0.008284159
SPU_012469,SPU_006865,0.008283188
SPU_002603,SPU_008196_1,0.008281248
SPU_006803,SPU_014289,0.008280416
SPU_006787,SPU_006786,0.008279584
SPU_004599,SPU_013119,0.008273901
SPU_015243,SPU_012912,0.008272654
SPU_012253,SPU_012632,0.008271822
SPU_022163,SPU_013611,0.008266277
SPU_000129,SPU_000310,0.008258792
SPU_018056,SPU_015828,0.008257545
SPU_024918,SPU_024901,0.008257406
SPU_014289,SPU_007360_1,0.008256297
SPU_027214,SPU_003179,0.008247842
SPU_000861,SPU_012877,0.008246456
SPU_018483,SPU_006333,0.008241881
SPU_024903,SPU_022800,0.008239525
SPU_018797,SPU_021666,0.008236614
SPU_013305,SPU_013967,0.008228713
SPU_017837,SPU_015682,0.008227188
SPU_007253,SPU_003378,0.008226356
SPU_003548,SPU_002428,0.008223446
SPU_018393,SPU_007147,0.008222475
SPU_007253,SPU_012877_1,0.008221921
SPU_002320,SPU_015682,0.008218871
SPU_008112,SPU_000861,0.008218871
SPU_023037,SPU_028746,0.008215683
SPU_012648,SPU_028746,0.008214436
SPU_021608,SPU_014923,0.008214297
SPU_021608,SPU_009155,0.008213604
SPU_023366,SPU_026205,0.008210832
SPU_001998,SPU_011246,0.008210277
SPU_022678,SPU_023839,0.008208752
SPU_011576,SPU_018393,0.008205426
SPU_023386,SPU_025888,0.008204317
SPU_010295,SPU_005667,0.008197386
SPU_002791,SPU_015829,0.008196416
SPU_021192,SPU_004340,0.008193366
SPU_024307,SPU_011755,0.008186713
SPU_008936,SPU_010634,0.00818602
SPU_008752,SPU_002674,0.008184772
SPU_002320,SPU_024555,0.008178534
SPU_024903,SPU_021666,0.008175069
SPU_015374,SPU_013576,0.00815996
SPU_018391,SPU_011226,0.008158713
SPU_002816,SPU_000948,0.008154
SPU_002129,SPU_013510,0.00815192
SPU_011189,SPU_028479,0.008151089
SPU_002129,SPU_007863,0.008150673
SPU_025010,SPU_027144,0.008149425
SPU_002874,SPU_022841,0.008146237
SPU_008117,SPU_000016_1,0.008144851
SPU_008752,SPU_027214,0.008144158
SPU_018581,SPU_004746,0.008141802
SPU_017404_1,SPU_006865,0.008138059
SPU_025632,SPU_007147,0.008136257
SPU_002129,SPU_003548,0.008135841
SPU_005718,SPU_015772,0.008135287
SPU_016443,SPU_017492,0.008123366
SPU_009876,SPU_004021,0.008122811
SPU_012648,SPU_010873,0.008116574
SPU_008845,SPU_009831,0.00811394
SPU_020722,SPU_026510,0.008113801
SPU_027015,SPU_024307,0.008111029
SPU_004217,SPU_026390,0.008110336
SPU_015719,SPU_012050,0.008108673
SPU_020722,SPU_024901,0.008100217
SPU_013047,SPU_025888,0.008099524
SPU_011202,SPU_005955_1,0.008091346
SPU_027598,SPU_003685,0.008089821
SPU_005572,SPU_001483,0.008088158
SPU_022163,SPU_013569,0.00808594
SPU_018581,SPU_026763,0.008083583
SPU_011174,SPU_027214,0.00808192
SPU_003595_1,SPU_000757,0.008081781
SPU_015358,SPU_013569,0.008065979
SPU_004723,SPU_023037,0.008065841
SPU_020311,SPU_000016,0.008065702
SPU_028120,SPU_004340,0.008064593
SPU_015243,SPU_005522,0.008064177
SPU_013047,SPU_020082,0.0080639
SPU_015243,SPU_021666,0.008057663
SPU_026633,SPU_014628,0.008057385
SPU_025346,SPU_000424,0.008053365
SPU_018483,SPU_017511,0.008053227
SPU_008845,SPU_022955,0.008052395
SPU_018392,SPU_007203,0.008049623
SPU_006787,SPU_017492,0.008046296
SPU_023090,SPU_019365,0.008044494
SPU_003470,SPU_012648_1,0.008044217
SPU_023090,SPU_015828,0.008044078
SPU_017837,SPU_011756,0.00804394
SPU_016443,SPU_009474,0.008035484
SPU_028583,SPU_002428,0.008033266
SPU_020565,SPU_004021,0.008032712
SPU_007253,SPU_013576,0.008031464
SPU_014628,SPU_026205,0.008030078
SPU_021119,SPU_018393,0.008026474
SPU_020124,SPU_005522,0.00802495
SPU_015640,SPU_015772,0.008023009
SPU_015829,SPU_004148,0.008018296
SPU_026962,SPU_028583,0.008016633
SPU_011189,SPU_001415,0.008014415
SPU_001262_2,SPU_012877_1,0.008011504
SPU_008845,SPU_011226,0.008005959
SPU_009831,SPU_012648_1,0.00800485
SPU_012491,SPU_024139,0.008004435
SPU_020722,SPU_015682,0.008001385
SPU_002592,SPU_018797,0.007998474
SPU_016786,SPU_008752,0.007995147
SPU_015374,SPU_017348,0.007991543
SPU_022163,SPU_002554,0.007990296
SPU_027472,SPU_013119,0.007990157
SPU_011635,SPU_012648_1,0.007982256
SPU_006462,SPU_022654,0.007981702
SPU_019332,SPU_008698,0.00798087
SPU_000861,SPU_012632,0.007978098
SPU_008528,SPU_012948,0.007975741
SPU_017635,SPU_015682,0.007969088
SPU_013178,SPU_016792,0.00796382
SPU_015719,SPU_023813,0.007961187
SPU_006676,SPU_013576,0.007955919
SPU_028583,SPU_011246,0.00795287
SPU_020637,SPU_000948,0.007950791
SPU_022163,SPU_017656,0.007948434
SPU_022820,SPU_015829,0.007940533
SPU_012699,SPU_002816,0.007940533
SPU_028827,SPU_014643,0.00793984
SPU_021119,SPU_006004,0.007939702
SPU_005358,SPU_024555,0.007937068
SPU_016443,SPU_000948,0.007935266
SPU_018954,SPU_024189,0.007934711
SPU_004723,SPU_020480_1,0.007933741
SPU_006991,SPU_016617,0.007931523
SPU_015108,SPU_020680,0.007926117
SPU_010424,SPU_026633,0.007924038
SPU_023366,SPU_026633,0.007923206
SPU_024918,SPU_027053,0.007914751
SPU_021210,SPU_003595,0.00791087
SPU_017635,SPU_012632,0.007910454
SPU_004723,SPU_006058,0.007910454
SPU_008117,SPU_020726,0.007909622
SPU_021192,SPU_002950,0.007904632
SPU_020124,SPU_028255,0.007903107
SPU_003179,SPU_006484,0.007902137
SPU_017106,SPU_024610,0.007900751
SPU_002129,SPU_022654,0.007899226
SPU_017837,SPU_020480_1,0.007895345
SPU_006753,SPU_014643,0.007894375
SPU_015772,SPU_030073,0.007892711
SPU_008936,SPU_017492,0.007891602
SPU_002320,SPU_023366,0.007886474
SPU_021557,SPU_013510,0.007883701
SPU_025346,SPU_018797,0.007882038
SPU_012699,SPU_019366,0.007882038
SPU_006814,SPU_007360_1,0.007881206
SPU_012648,SPU_023037,0.007877048
SPU_003102,SPU_002632,0.007872474
SPU_025113,SPU_004148,0.007870949
SPU_010295,SPU_020480_1,0.007870672
SPU_004414,SPU_027144,0.007864988
SPU_025113,SPU_020480_1,0.007863325
SPU_002631,SPU_005522,0.007862493
SPU_008528,SPU_023090,0.007861523
SPU_015712,SPU_002950,0.007857919
SPU_008196,SPU_016617,0.007849879
SPU_024189,SPU_017511,0.007841285
SPU_003704,SPU_015828,0.007839206
SPU_024903,SPU_020124,0.00783879
SPU_026763,SPU_016617,0.007837959
SPU_020637,SPU_011315,0.007836988
SPU_014332,SPU_009847,0.007833384
SPU_016786,SPU_005955,0.007830889
SPU_002603,SPU_007862,0.007825345
SPU_018391,SPU_027912_1,0.007821463
SPU_004723,SPU_014683,0.007815226
SPU_024877,SPU_015772,0.007814533
SPU_026205,SPU_014687,0.00780982
SPU_013569,SPU_019089,0.007808572
SPU_000485,SPU_018393,0.007807879
SPU_013119,SPU_015456,0.007804968
SPU_000739,SPU_019089,0.007802335
SPU_008117_1,SPU_024745,0.007799978
SPU_017407,SPU_024953,0.007799978
SPU_015712,SPU_007360_1,0.007795127
SPU_022049,SPU_017656,0.007788612
SPU_017635,SPU_022473,0.007788335
SPU_027969,SPU_015828,0.007782651
SPU_020565,SPU_004217,0.007781542
SPU_019332,SPU_003649,0.007777938
SPU_012648,SPU_026390,0.007771701
SPU_024189,SPU_020480,0.007771285
SPU_015358,SPU_002008,0.007767542
SPU_020722,SPU_003470,0.007766156
SPU_008196,SPU_024139,0.007764631
SPU_010351,SPU_024044,0.007762691
SPU_028120,SPU_000485,0.007757562
SPU_028583,SPU_024953,0.007748414
SPU_026633,SPU_007087,0.007739126
SPU_012645,SPU_014802,0.007733443
SPU_025113,SPU_024745,0.007729007
SPU_002677,SPU_001113,0.007728453
SPU_015243,SPU_013510,0.007724017
SPU_020565,SPU_017492,0.007720968
SPU_015719,SPU_005955,0.007716948
SPU_017725,SPU_006333,0.007713899
SPU_017348,SPU_024044,0.007710433
SPU_014793,SPU_006871,0.007710156
SPU_011189,SPU_006058,0.007707799
SPU_006484,SPU_024610,0.007707799
SPU_008528,SPU_019384,0.007701839
SPU_017492,SPU_018954,0.007699344
SPU_015828,SPU_004148,0.007698928
SPU_014401,SPU_011202,0.007696988
SPU_006787,SPU_020803,0.007695601
SPU_008845,SPU_025856,0.007694354
SPU_019656,SPU_008752,0.007691859
SPU_023730,SPU_014588,0.007689641
SPU_009771,SPU_014686,0.007689087
SPU_015828,SPU_028030,0.007687978
SPU_015982,SPU_004021,0.007684235
SPU_000756,SPU_011246,0.007683681
SPU_014170,SPU_010634,0.007676611
SPU_008528,SPU_011226,0.00767578
SPU_014628,SPU_017971,0.007672176
SPU_004021,SPU_004024,0.007668433
SPU_002592,SPU_001262_1,0.007664829
SPU_006814,SPU_023730,0.007654294
SPU_028827,SPU_013510,0.007651522
SPU_023090,SPU_014722,0.007650968
SPU_006991,SPU_002554,0.007649997
SPU_015719,SPU_001657,0.007647779
SPU_023730,SPU_000437,0.007646255
SPU_015828,SPU_001415,0.007645977
SPU_022820,SPU_028746,0.007639185
SPU_012491,SPU_002950,0.007638908
SPU_015772,SPU_004021,0.007633225
SPU_013569,SPU_022955,0.007632809
SPU_019332,SPU_024315,0.007632809
SPU_025346,SPU_026962,0.007630453
SPU_027472,SPU_004340,0.007628928
SPU_013178,SPU_018861,0.007624076
SPU_006462,SPU_017656,0.007613403
SPU_005572,SPU_017656,0.007612294
SPU_017470,SPU_002554,0.007610492
SPU_008528,SPU_010329_1,0.007605363
SPU_008528,SPU_015829,0.007599403
SPU_008117_1,SPU_004148,0.007593442
SPU_014418,SPU_014461,0.007590947
SPU_014332,SPU_017750,0.007590393
SPU_002603,SPU_024953,0.007588591
SPU_011635,SPU_006058,0.007586928
SPU_017837,SPU_002309,0.007586235
SPU_000948,SPU_019825,0.007582631
SPU_008528,SPU_010873,0.007582492
SPU_014418,SPU_012050,0.007575284
SPU_004021,SPU_012489,0.007574314
SPU_026099,SPU_020330_1,0.007574175
SPU_012546,SPU_014055,0.007570848
SPU_023730,SPU_001113,0.007563502
SPU_007262,SPU_013569,0.007561838
SPU_027235,SPU_023366,0.007560729
SPU_013305,SPU_005435,0.007558789
SPU_004702,SPU_006063,0.007556017
SPU_003595,SPU_005708,0.007554908
SPU_004021,SPU_005955_1,0.007553937
SPU_017725,SPU_015682,0.007550195
SPU_006991,SPU_026763,0.007549224
SPU_009048,SPU_002816,0.007548531
SPU_001739,SPU_005955_1,0.007548116
SPU_001262_2,SPU_003685,0.00754465
SPU_009048,SPU_000485,0.007539799
SPU_015243,SPU_003586,0.007536195
SPU_010351,SPU_004021,0.007534393
SPU_018483,SPU_000739,0.007524135
SPU_015719,SPU_000975,0.007523858
SPU_023386,SPU_028583,0.00752164
SPU_020637,SPU_010634,0.007520808
SPU_012546,SPU_021557,0.007516927
SPU_002874,SPU_014722,0.007515541
SPU_012490,SPU_016490,0.007514571
SPU_006753,SPU_013510,0.007509858
SPU_018391,SPU_022955_1,0.007507224
SPU_011202,SPU_020803_1,0.007507224
SPU_025632,SPU_007599,0.007504175
SPU_008936,SPU_004924,0.007503204
SPU_020722,SPU_001483,0.007503204
SPU_006676,SPU_017379,0.007500848
SPU_006312,SPU_022473,0.007499323
SPU_004702,SPU_000603,0.007498907
SPU_014461,SPU_011755,0.007498214
SPU_004702,SPU_019825,0.007494472
SPU_008117,SPU_002309,0.007491284
SPU_025113,SPU_013569,0.007490452
SPU_017404_1,SPU_007981,0.007489759
SPU_007599,SPU_000485,0.00748865
SPU_002791,SPU_022717,0.007487264
SPU_000424,SPU_021666,0.007486155
SPU_019002,SPU_028255,0.007477977
SPU_024877,SPU_000485,0.007477838
SPU_007599,SPU_023813,0.007476868
SPU_009642,SPU_006871,0.007473402
SPU_011246,SPU_016523,0.007473125
SPU_008117_1,SPU_013904,0.007471739
SPU_000129,SPU_002950,0.007470769
SPU_023386,SPU_002428,0.007460788
SPU_015829,SPU_001415,0.007460095
SPU_027015,SPU_015640,0.007458571
SPU_014461,SPU_020330_1,0.007457739
SPU_023037,SPU_006058,0.007455798
SPU_021557,SPU_018797,0.007452333
SPU_007644,SPU_015829,0.007449976
SPU_006808,SPU_000756,0.007441105
SPU_020637,SPU_006004,0.007439858
SPU_021172,SPU_022816,0.007436254
SPU_012648,SPU_008698,0.007431125
SPU_008528,SPU_022955_1,0.007426828
SPU_007262,SPU_002309,0.007422947
SPU_026205,SPU_007721,0.007414214
SPU_017635,SPU_001483,0.007413244
SPU_006991,SPU_014684,0.007411164
SPU_016443,SPU_008353_1,0.007408947
SPU_022678,SPU_026385,0.007401184
SPU_008703,SPU_027935_1,0.007400768
SPU_010351,SPU_017379,0.007400352
SPU_001113,SPU_012699,0.007398412
SPU_006787,SPU_015772,0.007397026
SPU_021210,SPU_007190,0.007395085
SPU_005572,SPU_011272_1,0.007392174
SPU_018483,SPU_014628,0.007386907
SPU_013119,SPU_011755,0.007382748
SPU_017725,SPU_014836,0.007380669
SPU_026099,SPU_000485,0.007380669
SPU_015772,SPU_000948,0.007379422
SPU_005572,SPU_011502,0.007377065
SPU_003470,SPU_017404_1,0.007375402
SPU_008528,SPU_001937,0.007374293
SPU_014418,SPU_023813,0.007368194
SPU_005572,SPU_021666,0.007367362
SPU_023386,SPU_024044,0.007367085
SPU_004021,SPU_008353_1,0.007366946
SPU_008845,SPU_018391,0.00736459
SPU_008196_1,SPU_016617,0.007362095
SPU_024918,SPU_008845,0.00736154
SPU_006787,SPU_014802,0.007356412
SPU_008117,SPU_020480_1,0.007354471
SPU_023730,SPU_022049,0.007353778
SPU_006753,SPU_020124,0.007348788
SPU_003102,SPU_020480_1,0.007348095
SPU_012699,SPU_011315,0.007347263
SPU_007644,SPU_009427,0.007346154
SPU_020565,SPU_012489,0.007343936
SPU_024093,SPU_012911,0.007342827
SPU_023090,SPU_017404_1,0.007341857
SPU_008117_1,SPU_009847,0.007331738
SPU_014332,SPU_030148,0.007328689
SPU_025888,SPU_020082,0.007328412
SPU_011202,SPU_020803,0.007320095
SPU_010295,SPU_006991,0.007318293
SPU_012008,SPU_015719,0.007317877
SPU_003166,SPU_002025_1,0.007316213
SPU_023037,SPU_013904,0.007315798
SPU_025113,SPU_000016,0.007315243
SPU_023037,SPU_017441,0.007315105
SPU_002320,SPU_002025,0.007305679
SPU_022846,SPU_027472,0.007304847
SPU_006803,SPU_026205,0.007304293
SPU_021557,SPU_002707,0.007302352
SPU_014628,SPU_002025_1,0.007300273
SPU_016443,SPU_014401,0.007298332
SPU_002874,SPU_006063,0.007297639
SPU_017635,SPU_015199,0.00729556
SPU_015772,SPU_005955_1,0.007286273
SPU_010635,SPU_004551,0.007278787
SPU_022163,SPU_001483,0.007275599
SPU_015772,SPU_011202,0.00727255
SPU_009048,SPU_011202,0.00726853
SPU_018392,SPU_022955,0.007267837
SPU_028255,SPU_027015,0.007262292
SPU_000485,SPU_006786,0.007262015
SPU_000485,SPU_013178,0.007258688
SPU_006462,SPU_001262_1,0.007258411
SPU_021192,SPU_027472,0.00725356
SPU_017635,SPU_000016,0.007251065
SPU_017470,SPU_017404_1,0.007249401
SPU_018355,SPU_014722,0.007248292
SPU_027969,SPU_014722,0.007243718
SPU_008117_1,SPU_015682,0.007237758
SPU_012490,SPU_026763,0.007236926
SPU_027935,SPU_010403,0.007234569
SPU_020637,SPU_012489,0.007232767
SPU_022846,SPU_018393,0.007228748
SPU_003704,SPU_014722,0.00722653
SPU_003595_1,SPU_018126,0.007225837
SPU_023386,SPU_009178,0.007215441
SPU_028583,SPU_019825,0.007214193
SPU_024189,SPU_020680,0.00721253
SPU_017837,SPU_011272_1,0.007196173
SPU_002791,SPU_022841,0.00719354
SPU_017837,SPU_004148,0.007192153
SPU_012648,SPU_027774,0.007191738
SPU_014722,SPU_001415,0.007191322
SPU_013047,SPU_023730,0.007189658
SPU_003470,SPU_025959,0.00718952
SPU_007981,SPU_024315,0.007184945
SPU_017404,SPU_012772,0.007184807
SPU_024877,SPU_014461,0.007184807
SPU_026633,SPU_002309,0.007182312
SPU_006991,SPU_026510,0.007181203
SPU_014836,SPU_014686,0.007178846
SPU_006808,SPU_011502,0.00717746
SPU_028827,SPU_018797,0.00717746
SPU_015374,SPU_000129,0.007174272
SPU_009178,SPU_016617,0.007174134
SPU_006583,SPU_020282,0.007173856
SPU_002592,SPU_017750,0.007171084
SPU_014802,SPU_026099,0.007166787
SPU_018744,SPU_000603,0.007162629
SPU_008845,SPU_025848,0.007162351
SPU_008703,SPU_007360_1,0.007162074
SPU_015908,SPU_017492,0.00716152
SPU_024918,SPU_002791,0.007158054
SPU_023090,SPU_009427,0.007157777
SPU_026763,SPU_021666,0.007157084
SPU_006786,SPU_008353_1,0.007156391
SPU_017635,SPU_006333,0.007156391
SPU_015712,SPU_006484,0.007155282
SPU_018355_1,SPU_009427,0.007151539
SPU_002634,SPU_004021,0.007144609
SPU_005022,SPU_014763,0.007142252
SPU_020637,SPU_006786,0.007138648
SPU_013015,SPU_007862,0.007137123
SPU_009771,SPU_015772,0.007136015
SPU_010295,SPU_009847,0.007130886
SPU_018391,SPU_010873,0.007129915
SPU_005358,SPU_020726,0.007122985
SPU_012648,SPU_024745,0.007122292
SPU_001262,SPU_006197,0.007121044
SPU_025632,SPU_006004,0.007112311
SPU_027935,SPU_019857,0.007110232
SPU_002603,SPU_007190,0.007108292
SPU_006484,SPU_011348,0.007108153
SPU_026962,SPU_027708,0.007099559
SPU_014793,SPU_022473,0.007096787
SPU_023037,SPU_014722,0.007093044
SPU_009876,SPU_013967,0.00709041
SPU_003704,SPU_009427,0.007089301
SPU_009048,SPU_015456,0.007087361
SPU_027053,SPU_004217,0.007086529
SPU_000739,SPU_026962,0.007086529
SPU_008117_1,SPU_020480_1,0.007084034
SPU_005718,SPU_000485,0.007079598
SPU_015829,SPU_001998,0.007074331
SPU_002791,SPU_014683,0.007073915
SPU_017106,SPU_002816,0.007069618
SPU_006676,SPU_023730,0.00706546
SPU_021192,SPU_008353_1,0.007063103
SPU_002129,SPU_007721,0.007061994
SPU_002634,SPU_024044,0.007055895
SPU_013689,SPU_009427,0.007053539
SPU_008112,SPU_000016_1,0.007051321
SPU_001739,SPU_013570,0.00704245
SPU_012648,SPU_006063,0.007037598
SPU_004723,SPU_012877,0.007036767
SPU_024903,SPU_014643,0.007035242
SPU_028255,SPU_007190,0.007033856
SPU_001262,SPU_011348,0.007031638
SPU_026418,SPU_007087,0.007030113
SPU_012384,SPU_028255,0.007022766
SPU_027472,SPU_003378,0.007021519
SPU_020124,SPU_018850,0.007019717
SPU_012491,SPU_015199,0.007015697
SPU_007981,SPU_022717,0.007012648
SPU_025346,SPU_015682,0.007012093
SPU_008117,SPU_011756,0.007010568
SPU_001113,SPU_011755,0.007008073
SPU_010351,SPU_025888,0.007006549
SPU_028255,SPU_028479,0.00700544
SPU_002631,SPU_007087,0.007002667
SPU_002592,SPU_013810_1,0.007001974
SPU_016786,SPU_007147,0.007000727
SPU_020637,SPU_007147,0.006997677
SPU_022163,SPU_000016,0.006993935
SPU_005572,SPU_000016,0.006992271
SPU_000440,SPU_022473,0.006983261
SPU_009771,SPU_027144,0.006983123
SPU_008936,SPU_020637,0.006975915
SPU_006583,SPU_027214,0.006970925
SPU_007599,SPU_015767,0.006966628
SPU_000861,SPU_028255,0.006964964
SPU_022163,SPU_017750,0.006964548
SPU_007599,SPU_005955_1,0.006947222
SPU_026205,SPU_030139,0.006945558
SPU_006991,SPU_016490,0.006945142
SPU_018056,SPU_014722,0.006937657
SPU_016881,SPU_015071,0.00693641
SPU_026099,SPU_015772,0.00693239
SPU_015828,SPU_018391,0.006931697
SPU_022820,SPU_026385,0.006931004
SPU_012469,SPU_010458,0.006930588
SPU_006991,SPU_027918,0.00692934
SPU_024139,SPU_012877_1,0.006926707
SPU_013015,SPU_002428,0.00692033
SPU_027053,SPU_006058,0.006916172
SPU_027774,SPU_024315,0.006913122
SPU_024918,SPU_011720,0.006905914
SPU_018581,SPU_007862,0.006904251
SPU_000129,SPU_009756,0.006901895
SPU_017837,SPU_002615,0.006901479
SPU_015908,SPU_020282,0.006897043
SPU_001657,SPU_012489,0.006896766
SPU_006462,SPU_002025_1,0.006891083
SPU_007599,SPU_002816,0.006889697
SPU_018126,SPU_025888,0.006881241
SPU_028827,SPU_017750,0.006875974
SPU_003179,SPU_002428,0.006874865
SPU_018393,SPU_030073,0.006870152
SPU_017837,SPU_009847,0.006869459
SPU_006808,SPU_006058,0.006867102
SPU_004723,SPU_025825,0.006857815
SPU_010295,SPU_001483,0.006850469
SPU_008845,SPU_013902,0.006847558
SPU_008936,SPU_000948,0.006846587
SPU_020722,SPU_004148,0.006844924
SPU_017407,SPU_012911,0.006840627
SPU_018797,SPU_007721,0.006837855
SPU_023386,SPU_013967,0.006832726
SPU_020124,SPU_015605,0.006831894
SPU_020311,SPU_006333,0.006818726
SPU_023730,SPU_017470,0.006818033
SPU_007981,SPU_000603,0.006817617
SPU_003102,SPU_006808,0.006813874
SPU_010424,SPU_001483,0.00680431
SPU_027053,SPU_024315,0.006801954
SPU_006991,SPU_017635,0.006795993
SPU_010351,SPU_002428,0.006793775
SPU_025346,SPU_021557,0.006792666
SPU_000485,SPU_024093,0.006791696
SPU_018392,SPU_018673,0.006786706
SPU_016443,SPU_011315,0.006786706
SPU_020311,SPU_012632,0.006786013
SPU_012203,SPU_017492,0.006785874
SPU_000975,SPU_011755,0.006784627
SPU_002816,SPU_020803,0.006782409
SPU_025346,SPU_028827,0.006774924
SPU_003166,SPU_027015,0.006771042
SPU_026465,SPU_009427,0.006768547
SPU_024877,SPU_013119,0.006760231
SPU_017837,SPU_000016_1,0.00675926
SPU_017837,SPU_011270,0.006758013
SPU_015358,SPU_004551,0.006753854
SPU_010295,SPU_000739,0.006752745
SPU_023177,SPU_020082,0.006751636
SPU_009771,SPU_028583,0.006749003
SPU_020722,SPU_019024,0.006746369
SPU_019002,SPU_023366,0.006744844
SPU_015640,SPU_012489,0.006743874
SPU_008117,SPU_011270,0.006742765
SPU_028255,SPU_020124,0.006735003
SPU_000757,SPU_003378,0.00673126
SPU_006462,SPU_022800,0.006730567
SPU_028583,SPU_012877_1,0.006730428
SPU_020565,SPU_004551,0.006727379
SPU_002874,SPU_009427,0.006708111
SPU_004702,SPU_024315,0.006702983
SPU_011189,SPU_015829,0.006702567
SPU_021192,SPU_014802,0.006701458
SPU_021608,SPU_001483,0.006696606
SPU_024139,SPU_000485,0.006694666
SPU_010295,SPU_015682,0.006694527
SPU_013569,SPU_023463_1,0.006683993
SPU_022163,SPU_014752,0.006683993
SPU_009831,SPU_009427,0.006682884
SPU_020124,SPU_016490,0.006677339
SPU_016881,SPU_012911,0.00667429
SPU_002592,SPU_027015,0.006673596
SPU_022163,SPU_022654,0.006673042
SPU_004021,SPU_006242,0.00667124
SPU_010295,SPU_006865,0.006668884
SPU_026099,SPU_019366,0.006666943
SPU_008845,SPU_026510,0.006665418
SPU_004414,SPU_028148,0.006661537
SPU_006814,SPU_002950,0.006656685
SPU_020123,SPU_027214,0.006653497
SPU_028120,SPU_017971,0.006650032
SPU_012203,SPU_000485,0.006648646
SPU_015358,SPU_014055,0.006646428
SPU_015772,SPU_014588,0.00663423
SPU_001262,SPU_012877_1,0.006632012
SPU_004148,SPU_021044,0.00662924
SPU_017635,SPU_006865,0.006628408
SPU_006583,SPU_026390,0.006626883
SPU_005358,SPU_022816,0.006617596
SPU_002791,SPU_024315,0.006615656
SPU_014170,SPU_011202,0.006614269
SPU_015829,SPU_018391,0.006612329
SPU_007262,SPU_019365,0.006609279
SPU_004414,SPU_011246,0.006608309
SPU_004723,SPU_007315,0.006608032
SPU_007253,SPU_006484,0.006607339
SPU_004217,SPU_017404_1,0.006604705
SPU_024918,SPU_019652,0.00660318
SPU_012008,SPU_000485,0.006597774
SPU_006814,SPU_004021,0.006597081
SPU_002815,SPU_011348,0.006596388
SPU_024877,SPU_014802,0.006593893
SPU_025590,SPU_000016,0.006593061
SPU_008196_1,SPU_017971,0.006592646
SPU_012490,SPU_002025_1,0.006590566
SPU_002816,SPU_020330_1,0.006588626
SPU_006676,SPU_016523,0.006585576
SPU_028583,SPU_020480,0.006581834
SPU_006808,SPU_008196,0.006581695
SPU_000739,SPU_020124,0.00658017
SPU_008117,SPU_004148,0.00657615
SPU_005358,SPU_002008,0.006569913
SPU_006808,SPU_017348,0.006566725
SPU_002603,SPU_022816,0.006561735
SPU_012699,SPU_000485,0.006561457
SPU_022816,SPU_015199,0.006556467
SPU_020123,SPU_016617,0.006555358
SPU_006786,SPU_005955_1,0.006555358
SPU_002634,SPU_002428,0.006552309
SPU_003378,SPU_003937,0.006551338
SPU_003102,SPU_005522,0.006544685
SPU_022163,SPU_009847,0.006543022
SPU_006312,SPU_020726,0.006539002
SPU_028093,SPU_018888,0.006536923
SPU_015243,SPU_007957,0.006536368
SPU_002592,SPU_018908,0.006534427
SPU_022820,SPU_019825,0.006534289
SPU_017348,SPU_012877_1,0.006525833
SPU_020311,SPU_017750,0.006524724
SPU_004287,SPU_021666,0.006520012
SPU_009831,SPU_018355_1,0.006517517
SPU_006808,SPU_006917,0.00651613
SPU_008117_1,SPU_001483,0.006513913
SPU_012490,SPU_022800,0.006513081
SPU_017106,SPU_000485,0.006508507
SPU_000485,SPU_030073,0.006507675
SPU_012008,SPU_025632,0.006504903
SPU_000757,SPU_015772,0.00650421
SPU_000861,SPU_020124,0.006499219
SPU_000129,SPU_011246,0.006491734
SPU_015243,SPU_015199,0.006487853
SPU_017971,SPU_024044,0.00648619
SPU_002874,SPU_024315,0.006485081
SPU_015772,SPU_010634,0.006483556
SPU_004021,SPU_003378,0.006482308
SPU_018954,SPU_007981,0.006479536
SPU_020722,SPU_006865,0.006479536
SPU_013689,SPU_007721,0.006479536
SPU_018392,SPU_005035,0.006475516
SPU_002874,SPU_014763,0.006472605
SPU_007262,SPU_014684,0.006466645
SPU_015767,SPU_016792,0.006465813
SPU_020637,SPU_004924,0.006451397
SPU_027935,SPU_007087,0.006450011
SPU_015243,SPU_027144,0.006443358
SPU_000440,SPU_012632,0.006442526
SPU_008703,SPU_004551,0.006438506
SPU_016443,SPU_000485,0.006437813
SPU_006786,SPU_023813,0.006437536
SPU_012699,SPU_008353_1,0.006436843
SPU_015243,SPU_022654,0.006433655
SPU_021557,SPU_014684,0.006432962
SPU_020637,SPU_000485,0.00642908
SPU_006753,SPU_002707,0.00642908
SPU_017725,SPU_001483,0.006428249
SPU_021192,SPU_011315,0.006423813
SPU_014802,SPU_006786,0.006422843
SPU_003179,SPU_027708,0.006422011
SPU_008117_1,SPU_002309,0.006421457
SPU_013178,SPU_028583,0.006420902
SPU_025590,SPU_020726,0.006418962
SPU_017407,SPU_012111,0.006416328
SPU_004702,SPU_009427,0.006410922
SPU_004021,SPU_008595,0.006410506
SPU_025632,SPU_012489,0.006407872
SPU_012648,SPU_025849,0.006407179
SPU_017379,SPU_027472,0.006405932
SPU_025590,SPU_006865,0.006403991
SPU_018483,SPU_026510,0.006401912
SPU_010424,SPU_014752,0.006401358
SPU_025590,SPU_002025,0.00639609
SPU_021557,SPU_026763,0.006393179
SPU_003102,SPU_009847,0.006392348
SPU_022820,SPU_008698,0.006385971
SPU_008196,SPU_022816,0.006384308
SPU_027235,SPU_022817,0.006384169
SPU_001262_1,SPU_013967,0.006382506
SPU_001998,SPU_003595_1,0.006372942
SPU_002791,SPU_009427,0.006370031
SPU_008936,SPU_004021,0.00636712
SPU_004217,SPU_003685,0.006365456
SPU_020637,SPU_011755,0.006365041
SPU_006803,SPU_016490,0.00636407
SPU_000424,SPU_004037,0.006357971
SPU_013119,SPU_023894,0.006352565
SPU_008845,SPU_007203,0.0063491
SPU_001262,SPU_001262_2,0.006347852
SPU_026465,SPU_001262_2,0.006346466
SPU_021192,SPU_024093,0.00634411
SPU_000948,SPU_003378,0.006338565
SPU_022846,SPU_000485,0.006336902
SPU_013015,SPU_007721,0.006327337
SPU_006312,SPU_000016,0.006326506
SPU_017642,SPU_027214,0.006324704
SPU_017106,SPU_025888,0.006317634
SPU_016443,SPU_027472,0.00631209
SPU_014332,SPU_010329,0.006311813
SPU_024918,SPU_022955_1,0.006311674
SPU_016523,SPU_027598,0.006310704
SPU_026633,SPU_002615,0.006305714
SPU_007599,SPU_019656,0.006304882
SPU_022163,SPU_020726,0.006304189
SPU_014836,SPU_000756,0.006302664
SPU_004217,SPU_009427,0.006298644
SPU_009831,SPU_011272,0.006298228
SPU_004021,SPU_000485,0.006296149
SPU_010295,SPU_011272_1,0.006291991
SPU_027053,SPU_013904,0.006288664
SPU_023037,SPU_014683,0.006287139
SPU_002603,SPU_027214,0.006285337
SPU_011297,SPU_008953_1,0.006278268
SPU_000975,SPU_026664,0.006277713
SPU_017635,SPU_014684,0.006276189
SPU_027472,SPU_000485,0.006273971
SPU_017837,SPU_001483,0.006271476
SPU_014576,SPU_020480,0.006270505
SPU_023730,SPU_004021,0.006265377
SPU_017635,SPU_013510,0.006258862
SPU_026205,SPU_027708,0.006242644
SPU_013305,SPU_008953_1,0.006235436
SPU_007611,SPU_005737,0.006231278
SPU_000440,SPU_002008,0.006231
SPU_018391,SPU_027912,0.006229614
SPU_018391,SPU_015829,0.006225594
SPU_002129,SPU_007087,0.006220466
SPU_018392,SPU_025856,0.006219357
SPU_015719,SPU_019366,0.006217
SPU_010295,SPU_013569,0.006214228
SPU_011246,SPU_024610,0.006205772
SPU_008117_1,SPU_006058,0.006204109
SPU_002603,SPU_009178,0.006203832
SPU_020311,SPU_017656,0.006199951
SPU_024918,SPU_015828,0.006196624
SPU_007262,SPU_018888,0.006196069
SPU_005022,SPU_007262,0.006191634
SPU_003595_1,SPU_006197,0.006191079
SPU_020722,SPU_018373,0.006183178
SPU_021119,SPU_027362,0.006180822
SPU_026962,SPU_013967,0.006174584
SPU_026633,SPU_022892,0.006174446
SPU_013015,SPU_020123,0.006172921
SPU_017635,SPU_014055,0.006164188
SPU_000424,SPU_026205,0.006162247
SPU_025113,SPU_014055,0.006153515
SPU_003102,SPU_006333,0.006153376
SPU_021557,SPU_014643,0.006151713
SPU_009831,SPU_004148,0.006151436
SPU_002677,SPU_004021,0.006148663
SPU_018483,SPU_000578,0.006146861
SPU_013015,SPU_024953,0.006143673
SPU_025346,SPU_012632,0.006141733
SPU_015828,SPU_005737,0.006139515
SPU_013047,SPU_024610,0.006138683
SPU_009642,SPU_001262_2,0.00613702
SPU_008528,SPU_003470,0.006136049
SPU_008845,SPU_001937,0.006134802
SPU_026099,SPU_000975,0.006133416
SPU_002592,SPU_021210,0.006132168
SPU_024903,SPU_013510,0.006130089
SPU_017725,SPU_000016_1,0.00612995
SPU_002320,SPU_022473,0.006129119
SPU_013047,SPU_004924,0.006128703
SPU_022846,SPU_000975,0.006128426
SPU_012008,SPU_016786,0.006128426
SPU_012008,SPU_015767,0.006123574
SPU_000424,SPU_022800,0.006122881
SPU_003470,SPU_004148,0.006116921
SPU_028827,SPU_000440,0.00611595
SPU_026205,SPU_017971,0.006113178
SPU_007981,SPU_026385,0.006110683
SPU_020722,SPU_011270,0.006105277
SPU_014576,SPU_020123,0.006103891
SPU_028827,SPU_000861,0.006094465
SPU_007981,SPU_009427,0.006091831
SPU_023090,SPU_025959,0.006091693
SPU_015712,SPU_025125,0.006091415
SPU_006583,SPU_014687,0.006088366
SPU_022678,SPU_000603,0.006087534
SPU_002129,SPU_014686,0.006086148
SPU_018744,SPU_016523,0.006081851
SPU_015243,SPU_016617,0.006077831
SPU_006676,SPU_015199,0.006075475
SPU_019290,SPU_022678,0.006071594
SPU_022049,SPU_027144,0.006069237
SPU_014461,SPU_008595,0.006067435
SPU_008936,SPU_027935_1,0.00605898
SPU_026099,SPU_011202,0.006058009
SPU_000424,SPU_002674,0.006056207
SPU_002677,SPU_002950,0.006055376
SPU_022846,SPU_030073,0.006055376
SPU_024877,SPU_023894,0.006054405
SPU_002634,SPU_009048,0.006052049
SPU_019332,SPU_012949,0.006051772
SPU_009831,SPU_017404_1,0.00604498
SPU_016443,SPU_010634,0.006044425
SPU_028120,SPU_003937,0.006039435
SPU_015772,SPU_014802,0.006038742
SPU_017837,SPU_006058,0.006038742
SPU_025888,SPU_027935_1,0.006037217
SPU_016443,SPU_030073,0.00603597
SPU_028583,SPU_017971,0.006027098
SPU_022163,SPU_014055,0.006026682
SPU_014418,SPU_011315,0.006020722
SPU_008845,SPU_011635,0.006009356
SPU_015712,SPU_027935_1,0.006007415
SPU_011635,SPU_013904,0.006007138
SPU_028583,SPU_013576,0.006005752
SPU_028255,SPU_018581,0.005999375
SPU_021119,SPU_011202,0.005995633
SPU_024903,SPU_002631,0.005995078
SPU_021172,SPU_012877,0.005992722
SPU_026099,SPU_005955_1,0.005988286
SPU_012699,SPU_014401,0.005986207
SPU_023090,SPU_001415,0.005985791
SPU_012491,SPU_014418,0.005985237
SPU_007599,SPU_011755,0.005984266
SPU_006421,SPU_025346,0.005983435
SPU_001739,SPU_020082,0.005982326
SPU_002815,SPU_028093,0.005981078
SPU_020722,SPU_024555,0.005974563
SPU_021192,SPU_000485,0.005970266
SPU_025632,SPU_012008,0.005967078
SPU_014802,SPU_007599,0.005965553
SPU_018483,SPU_022697,0.00596486
SPU_021557,SPU_002836,0.005964167
SPU_023037,SPU_006063,0.005961256
SPU_023894,SPU_016792,0.00594587
SPU_015243,SPU_018797,0.005943375
SPU_018483,SPU_007087,0.005943237
SPU_022163,SPU_018797,0.005942128
SPU_002320,SPU_020726,0.005938662
SPU_021557,SPU_001483,0.005938662
SPU_008117_1,SPU_006865,0.005933672
SPU_008752,SPU_019365,0.005932425
SPU_026099,SPU_020803,0.00592785
SPU_020124,SPU_026763,0.005919256
SPU_007253,SPU_020480,0.005918286
SPU_025010,SPU_011348,0.00591787
SPU_013015,SPU_021210,0.00591787
SPU_006814,SPU_020082,0.005915098
SPU_012469,SPU_027214,0.005910108
SPU_013689,SPU_028479,0.005908444
SPU_014793,SPU_001262_2,0.005900682
SPU_002129,SPU_001483,0.005900543
SPU_002592,SPU_004551,0.005895276
SPU_000739,SPU_027015,0.005892088
SPU_019002,SPU_000310,0.005889038
SPU_002320,SPU_000016_1,0.005887929
SPU_001262_1,SPU_011348,0.005883771
SPU_005358,SPU_006865,0.005883078
SPU_018056,SPU_001415,0.005878088
SPU_003166,SPU_002836,0.005874068
SPU_012469,SPU_006871,0.005872543
SPU_018355,SPU_001415,0.005871434
SPU_027053,SPU_013861,0.005870741
SPU_018744,SPU_026385,0.005860899
SPU_012648,SPU_002309,0.005860345
SPU_007599,SPU_020803,0.005858266
SPU_011189,SPU_013904,0.005857989
SPU_006462,SPU_016617,0.005856741
SPU_000975,SPU_021119,0.005853414
SPU_011635,SPU_011270,0.00585189
SPU_012913,SPU_000440,0.005851612
SPU_003548,SPU_022892,0.005850781
SPU_000861,SPU_010924_1,0.005850226
SPU_013047,SPU_000485,0.005840523
SPU_006312,SPU_017656,0.005840385
SPU_023894,SPU_020803_1,0.005840107
SPU_011189,SPU_011270,0.005839553
SPU_017635,SPU_020726,0.005838583
SPU_003102,SPU_002309,0.005835256
SPU_015374,SPU_011246,0.005834285
SPU_015829,SPU_005737,0.005830127
SPU_004217,SPU_024315,0.005828048
SPU_022820,SPU_004217,0.005827078
SPU_024189,SPU_007190,0.00582486
SPU_025346,SPU_010924_1,0.005822642
SPU_006312,SPU_006865,0.005821117
SPU_007599,SPU_011315,0.005815988
SPU_007611,SPU_025959,0.005815573
SPU_000739,SPU_007957,0.0058128
SPU_006814,SPU_011348,0.005811553
SPU_013569,SPU_006058,0.005808087
SPU_006462,SPU_026763,0.005806424
SPU_015772,SPU_009474,0.005806008
SPU_001262_1,SPU_028479,0.005805731
SPU_017635,SPU_013611,0.005804761
SPU_012490,SPU_016617,0.00579977
SPU_022820,SPU_026418,0.005797553
SPU_008117,SPU_015682,0.005797275
SPU_020565,SPU_023730,0.005788404
SPU_002603,SPU_017511,0.005786463
SPU_005358,SPU_027918,0.005782305
SPU_015456,SPU_022678,0.005778562
SPU_002129,SPU_015199,0.005777869
SPU_000440,SPU_012877,0.005776899
SPU_027472,SPU_020082,0.00577676
SPU_024189,SPU_013810_1,0.005773711
SPU_026205,SPU_009178,0.00576179
SPU_027969,SPU_018392,0.005761513
SPU_008112,SPU_021666,0.005760958
SPU_017837,SPU_007644,0.005760265
SPU_014461,SPU_006004,0.005756384
SPU_000440,SPU_000016_1,0.005754582
SPU_006786,SPU_000485,0.005750285
SPU_014793,SPU_002836,0.005749592
SPU_013305,SPU_007190,0.00574876
SPU_018126,SPU_007360_1,0.005745572
SPU_000739,SPU_011687,0.005744741
SPU_024189,SPU_027015,0.005744602
SPU_004414,SPU_027214,0.005741552
SPU_008196,SPU_022892,0.005740998
SPU_027598,SPU_024315,0.005740582
SPU_023386,SPU_016523,0.005740582
SPU_014332,SPU_023366,0.005738919
SPU_003470,SPU_012198,0.005736146
SPU_008703,SPU_017492,0.005732681
SPU_026099,SPU_011315,0.005727414
SPU_010424,SPU_006786,0.005726998
SPU_008845,SPU_007262,0.005719513
SPU_006991,SPU_013510,0.005719235
SPU_026633,SPU_007721,0.005708701
SPU_006808,SPU_014684,0.005708008
SPU_002816,SPU_024093,0.005708008
SPU_015456,SPU_003685,0.005704958
SPU_007262,SPU_009847,0.005703018
SPU_009048,SPU_004551,0.005701493
SPU_006753,SPU_013689_1,0.005696225
SPU_005572,SPU_017750,0.005690542
SPU_018483,SPU_022892,0.00568375
SPU_028827,SPU_015199,0.005677374
SPU_017837,SPU_006865,0.005671691
SPU_027969,SPU_010426,0.005671691
SPU_001739,SPU_003685,0.005670443
SPU_023894,SPU_012699,0.005669334
SPU_004148,SPU_021757,0.00566573
SPU_002320,SPU_002008,0.005664067
SPU_006484,SPU_004021,0.005659354
SPU_000756,SPU_018861,0.005655057
SPU_024139,SPU_002816,0.005654641
SPU_025113,SPU_020726,0.005651314
SPU_008117,SPU_002632,0.005649512
SPU_006484,SPU_002950,0.005643552
SPU_001998,SPU_027015,0.005640641
SPU_025590,SPU_009847,0.005638978
SPU_011174,SPU_002674,0.005637869
SPU_016443,SPU_000975,0.005637591
SPU_018581,SPU_007721,0.005636205
SPU_024877,SPU_012699,0.005633849
SPU_002603,SPU_007863,0.005631077
SPU_015640,SPU_023813,0.00562969
SPU_021119,SPU_011315,0.005628166
SPU_027472,SPU_003937,0.005623591
SPU_015908,SPU_028148,0.005623314
SPU_006803,SPU_006808,0.005621928
SPU_022242,SPU_025125,0.005621235
SPU_015829,SPU_008845,0.005619294
SPU_018056,SPU_001262_2,0.005618047
SPU_012491,SPU_012877_1,0.005616522
SPU_028827,SPU_002008,0.00561569
SPU_014576,SPU_008936,0.005614859
SPU_025010,SPU_010635,0.005612225
SPU_022163,SPU_007108,0.005611948
SPU_009178,SPU_003595_1,0.005611671
SPU_024139,SPU_024044,0.005609453
SPU_002129,SPU_009847,0.005608067
SPU_012772,SPU_003595_1,0.005607928
SPU_002791,SPU_014763,0.005606542
SPU_000485,SPU_020803_1,0.005605156
SPU_024903,SPU_014332,0.005604878
SPU_006803,SPU_027918,0.005604463
SPU_008117,SPU_001483,0.005603631
SPU_004414,SPU_027015,0.005600859
SPU_027053,SPU_009427,0.005599057
SPU_002129,SPU_002554,0.005597255
SPU_003595_1,SPU_028093,0.00559573
SPU_024877,SPU_030073,0.005593096
SPU_011246,SPU_025888,0.005587829
SPU_015374,SPU_027214,0.005577433
SPU_020722,SPU_001937,0.005572581
SPU_025590,SPU_017656,0.005571057
SPU_008845,SPU_012948,0.005570779
SPU_006787,SPU_024946,0.005563017
SPU_022820,SPU_016792,0.005561631
SPU_014836,SPU_026205,0.005561215
SPU_002320,SPU_015199,0.005555948
SPU_002634,SPU_024139,0.005555393
SPU_012645,SPU_000276,0.0055547
SPU_006787,SPU_008353_1,0.005550957
SPU_018126,SPU_003937,0.005550126
SPU_019332,SPU_003685,0.005540007
SPU_000948,SPU_015772,0.005539452
SPU_016881,SPU_018744,0.00553765
SPU_015772,SPU_024093,0.005520185
SPU_001657,SPU_011315,0.005517413
SPU_009831,SPU_002025_1,0.005509512
SPU_022846,SPU_024093,0.005509234
SPU_020722,SPU_027912,0.00550868
SPU_006786,SPU_015772,0.005507987
SPU_018355_1,SPU_001262_2,0.005504799
SPU_000739,SPU_028479,0.005499947
SPU_027935,SPU_015772,0.005494957
SPU_027053,SPU_012949,0.005493571
SPU_022678,SPU_024315,0.005491769
SPU_008845,SPU_010329_1,0.005486779
SPU_027235,SPU_003548,0.0054847
SPU_000440,SPU_007863,0.005477492
SPU_018744,SPU_023839,0.005475274
SPU_006814,SPU_025888,0.005474997
SPU_004702,SPU_008377_1,0.005471254
SPU_014418,SPU_012489,0.005467373
SPU_028255,SPU_026465,0.005466403
SPU_015374,SPU_007360_1,0.005464046
SPU_024093,SPU_012490,0.00546169
SPU_011315,SPU_012911,0.00545961
SPU_014289,SPU_003378,0.0054567
SPU_005358,SPU_008196,0.005451294
SPU_009771,SPU_003595_1,0.005445333
SPU_010424,SPU_011272,0.00544464
SPU_006462,SPU_023366,0.005437155
SPU_006583,SPU_011246,0.0054366
SPU_021557,SPU_017656,0.00543161
SPU_023037,SPU_009427,0.005423986
SPU_004414,SPU_003595_1,0.0054226
SPU_014802,SPU_013178,0.005422323
SPU_022163,SPU_024555,0.005421214
SPU_003179,SPU_024953,0.005412759
SPU_013015,SPU_003586,0.005412343
SPU_020311,SPU_028093,0.00541165
SPU_012699,SPU_011755,0.005409016
SPU_002129,SPU_022800,0.005404719
SPU_014802,SPU_012008,0.005402224
SPU_025113,SPU_000016_1,0.005399452
SPU_015772,SPU_022892,0.005397373
SPU_000739,SPU_022654,0.005394877
SPU_028583,SPU_007360,0.005392244
SPU_007611,SPU_023839,0.005389749
SPU_010403,SPU_016617,0.005387254
SPU_014802,SPU_027935_1,0.005380462
SPU_005435,SPU_012772,0.005375056
SPU_004287,SPU_021843,0.005372699
SPU_003179,SPU_007190,0.00536965
SPU_011315,SPU_024315,0.005367848
SPU_025346,SPU_025590,0.005366877
SPU_003704,SPU_001415,0.005361194
SPU_005572,SPU_020726,0.005361055
SPU_025584,SPU_028479,0.005360778
SPU_021557,SPU_014686,0.005358838
SPU_003102,SPU_001483,0.005358838
SPU_014418,SPU_016786,0.005356758
SPU_025010,SPU_005708,0.005356065
SPU_027053,SPU_018355,0.005355234
SPU_018392,SPU_010873,0.005353432
SPU_013015,SPU_028479,0.005341927
SPU_006676,SPU_030139,0.005339432
SPU_014802,SPU_027598,0.005328481
SPU_012699,SPU_012489,0.005326818
SPU_015374,SPU_013305,0.005322798
SPU_017971,SPU_020480,0.005322521
SPU_007262,SPU_023510,0.005322243
SPU_014197,SPU_003937,0.00532155
SPU_016881,SPU_012008,0.005320164
SPU_017837,SPU_025849,0.005318085
SPU_012648,SPU_015829,0.005314065
SPU_009831,SPU_009847,0.005309214
SPU_025010,SPU_003595_1,0.005306303
SPU_021192,SPU_020330_1,0.005304778
SPU_013119,SPU_005955,0.005302144
SPU_027015,SPU_013047,0.005302006
SPU_006676,SPU_027015,0.005299788
SPU_002816,SPU_020803_1,0.005292025
SPU_026099,SPU_011755,0.005290639
SPU_027053,SPU_014683,0.005290639
SPU_014628,SPU_013810,0.00528454
SPU_018581,SPU_022195,0.005281491
SPU_018392,SPU_022955_1,0.005280659
SPU_015712,SPU_021192,0.005278857
SPU_011297,SPU_000485,0.00527553
SPU_014722,SPU_019857,0.005263748
SPU_025113,SPU_011756,0.005260006
SPU_022163,SPU_014684,0.005258342
SPU_008528,SPU_023037,0.005240599
SPU_012469,SPU_014686,0.005239906
SPU_027774,SPU_022717,0.005239213
SPU_025113,SPU_015682,0.005237134
SPU_012699,SPU_020803,0.005236164
SPU_017837,SPU_017656,0.0052345
SPU_020637,SPU_024877,0.005228956
SPU_010305,SPU_002428,0.005227431
SPU_006676,SPU_002428,0.00521953
SPU_009048,SPU_024946,0.005218144
SPU_000440,SPU_026465,0.005218144
SPU_022573,SPU_002428,0.005214679
SPU_007611,SPU_018392,0.005212599
SPU_003179,SPU_020480,0.005210243
SPU_006787,SPU_000485,0.005206778
SPU_014461,SPU_011315,0.005205253
SPU_012384,SPU_019857,0.005202203
SPU_014836,SPU_019857,0.005200817
SPU_017635,SPU_017750,0.005193193
SPU_006786,SPU_011202,0.005191669
SPU_021557,SPU_006865,0.005189867
SPU_025010,SPU_013576,0.005188758
SPU_022678,SPU_008377_1,0.005181966
SPU_006917,SPU_027144,0.005180718
SPU_017725,SPU_013569,0.005177391
SPU_011576,SPU_020803,0.005176005
SPU_019366,SPU_012008,0.005175035
SPU_018483,SPU_001262_1,0.005171847
SPU_005358,SPU_000016_1,0.005171708
SPU_028255,SPU_002615,0.005170461
SPU_000948,SPU_017492,0.005169629
SPU_021608,SPU_017837,0.005167688
SPU_005358,SPU_020480_1,0.005162005
SPU_020722,SPU_000578,0.005158678
SPU_016523,SPU_006484,0.00515549
SPU_027969,SPU_001415,0.005155074
SPU_013305,SPU_005022,0.005154936
SPU_011246,SPU_020082,0.005151748
SPU_025010,SPU_006197,0.00515147
SPU_020637,SPU_008353_1,0.005147589
SPU_027015,SPU_004340,0.005147589
SPU_011189,SPU_013569,0.005143292
SPU_005572,SPU_013510,0.005140936
SPU_005435,SPU_019825,0.005139827
SPU_014332,SPU_026510,0.005136777
SPU_017470,SPU_025959,0.00513151
SPU_006814,SPU_021192,0.005131233
SPU_017470,SPU_008595_1,0.005127351
SPU_020722,SPU_019508,0.005120975
SPU_022820,SPU_007981,0.005119866
SPU_008112,SPU_014643,0.005116262
SPU_028148,SPU_017492,0.005115015
SPU_007644,SPU_028045,0.005113906
SPU_005358,SPU_014055,0.00511252
SPU_013305,SPU_011246,0.005106836
SPU_007262,SPU_025849,0.005104064
SPU_015719,SPU_014401,0.005091173
SPU_016449,SPU_008936,0.005087569
SPU_026905,SPU_019857,0.005082718
SPU_027774,SPU_028045,0.005078143
SPU_004217,SPU_008377_1,0.005077312
SPU_013689,SPU_004746,0.005073569
SPU_015719,SPU_012699,0.005072321
SPU_022846,SPU_013119,0.005068856
SPU_026905,SPU_011270,0.005064836
SPU_021557,SPU_009847,0.00506345
SPU_026633,SPU_018797,0.005062203
SPU_021210,SPU_003595_1,0.005055965
SPU_018483,SPU_006808,0.005054995
SPU_025346,SPU_006312,0.005053054
SPU_001262_1,SPU_023757,0.005052915
SPU_013689,SPU_022195,0.005051391
SPU_012469,SPU_022473,0.00504945
SPU_022573,SPU_007863,0.005049173
SPU_000485,SPU_011755,0.005044183
SPU_028148,SPU_023140,0.005042242
SPU_010635,SPU_007360,0.005041133
SPU_012699,SPU_010634,0.005037391
SPU_015640,SPU_024044,0.005030183
SPU_017837,SPU_013569,0.005029212
SPU_016443,SPU_007147,0.00502644
SPU_023894,SPU_020803,0.005024777
SPU_021608,SPU_015682,0.005024777
SPU_017470,SPU_011272_1,0.005024499
SPU_027969,SPU_007611,0.005024361
SPU_017837,SPU_018483,0.005022559
SPU_006991,SPU_022800,0.005019925
SPU_024903,SPU_022654,0.005019509
SPU_006786,SPU_019366,0.005015905
SPU_008117,SPU_006865,0.005015351
SPU_021172,SPU_012786,0.005014658
SPU_024918,SPU_001415,0.005010084
SPU_026633,SPU_021210,0.005007588
SPU_017971,SPU_007360,0.005000658
SPU_017492,SPU_012911,0.005000658
SPU_002634,SPU_011348,0.004999549
SPU_025584,SPU_011502,0.004997054
SPU_009831,SPU_014131,0.004994004
SPU_023037,SPU_013861,0.004991509
SPU_007644,SPU_022195,0.004988321
SPU_023177,SPU_027015,0.004984024
SPU_003166,SPU_016490,0.004982776
SPU_004414,SPU_002674,0.00498139
SPU_021557,SPU_013689_1,0.004981113
SPU_021172,SPU_007862,0.00497945
SPU_015358,SPU_002592,0.004976539
SPU_012772,SPU_012877_1,0.004969885
SPU_018391,SPU_024901,0.004969469
SPU_008528,SPU_024901_1,0.004969192
SPU_027214,SPU_013576,0.004969192
SPU_013015,SPU_013576,0.004953529
SPU_008528,SPU_027912_1,0.004952558
SPU_007262,SPU_009427,0.004949093
SPU_014332,SPU_028255,0.004948816
SPU_012648_1,SPU_007087,0.004945628
SPU_018391,SPU_024901_1,0.004945212
SPU_017348,SPU_003595_1,0.004942994
SPU_007611,SPU_012198,0.004942024
SPU_006803,SPU_002674,0.004937311
SPU_001262,SPU_003595_1,0.004934816
SPU_017404_1,SPU_003685,0.004933846
SPU_022846,SPU_011755,0.004933014
SPU_012469,SPU_023463_1,0.004923172
SPU_012648,SPU_006058,0.004921509
SPU_020722,SPU_009646,0.004918875
SPU_017635,SPU_011502,0.004918737
SPU_014418,SPU_011755,0.004917212
SPU_027472,SPU_004924,0.004916519
SPU_003704,SPU_001262_2,0.00491541
SPU_002874,SPU_028045,0.004914994
SPU_027053,SPU_006427,0.00490834
SPU_018355_1,SPU_022195,0.004905707
SPU_000749,SPU_012911,0.004905152
SPU_025632,SPU_011755,0.004904321
SPU_019332,SPU_003937,0.004904043
SPU_007981,SPU_028045,0.00490335
SPU_018581,SPU_001262_2,0.004899192
SPU_026905,SPU_021757,0.004895311
SPU_028120,SPU_002428,0.004887548
SPU_020565,SPU_000310,0.00488533
SPU_009831,SPU_019365,0.004868558
SPU_007611,SPU_022678,0.004863845
SPU_009178,SPU_007360,0.00486135
SPU_004723,SPU_013904,0.00486135
SPU_000749,SPU_003649,0.00486038
SPU_003179,SPU_012877_1,0.004857608
SPU_027598,SPU_018861,0.004857469
SPU_019656,SPU_030073,0.004855944
SPU_014722,SPU_005737,0.004854558
SPU_012491,SPU_007624,0.004854281
SPU_006991,SPU_024745,0.00485234
SPU_003595,SPU_012877_1,0.00485234
SPU_001262_1,SPU_003595_1,0.004847627
SPU_009831,SPU_022841,0.004845825
SPU_019332,SPU_028045,0.004844023
SPU_022049,SPU_003548,0.004841251
SPU_015772,SPU_000485,0.004836261
SPU_015358,SPU_015682,0.004835568
SPU_025346,SPU_023510,0.004834736
SPU_028827,SPU_013689_1,0.004831964
SPU_006312,SPU_018797,0.004828776
SPU_001739,SPU_003595_1,0.004827667
SPU_014418,SPU_015767,0.004827251
SPU_012469,SPU_004287,0.004826558
SPU_004287_1,SPU_028583,0.004823647
SPU_009831,SPU_025959,0.004820875
SPU_008845,SPU_019508,0.004816023
SPU_018797,SPU_016617,0.004814776
SPU_002791,SPU_028045,0.004813528
SPU_007253,SPU_003685,0.004810201
SPU_026205,SPU_027144,0.004805627
SPU_018126,SPU_020082,0.004803686
SPU_021608,SPU_004148,0.004802023
SPU_023386,SPU_011348,0.004789132
SPU_011635,SPU_014683,0.004788439
SPU_015829,SPU_028030,0.00478733
SPU_023386,SPU_008196_1,0.00478636
SPU_017407,SPU_023177,0.004781647
SPU_005572,SPU_002836,0.004774993
SPU_014576,SPU_003595_1,0.004771251
SPU_017837,SPU_027774,0.004764043
SPU_015908,SPU_002674,0.004762379
SPU_012648,SPU_017441,0.004760439
SPU_001739,SPU_022678,0.00475628
SPU_007611,SPU_004217,0.004754894
SPU_023894,SPU_012008,0.004749072
SPU_010424,SPU_014686,0.004744914
SPU_025632,SPU_020803,0.004738815
SPU_000739,SPU_013611,0.004732716
SPU_012384,SPU_021757,0.004727864
SPU_003166,SPU_013510,0.004726478
SPU_006814,SPU_027935_1,0.004720795
SPU_008528,SPU_027774,0.004719686
SPU_024877,SPU_002816,0.004716359
SPU_027015,SPU_006787,0.004716082
SPU_006312,SPU_014686,0.004714557
SPU_027053,SPU_028045,0.004711369
SPU_000440,SPU_014055,0.004710815
SPU_000440,SPU_011270,0.004708874
SPU_014722,SPU_027053,0.004705825
SPU_006803,SPU_013810_1,0.004704716
SPU_006753,SPU_026763,0.004700003
SPU_017379,SPU_014418,0.004698201
SPU_007262,SPU_007862,0.004692379
SPU_023037,SPU_028045,0.004687528
SPU_004287_1,SPU_005022,0.004686973
SPU_027774,SPU_003685,0.004686973
SPU_015358,SPU_000016_1,0.004685032
SPU_026465,SPU_015828,0.004683369
SPU_006753,SPU_002836,0.004680874
SPU_019332,SPU_009427,0.004679349
SPU_000739,SPU_002008,0.004673527
SPU_017106,SPU_004924,0.004672419
SPU_007599,SPU_019366,0.00467228
SPU_007981,SPU_008377_1,0.004669785
SPU_018797,SPU_015199,0.004665626
SPU_008703,SPU_002674,0.004656616
SPU_019089,SPU_013202,0.004656062
SPU_018393,SPU_003649,0.004655785
SPU_016449,SPU_019825,0.004654953
SPU_022820,SPU_010873,0.004654399
SPU_020123,SPU_003595_1,0.004651765
SPU_024189,SPU_027214,0.004650102
SPU_013047,SPU_017492,0.004646082
SPU_013569,SPU_014722,0.004641092
SPU_013119,SPU_011202,0.004640399
SPU_012253,SPU_019857,0.004638597
SPU_003166,SPU_013689,0.004638181
SPU_026099,SPU_014461,0.0046343
SPU_006462,SPU_007862,0.0046343
SPU_002320,SPU_006808,0.004631527
SPU_003595_1,SPU_020082,0.00463125
SPU_009771,SPU_020646,0.004631111
SPU_018908,SPU_013967,0.004630973
SPU_009831,SPU_015682,0.004627369
SPU_017348,SPU_030139,0.004625705
SPU_018355,SPU_008377_1,0.004624181
SPU_018056,SPU_008377_1,0.004623626
SPU_007981,SPU_022678,0.004620854
SPU_003595,SPU_012949,0.004620715
SPU_008117_1,SPU_021757,0.004617804
SPU_008528,SPU_021382,0.004617666
SPU_028827,SPU_016617,0.004611705
SPU_014576,SPU_007360,0.004610874
SPU_018391,SPU_008698,0.004610319
SPU_010635,SPU_020082,0.004604497
SPU_021210,SPU_008953_1,0.004599646
SPU_027015,SPU_016443,0.004592022
SPU_003470,SPU_022841,0.004584676
SPU_010295,SPU_021666,0.004583567
SPU_018483,SPU_007011,0.004582596
SPU_002874,SPU_008377_1,0.004580794
SPU_006753,SPU_027918,0.004572339
SPU_003470,SPU_010924,0.004570814
SPU_008196_1,SPU_005708,0.004567765
SPU_004723,SPU_023510,0.00456319
SPU_004723,SPU_009427,0.004555705
SPU_002791,SPU_008377_1,0.004550992
SPU_003704,SPU_008377_1,0.004550438
SPU_019366,SPU_018744,0.004545863
SPU_006803,SPU_022800,0.004544755
SPU_000424,SPU_028255,0.004544339
SPU_001998,SPU_020480,0.004532834
SPU_018126,SPU_016449,0.004531725
SPU_003595,SPU_003685,0.004531448
SPU_004599,SPU_012699,0.004527705
SPU_002129,SPU_022473,0.004527289
SPU_019332,SPU_026385,0.00452119
SPU_001998,SPU_006484,0.004519249
SPU_009178,SPU_022654,0.004515784
SPU_018392,SPU_013902,0.00451523
SPU_000424,SPU_027015,0.004513012
SPU_013015,SPU_017971,0.00451024
SPU_007611,SPU_024555,0.004507467
SPU_005358,SPU_026664,0.00450719
SPU_013047,SPU_007360_1,0.004503032
SPU_017725,SPU_007862,0.004502338
SPU_014722,SPU_018391,0.004500398
SPU_004702,SPU_017404_1,0.004499982
SPU_002631,SPU_014289,0.004498596
SPU_022163,SPU_011502,0.004495546
SPU_021557,SPU_014836,0.004491527
SPU_014289,SPU_027935_1,0.004490972
SPU_003595,SPU_017579,0.004490418
SPU_007644,SPU_008377_1,0.004481685
SPU_011635,SPU_003548,0.00448113
SPU_008703,SPU_020480,0.004468101
SPU_014418,SPU_020803,0.004462418
SPU_006787,SPU_012699,0.004460061
SPU_006753,SPU_009847,0.004459507
SPU_020565,SPU_000485,0.004458675
SPU_011189,SPU_022816,0.004456873
SPU_026633,SPU_003548,0.00445216
SPU_018861,SPU_012911,0.004451883
SPU_002632,SPU_014289,0.004447586
SPU_026099,SPU_000948,0.00444717
SPU_002874,SPU_004148,0.004445507
SPU_006917,SPU_024139,0.004445368
SPU_006814,SPU_015772,0.004444259
SPU_005572,SPU_011272,0.004442318
SPU_022846,SPU_020803_1,0.004441764
SPU_012699,SPU_007147,0.004436081
SPU_023386,SPU_022892,0.004436081
SPU_022820,SPU_004148,0.004435942
SPU_024093,SPU_018744,0.00443414
SPU_015719,SPU_018393,0.00443414
SPU_027214,SPU_002674,0.004432061
SPU_023386,SPU_027015,0.004420556
SPU_009831,SPU_022195,0.004416952
SPU_017579,SPU_003685,0.004414457
SPU_000276,SPU_018744,0.004412932
SPU_014332,SPU_011270,0.0044121
SPU_011315,SPU_022654,0.004398793
SPU_012699,SPU_011202,0.004392556
SPU_003102,SPU_025825,0.004390061
SPU_026465,SPU_022195,0.004386318
SPU_014170,SPU_030073,0.004380635
SPU_015358,SPU_018797,0.004374536
SPU_023894,SPU_011202,0.004372595
SPU_006676,SPU_007360_1,0.004371902
SPU_014170,SPU_020803,0.004371902
SPU_002129,SPU_005522,0.00436816
SPU_026905,SPU_006242,0.00436816
SPU_004217,SPU_012198,0.004367605
SPU_016443,SPU_024093,0.004367189
SPU_003166,SPU_009642,0.00436511
SPU_014332,SPU_021757,0.004362338
SPU_019089,SPU_020480,0.004360952
SPU_014793,SPU_021843,0.004359704
SPU_011202,SPU_012699,0.004359288
SPU_022049,SPU_024044,0.004355823
SPU_017379,SPU_008953_1,0.004353466
SPU_003179,SPU_017971,0.004353051
SPU_014722,SPU_011189,0.00434709
SPU_020637,SPU_012699,0.004344179
SPU_013178,SPU_005522,0.004343209
SPU_017106,SPU_007360,0.004341823
SPU_018126,SPU_000485,0.004337387
SPU_004723,SPU_015071,0.004332952
SPU_026205,SPU_024953,0.004331704
SPU_012491,SPU_000485,0.004328239
SPU_012648,SPU_009427,0.004324635
SPU_013689_1,SPU_006312,0.004323387
SPU_014170,SPU_020803_1,0.004320476
SPU_025632,SPU_020803_1,0.004318674
SPU_004723,SPU_025959,0.004317149
SPU_018392,SPU_010329_1,0.004314516
SPU_025590,SPU_014686,0.004300932
SPU_015108,SPU_027145,0.004296635
SPU_022678,SPU_028045,0.00429012
SPU_027774,SPU_008377_1,0.0042861
SPU_028827,SPU_002836,0.004279446
SPU_002592,SPU_009642,0.004279446
SPU_002816,SPU_030073,0.00427404
SPU_015243,SPU_020311,0.004269189
SPU_002874,SPU_022195,0.004268357
SPU_027969,SPU_023839,0.004266971
SPU_022242,SPU_010873,0.004265446
SPU_000756,SPU_030139,0.00425602
SPU_006462,SPU_022892,0.004254218
SPU_027774,SPU_014763,0.004252555
SPU_016443,SPU_011755,0.004252139
SPU_015243,SPU_017750,0.00425103
SPU_017404_1,SPU_000948,0.004249506
SPU_007599,SPU_011202,0.004248258
SPU_021557,SPU_001262_2,0.004244377
SPU_002631,SPU_022817,0.004244238
SPU_012546,SPU_013569,0.004242575
SPU_020722,SPU_025849,0.004240357
SPU_003166,SPU_007190,0.004239387
SPU_004148,SPU_003470,0.00423606
SPU_012253,SPU_006865,0.00423204
SPU_020637,SPU_011202,0.004229961
SPU_010424,SPU_013689_1,0.004229129
SPU_007253,SPU_007360,0.004227466
SPU_004217,SPU_015829,0.004226357
SPU_008845,SPU_023463_1,0.004226218
SPU_013015,SPU_006197,0.004221505
SPU_018483,SPU_007721,0.004220119
SPU_003179,SPU_007360,0.004211248
SPU_009876,SPU_013570,0.00421
SPU_008936,SPU_007147,0.00421
SPU_018797,SPU_014289,0.004206951
SPU_010351,SPU_012877_1,0.004204872
SPU_001262_1,SPU_026731,0.00420307
SPU_003179,SPU_006197,0.004201129
SPU_004021,SPU_000948,0.004200159
SPU_006808,SPU_002836,0.004199189
SPU_025010,SPU_013967,0.004197248
SPU_022049,SPU_021210,0.004197248
SPU_012546,SPU_011270,0.004194891
SPU_006421,SPU_006865,0.004192396
SPU_026877,SPU_004287_1,0.004187684
SPU_006991,SPU_000129,0.004182693
SPU_026633,SPU_016490,0.004179228
SPU_014802,SPU_018744,0.00417299
SPU_001998,SPU_002674,0.004168832
SPU_021608,SPU_019857,0.004168555
SPU_006787,SPU_011755,0.004157881
SPU_009876,SPU_020082,0.004153723
SPU_026099,SPU_014401,0.004151921
SPU_009831,SPU_010924,0.004143604
SPU_006753,SPU_016490,0.004143188
SPU_007253,SPU_022892,0.004139584
SPU_024307,SPU_004551,0.004137089
SPU_008528,SPU_008698,0.004127109
SPU_000129,SPU_012877_1,0.004126693
SPU_000739,SPU_011756,0.004120871
SPU_014722,SPU_008845,0.004120178
SPU_023730,SPU_003685,0.004116851
SPU_020637,SPU_030073,0.004115743
SPU_000757,SPU_007360_1,0.004113663
SPU_010424,SPU_026205,0.004110337
SPU_000739,SPU_015199,0.004096752
SPU_027053,SPU_006063,0.004094812
SPU_006484,SPU_014588,0.004091485
SPU_024903,SPU_026763,0.004091208
SPU_020637,SPU_020803_1,0.004088574
SPU_014628,SPU_005022,0.004087881
SPU_005572,SPU_018888,0.004086772
SPU_017725,SPU_007011,0.004082614
SPU_006786,SPU_014802,0.004082198
SPU_017470,SPU_018744,0.004081089
SPU_025113,SPU_009847,0.00407901
SPU_015908,SPU_020480,0.00407901
SPU_001262,SPU_005022,0.004075683
SPU_012648_1,SPU_025959,0.004075683
SPU_019290,SPU_011755,0.004075129
SPU_014802,SPU_012911,0.004074297
SPU_018056,SPU_028045,0.004069723
SPU_012648,SPU_028045,0.004069168
SPU_027214,SPU_020123,0.004069029
SPU_006803,SPU_007957,0.004067921
SPU_013015,SPU_007190,0.004067782
SPU_006753,SPU_021666,0.004064039
SPU_021608,SPU_010924,0.004062653
SPU_007611,SPU_015828,0.00406196
SPU_012648,SPU_018908,0.004058356
SPU_018581,SPU_006865,0.004057247
SPU_019332,SPU_017579,0.004056277
SPU_008112,SPU_015199,0.004054059
SPU_014836,SPU_027774,0.004047544
SPU_015719,SPU_011755,0.004046851
SPU_025346,SPU_000016,0.004045465
SPU_003166,SPU_022892,0.004044079
SPU_026633,SPU_007190,0.004042
SPU_024093,SPU_007087,0.004039782
SPU_015456,SPU_012911,0.00403895
SPU_007611,SPU_018391,0.004038673
SPU_000440,SPU_013569,0.004035901
SPU_018355,SPU_028045,0.004027029
SPU_023177,SPU_007360,0.004025782
SPU_027935,SPU_002025_1,0.00402495
SPU_023037,SPU_023463_1,0.004022178
SPU_016449,SPU_018393,0.004010534
SPU_000756,SPU_027708,0.004009564
SPU_016443,SPU_018393,0.004008594
SPU_012008,SPU_011755,0.004004435
SPU_008703,SPU_027214,0.004002772
SPU_007981,SPU_015829,0.004001663
SPU_018391,SPU_021382,0.003997782
SPU_011635,SPU_023510,0.003992653
SPU_012648,SPU_003490,0.003990019
SPU_005358,SPU_014686,0.003988494
SPU_027053,SPU_008377_1,0.003987801
SPU_025888,SPU_014588,0.003987108
SPU_025584,SPU_021843,0.003983504
SPU_015640,SPU_005955_1,0.00398198
SPU_022049,SPU_007721,0.003980871
SPU_019332,SPU_000603,0.003980732
SPU_000739,SPU_022473,0.003976435
SPU_027214,SPU_017379,0.003974494
SPU_018391,SPU_023037,0.003971722
SPU_006991,SPU_015682,0.003971722
SPU_001998,SPU_007190,0.003969366
SPU_017837,SPU_023510,0.003963821
SPU_017725,SPU_013611,0.003963267
SPU_002592,SPU_003548,0.003960633
SPU_000948,SPU_027598,0.003959801
SPU_005358,SPU_009847,0.003953702
SPU_024903,SPU_000841,0.003953425
SPU_014461,SPU_007147,0.003943722
SPU_003102,SPU_012877,0.003940534
SPU_027053,SPU_022717,0.003940257
SPU_002320,SPU_014684,0.003940118
SPU_013689,SPU_005022,0.003938039
SPU_023037,SPU_019365,0.003937346
SPU_002791,SPU_022195,0.00393693
SPU_019332,SPU_008377_1,0.00393388
SPU_027969,SPU_000806,0.003932356
SPU_014401,SPU_000603,0.003925563
SPU_005358,SPU_022800,0.003924732
SPU_016523,SPU_024610,0.003923623
SPU_005572,SPU_018797,0.003923346
SPU_003704,SPU_028045,0.003918771
SPU_014332,SPU_020480_1,0.003917662
SPU_017492,SPU_012111,0.003910732
SPU_005718,SPU_013570,0.003909484
SPU_018355_1,SPU_021843,0.003906989
SPU_018392,SPU_023463_1,0.003905603
SPU_005718,SPU_007360,0.003902969
SPU_028583,SPU_006197,0.003900197
SPU_000861,SPU_020726,0.003897009
SPU_008703,SPU_027015,0.003894375
SPU_007644,SPU_025959,0.00388994
SPU_026205,SPU_020480,0.003889108
SPU_007147,SPU_012911,0.003886613
SPU_018908,SPU_027708,0.003886197
SPU_011576,SPU_020803_1,0.003873583
SPU_016523,SPU_007360,0.003867623
SPU_002592,SPU_016490,0.003865821
SPU_019332,SPU_004217,0.00386485
SPU_024877,SPU_012877_1,0.00386388
SPU_012469,SPU_011270,0.003863187
SPU_014332,SPU_009831,0.003860553
SPU_008845,SPU_024901,0.003856672
SPU_014418,SPU_019366,0.003851405
SPU_005022,SPU_026390,0.00384087
SPU_014722,SPU_028030,0.003833246
SPU_003470,SPU_021757,0.003832137
SPU_026633,SPU_027144,0.003828533
SPU_006803,SPU_022697,0.003820909
SPU_018355_1,SPU_028045,0.003818276
SPU_022816,SPU_016617,0.003818137
SPU_008528,SPU_024745,0.003817721
SPU_011315,SPU_018954,0.003817721
SPU_002816,SPU_016792,0.003817583
SPU_002815,SPU_020480,0.003812315
SPU_011246,SPU_023730,0.003807741
SPU_015908,SPU_027015,0.00380483
SPU_015982,SPU_024044,0.003804414
SPU_021557,SPU_020480_1,0.003802612
SPU_017470,SPU_008112,0.003799424
SPU_024918,SPU_015829,0.003794295
SPU_002129,SPU_016490,0.003788751
SPU_018392,SPU_028746,0.003787503
SPU_002874,SPU_025959,0.003783206
SPU_003378,SPU_006787,0.003782375
SPU_008936,SPU_027598,0.003781682
SPU_003102,SPU_023510,0.0037778
SPU_007611,SPU_002632,0.003777662
SPU_026465,SPU_028479,0.003775998
SPU_017725,SPU_020480_1,0.003774889
SPU_007981,SPU_016792,0.003772949
SPU_006753,SPU_006865,0.003768513
SPU_007611,SPU_024315,0.003766018
SPU_015640,SPU_019366,0.003765048
SPU_000276,SPU_012911,0.003760474
SPU_011635,SPU_022195,0.003758117
SPU_004702,SPU_027362,0.00375479
SPU_006787,SPU_020330_1,0.003753127
SPU_013178,SPU_014687,0.003752988
SPU_024918,SPU_018373,0.003749939
SPU_008117_1,SPU_013569,0.003746889
SPU_012699,SPU_027362,0.003746196
SPU_000975,SPU_016881,0.00374578
SPU_001262_1,SPU_005022,0.00374384
SPU_017404_1,SPU_000603,0.00374079
SPU_027969,SPU_015829,0.003737741
SPU_018392,SPU_000669,0.003735939
SPU_018392,SPU_015829,0.003734691
SPU_027774,SPU_008953_1,0.003731364
SPU_023177,SPU_020480,0.003731226
SPU_018392,SPU_018373,0.003728315
SPU_011635,SPU_006427,0.0037218
SPU_023366,SPU_011502,0.003720414
SPU_022678,SPU_012198,0.003719305
SPU_025346,SPU_004148,0.003712513
SPU_019366,SPU_012911,0.003710434
SPU_008936,SPU_004551,0.003709879
SPU_020565,SPU_019089,0.00370683
SPU_017837,SPU_019365,0.003705721
SPU_014576,SPU_007360_1,0.003705305
SPU_020722,SPU_009642,0.00370184
SPU_012203,SPU_003937,0.003701147
SPU_023037,SPU_022195,0.003699206
SPU_014289,SPU_020480,0.003694354
SPU_014332,SPU_007011,0.003691582
SPU_013569,SPU_018888,0.00369075
SPU_017579,SPU_019857,0.003688671
SPU_015640,SPU_020803,0.003688255
SPU_023037,SPU_012949,0.00367883
SPU_002631,SPU_019033,0.003677582
SPU_027774,SPU_000578,0.003677443
SPU_006808,SPU_018888,0.003672037
SPU_004414,SPU_020480,0.003669542
SPU_002592,SPU_002662_1,0.003665523
SPU_001262_1,SPU_012111,0.003664552
SPU_012469,SPU_021757,0.003657067
SPU_018391,SPU_028045,0.003654018
SPU_009642,SPU_021843,0.003649305
SPU_015772,SPU_027598,0.003644592
SPU_023037,SPU_008377_1,0.003643067
SPU_000440,SPU_000016,0.003640156
SPU_027935,SPU_010305,0.003636414
SPU_017635,SPU_002632,0.003635998
SPU_000739,SPU_006312,0.003628235
SPU_017837,SPU_014684,0.003627265
SPU_010295,SPU_012469,0.003623938
SPU_008528,SPU_028045,0.003619641
SPU_008845,SPU_018373,0.003619087
SPU_007599,SPU_027472,0.003619087
SPU_015767,SPU_002674,0.003616453
SPU_019656,SPU_020803_1,0.003613126
SPU_026205,SPU_026763,0.003605364
SPU_000948,SPU_012911,0.003599403
SPU_018581,SPU_021843,0.003598988
SPU_015772,SPU_003937,0.003596631
SPU_008196_1,SPU_022816,0.003595799
SPU_015374,SPU_016523,0.003590671
SPU_027774,SPU_017579,0.003589562
SPU_023177,SPU_022892,0.003586374
SPU_028827,SPU_016490,0.003585403
SPU_028255,SPU_011756,0.003584433
SPU_012384,SPU_004148,0.003583324
SPU_000440,SPU_017750,0.003583324
SPU_012008,SPU_012050,0.003582354
SPU_010305,SPU_022892,0.003582077
SPU_014418,SPU_019656,0.003581938
SPU_006676,SPU_027708,0.003581245
SPU_000861,SPU_000016,0.003581106
SPU_020123,SPU_026277,0.00358069
SPU_021210,SPU_005022,0.003577918
SPU_025632,SPU_011202,0.003575978
SPU_023386,SPU_020480,0.003570433
SPU_027053,SPU_022195,0.003569601
SPU_013015,SPU_027708,0.003567245
SPU_009876,SPU_024610,0.003565859
SPU_000739,SPU_016490,0.003561839
SPU_026418,SPU_002674,0.0035617
SPU_002816,SPU_018744,0.003552968
SPU_017837,SPU_028479,0.003551027
SPU_021210,SPU_028583,0.003549225
SPU_006991,SPU_015199,0.003548671
SPU_010351,SPU_003595_1,0.003548393
SPU_006803,SPU_024901,0.003544928
SPU_010424,SPU_007862,0.003544373
SPU_024918,SPU_019033,0.003543958
SPU_028148,SPU_004021,0.003537581
SPU_000861,SPU_011270,0.003530096
SPU_026633,SPU_002674,0.003526354
SPU_018483,SPU_019002,0.003521641
SPU_007599,SPU_014401,0.003521086
SPU_019332,SPU_013861,0.003514433
SPU_013689_1,SPU_017579,0.003510274
SPU_008117_1,SPU_025959,0.003508888
SPU_002791,SPU_025959,0.003508334
SPU_026205,SPU_007190,0.003507086
SPU_014289,SPU_007624,0.003506254
SPU_011635,SPU_022573,0.00350168
SPU_008936,SPU_000485,0.003500849
SPU_012648,SPU_002467,0.003500017
SPU_015640,SPU_026877,0.003489759
SPU_001657,SPU_012911,0.003489205
SPU_011576,SPU_011755,0.003487264
SPU_005358,SPU_003548,0.003487126
SPU_019002,SPU_006808,0.003485878
SPU_000948,SPU_018744,0.003481858
SPU_000756,SPU_020480,0.003480472
SPU_002874,SPU_000603,0.0034777
SPU_013569,SPU_026763,0.003476314
SPU_014332,SPU_027918,0.003476037
SPU_019002,SPU_026205,0.003471324
SPU_008528,SPU_027912,0.003467165
SPU_021192,SPU_011348,0.003459957
SPU_014836,SPU_023386,0.003457462
SPU_000129,SPU_003595_1,0.003456215
SPU_015712,SPU_020480,0.003455244
SPU_012648_1,SPU_019857,0.003449838
SPU_016881,SPU_003649,0.003439026
SPU_019332,SPU_008953_1,0.003436947
SPU_020565,SPU_020480,0.003426274
SPU_006808,SPU_001262_2,0.003423779
SPU_012648,SPU_007644,0.003423779
SPU_001262,SPU_007360_1,0.003421422
SPU_016881,SPU_007599,0.003420868
SPU_006786,SPU_015199,0.003420313
SPU_011189,SPU_023510,0.003419205
SPU_010295,SPU_018888,0.003417541
SPU_015719,SPU_010634,0.003412135
SPU_025888,SPU_002950,0.003411581
SPU_012469,SPU_002707,0.003408393
SPU_006786,SPU_020803,0.003406452
SPU_008752,SPU_013178,0.00340562
SPU_028255,SPU_016490,0.003404927
SPU_018581,SPU_004983,0.003397858
SPU_020722,SPU_021757,0.003392591
SPU_006462,SPU_018797,0.003391204
SPU_024093,SPU_002674,0.003388987
SPU_003166,SPU_017656,0.003388848
SPU_015358,SPU_012877,0.003384135
SPU_006787,SPU_030073,0.003382194
SPU_015374,SPU_014686,0.003381363
SPU_015829,SPU_010873,0.00337665
SPU_015640,SPU_030073,0.003375125
SPU_025113,SPU_015071,0.0033736
SPU_007262,SPU_022195,0.00337263
SPU_015108,SPU_012911,0.003369303
SPU_006421,SPU_006333,0.003369303
SPU_018392,SPU_001937,0.003369303
SPU_006808,SPU_013810_1,0.003369026
SPU_003470,SPU_024903,0.003362511
SPU_003166,SPU_016617,0.003362234
SPU_000756,SPU_026763,0.003357105
SPU_006803,SPU_025849,0.00335364
SPU_017348,SPU_007360,0.003352392
SPU_013569,SPU_027144,0.003352115
SPU_017470,SPU_008377_1,0.003347402
SPU_006803,SPU_022654,0.003345462
SPU_012699,SPU_000975,0.00334463
SPU_015767,SPU_027362,0.003343521
SPU_008117,SPU_025959,0.003343244
SPU_021210,SPU_027708,0.003342689
SPU_021608,SPU_011130,0.00334158
SPU_006991,SPU_006808,0.003339085
SPU_002874,SPU_012198,0.0033316
SPU_023177,SPU_014588,0.003331323
SPU_002592,SPU_012469,0.003330907
SPU_014722,SPU_018673,0.003329382
SPU_008752,SPU_026385,0.003328273
SPU_023386,SPU_003595_1,0.003322313
SPU_007644,SPU_012198,0.003321759
SPU_015640,SPU_011755,0.003318848
SPU_011315,SPU_012111,0.003311778
SPU_026099,SPU_010634,0.003309006
SPU_018126,SPU_004024,0.003308036
SPU_024139,SPU_002428,0.003301244
SPU_000440,SPU_021666,0.003301105
SPU_027015,SPU_001113,0.003299857
SPU_026763,SPU_002025_1,0.003297224
SPU_026465,SPU_028045,0.003296531
SPU_021210,SPU_011246,0.003294313
SPU_002631,SPU_020124,0.00329362
SPU_018355,SPU_001262_2,0.003285026
SPU_014332,SPU_025584,0.00327255
SPU_007147,SPU_003649,0.003245105
SPU_008117,SPU_025849,0.003236095
SPU_002791,SPU_012198,0.003231521
SPU_020637,SPU_024093,0.003226253
SPU_014628,SPU_012111,0.003223758
SPU_026633,SPU_025849,0.003219322
SPU_027053,SPU_014763,0.00321558
SPU_021172,SPU_021210,0.003210174
SPU_014461,SPU_024093,0.00320754
SPU_025584,SPU_001262_2,0.003207124
SPU_003166,SPU_026962,0.003206154
SPU_018744,SPU_008953,0.003204352
SPU_001739,SPU_011202,0.00319853
SPU_009771,SPU_008196,0.003197421
SPU_026633,SPU_022800,0.003188411
SPU_008196,SPU_005708,0.003185778
SPU_026205,SPU_007360,0.003185362
SPU_006787,SPU_013178,0.00318259
SPU_025632,SPU_016792,0.003181758
SPU_014418,SPU_018393,0.003180649
SPU_022820,SPU_008377_1,0.003180233
SPU_014461,SPU_010634,0.003177877
SPU_008117,SPU_013569,0.003175659
SPU_000861,SPU_021666,0.003172887
SPU_015828,SPU_015829,0.003169283
SPU_023090,SPU_015829,0.003166094
SPU_027053,SPU_022841,0.00316554
SPU_021608,SPU_006865,0.003164431
SPU_013015,SPU_030139,0.003164015
SPU_018391,SPU_009427,0.003162075
SPU_016443,SPU_011348,0.003155976
SPU_002320,SPU_018888,0.003155698
SPU_019290,SPU_000975,0.003154728
SPU_003595_1,SPU_012111,0.003153342
SPU_006676,SPU_007087,0.003152649
SPU_025113,SPU_001483,0.003151124
SPU_006814,SPU_026385,0.003143223
SPU_008117_1,SPU_024903,0.003139065
SPU_006808,SPU_009178,0.003137678
SPU_026465,SPU_001415,0.003136154
SPU_023037,SPU_022717,0.003136015
SPU_027774,SPU_006197,0.003129639
SPU_018391,SPU_027774,0.003126728
SPU_026205,SPU_003595_1,0.003126451
SPU_023366,SPU_009876,0.003116055
SPU_011189,SPU_025959,0.003111619
SPU_022163,SPU_006808,0.00310954
SPU_008117_1,SPU_023510,0.003102055
SPU_002634,SPU_003595_1,0.003094985
SPU_014401,SPU_004806,0.003094847
SPU_004599,SPU_015767,0.003091381
SPU_008117_1,SPU_023037,0.003089995
SPU_006462,SPU_007190,0.003087639
SPU_012772,SPU_020480,0.003083757
SPU_019002,SPU_021757,0.003082787
SPU_019089,SPU_014686,0.003079045
SPU_015772,SPU_004924,0.003078351
SPU_011246,SPU_024044,0.003076134
SPU_025113,SPU_025959,0.003075302
SPU_009876,SPU_007360,0.00307253
SPU_020123,SPU_008953_1,0.003072252
SPU_011297,SPU_011202,0.003068094
SPU_007981,SPU_012198,0.003065183
SPU_000948,SPU_003685,0.003063936
SPU_016443,SPU_004924,0.003062827
SPU_018391,SPU_003704,0.003061025
SPU_021119,SPU_024093,0.003060332
SPU_003704,SPU_008953,0.003058391
SPU_016523,SPU_018744,0.003056035
SPU_001739,SPU_007624,0.003043975
SPU_008528,SPU_009427,0.003040371
SPU_018908,SPU_027214,0.003039401
SPU_002816,SPU_011755,0.003034965
SPU_002320,SPU_014628,0.003033856
SPU_025113,SPU_023510,0.003029559
SPU_015828,SPU_010873,0.003024569
SPU_025346,SPU_002008,0.003020549
SPU_002634,SPU_012877_1,0.003017361
SPU_006786,SPU_011755,0.003016114
SPU_006787,SPU_011348,0.003014589
SPU_000440,SPU_020726,0.003012787
SPU_017379,SPU_017404_1,0.003012371
SPU_007262,SPU_011272,0.003011955
SPU_017837,SPU_013904,0.003007519
SPU_016786,SPU_020803,0.003005579
SPU_015767,SPU_027598,0.003001698
SPU_012253,SPU_011226,0.00300045
SPU_016523,SPU_012111,0.002992826
SPU_002791,SPU_026385,0.002992549
SPU_007262,SPU_021757,0.00298645
SPU_006753,SPU_017750,0.002983539
SPU_025346,SPU_002836,0.002983539
SPU_018355,SPU_008953,0.002981044
SPU_024877,SPU_024093,0.002976054
SPU_018056,SPU_008953,0.002973975
SPU_008703,SPU_025888,0.002972173
SPU_026633,SPU_022242,0.002969816
SPU_009831,SPU_006865,0.002966212
SPU_012203,SPU_016449,0.002965658
SPU_025590,SPU_016617,0.002961361
SPU_008528,SPU_023463_1,0.002957202
SPU_027235,SPU_007087,0.002954846
SPU_017348,SPU_008112,0.002949717
SPU_003470,SPU_015682,0.002949024
SPU_006484,SPU_012111,0.002941816
SPU_000424,SPU_021843,0.002936133
SPU_026465,SPU_008953,0.002935163
SPU_002129,SPU_002836,0.002933499
SPU_002592,SPU_011756,0.002931836
SPU_002632,SPU_028030,0.002926291
SPU_002129,SPU_013689_1,0.0029134
SPU_018355_1,SPU_008953,0.002910212
SPU_026465,SPU_015829,0.002905776
SPU_009831,SPU_028479,0.002905776
SPU_027214,SPU_018673,0.002901202
SPU_002677,SPU_014461,0.002900925
SPU_028827,SPU_026763,0.002891915
SPU_022242,SPU_017579,0.002890806
SPU_024189,SPU_013202,0.002890667
SPU_023386,SPU_007190,0.002884014
SPU_009771,SPU_007360,0.002875281
SPU_023037,SPU_014763,0.002868489
SPU_023090,SPU_008953,0.002867935
SPU_022049,SPU_028148,0.002867796
SPU_006814,SPU_003937,0.002862806
SPU_027214,SPU_019365,0.002862667
SPU_022049,SPU_016617,0.00285837
SPU_013178,SPU_009079,0.002854212
SPU_009771,SPU_020480,0.002853657
SPU_027935,SPU_016490,0.002849776
SPU_018392,SPU_028045,0.002841182
SPU_013689_1,SPU_023463,0.002838687
SPU_010403,SPU_005708,0.002837439
SPU_015828,SPU_001998,0.002833281
SPU_023386,SPU_030139,0.002833142
SPU_025590,SPU_002615,0.002831895
SPU_025632,SPU_015199,0.002829538
SPU_006991,SPU_002674,0.002825796
SPU_012008,SPU_019366,0.002820944
SPU_017725,SPU_002554,0.002819558
SPU_028148,SPU_011348,0.002818311
SPU_015772,SPU_013178,0.002814845
SPU_016449,SPU_012911,0.002812212
SPU_015719,SPU_007147,0.002801677
SPU_015243,SPU_002836,0.002795994
SPU_019089,SPU_027015,0.002795301
SPU_016443,SPU_020803_1,0.00279433
SPU_004702,SPU_007108,0.002793776
SPU_006786,SPU_010634,0.002786706
SPU_001113,SPU_017492,0.002780469
SPU_018391,SPU_023463_1,0.002779914
SPU_028120,SPU_024093,0.002779083
SPU_019332,SPU_022195,0.002772706
SPU_022242,SPU_007253,0.002768271
SPU_014802,SPU_000485,0.002767162
SPU_000440,SPU_024745,0.002766469
SPU_015243,SPU_000129,0.002758429
SPU_014576,SPU_002836,0.002755518
SPU_015908,SPU_016792,0.002751914
SPU_022678,SPU_008953,0.002742627
SPU_026633,SPU_017971,0.002738607
SPU_015908,SPU_004551,0.002735558
SPU_023386,SPU_010305,0.002733617
SPU_027969,SPU_024315,0.0027253
SPU_005358,SPU_023510,0.002724746
SPU_007611,SPU_004551,0.002722944
SPU_014418,SPU_002816,0.002720865
SPU_008112,SPU_005522,0.002720726
SPU_004723,SPU_022195,0.002711855
SPU_012469,SPU_000578,0.002708528
SPU_014461,SPU_020803_1,0.002703815
SPU_015772,SPU_018744,0.002703538
SPU_019002,SPU_022473,0.002701043
SPU_011189,SPU_022841,0.002700072
SPU_023177,SPU_025888,0.002698825
SPU_006676,SPU_020480,0.002694666
SPU_012648,SPU_000603,0.002694528
SPU_009048,SPU_027935_1,0.002690369
SPU_012645,SPU_014461,0.002688983
SPU_002634,SPU_006197,0.002688013
SPU_023386,SPU_007360,0.002683161
SPU_006312,SPU_009685,0.002682746
SPU_008845,SPU_024745,0.002680666
SPU_021557,SPU_015199,0.002677617
SPU_025584,SPU_023463,0.00267332
SPU_027235,SPU_022800,0.002670686
SPU_017379,SPU_025125,0.002668746
SPU_007262,SPU_025959,0.002668746
SPU_004148,SPU_019857,0.00266625
SPU_004723,SPU_011756,0.002664726
SPU_012648,SPU_022195,0.002662646
SPU_024877,SPU_020082,0.002662646
SPU_006917,SPU_002950,0.002660151
SPU_012546,SPU_001483,0.002660013
SPU_012546,SPU_012198,0.002657518
SPU_015719,SPU_000948,0.002654468
SPU_021557,SPU_023463,0.002651696
SPU_015712,SPU_003685,0.002648646
SPU_023177,SPU_002674,0.002644627
SPU_006676,SPU_007190,0.002640607
SPU_009771,SPU_006484,0.00264033
SPU_009831,SPU_017511,0.002637973
SPU_017404,SPU_023463_1,0.002635062
SPU_026633,SPU_002025_1,0.002634369
SPU_017837,SPU_022195,0.002629656
SPU_005358,SPU_011272_1,0.002623973
SPU_025584,SPU_006871,0.002621894
SPU_012648_1,SPU_027214,0.002621201
SPU_000739,SPU_002631,0.002618983
SPU_011576,SPU_011202,0.002618567
SPU_018954,SPU_026385,0.002611498
SPU_015982,SPU_000485,0.002606646
SPU_020722,SPU_027912_1,0.002604844
SPU_027015,SPU_017379,0.002603597
SPU_023730,SPU_027598,0.002602072
SPU_006753,SPU_014686,0.002590983
SPU_014793,SPU_028479,0.002587379
SPU_004414,SPU_012877_1,0.002585993
SPU_012645,SPU_020480,0.002584884
SPU_001739,SPU_027598,0.002584745
SPU_010351,SPU_007360,0.002582666
SPU_024139,SPU_004024,0.002578369
SPU_011635,SPU_025959,0.002577953
SPU_000749,SPU_026385,0.002576844
SPU_022049,SPU_015199,0.002575597
SPU_000756,SPU_016523,0.002575181
SPU_001262,SPU_008747,0.00257227
SPU_018483,SPU_018797,0.002567557
SPU_017407,SPU_005022,0.002566587
SPU_005358,SPU_003084,0.002565339
SPU_014332,SPU_002025,0.002563676
SPU_012546,SPU_006197,0.002563121
SPU_025010,SPU_005022,0.00256229
SPU_013689,SPU_001262_2,0.002561874
SPU_004021,SPU_015772,0.002551062
SPU_016443,SPU_013178,0.002547735
SPU_018483,SPU_002025_1,0.002544686
SPU_008112,SPU_012877,0.002543715
SPU_018391,SPU_008377_1,0.002539973
SPU_022163,SPU_011272_1,0.002535537
SPU_004702,SPU_012198,0.002534289
SPU_018744,SPU_008747,0.002530547
SPU_020722,SPU_026390,0.002529577
SPU_000276,SPU_011755,0.002525002
SPU_022678,SPU_019825,0.002519874
SPU_026205,SPU_016617,0.002514052
SPU_000757,SPU_007360,0.002502408
SPU_013047,SPU_003595_1,0.002501576
SPU_006808,SPU_022195,0.002498943
SPU_004287_1,SPU_024044,0.002498804
SPU_003166,SPU_002674,0.002494923
SPU_025590,SPU_027918,0.002492428
SPU_015640,SPU_000948,0.002489101
SPU_019002,SPU_020480_1,0.00248522
SPU_023037,SPU_018355,0.002481477
SPU_001998,SPU_013305,0.002478289
SPU_025113,SPU_011270,0.002477319
SPU_020124,SPU_000578,0.002476487
SPU_021210,SPU_001262,0.002469141
SPU_016449,SPU_013570,0.002468448
SPU_008117_1,SPU_012469,0.002466923
SPU_000485,SPU_000975,0.002465814
SPU_025113,SPU_010924,0.002451259
SPU_022242,SPU_023140,0.00244516
SPU_007644,SPU_017404,0.002445022
SPU_016523,SPU_004021,0.002438784
SPU_012491,SPU_013119,0.002436428
SPU_012469,SPU_011226,0.00243421
SPU_006991,SPU_020565,0.002433517
SPU_017407,SPU_008747,0.002432408
SPU_013569,SPU_004746,0.002429635
SPU_013689,SPU_017404,0.002427418
SPU_006991,SPU_015466,0.002423259
SPU_009831,SPU_001483,0.002422427
SPU_008528,SPU_008377_1,0.002417299
SPU_001262_2,SPU_017579,0.002416051
SPU_018581,SPU_003685,0.002415081
SPU_009048,SPU_001657,0.002411061
SPU_025346,SPU_021757,0.002409952
SPU_002592,SPU_027144,0.002408012
SPU_009048,SPU_003937,0.00240718
SPU_018483,SPU_002674,0.002407041
SPU_025888,SPU_027472,0.002404962
SPU_024877,SPU_003937,0.002404823
SPU_018126,SPU_014588,0.002402883
SPU_002320,SPU_023510,0.002396091
SPU_006991,SPU_011272,0.002395398
SPU_012469,SPU_009079,0.002387358
SPU_006421,SPU_009646,0.002385833
SPU_012699,SPU_004924,0.002385833
SPU_011189,SPU_002309,0.00238514
SPU_018056,SPU_021843,0.00238112
SPU_028827,SPU_014686,0.002380843
SPU_003166,SPU_022800,0.00237211
SPU_004723,SPU_013861,0.002359219
SPU_011174,SPU_009079,0.002354784
SPU_003470,SPU_010924_1,0.002349239
SPU_011635,SPU_017404,0.00234619
SPU_022242,SPU_011246,0.002341061
SPU_009831,SPU_017404,0.00234009
SPU_010295,SPU_006808,0.002339536
SPU_000424,SPU_025825,0.002335932
SPU_026099,SPU_004924,0.002334962
SPU_009876,SPU_020480,0.002334823
SPU_004287_1,SPU_017579,0.002333853
SPU_004287_1,SPU_012111,0.002333714
SPU_000975,SPU_011315,0.002330249
SPU_002874,SPU_017404,0.002318189
SPU_021557,SPU_006808,0.002315694
SPU_004217,SPU_017404,0.002307516
SPU_025010,SPU_007360,0.002304328
SPU_009048,SPU_011755,0.00230308
SPU_004021,SPU_027935_1,0.002301971
SPU_007644,SPU_017579,0.00229615
SPU_008117_1,SPU_012198,0.002294209
SPU_020123,SPU_008196_1,0.002293793
SPU_015828,SPU_022955_1,0.002293239
SPU_020637,SPU_016792,0.002292684
SPU_004414,SPU_017404_1,0.002288249
SPU_027969,SPU_009263,0.002285476
SPU_019002,SPU_026510,0.002282565
SPU_008936,SPU_020803_1,0.002278407
SPU_021119,SPU_007147,0.002277021
SPU_006753,SPU_020480_1,0.00227508
SPU_003595,SPU_009876,0.002273971
SPU_013047,SPU_007360,0.002267179
SPU_009831,SPU_025849,0.002259278
SPU_015640,SPU_002816,0.002255536
SPU_012648,SPU_014683,0.002254843
SPU_005358,SPU_014131,0.002253456
SPU_020124,SPU_006197,0.00225207
SPU_022049,SPU_021192,0.00224805
SPU_020722,SPU_025346,0.002244724
SPU_018954,SPU_009079,0.002240842
SPU_006803,SPU_013904,0.002239456
SPU_004148,SPU_006333,0.0022371
SPU_002874,SPU_017579,0.002236407
SPU_022820,SPU_012772,0.002234882
SPU_003166,SPU_012786,0.002231971
SPU_002791,SPU_017404,0.002230308
SPU_026633,SPU_001262_1,0.002228922
SPU_018483,SPU_016617,0.002228783
SPU_012914,SPU_006197,0.00222213
SPU_012914,SPU_012632,0.002214367
SPU_028479,SPU_001262,0.002210486
SPU_019656,SPU_003649,0.002204525
SPU_015108,SPU_012111,0.002204248
SPU_022820,SPU_000603,0.002200783
SPU_027774,SPU_017404,0.002197456
SPU_024307,SPU_004217,0.002197318
SPU_011576,SPU_012699,0.002195654
SPU_006312,SPU_002025,0.002194545
SPU_021557,SPU_000016,0.002192882
SPU_019002,SPU_011226,0.002185258
SPU_004148,SPU_022697,0.002182347
SPU_026418,SPU_003586,0.002180684
SPU_005358,SPU_004287,0.002179436
SPU_000757,SPU_023730,0.00217403
SPU_012490,SPU_007190,0.002169595
SPU_002791,SPU_017579,0.002169317
SPU_014418,SPU_014401,0.002165852
SPU_018355,SPU_017404,0.002165575
SPU_006991,SPU_018355_1,0.00216308
SPU_012699,SPU_015199,0.002161971
SPU_022678,SPU_017404,0.002161278
SPU_014170,SPU_003649,0.00215906
SPU_027235,SPU_007862,0.002152406
SPU_018056,SPU_017404,0.002151159
SPU_018126,SPU_014461,0.00215005
SPU_023090,SPU_017404,0.002147139
SPU_000756,SPU_007360,0.002146585
SPU_011246,SPU_011348,0.002142565
SPU_026418,SPU_009079,0.002139654
SPU_001262,SPU_023757,0.002125931
SPU_012645,SPU_008936,0.00212302
SPU_008528,SPU_013305,0.002121495
SPU_021192,SPU_014461,0.002121357
SPU_017971,SPU_004037,0.002118723
SPU_004551,SPU_002674,0.00210403
SPU_021172,SPU_007190,0.002103891
SPU_002129,SPU_021666,0.00209807
SPU_021119,SPU_012911,0.002096406
SPU_011189,SPU_017404,0.002095852
SPU_021557,SPU_011272,0.002094466
SPU_000975,SPU_000749,0.002093357
SPU_015772,SPU_012911,0.002087535
SPU_018126,SPU_007360,0.002087396
SPU_011576,SPU_030073,0.002086564
SPU_017725,SPU_027918,0.002079357
SPU_022163,SPU_014628,0.002070347
SPU_003179,SPU_009178,0.002064663
SPU_015908,SPU_016016,0.002061475
SPU_026465,SPU_014722,0.002059119
SPU_012008,SPU_014401,0.002056485
SPU_018581,SPU_001262,0.002053851
SPU_017837,SPU_025959,0.002053713
SPU_017379,SPU_027015,0.002051911
SPU_028148,SPU_020282,0.002049
SPU_019366,SPU_003649,0.002042346
SPU_013569,SPU_022195,0.002041099
SPU_006583,SPU_007190,0.002039713
SPU_015243,SPU_006312,0.002039436
SPU_007644,SPU_008953,0.002039297
SPU_017407,SPU_017579,0.002036386
SPU_018391,SPU_006063,0.002035416
SPU_028479,SPU_008747,0.002031812
SPU_027053,SPU_017404,0.002028762
SPU_020124,SPU_021843,0.002028208
SPU_026962,SPU_001262_2,0.002028069
SPU_015719,SPU_020803,0.002028069
SPU_008117_1,SPU_000739,0.002026822
SPU_012914,SPU_010924,0.002019475
SPU_026205,SPU_022242,0.002016426
SPU_024189,SPU_010305,0.002013237
SPU_006814,SPU_020480,0.002012683
SPU_014401,SPU_003649,0.002012128
SPU_006421,SPU_027214,0.002009356
SPU_006803,SPU_026510,0.002008386
SPU_016617,SPU_026731,0.002006723
SPU_019366,SPU_011755,0.002006168
SPU_028827,SPU_022800,0.002004782
SPU_000424,SPU_023510,0.001999099
SPU_003470,SPU_009079_1,0.001995079
SPU_007253,SPU_014461,0.001992722
SPU_004287_1,SPU_007360,0.001992584
SPU_023037,SPU_017404,0.001987039
SPU_000440,SPU_006333,0.001985792
SPU_010424,SPU_023463,0.001982049
SPU_026099,SPU_007147,0.001981079
SPU_018393,SPU_012911,0.001978445
SPU_028827,SPU_022892,0.001976089
SPU_025632,SPU_024093,0.001974009
SPU_014722,SPU_015829,0.001972762
SPU_025590,SPU_011502,0.001971099
SPU_006753,SPU_000016,0.001969712
SPU_026763,SPU_022800,0.001967079
SPU_006462,SPU_002674,0.001965
SPU_026465,SPU_017404,0.001957792
SPU_002603,SPU_007721,0.001957792
SPU_023894,SPU_007599,0.001954326
SPU_000861,SPU_006871,0.001952801
SPU_018393,SPU_013178,0.00195197
SPU_018355_1,SPU_013967,0.001951138
SPU_028583,SPU_007624,0.001946287
SPU_028120,SPU_011755,0.001940881
SPU_025632,SPU_018744,0.00193991
SPU_013689_1,SPU_001262,0.001937554
SPU_004217,SPU_019365,0.001935197
SPU_020565,SPU_019290,0.001929237
SPU_014722,SPU_022955_1,0.001926326
SPU_008117_1,SPU_017750,0.001925494
SPU_002592,SPU_002615,0.001925217
SPU_011635,SPU_015071,0.001923692
SPU_012491,SPU_000975,0.001923415
SPU_024903,SPU_011272,0.001922999
SPU_003102,SPU_025849,0.001922999
SPU_001262_2,SPU_007190,0.001920504
SPU_001739,SPU_014588,0.001919534
SPU_025346,SPU_009847,0.001913989
SPU_015712,SPU_027598,0.001913712
SPU_028827,SPU_026962,0.001913712
SPU_009771,SPU_030139,0.001909415
SPU_007611,SPU_012949,0.001908306
SPU_027235,SPU_018355_1,0.001906088
SPU_020722,SPU_006058,0.001902346
SPU_002129,SPU_013689,0.001897772
SPU_008936,SPU_014588,0.00189694
SPU_027935_1,SPU_012911,0.001895276
SPU_020637,SPU_018393,0.001894445
SPU_000749,SPU_025825,0.001892643
SPU_000129,SPU_020480,0.001892088
SPU_006484,SPU_027598,0.001890979
SPU_027774,SPU_019825,0.001888623
SPU_012699,SPU_020803_1,0.001888346
SPU_028827,SPU_007957,0.001882524
SPU_019656,SPU_027362,0.001879474
SPU_000276,SPU_003649,0.001877811
SPU_024307,SPU_020123,0.001874207
SPU_015829,SPU_022955_1,0.001873653
SPU_012546,SPU_024901_1,0.001872682
SPU_014418,SPU_021119,0.001872682
SPU_015908,SPU_013178,0.001872128
SPU_017407,SPU_003685,0.001869771
SPU_013689,SPU_001262,0.001869078
SPU_018391,SPU_007981,0.001866445
SPU_002874,SPU_026385,0.001863395
SPU_007981,SPU_017579,0.001863256
SPU_001262_2,SPU_027708,0.00186187
SPU_012253,SPU_022473,0.001861177
SPU_015982,SPU_004746,0.001856326
SPU_025632,SPU_018393,0.001855217
SPU_012645,SPU_009474,0.001854801
SPU_000756,SPU_022892,0.001845237
SPU_022817,SPU_023463_1,0.001844405
SPU_027235,SPU_020565,0.001839415
SPU_000485,SPU_018744,0.00183692
SPU_011246,SPU_003937,0.001834286
SPU_008936,SPU_018744,0.001827633
SPU_010295,SPU_017750,0.001822088
SPU_018355_1,SPU_017579,0.001821256
SPU_018391,SPU_022195,0.001820979
SPU_014628,SPU_012384,0.001820425
SPU_002677,SPU_007360,0.001820286
SPU_003595,SPU_006197,0.001815989
SPU_001739,SPU_013119,0.001815573
SPU_015243,SPU_011756,0.001809613
SPU_017470,SPU_027598,0.001807256
SPU_014332,SPU_007262,0.001805038
SPU_006753,SPU_020726,0.001804068
SPU_026633,SPU_005522,0.001802266
SPU_012546,SPU_009847,0.001799771
SPU_008528,SPU_022195,0.001798108
SPU_012648,SPU_013861,0.001795335
SPU_009178,SPU_005708,0.001794365
SPU_005572,SPU_023463,0.001783969
SPU_016881,SPU_011755,0.001778979
SPU_006753,SPU_010924_1,0.001773157
SPU_028255,SPU_013569,0.001768306
SPU_014418,SPU_030073,0.001763454
SPU_017837,SPU_014683,0.001763454
SPU_002603,SPU_022841,0.001763038
SPU_007147,SPU_026385,0.0017629
SPU_014461,SPU_018393,0.001756523
SPU_018581,SPU_001483,0.001755414
SPU_003166,SPU_011502,0.001754999
SPU_027235,SPU_028479,0.001754583
SPU_025590,SPU_021666,0.001750424
SPU_006676,SPU_003595_1,0.001747236
SPU_018056,SPU_015829,0.001738781
SPU_023894,SPU_018355,0.001738503
SPU_012008,SPU_005955,0.001734345
SPU_006312,SPU_013569,0.001733375
SPU_006991,SPU_020480_1,0.001730048
SPU_022816,SPU_027015,0.001725196
SPU_000756,SPU_008752,0.001720761
SPU_004148,SPU_012648,0.001720206
SPU_000756,SPU_005022,0.001719513
SPU_014418,SPU_000948,0.001713553
SPU_006753,SPU_001262_2,0.001712998
SPU_018392,SPU_009427,0.001710919
SPU_006312,SPU_019857,0.001710226
SPU_017971,SPU_017579,0.001709672
SPU_015829,SPU_028045,0.001708147
SPU_007611,SPU_000603,0.001707177
SPU_003166,SPU_014686,0.001706761
SPU_012648,SPU_023463_1,0.001700939
SPU_007981,SPU_020282,0.001683058
SPU_026205,SPU_005022,0.001681671
SPU_008528,SPU_006058,0.001679176
SPU_026905,SPU_009847,0.001679038
SPU_021210,SPU_012111,0.001678483
SPU_026633,SPU_016617,0.001669473
SPU_015828,SPU_028045,0.001668642
SPU_020123,SPU_020480,0.001667256
SPU_020124,SPU_009079,0.001664899
SPU_006312,SPU_002836,0.001663513
SPU_002815,SPU_015199,0.001661988
SPU_012914,SPU_006865,0.001660741
SPU_025590,SPU_026763,0.001659355
SPU_012546,SPU_010924,0.001656998
SPU_022573,SPU_005708,0.001651315
SPU_007262,SPU_017404,0.001647711
SPU_021172,SPU_017656,0.001646879
SPU_015712,SPU_008953_1,0.001641335
SPU_025010,SPU_012877_1,0.001640919
SPU_006786,SPU_014401,0.001640226
SPU_001262_1,SPU_017579,0.001635097
SPU_018126,SPU_027015,0.001634543
SPU_019002,SPU_027918,0.001634404
SPU_028479,SPU_017404,0.001625255
SPU_004723,SPU_011272,0.001621651
SPU_024093,SPU_012111,0.001619849
SPU_006753,SPU_014055,0.001617354
SPU_006676,SPU_011348,0.0016168
SPU_022163,SPU_026763,0.001610562
SPU_004287_1,SPU_013810_1,0.001599057
SPU_008117,SPU_028479,0.001598226
SPU_006787,SPU_009474,0.001597948
SPU_003166,SPU_027144,0.001593513
SPU_002874,SPU_008953,0.001593097
SPU_012699,SPU_020330_1,0.001585334
SPU_026099,SPU_030073,0.001581453
SPU_003548,SPU_008112,0.001576879
SPU_006583,SPU_007981,0.001570503
SPU_022049,SPU_002674,0.001569394
SPU_012490,SPU_001262_2,0.001567592
SPU_004723,SPU_011502,0.00156579
SPU_009831,SPU_014055,0.001563849
SPU_024093,SPU_003649,0.001560661
SPU_018392,SPU_008377_1,0.001555255
SPU_001739,SPU_027015,0.001554146
SPU_014332,SPU_024745,0.00155373
SPU_005358,SPU_007108,0.001552205
SPU_000757,SPU_017492,0.00154971
SPU_025346,SPU_006333,0.001545829
SPU_012546,SPU_027214,0.001541948
SPU_020123,SPU_009079,0.001541255
SPU_025113,SPU_006865,0.001529889
SPU_003470,SPU_000016,0.00152975
SPU_014722,SPU_011001,0.001529611
SPU_012648,SPU_017404,0.001528641
SPU_028583,SPU_027708,0.001525591
SPU_021608,SPU_022817,0.001522126
SPU_020123,SPU_026205,0.001520186
SPU_020637,SPU_000975,0.001514641
SPU_004723,SPU_019857,0.001509789
SPU_005022,SPU_009646,0.001507849
SPU_000440,SPU_023463,0.001506601
SPU_020637,SPU_018954,0.001502443
SPU_027969,SPU_018673,0.001501473
SPU_002592,SPU_015199,0.001500779
SPU_021210,SPU_008747,0.001498839
SPU_016786,SPU_003649,0.001497869
SPU_018744,SPU_008353,0.001495235
SPU_006462,SPU_024555,0.001494819
SPU_015640,SPU_024946,0.001494265
SPU_024877,SPU_005955_1,0.001482344
SPU_001262,SPU_017579,0.001480958
SPU_006676,SPU_027774,0.001479156
SPU_008117,SPU_017404_1,0.001478047
SPU_016449,SPU_008353,0.001477908
SPU_026877,SPU_022892,0.001469868
SPU_000485,SPU_012911,0.001469037
SPU_002603,SPU_019857,0.001464185
SPU_006753,SPU_011272,0.001458918
SPU_025590,SPU_014836,0.001455175
SPU_003470,SPU_025849,0.001455175
SPU_018126,SPU_012877_1,0.001450878
SPU_024877,SPU_024946,0.001449354
SPU_015640,SPU_016786,0.001449076
SPU_014722,SPU_028045,0.001446581
SPU_021172,SPU_016490,0.001445472
SPU_027015,SPU_008353_1,0.001441314
SPU_000749,SPU_024918,0.001437017
SPU_018581,SPU_023463,0.001436601
SPU_021210,SPU_011348,0.001433413
SPU_008845,SPU_021757,0.001433136
SPU_011297,SPU_022892,0.001428977
SPU_001262,SPU_008353,0.001421076
SPU_006803,SPU_011720,0.001420106
SPU_015243,SPU_002554,0.00141872
SPU_013047,SPU_004024,0.001412759
SPU_007981,SPU_008953,0.001412343
SPU_016786,SPU_020803_1,0.001409433
SPU_019332,SPU_022717,0.001407769
SPU_017470,SPU_000739,0.001406522
SPU_015243,SPU_017656,0.001404858
SPU_012546,SPU_021757,0.001396126
SPU_002791,SPU_008953,0.001392937
SPU_015243,SPU_001483,0.00139072
SPU_006808,SPU_011272,0.001387947
SPU_015243,SPU_014686,0.001381432
SPU_017106,SPU_001657,0.001377967
SPU_015374,SPU_007360,0.001369789
SPU_007147,SPU_024918,0.001366739
SPU_015243,SPU_026962,0.001366185
SPU_024139,SPU_011202,0.00136466
SPU_017837,SPU_011502,0.001364106
SPU_002791,SPU_000603,0.001355511
SPU_002634,SPU_030139,0.001351076
SPU_017837,SPU_011272,0.001348304
SPU_022049,SPU_001113,0.001345254
SPU_006583,SPU_021210,0.001340818
SPU_010295,SPU_022195,0.00133569
SPU_006991,SPU_024555,0.001334442
SPU_022049,SPU_017750,0.001329591
SPU_021557,SPU_020726,0.001328343
SPU_006312,SPU_011502,0.001324323
SPU_010305,SPU_005708,0.001317115
SPU_020722,SPU_023037,0.001314482
SPU_026099,SPU_013119,0.001314482
SPU_023730,SPU_012111,0.001311987
SPU_012008,SPU_023813,0.001308383
SPU_015243,SPU_022800,0.001308383
SPU_012648,SPU_025959,0.001307135
SPU_027598,SPU_012111,0.00129965
SPU_026763,SPU_015199,0.001299373
SPU_012490,SPU_025849,0.001293135
SPU_008703,SPU_008953_1,0.001288145
SPU_016443,SPU_011202,0.001287036
SPU_012645,SPU_015772,0.001279689
SPU_000129,SPU_012111,0.001278719
SPU_022163,SPU_007863,0.001277333
SPU_011635,SPU_002025_1,0.001267353
SPU_000975,SPU_020803,0.001266937
SPU_021210,SPU_009876,0.001265551
SPU_026763,SPU_020123,0.00125959
SPU_003595,SPU_022717,0.001250719
SPU_008528,SPU_011174,0.00125058
SPU_022049,SPU_005358,0.001250026
SPU_027774,SPU_024953,0.00124462
SPU_006991,SPU_021757,0.001239214
SPU_016443,SPU_018744,0.001236303
SPU_002592,SPU_022473,0.001236026
SPU_008845,SPU_006058,0.001233808
SPU_016881,SPU_024918,0.001233392
SPU_018355,SPU_015829,0.001231174
SPU_012913,SPU_000861,0.001228125
SPU_018391,SPU_026390,0.001225491
SPU_006676,SPU_009178,0.001224798
SPU_007262,SPU_014763,0.001224105
SPU_015358,SPU_023510,0.001223689
SPU_009771,SPU_012111,0.001222996
SPU_026099,SPU_014802,0.001219531
SPU_017837,SPU_000669,0.001216897
SPU_021210,SPU_013810_1,0.001214402
SPU_017725,SPU_014684,0.001212045
SPU_007599,SPU_030073,0.001211768
SPU_024918,SPU_028045,0.001206224
SPU_000739,SPU_007108,0.00120359
SPU_012699,SPU_013119,0.001201372
SPU_004148,SPU_027214,0.00120054
SPU_000440,SPU_027144,0.001200125
SPU_001657,SPU_018744,0.001198461
SPU_017407,SPU_008353,0.001196798
SPU_026633,SPU_007862,0.001195828
SPU_022163,SPU_011272,0.001195134
SPU_028255,SPU_001262_2,0.001185709
SPU_025632,SPU_012699,0.001183629
SPU_016523,SPU_015362,0.001178639
SPU_025113,SPU_002309,0.001165748
SPU_003595_1,SPU_019825,0.001165332
SPU_028827,SPU_001262_2,0.001160897
SPU_006753,SPU_014836,0.001158402
SPU_020123,SPU_014683,0.001154382
SPU_023177,SPU_002632,0.00115258
SPU_013305,SPU_019332,0.001152025
SPU_015243,SPU_002008,0.001151194
SPU_018392,SPU_006063,0.001150223
SPU_018391,SPU_017404,0.001140936
SPU_025113,SPU_017404_1,0.001140936
SPU_028255,SPU_004287,0.001138718
SPU_017635,SPU_013689,0.001131095
SPU_008528,SPU_017404,0.001122778
SPU_006917,SPU_016617,0.00112153
SPU_012648,SPU_022841,0.001119312
SPU_012008,SPU_001628,0.001118203
SPU_012645,SPU_020330_1,0.001111827
SPU_003166,SPU_019365,0.001110995
SPU_018393,SPU_024918,0.001104481
SPU_013047,SPU_003378,0.001100738
SPU_027598,SPU_019825,0.001100599
SPU_020637,SPU_018744,0.001100045
SPU_008117_1,SPU_025849,0.001100045
SPU_015243,SPU_018355_1,0.001098797
SPU_001262,SPU_013967,0.00109755
SPU_027235,SPU_017511,0.001084936
SPU_006312,SPU_023463,0.00108452
SPU_027472,SPU_011202,0.001083966
SPU_002320,SPU_002836,0.001082579
SPU_012648,SPU_019857,0.001082164
SPU_001657,SPU_024918,0.001080639
SPU_011174,SPU_012648_1,0.001075094
SPU_020565,SPU_027598,0.001072738
SPU_024093,SPU_024918,0.001070936
SPU_006991,SPU_001483,0.00106955
SPU_015908,SPU_027598,0.00106747
SPU_013305,SPU_008747,0.001058461
SPU_022817,SPU_007721,0.001058322
SPU_005718,SPU_011755,0.001056659
SPU_028148,SPU_001113,0.001050837
SPU_001739,SPU_026877,0.001050144
SPU_002677,SPU_027598,0.001048342
SPU_027235,SPU_022892,0.001044322
SPU_015767,SPU_024918,0.00104349
SPU_022817,SPU_018888,0.001037807
SPU_000948,SPU_024918,0.001035589
SPU_012699,SPU_018393,0.001033371
SPU_012490,SPU_024555,0.00102353
SPU_006917,SPU_024044,0.001022005
SPU_007644,SPU_008747,0.00101951
SPU_012648_1,SPU_017404_1,0.001017846
SPU_019656,SPU_024918,0.001017569
SPU_018392,SPU_008698,0.001014797
SPU_018483,SPU_017750,0.001014381
SPU_002677,SPU_020082,0.001006757
SPU_014332,SPU_013611,0.001004955
SPU_003595,SPU_000603,0.001003153
SPU_012913,SPU_014923,0.001002876
SPU_004702,SPU_008353,0.000992619
SPU_017837,SPU_021757,0.00098749
SPU_025113,SPU_021757,0.000985133
SPU_002815,SPU_007360_1,0.000984302
SPU_002874,SPU_019365,0.000982916
SPU_006753,SPU_018355_1,0.000975153
SPU_019366,SPU_024918,0.000967529
SPU_003704,SPU_015829,0.000964341
SPU_025590,SPU_002836,0.00095949
SPU_000756,SPU_011502,0.000958797
SPU_025590,SPU_014684,0.000953668
SPU_023177,SPU_022678,0.000951034
SPU_018581,SPU_014686,0.00094743
SPU_019290,SPU_022892,0.00094743
SPU_023894,SPU_003649,0.000939113
SPU_012253,SPU_009079,0.000923311
SPU_015982,SPU_028093,0.000921787
SPU_006803,SPU_024745,0.000912915
SPU_018483,SPU_011756,0.000912222
SPU_008845,SPU_026390,0.000896975
SPU_017470,SPU_017492,0.000895866
SPU_028148,SPU_027598,0.000895866
SPU_000739,SPU_017750,0.000889905
SPU_015908,SPU_012111,0.000888658
SPU_016786,SPU_024918,0.000871885
SPU_006803,SPU_018673,0.000870083
SPU_011189,SPU_011502,0.000867311
SPU_003548,SPU_027015,0.000863014
SPU_015828,SPU_002791,0.000858163
SPU_025590,SPU_016490,0.000855806
SPU_011246,SPU_012111,0.000853865
SPU_019002,SPU_021044,0.000853172
SPU_006917,SPU_001113,0.000850123
SPU_026962,SPU_027774,0.000848182
SPU_005022,SPU_017404_1,0.000841806
SPU_025584,SPU_001483,0.000841113
SPU_006917,SPU_007360,0.000839172
SPU_002816,SPU_003649,0.000838757
SPU_002592,SPU_009847,0.000834182
SPU_002632,SPU_022678,0.000824479
SPU_001998,SPU_005022,0.000822954
SPU_011189,SPU_017656,0.000811034
SPU_013569,SPU_018355_1,0.000806321
SPU_021119,SPU_008752,0.00080438
SPU_012469,SPU_009685,0.000802301
SPU_005435,SPU_006197,0.00079842
SPU_008845,SPU_023037,0.000795786
SPU_006991,SPU_011272_1,0.000789548
SPU_004599,SPU_016786,0.000781786
SPU_012648,SPU_006427,0.000780123
SPU_018861,SPU_019857,0.000777212
SPU_014401,SPU_024918,0.000774717
SPU_014461,SPU_014802,0.000773746
SPU_016443,SPU_012911,0.000770004
SPU_028255,SPU_002674,0.000767509
SPU_010635,SPU_017470,0.000765014
SPU_027214,SPU_017971,0.000764182
SPU_015908,SPU_027935_1,0.000752538
SPU_022678,SPU_021843,0.0007524
SPU_013047,SPU_012911,0.000749489
SPU_012384,SPU_021044,0.00074838
SPU_007262,SPU_015071,0.000745885
SPU_012648,SPU_013904,0.000739786
SPU_017379,SPU_027214,0.000736875
SPU_026962,SPU_013569,0.000731885
SPU_012914,SPU_006333,0.000729251
SPU_012469,SPU_022697,0.000727588
SPU_010295,SPU_015199,0.000722182
SPU_020565,SPU_022049,0.000721766
SPU_006312,SPU_006058,0.000718855
SPU_007644,SPU_020330,0.000715112
SPU_023177,SPU_011246,0.000710261
SPU_020123,SPU_001937,0.000705271
SPU_006786,SPU_030073,0.000704855
SPU_025590,SPU_002554,0.000702776
SPU_009642,SPU_028479,0.000701112
SPU_009831,SPU_028093,0.000700558
SPU_002815,SPU_027598,0.000699449
SPU_009876,SPU_003685,0.000695429
SPU_007599,SPU_007147,0.000693904
SPU_012772,SPU_012111,0.000693488
SPU_000424,SPU_026633,0.000693073
SPU_026099,SPU_020803_1,0.000690023
SPU_006803,SPU_011272,0.000687667
SPU_014418,SPU_012912,0.000685865
SPU_018861,SPU_024918,0.000685033
SPU_006787,SPU_000975,0.000681429
SPU_002129,SPU_011272,0.000673389
SPU_011315,SPU_024918,0.000671172
SPU_006814,SPU_007360,0.000663132
SPU_007644,SPU_003586,0.000658419
SPU_006676,SPU_011502,0.000657171
SPU_007262,SPU_001262_1,0.000655785
SPU_018392,SPU_022487,0.000653568
SPU_015712,SPU_017404_1,0.000653429
SPU_026099,SPU_024946,0.000653429
SPU_022163,SPU_023366,0.000652181
SPU_008845,SPU_022487,0.00065135
SPU_024877,SPU_011755,0.000646914
SPU_014418,SPU_011202,0.000643726
SPU_012546,SPU_006333,0.000639983
SPU_007262,SPU_020330,0.000635686
SPU_023177,SPU_019825,0.000635548
SPU_026962,SPU_000129,0.000628756
SPU_024093,SPU_025825,0.000626954
SPU_004217,SPU_002309,0.000624043
SPU_023037,SPU_020330,0.000623072
SPU_018392,SPU_023037,0.000617112
SPU_018908,SPU_004037,0.000615171
SPU_027015,SPU_015362,0.000615171
SPU_004287,SPU_014197,0.00061129
SPU_027774,SPU_020330,0.000611151
SPU_006786,SPU_004924,0.000608795
SPU_008528,SPU_012772,0.000597983
SPU_000948,SPU_012111,0.000596597
SPU_018392,SPU_017404,0.000592577
SPU_027053,SPU_008953,0.000592023
SPU_027774,SPU_000483,0.000585924
SPU_006312,SPU_016617,0.00058024
SPU_027969,SPU_005737,0.000576636
SPU_018391,SPU_002309,0.00056929
SPU_026205,SPU_023463,0.000565547
SPU_000861,SPU_009053,0.000564854
SPU_023894,SPU_024918,0.000558617
SPU_023177,SPU_003685,0.000554597
SPU_004414,SPU_005022,0.000551824
SPU_002874,SPU_020330,0.000548636
SPU_020565,SPU_009079,0.000546418
SPU_018483,SPU_024745,0.000543785
SPU_017642,SPU_014686_1,0.000543508
SPU_003166,SPU_001262_2,0.000541983
SPU_001262,SPU_017404_1,0.000529785
SPU_019002,SPU_022800,0.000529092
SPU_011576,SPU_016792,0.000527567
SPU_019656,SPU_016792,0.000526597
SPU_004723,SPU_000424,0.000523963
SPU_010295,SPU_001262_2,0.000519527
SPU_003179,SPU_030139,0.000517725
SPU_026633,SPU_001262_2,0.000516755
SPU_006787,SPU_012911,0.000516201
SPU_015374,SPU_022242,0.000513567
SPU_020123,SPU_021843,0.000513151
SPU_018126,SPU_027598,0.000512181
SPU_008703,SPU_012111,0.000508993
SPU_014802,SPU_011755,0.000506359
SPU_028583,SPU_007087,0.000504141
SPU_011635,SPU_020330,0.000501785
SPU_008528,SPU_006063,0.000500953
SPU_024903,SPU_009685,0.000493745
SPU_008752,SPU_011226,0.000488478
SPU_014170,SPU_024918,0.000485983
SPU_021608,SPU_027015,0.000484735
SPU_002791,SPU_020330,0.000481824
SPU_007599,SPU_014461,0.000472953
SPU_007253,SPU_006197,0.000472814
SPU_018391,SPU_000603,0.000472814
SPU_004148,SPU_009646,0.00046519
SPU_018355_1,SPU_028479,0.000457844
SPU_000975,SPU_002816,0.000446755
SPU_008117_1,SPU_019857,0.000443289
SPU_007262,SPU_014686,0.00044218
SPU_018391,SPU_016250,0.000427349
SPU_012772,SPU_003937,0.000422497
SPU_011576,SPU_018954,0.000419863
SPU_008703,SPU_027598,0.000419309
SPU_025590,SPU_024555,0.000411685
SPU_025888,SPU_027598,0.000410438
SPU_012253,SPU_018797,0.00040919
SPU_012699,SPU_030073,0.000404339
SPU_014836,SPU_022195,0.000404061
SPU_011635,SPU_019365,0.000403784
SPU_012645,SPU_007360,0.000401289
SPU_013305,SPU_012111,0.000392556
SPU_018954,SPU_024918,0.000392279
SPU_019290,SPU_013119,0.000391032
SPU_012203,SPU_018744,0.000384794
SPU_027935,SPU_003595_1,0.000383131
SPU_003166,SPU_021843,0.000382437
SPU_008117,SPU_011502,0.000379388
SPU_008752,SPU_000603,0.000371348
SPU_017635,SPU_023463,0.000368437
SPU_007253,SPU_019825,0.000364972
SPU_000424,SPU_003548,0.00036414
SPU_015358,SPU_023463_1,0.000361645
SPU_027235,SPU_021843,0.000358734
SPU_017348,SPU_017656,0.000358596
SPU_026962,SPU_017579,0.000356794
SPU_023037,SPU_008953,0.000355685
SPU_015829,SPU_028746,0.000347645
SPU_003179,SPU_007087,0.000344734
SPU_026763,SPU_021843,0.000338635
SPU_006676,SPU_005022,0.000338081
SPU_012490,SPU_018888,0.000337665
SPU_014836,SPU_006058,0.000336695
SPU_015243,SPU_002025,0.000335309
SPU_011202,SPU_018355,0.000333784
SPU_017971,SPU_012111,0.000331843
SPU_001262_1,SPU_002677,0.000329071
SPU_011202,SPU_003649,0.000324635
SPU_020123,SPU_017579,0.000323665
SPU_018954,SPU_016128,0.000321863
SPU_006676,SPU_026763,0.000319229
SPU_007644,SPU_001262,0.000318675
SPU_000739,SPU_014643,0.000316457
SPU_018392,SPU_019508,0.000315903
SPU_000440,SPU_011502,0.000306893
SPU_005358,SPU_025825,0.000306893
SPU_027774,SPU_012198,0.000304952
SPU_005358,SPU_013689,0.000304398
SPU_017837,SPU_019857,0.000295526
SPU_028827,SPU_002632,0.000283605
SPU_023090,SPU_004148,0.000282635
SPU_025346,SPU_025849,0.000282496
SPU_027053,SPU_022573,0.000281803
SPU_018581,SPU_008353,0.000280279
SPU_020124,SPU_012948,0.00028014
SPU_017725,SPU_011272_1,0.000279031
SPU_008528,SPU_020330,0.000276675
SPU_012645,SPU_015199,0.000273764
SPU_000861,SPU_012198,0.0002721
SPU_003102,SPU_028093,0.000270714
SPU_006583,SPU_028148,0.000269605
SPU_013047,SPU_027598,0.000263922
SPU_002592,SPU_014643,0.000257962
SPU_023730,SPU_016449,0.000253526
SPU_002592,SPU_006312,0.000252417
SPU_005358,SPU_014684,0.000247981
SPU_019332,SPU_012198,0.000238417
SPU_013178,SPU_018954,0.000237585
SPU_012008,SPU_020803_1,0.000233288
SPU_027969,SPU_010873,0.000232872
SPU_020722,SPU_023463_1,0.000231763
SPU_027235,SPU_007190,0.000219288
SPU_020722,SPU_025959,0.00021915
SPU_012699,SPU_006004,0.000217763
SPU_022163,SPU_021666,0.000210971
SPU_023366,SPU_028255,0.00020612
SPU_002815,SPU_005955_1,0.000203902
SPU_013569,SPU_001262_2,0.000200714
SPU_009876,SPU_025888,0.000197248
SPU_012203,SPU_013178,0.000191427
SPU_018483,SPU_026763,0.000191427
SPU_004148,SPU_025346,0.00018907
SPU_014722,SPU_022955,0.000188793
SPU_007262,SPU_026465,0.000180753
SPU_014197,SPU_012877_1,0.000179922
SPU_004599,SPU_024918,0.000173545
SPU_002320,SPU_027144,0.000171605
SPU_022049,SPU_001262_1,0.000169803
SPU_015828,SPU_028746,0.000169664
SPU_017404,SPU_011246,0.000168832
SPU_018483,SPU_027918,0.000168555
SPU_020124,SPU_025959,0.000162595
SPU_020565,SPU_027935_1,0.000162595
SPU_017837,SPU_006333,0.000161209
SPU_024918,SPU_008698,0.000159129
SPU_007262,SPU_009079_1,0.000153446
SPU_003470,SPU_006865,0.000138476
SPU_012648,SPU_014763,0.000137506
SPU_012913,SPU_006484,0.000136951
SPU_014576,SPU_002674,0.000132793
SPU_014576,SPU_019825,0.000131129
SPU_020722,SPU_002309,0.000118931
SPU_016443,SPU_013119,0.000116436
SPU_018391,SPU_000578,0.000115327
SPU_014401,SPU_001415,0.000114773
SPU_021172,SPU_014686,0.000112971
SPU_027015,SPU_002950,0.000110892
SPU_027969,SPU_028045,0.0001041
SPU_000485,SPU_009079,0.00010202
SPU_017404_1,SPU_026905,9.81E-05
SPU_017837,SPU_013689,9.73E-05
SPU_023386,SPU_005022,9.55E-05
SPU_016617,SPU_005708,8.89E-05
SPU_012008,SPU_020803,8.84E-05
SPU_027053,SPU_013305,7.97E-05
SPU_018391,SPU_012198,7.69E-05
SPU_028827,SPU_018355_1,7.35E-05
SPU_000440,SPU_018797,7.30E-05
SPU_013047,SPU_014461,6.89E-05
SPU_026763,SPU_019825,6.79E-05
SPU_011246,SPU_002428,6.72E-05
SPU_015828,SPU_022955,6.56E-05
SPU_014793,SPU_005522,6.36E-05
SPU_007981,SPU_008747,6.32E-05
SPU_019332,SPU_008953,6.20E-05
SPU_000975,SPU_011202,5.60E-05
SPU_012203,SPU_004551,5.60E-05
SPU_006991,SPU_012877_1,5.14E-05
SPU_018126,SPU_003378,4.62E-05
SPU_017379,SPU_015829,4.39E-05
SPU_026905,SPU_004148,3.94E-05
SPU_004148,SPU_000806,3.35E-05
SPU_002320,SPU_021666,3.30E-05
SPU_004414,SPU_012111,3.06E-05
SPU_004287_1,SPU_013810,2.94E-05
SPU_006808,SPU_026763,2.48E-05
SPU_025590,SPU_015199,2.02E-05
SPU_008117_1,SPU_017404_1,2.01E-05
SPU_027235,SPU_009079,1.79E-05
SPU_006991,SPU_014836,8.18E-06
SPU_006991,SPU_017750,7.62E-06
SPU_018391,SPU_011174,7.21E-06
SPU_013689,SPU_007190,6.79E-06
SPU_006803,SPU_011270,4.85E-06
SPU_022242,SPU_013576,4.30E-06
SPU_019002,SPU_028479,2.63E-06
SPU_020565,SPU_004024,8.32E-07
SPU_015719,SPU_020803_1,6.93E-07
SPU_024918,SPU_017404,-9.56E-06
SPU_006421,SPU_017404_1,-1.55E-05
SPU_017379,SPU_001415,-1.86E-05
SPU_004287_1,SPU_014687,-2.87E-05
SPU_006312,SPU_002554,-2.91E-05
SPU_007644,SPU_027708,-3.01E-05
SPU_012008,SPU_014461,-3.26E-05
SPU_003166,SPU_020330,-3.31E-05
SPU_019332,SPU_013305,-3.33E-05
SPU_012772,SPU_000483,-3.56E-05
SPU_005358,SPU_013140_1,-4.23E-05
SPU_017407,SPU_020646,-4.44E-05
SPU_012772,SPU_022678,-4.60E-05
SPU_022846,SPU_022892,-4.98E-05
SPU_008528,SPU_022841,-4.99E-05
SPU_011635,SPU_016490,-5.53E-05
SPU_015374,SPU_030139,-6.20E-05
SPU_003595,SPU_024953,-6.21E-05
SPU_006421,SPU_007644,-6.32E-05
SPU_011635,SPU_014687,-6.40E-05
SPU_006676,SPU_027144,-6.86E-05
SPU_003166,SPU_018888,-7.12E-05
SPU_006808,SPU_021843,-7.17E-05
SPU_000485,SPU_013119,-7.24E-05
SPU_024189,SPU_008747,-7.36E-05
SPU_010295,SPU_027144,-7.43E-05
SPU_027969,SPU_028746,-7.83E-05
SPU_004148,SPU_015829,-8.91E-05
SPU_014418,SPU_017971,-9.25E-05
SPU_015908,SPU_020330,-9.56E-05
SPU_019656,SPU_013305,-0.000111307
SPU_013689_1,SPU_016128,-0.000120179
SPU_026905,SPU_017404_1,-0.000120595
SPU_012469,SPU_013569,-0.000135149
SPU_028120,SPU_026664,-0.000136535
SPU_015828,SPU_019652,-0.000145545
SPU_017837,SPU_021172,-0.000147347
SPU_012384,SPU_025959,-0.000154278
SPU_028120,SPU_004287_1,-0.000163704
SPU_027935_1,SPU_009079,-0.000167724
SPU_012699,SPU_016792,-0.000172021
SPU_008117_1,SPU_020124,-0.000176734
SPU_017579,SPU_013576,-0.000182555
SPU_004414,SPU_020330,-0.000182694
SPU_004723,SPU_009079,-0.000183387
SPU_027774,SPU_005022,-0.000187545
SPU_017470,SPU_009079,-0.000191288
SPU_012008,SPU_026664,-0.000191427
SPU_012253,SPU_021044,-0.000195446
SPU_018908,SPU_027774,-0.000201268
SPU_026962,SPU_025849,-0.000205288
SPU_011174,SPU_008747,-0.000205565
SPU_014722,SPU_006063,-0.000207645
SPU_024189,SPU_017348,-0.000208199
SPU_011246,SPU_007087,-0.000214437
SPU_020123,SPU_008747,-0.000216516
SPU_003166,SPU_028479,-0.000220952
SPU_001739,SPU_008377_1,-0.000223169
SPU_004148,SPU_013904,-0.000238278
SPU_000739,SPU_023510,-0.000243962
SPU_000485,SPU_022892,-0.000247704
SPU_009831,SPU_000016_1,-0.00024812
SPU_028093,SPU_027912_1,-0.000251031
SPU_006803,SPU_006058,-0.000254635
SPU_000757,SPU_020330,-0.000254774
SPU_002874,SPU_019857,-0.000259486
SPU_014401,SPU_013861,-0.000266417
SPU_002632,SPU_007360_1,-0.000273071
SPU_018954,SPU_005737,-0.000273764
SPU_028255,SPU_020330,-0.000276952
SPU_015374,SPU_005022,-0.000277368
SPU_003595,SPU_013576,-0.000279447
SPU_009048,SPU_004924,-0.00028014
SPU_020565,SPU_004746,-0.000280417
SPU_008528,SPU_001262,-0.000282081
SPU_012008,SPU_000975,-0.000285269
SPU_012914,SPU_021757,-0.000290675
SPU_020123,SPU_010305,-0.000291091
SPU_004148,SPU_014722,-0.000295388
SPU_017404_1,SPU_003937,-0.000296635
SPU_011189,SPU_023014,-0.000304675
SPU_012469,SPU_020480_1,-0.000306893
SPU_003179,SPU_017579,-0.000314239
SPU_020311,SPU_003548,-0.000314794
SPU_018056,SPU_014686_1,-0.000317289
SPU_012645,SPU_024139,-0.000317566
SPU_021210,SPU_014687,-0.000322833
SPU_015772,SPU_020330_1,-0.000323526
SPU_021172,SPU_000483,-0.000326021
SPU_007644,SPU_019857,-0.000327962
SPU_022163,SPU_000016_1,-0.000328655
SPU_023037,SPU_007190,-0.000330041
SPU_008845,SPU_027912_1,-0.000330457
SPU_004414,SPU_017579,-0.000331982
SPU_025590,SPU_022195,-0.000335863
SPU_019002,SPU_013611,-0.000342378
SPU_024093,SPU_022473,-0.00034418
SPU_014170,SPU_025825,-0.000348616
SPU_004414,SPU_003685,-0.00034917
SPU_018392,SPU_021382,-0.000352635
SPU_027969,SPU_026385,-0.000358041
SPU_007599,SPU_024093,-0.000358873
SPU_013305,SPU_028045,-0.000359566
SPU_008752,SPU_012198,-0.000361923
SPU_003179,SPU_020330,-0.000367329
SPU_012469,SPU_014836,-0.000376616
SPU_018908,SPU_025849,-0.000376754
SPU_018391,SPU_007644,-0.000384378
SPU_017725,SPU_007863,-0.000385764
SPU_017635,SPU_000016_1,-0.000395883
SPU_015828,SPU_023037,-0.00041418
SPU_006583,SPU_015829,-0.000416259
SPU_004723,SPU_020124,-0.000419309
SPU_008117,SPU_009079,-0.000419863
SPU_007611,SPU_004702,-0.00042721
SPU_003166,SPU_006865,-0.000427349
SPU_020124,SPU_012648_1,-0.000430814
SPU_015908,SPU_004287,-0.000430953
SPU_012772,SPU_026385,-0.000439824
SPU_013305,SPU_025125,-0.000440517
SPU_014576,SPU_003685,-0.000455487
SPU_017837,SPU_021843,-0.000457705
SPU_019002,SPU_007011,-0.000458398
SPU_006814,SPU_006197,-0.000468378
SPU_023177,SPU_020330,-0.000469349
SPU_017837,SPU_012469,-0.000476557
SPU_011189,SPU_025849,-0.00047725
SPU_015640,SPU_007147,-0.000479468
SPU_012648,SPU_009079,-0.000484181
SPU_001998,SPU_008953_1,-0.000485844
SPU_012008,SPU_030073,-0.00049721
SPU_024189,SPU_017404,-0.00050123
SPU_003166,SPU_015071,-0.00050123
SPU_004599,SPU_020803_1,-0.000516616
SPU_015374,SPU_017971,-0.00052022
SPU_025010,SPU_014686,-0.000534636
SPU_004551,SPU_021210,-0.000544062
SPU_018483,SPU_004037,-0.000548914
SPU_025010,SPU_008112,-0.000559032
SPU_014836,SPU_018888,-0.000559171
SPU_018391,SPU_022717,-0.000561112
SPU_022820,SPU_008752,-0.00056125
SPU_008528,SPU_007644,-0.000571924
SPU_006803,SPU_009642,-0.000571924
SPU_004148,SPU_011720,-0.000573171
SPU_016449,SPU_024093,-0.00057331
SPU_001262_1,SPU_023140,-0.000576221
SPU_028583,SPU_005022,-0.000576498
SPU_007981,SPU_019365,-0.000576498
SPU_015640,SPU_020330_1,-0.000580656
SPU_006676,SPU_016617,-0.000581349
SPU_023366,SPU_026664,-0.000583706
SPU_012772,SPU_000603,-0.00058828
SPU_011189,SPU_014687,-0.000594934
SPU_012469,SPU_025849,-0.000597983
SPU_012546,SPU_014763,-0.00059826
SPU_006803,SPU_011226,-0.000598399
SPU_017725,SPU_013689,-0.000602557
SPU_006676,SPU_024953,-0.000603805
SPU_005358,SPU_021210,-0.000615033
SPU_005358,SPU_021666,-0.000628756
SPU_013119,SPU_008595,-0.000638181
SPU_015374,SPU_008747,-0.000638459
SPU_003166,SPU_024901,-0.00064733
SPU_014197,SPU_017656,-0.000647884
SPU_013119,SPU_030073,-0.000653983
SPU_012913,SPU_022800,-0.000655092
SPU_015243,SPU_000016,-0.000656063
SPU_023366,SPU_000756,-0.000656478
SPU_015829,SPU_006063,-0.000659944
SPU_004414,SPU_008953_1,-0.000673251
SPU_018581,SPU_002674,-0.000680459
SPU_017379,SPU_023463_1,-0.000686003
SPU_019366,SPU_017971,-0.000688637
SPU_023177,SPU_007624,-0.000721627
SPU_015829,SPU_023037,-0.000723013
SPU_014576,SPU_017492,-0.000723152
SPU_028827,SPU_009685,-0.000736459
SPU_025584,SPU_013510,-0.000745608
SPU_025113,SPU_030148,-0.000760578
SPU_006991,SPU_025825,-0.000760717
SPU_015640,SPU_017971,-0.000761964
SPU_028583,SPU_017579,-0.000778182
SPU_018393,SPU_006583,-0.000786637
SPU_025346,SPU_013510,-0.000792321
SPU_026962,SPU_001262,-0.000795093
SPU_019002,SPU_010329,-0.000795232
SPU_015358,SPU_007108,-0.000795925
SPU_009876,SPU_007624,-0.000796618
SPU_015374,SPU_017579,-0.000796895
SPU_017837,SPU_012877,-0.000800499
SPU_017379,SPU_019290,-0.000804796
SPU_017837,SPU_008377_2,-0.000812004
SPU_008528,SPU_013904,-0.000823509
SPU_019002,SPU_004287,-0.000829053
SPU_019002,SPU_007087,-0.000832657
SPU_011576,SPU_001262_2,-0.000835846
SPU_001998,SPU_017579,-0.000836955
SPU_014332,SPU_011272,-0.000844162
SPU_025346,SPU_003937,-0.000845133
SPU_001262_1,SPU_011246,-0.000847073
SPU_007262,SPU_016490,-0.000852757
SPU_015828,SPU_008698,-0.000854004
SPU_004287,SPU_000437,-0.000856222
SPU_023366,SPU_023463,-0.000860796
SPU_012203,SPU_004024,-0.000864123
SPU_015829,SPU_019652,-0.0008644
SPU_009831,SPU_014686,-0.000864955
SPU_008752,SPU_008953,-0.00086939
SPU_020124,SPU_000483,-0.000870638
SPU_015640,SPU_014802,-0.000879925
SPU_015374,SPU_027708,-0.000882697
SPU_007611,SPU_025125,-0.000888381
SPU_009048,SPU_013178,-0.000902519
SPU_002592,SPU_013611,-0.000908341
SPU_020722,SPU_017441,-0.000916658
SPU_014836,SPU_001262,-0.000918183
SPU_008528,SPU_022717,-0.000919014
SPU_006786,SPU_024946,-0.000919985
SPU_014793,SPU_012632,-0.000923173
SPU_007262,SPU_018850,-0.000923589
SPU_002791,SPU_023463_1,-0.00093246
SPU_003166,SPU_023510,-0.000937866
SPU_012699,SPU_026877,-0.000940638
SPU_000739,SPU_017725,-0.000949925
SPU_006991,SPU_014643,-0.000952836
SPU_006787,SPU_015199,-0.000953807
SPU_016523,SPU_025888,-0.00096046
SPU_007262,SPU_007721,-0.000963094
SPU_000861,SPU_013689,-0.000964203
SPU_023177,SPU_012877_1,-0.000964619
SPU_015243,SPU_020726,-0.00097543
SPU_017837,SPU_020124,-0.000981807
SPU_017379,SPU_006420,-0.001002599
SPU_012469,SPU_024555,-0.00100551
SPU_012253,SPU_025959,-0.001005648
SPU_014722,SPU_000922,-0.001006757
SPU_006787,SPU_013119,-0.001013272
SPU_000861,SPU_018850,-0.001014658
SPU_012469,SPU_025959,-0.001024639
SPU_002603,SPU_016617,-0.001024777
SPU_027774,SPU_030139,-0.001026856
SPU_002592,SPU_020480_1,-0.001028658
SPU_017404_1,SPU_002674,-0.00102949
SPU_007253,SPU_002632,-0.00103046
SPU_007262,SPU_000424,-0.001031569
SPU_001657,SPU_003649,-0.001031985
SPU_010351,SPU_010305,-0.001035173
SPU_009771,SPU_021666,-0.001042936
SPU_011174,SPU_008953,-0.001051807
SPU_001998,SPU_019365,-0.001058045
SPU_015829,SPU_008698,-0.001060263
SPU_014576,SPU_018797,-0.001068164
SPU_002603,SPU_017579,-0.001079807
SPU_019332,SPU_019365,-0.001111689
SPU_014722,SPU_023037,-0.001133312
SPU_009771,SPU_014763,-0.001144402
SPU_014722,SPU_025848,-0.001157293
SPU_003166,SPU_023366,-0.001162837
SPU_025584,SPU_000739,-0.001165887
SPU_014836,SPU_022573,-0.001166857
SPU_019089,SPU_014763,-0.00117157
SPU_020124,SPU_008953,-0.001173095
SPU_001262_2,SPU_000129,-0.001173649
SPU_015456,SPU_013178,-0.001182521
SPU_004021,SPU_024946,-0.001186402
SPU_007599,SPU_024946,-0.001196243
SPU_002603,SPU_022242,-0.001203035
SPU_024093,SPU_022049,-0.001205669
SPU_023366,SPU_005022,-0.001211768
SPU_011189,SPU_016490,-0.001212461
SPU_027969,SPU_008953,-0.001214818
SPU_022817,SPU_021666,-0.001218976
SPU_020722,SPU_013904,-0.001225768
SPU_022242,SPU_019332,-0.001228125
SPU_003166,SPU_013611,-0.001230065
SPU_028827,SPU_014836,-0.001243511
SPU_027774,SPU_017404_1,-0.001246006
SPU_023177,SPU_003378,-0.001249749
SPU_011174,SPU_012198,-0.001260976
SPU_027214,SPU_012949,-0.001275254
SPU_013015,SPU_017404,-0.001279551
SPU_014722,SPU_008698,-0.001279967
SPU_005358,SPU_026763,-0.001295769
SPU_015829,SPU_000540,-0.001307828
SPU_001998,SPU_019825,-0.001308937
SPU_001998,SPU_003685,-0.001311016
SPU_014802,SPU_013119,-0.001315175
SPU_013569,SPU_018391,-0.001333888
SPU_013569,SPU_010426,-0.001336383
SPU_011202,SPU_022678,-0.001343452
SPU_013015,SPU_017579,-0.001348304
SPU_028255,SPU_017404,-0.001350106
SPU_013305,SPU_017579,-0.001350799
SPU_006312,SPU_011272_1,-0.00135662
SPU_007644,SPU_002674,-0.001357036
SPU_018393,SPU_013689_1,-0.001366046
SPU_006808,SPU_022049,-0.001366323
SPU_002603,SPU_017971,-0.001372284
SPU_015828,SPU_000540,-0.001372977
SPU_027015,SPU_027472,-0.00137367
SPU_015243,SPU_014332,-0.001381848
SPU_009771,SPU_024044,-0.001386284
SPU_012546,SPU_005022,-0.001386423
SPU_015243,SPU_014055,-0.001392244
SPU_018908,SPU_001262,-0.001398205
SPU_014332,SPU_009646,-0.001404304
SPU_015712,SPU_006197,-0.001413314
SPU_006786,SPU_013119,-0.001417334
SPU_026633,SPU_024901,-0.001418165
SPU_008117_1,SPU_015071,-0.001428007
SPU_004414,SPU_019825,-0.001428007
SPU_011315,SPU_013178,-0.001433136
SPU_002603,SPU_017404,-0.001477076
SPU_018391,SPU_012949,-0.001493572
SPU_024918,SPU_008377,-0.001497591
SPU_006803,SPU_014836,-0.001499671
SPU_019332,SPU_016045,-0.001504799
SPU_013305,SPU_019825,-0.001511453
SPU_015243,SPU_027918,-0.001512978
SPU_002603,SPU_018355_1,-0.001513532
SPU_017725,SPU_018355_1,-0.001514502
SPU_015374,SPU_002428,-0.001520463
SPU_023177,SPU_006197,-0.001521294
SPU_018908,SPU_005022,-0.001552483
SPU_014722,SPU_001937,-0.001558166
SPU_015828,SPU_000922,-0.001567314
SPU_006786,SPU_009474,-0.001573691
SPU_003166,SPU_024555,-0.001574107
SPU_027214,SPU_004037,-0.00157979
SPU_006484,SPU_014461,-0.001582423
SPU_027935,SPU_018355_1,-0.001596008
SPU_028479,SPU_001262_2,-0.00159878
SPU_019656,SPU_026385,-0.001601136
SPU_018954,SPU_008953,-0.001604047
SPU_003166,SPU_020480_1,-0.001610008
SPU_008528,SPU_018355,-0.001620958
SPU_023730,SPU_013689_1,-0.001626226
SPU_013569,SPU_001262_1,-0.001630245
SPU_019002,SPU_002554,-0.001640919
SPU_023177,SPU_024610,-0.001650345
SPU_015243,SPU_000440,-0.001664345
SPU_005358,SPU_012469,-0.001664345
SPU_017837,SPU_026633,-0.001675434
SPU_018483,SPU_014836,-0.001691513
SPU_016617,SPU_002428,-0.00169387
SPU_007981,SPU_009079,-0.001694978
SPU_014418,SPU_024093,-0.001709394
SPU_026418,SPU_000603,-0.001712998
SPU_008528,SPU_019365,-0.001717573
SPU_003166,SPU_002554,-0.001720484
SPU_023037,SPU_018850,-0.001726305
SPU_027015,SPU_000485,-0.001728662
SPU_020565,SPU_016449,-0.001732959
SPU_001739,SPU_017470,-0.001759018
SPU_018797,SPU_013510,-0.001763177
SPU_024189,SPU_003586,-0.001768028
SPU_000975,SPU_014401,-0.001771771
SPU_006808,SPU_021666,-0.001776345
SPU_014793,SPU_014686,-0.001786187
SPU_006583,SPU_006063,-0.001787157
SPU_004414,SPU_006197,-0.001799632
SPU_021172,SPU_019365,-0.001800325
SPU_006484,SPU_021757,-0.001807118
SPU_002677,SPU_024610,-0.001813632
SPU_003166,SPU_011272_1,-0.001814464
SPU_017379,SPU_023894,-0.00181585
SPU_027235,SPU_022473,-0.00182084
SPU_012645,SPU_014686,-0.001825553
SPU_015640,SPU_001657,-0.001826108
SPU_003166,SPU_000578,-0.001829019
SPU_012253,SPU_011272_1,-0.00184593
SPU_004723,SPU_002025_1,-0.001855771
SPU_005358,SPU_016490,-0.001879474
SPU_004414,SPU_013305,-0.001882663
SPU_018391,SPU_018355,-0.00188391
SPU_002791,SPU_009079,-0.001894722
SPU_003470,SPU_009079,-0.001904009
SPU_018954,SPU_008377_1,-0.001908445
SPU_022242,SPU_007360,-0.001913158
SPU_016786,SPU_016792,-0.001916207
SPU_017837,SPU_017404_1,-0.001924108
SPU_027214,SPU_000603,-0.001925772
SPU_017642,SPU_008953,-0.001927158
SPU_006312,SPU_018888,-0.001941296
SPU_023177,SPU_004217,-0.0019449
SPU_005358,SPU_018888,-0.001946702
SPU_007611,SPU_006808,-0.00196195
SPU_002603,SPU_028479,-0.001982881
SPU_004414,SPU_022678,-0.001983851
SPU_006484,SPU_006333,-0.001993
SPU_017379,SPU_005955_1,-0.001998683
SPU_027774,SPU_018850,-0.00199896
SPU_018483,SPU_007862,-0.00199993
SPU_014401,SPU_023463,-0.002000623
SPU_012648,SPU_019365,-0.002001732
SPU_028255,SPU_012198,-0.002003396
SPU_028255,SPU_023510,-0.00200395
SPU_006991,SPU_008936,-0.002005475
SPU_003470,SPU_006333,-0.002016287
SPU_012469,SPU_022195,-0.002037079
SPU_001998,SPU_026385,-0.002040822
SPU_011189,SPU_012913,-0.002048446
SPU_006808,SPU_007721,-0.002054129
SPU_002592,SPU_002554,-0.002060089
SPU_019002,SPU_014684,-0.002060782
SPU_015828,SPU_007203,-0.002063277
SPU_003166,SPU_006808,-0.002086564
SPU_001262_2,SPU_028583,-0.002093495
SPU_012253,SPU_024745,-0.002096268
SPU_014722,SPU_019652,-0.002098347
SPU_015829,SPU_018373,-0.002110545
SPU_014576,SPU_004702,-0.002116089
SPU_020124,SPU_015199,-0.002119139
SPU_006803,SPU_005667,-0.002119693
SPU_007599,SPU_026877,-0.002123713
SPU_003166,SPU_006058,-0.002130367
SPU_001262,SPU_013576,-0.002132862
SPU_026633,SPU_018888,-0.002137159
SPU_026962,SPU_018888,-0.002140208
SPU_013047,SPU_013689_1,-0.002143258
SPU_018393,SPU_016792,-0.002147694
SPU_015456,SPU_025849,-0.002163496
SPU_008703,SPU_016617,-0.002164189
SPU_003166,SPU_022195,-0.002164327
SPU_017407,SPU_020480,-0.002175278
SPU_019002,SPU_009831,-0.00218304
SPU_021172,SPU_025959,-0.002186367
SPU_025590,SPU_007108,-0.002187199
SPU_006676,SPU_022195,-0.002187614
SPU_026633,SPU_024555,-0.002192882
SPU_000975,SPU_023813,-0.002193159
SPU_012546,SPU_030139,-0.002194129
SPU_024918,SPU_004807,-0.002202723
SPU_009771,SPU_025125,-0.002205634
SPU_004414,SPU_022473,-0.002205912
SPU_002874,SPU_013305,-0.002206743
SPU_022817,SPU_017441,-0.002210486
SPU_017404,SPU_005022,-0.002216308
SPU_004723,SPU_016490,-0.002218526
SPU_024307,SPU_018744,-0.002219773
SPU_008528,SPU_012949,-0.002221436
SPU_015640,SPU_004924,-0.002227258
SPU_018954,SPU_012198,-0.002234466
SPU_026633,SPU_022195,-0.002237238
SPU_003166,SPU_012384,-0.002240842
SPU_027935,SPU_007190,-0.002245001
SPU_010424,SPU_018908,-0.002249991
SPU_023730,SPU_018888,-0.002253041
SPU_019089,SPU_011720,-0.002262466
SPU_002631,SPU_019089,-0.002263852
SPU_002592,SPU_002025,-0.002267872
SPU_000975,SPU_015767,-0.002269952
SPU_003166,SPU_024745,-0.002277298
SPU_025113,SPU_026763,-0.002277714
SPU_019290,SPU_025825,-0.002278546
SPU_015828,SPU_018373,-0.002281457
SPU_012469,SPU_013611,-0.002282981
SPU_013047,SPU_027935_1,-0.002294209
SPU_019002,SPU_011272,-0.002300863
SPU_023366,SPU_030139,-0.002309873
SPU_024307,SPU_021843,-0.002315417
SPU_028827,SPU_014763,-0.002320684
SPU_022049,SPU_013510,-0.002320823
SPU_000739,SPU_002707,-0.002324011
SPU_021608,SPU_011711,-0.002325813
SPU_004148,SPU_006420,-0.00233912
SPU_001998,SPU_022678,-0.002342308
SPU_010635,SPU_008377_1,-0.002348962
SPU_013569,SPU_002025_1,-0.002361437
SPU_006312,SPU_013689,-0.002363516
SPU_009831,SPU_021757,-0.00236615
SPU_000739,SPU_014763,-0.002385972
SPU_027774,SPU_007190,-0.002387774
SPU_015374,SPU_028479,-0.00239512
SPU_002592,SPU_000016,-0.002395952
SPU_027774,SPU_027144,-0.00239817
SPU_014576,SPU_007624,-0.002399002
SPU_003102,SPU_027015,-0.002401358
SPU_022242,SPU_018126,-0.002411061
SPU_020123,SPU_006058,-0.002417437
SPU_008528,SPU_026418,-0.002419239
SPU_002632,SPU_012911,-0.002433933
SPU_018391,SPU_015071_1,-0.002435041
SPU_004217,SPU_009079,-0.002436982
SPU_015712,SPU_002632,-0.002446824
SPU_006583,SPU_017404,-0.002454309
SPU_003166,SPU_023037,-0.002455002
SPU_026633,SPU_006058,-0.002460824
SPU_000757,SPU_022892,-0.002464844
SPU_020722,SPU_004807,-0.002464844
SPU_018908,SPU_013202,-0.002465121
SPU_015908,SPU_012198,-0.002467616
SPU_002603,SPU_023463_1,-0.002473438
SPU_021210,SPU_010635,-0.002474408
SPU_003166,SPU_014683,-0.002479537
SPU_000129,SPU_014588,-0.002484388
SPU_027969,SPU_001937,-0.002488408
SPU_017379,SPU_023839,-0.002492982
SPU_008117_1,SPU_027214,-0.002494091
SPU_020123,SPU_022195,-0.002506705
SPU_027598,SPU_006242,-0.002508507
SPU_026633,SPU_020480_1,-0.002508784
SPU_020637,SPU_014461,-0.002519042
SPU_014836,SPU_002674,-0.002532903
SPU_002603,SPU_022195,-0.002536091
SPU_003470,SPU_021557,-0.00254122
SPU_004702,SPU_007360_1,-0.002554943
SPU_000975,SPU_016786,-0.002566864
SPU_024903,SPU_007317,-0.002579478
SPU_000129,SPU_007624,-0.002580032
SPU_018391,SPU_013904,-0.002588349
SPU_004148,SPU_012877_1,-0.002595141
SPU_012772,SPU_007981,-0.002598745
SPU_028255,SPU_011272_1,-0.002607062
SPU_025584,SPU_028255,-0.002612884
SPU_017635,SPU_002836,-0.002615379
SPU_004414,SPU_026385,-0.002624527
SPU_002592,SPU_011687,-0.002630904
SPU_015772,SPU_013689_1,-0.002632429
SPU_012469,SPU_011720,-0.002633122
SPU_012469,SPU_024745,-0.002635617
SPU_011635,SPU_007190,-0.002636032
SPU_006583,SPU_004746,-0.002641854
SPU_002592,SPU_014055,-0.002645042
SPU_012645,SPU_022892,-0.002645181
SPU_024093,SPU_023510,-0.00264629
SPU_016523,SPU_000437,-0.002652112
SPU_002592,SPU_000016_1,-0.002652528
SPU_023177,SPU_008377_1,-0.002657518
SPU_002816,SPU_017971,-0.002660013
SPU_020123,SPU_005667,-0.002662092
SPU_023894,SPU_023463,-0.002675538
SPU_011174,SPU_011226,-0.002697023
SPU_016449,SPU_008353_1,-0.002700627
SPU_023386,SPU_005708,-0.00271033
SPU_008845,SPU_003470,-0.002711162
SPU_003595,SPU_005022,-0.0027113
SPU_016617,SPU_007863,-0.002717261
SPU_018954,SPU_021843,-0.002723498
SPU_002603,SPU_012786,-0.002726548
SPU_023090,SPU_009079,-0.002733063
SPU_004287,SPU_025888,-0.002739162
SPU_026099,SPU_013140_1,-0.002742904
SPU_013047,SPU_006333,-0.002748865
SPU_004148,SPU_007644,-0.002753023
SPU_008117_1,SPU_025125,-0.002754687
SPU_022242,SPU_006242,-0.002757182
SPU_003595,SPU_011246,-0.002767855
SPU_022242,SPU_015712,-0.002775617
SPU_019089,SPU_018850,-0.00278532
SPU_008117,SPU_020124,-0.002788786
SPU_012469,SPU_026390,-0.002794608
SPU_021210,SPU_013810,-0.002795162
SPU_020311,SPU_013611,-0.002802647
SPU_022678,SPU_009079,-0.002807915
SPU_026633,SPU_024745,-0.002815538
SPU_026633,SPU_022654,-0.002815677
SPU_018954,SPU_000603,-0.002816647
SPU_014722,SPU_018373,-0.002818033
SPU_014170,SPU_023463,-0.002822053
SPU_013015,SPU_022841,-0.002826766
SPU_018392,SPU_017441,-0.002830231
SPU_015829,SPU_027774,-0.00283134
SPU_020637,SPU_021119,-0.002841459
SPU_020123,SPU_028045,-0.0028434
SPU_027969,SPU_008845,-0.002849499
SPU_026905,SPU_003595_1,-0.002853519
SPU_018392,SPU_026390,-0.002857954
SPU_019089,SPU_008112,-0.002859895
SPU_002815,SPU_002632,-0.002869044
SPU_015829,SPU_007203,-0.00287736
SPU_008703,SPU_012198,-0.002878331
SPU_005022,SPU_027015,-0.002884846
SPU_011576,SPU_023463,-0.002884984
SPU_027969,SPU_022955,-0.002888172
SPU_006583,SPU_014722,-0.002891083
SPU_026633,SPU_014683,-0.002892331
SPU_021210,SPU_013576,-0.002895103
SPU_014802,SPU_020637,-0.002900925
SPU_027969,SPU_000603,-0.002903143
SPU_015908,SPU_024315,-0.002907717
SPU_018581,SPU_009079,-0.002912707
SPU_023366,SPU_007721,-0.002918113
SPU_012648,SPU_020123,-0.002945559
SPU_011635,SPU_004746,-0.002945559
SPU_021608,SPU_021044,-0.002959975
SPU_020124,SPU_022697,-0.002960252
SPU_014802,SPU_015362,-0.002978965
SPU_015829,SPU_000922,-0.002980212
SPU_014418,SPU_023463,-0.002987143
SPU_012772,SPU_006197,-0.003001005
SPU_022820,SPU_000669,-0.003032609
SPU_026633,SPU_028479,-0.003039262
SPU_013015,SPU_014763,-0.003042866
SPU_012914,SPU_012877_1,-0.003052292
SPU_028255,SPU_020480_1,-0.003063242
SPU_002592,SPU_025346,-0.003064351
SPU_022820,SPU_002309,-0.00306546
SPU_004723,SPU_007087,-0.003067124
SPU_017837,SPU_028255,-0.003067262
SPU_028255,SPU_023037,-0.003078767
SPU_006814,SPU_020282,-0.00308251
SPU_003595,SPU_003595_1,-0.003090272
SPU_025584,SPU_004148,-0.003092213
SPU_012469,SPU_016490,-0.003095262
SPU_007599,SPU_020330_1,-0.003102332
SPU_025346,SPU_012912,-0.003108708
SPU_001262_1,SPU_028583,-0.003114668
SPU_018392,SPU_008377,-0.003122015
SPU_021172,SPU_005522,-0.003122569
SPU_017407,SPU_012632,-0.00313754
SPU_027969,SPU_019365,-0.003142253
SPU_012546,SPU_023463_1,-0.003146411
SPU_008528,SPU_018355_1,-0.003149183
SPU_017837,SPU_002025_1,-0.003153342
SPU_002603,SPU_005667,-0.003155421
SPU_000739,SPU_000861,-0.003157916
SPU_001262,SPU_011246,-0.003160688
SPU_026418,SPU_004217,-0.003168312
SPU_006484,SPU_006865,-0.003172887
SPU_026905,SPU_007360_1,-0.003179401
SPU_002632,SPU_022800,-0.003188273
SPU_001998,SPU_000603,-0.003192154
SPU_002603,SPU_027774,-0.003201996
SPU_012772,SPU_008377_1,-0.003203382
SPU_012645,SPU_021119,-0.00320352
SPU_026418,SPU_026385,-0.003206708
SPU_006421,SPU_026763,-0.003210312
SPU_020637,SPU_013119,-0.003211144
SPU_012008,SPU_016792,-0.003217382
SPU_014722,SPU_000540,-0.003219184
SPU_012772,SPU_003685,-0.003248847
SPU_012253,SPU_027918,-0.003248986
SPU_017642,SPU_018850,-0.003251897
SPU_000975,SPU_020803_1,-0.003259243
SPU_025113,SPU_027015,-0.003260075
SPU_024903,SPU_011756,-0.003261323
SPU_017837,SPU_016490,-0.003263125
SPU_018581,SPU_026962,-0.003267838
SPU_012699,SPU_025825,-0.003278234
SPU_005022,SPU_006871,-0.003283362
SPU_012253,SPU_024901,-0.003300966
SPU_019332,SPU_013576,-0.003308313
SPU_026962,SPU_002025,-0.003317323
SPU_028479,SPU_028255,-0.003323283
SPU_002603,SPU_027144,-0.003327026
SPU_022049,SPU_000739,-0.003337422
SPU_012469,SPU_002025,-0.003339778
SPU_027053,SPU_014687,-0.003344214
SPU_010295,SPU_002836,-0.0033456
SPU_007611,SPU_017404_1,-0.003356274
SPU_020722,SPU_015071_1,-0.00335863
SPU_015719,SPU_023463,-0.003363204
SPU_028583,SPU_008377_1,-0.003365838
SPU_026905,SPU_012198,-0.003368194
SPU_011174,SPU_000603,-0.003371937
SPU_014722,SPU_010329_1,-0.003376511
SPU_002603,SPU_002025_1,-0.003385937
SPU_001998,SPU_014588,-0.003390789
SPU_017579,SPU_005022,-0.003409502
SPU_002592,SPU_022633,-0.003420452
SPU_011246,SPU_005708,-0.003421145
SPU_026633,SPU_014763,-0.003430155
SPU_002815,SPU_003378,-0.003431264
SPU_019332,SPU_003595_1,-0.00343265
SPU_021210,SPU_023065,-0.003439997
SPU_014722,SPU_007203,-0.00345566
SPU_011297,SPU_027144,-0.003461759
SPU_027214,SPU_009427,-0.00346772
SPU_019332,SPU_014588,-0.003468829
SPU_008528,SPU_006427,-0.003475621
SPU_020123,SPU_018355_1,-0.003477284
SPU_021172,SPU_001262_2,-0.003478254
SPU_001998,SPU_012198,-0.003481165
SPU_023037,SPU_014687,-0.003487957
SPU_014461,SPU_012912,-0.003490868
SPU_015640,SPU_013140_1,-0.003491561
SPU_012253,SPU_005522,-0.003501126
SPU_013119,SPU_026385,-0.003504591
SPU_027214,SPU_022955_1,-0.003506532
SPU_014793,SPU_021557,-0.003509304
SPU_009771,SPU_005708,-0.003525106
SPU_017725,SPU_002836,-0.003526492
SPU_025584,SPU_017750,-0.003537443
SPU_012253,SPU_013611,-0.003551166
SPU_022817,SPU_003490,-0.003557958
SPU_015243,SPU_010924_1,-0.003558512
SPU_025584,SPU_008112,-0.003562255
SPU_025584,SPU_023014,-0.003585403
SPU_026205,SPU_005667,-0.003589146
SPU_027935,SPU_023014,-0.003602869
SPU_021608,SPU_011272_1,-0.003607443
SPU_017837,SPU_017511,-0.003608413
SPU_000739,SPU_011270,-0.003624215
SPU_007599,SPU_006004,-0.003632671
SPU_014170,SPU_017971,-0.003634057
SPU_003595,SPU_007360_1,-0.003634473
SPU_027969,SPU_003595,-0.003647087
SPU_019002,SPU_026763,-0.003651107
SPU_027935,SPU_026205,-0.003653047
SPU_025590,SPU_014793,-0.00365374
SPU_004599,SPU_026385,-0.003662612
SPU_012008,SPU_006004,-0.003664691
SPU_003470,SPU_027015,-0.00366483
SPU_006583,SPU_019365,-0.00366483
SPU_028255,SPU_024555,-0.003672315
SPU_003470,SPU_002008,-0.003672453
SPU_026099,SPU_022892,-0.003675087
SPU_015719,SPU_017971,-0.003675087
SPU_015374,SPU_009178,-0.00368576
SPU_003166,SPU_026510,-0.003688671
SPU_001262_2,SPU_011246,-0.003698374
SPU_017642,SPU_009427,-0.003705998
SPU_007262,SPU_007087,-0.003708077
SPU_014576,SPU_004217,-0.003708632
SPU_006808,SPU_002025_1,-0.003709463
SPU_006583,SPU_026385,-0.003711543
SPU_004599,SPU_021119,-0.0037218
SPU_018391,SPU_008752,-0.003741483
SPU_018391,SPU_006427,-0.003744117
SPU_014418,SPU_025825,-0.00374578
SPU_016449,SPU_016881,-0.003747028
SPU_005358,SPU_002836,-0.003757424
SPU_011635,SPU_011756,-0.00376685
SPU_008528,SPU_015071_1,-0.003766988
SPU_000485,SPU_025825,-0.003767543
SPU_020123,SPU_018744,-0.003768652
SPU_028255,SPU_024901_1,-0.00376879
SPU_004414,SPU_028045,-0.003769483
SPU_022242,SPU_012491,-0.003778355
SPU_000739,SPU_010924_1,-0.003790692
SPU_006991,SPU_014332,-0.003802612
SPU_015456,SPU_024555,-0.003803167
SPU_020311,SPU_002554,-0.003803999
SPU_027774,SPU_020480,-0.003819246
SPU_009831,SPU_014752,-0.003831028
SPU_026962,SPU_011272_1,-0.00383588
SPU_001998,SPU_028045,-0.003836989
SPU_021172,SPU_009847,-0.003842811
SPU_015719,SPU_012912,-0.003855424
SPU_018392,SPU_027912_1,-0.00386485
SPU_018391,SPU_000669,-0.003871088
SPU_002592,SPU_022242,-0.003873583
SPU_000975,SPU_019366,-0.003874415
SPU_002603,SPU_014628,-0.003878157
SPU_014332,SPU_026763,-0.003887444
SPU_013015,SPU_022242,-0.003889108
SPU_023037,SPU_011246,-0.00389091
SPU_004723,SPU_027214,-0.00389493
SPU_024877,SPU_013689_1,-0.003908098
SPU_012469,SPU_009427,-0.003915167
SPU_005435,SPU_005022,-0.003920573
SPU_020124,SPU_011720,-0.003928059
SPU_004599,SPU_023463,-0.00392889
SPU_004148,SPU_017404_1,-0.00392986
SPU_011174,SPU_015829,-0.0039379
SPU_004414,SPU_012198,-0.0039379
SPU_008117,SPU_012469,-0.003944276
SPU_027214,SPU_014722,-0.003952732
SPU_018391,SPU_026418,-0.003957999
SPU_028479,SPU_027214,-0.003963821
SPU_022846,SPU_025825,-0.003974356
SPU_026763,SPU_004287,-0.003979762
SPU_023037,SPU_002674,-0.003987108
SPU_014170,SPU_023510,-0.003988217
SPU_017837,SPU_026465,-0.003999445
SPU_018392,SPU_003470,-0.00402398
SPU_000975,SPU_010634,-0.004029386
SPU_014418,SPU_006004,-0.004030495
SPU_027214,SPU_001415,-0.004039782
SPU_019332,SPU_002674,-0.00403992
SPU_015719,SPU_020330_1,-0.004044356
SPU_012648_1,SPU_012111,-0.004044772
SPU_014418,SPU_001657,-0.004044911
SPU_026418,SPU_008377_1,-0.004052534
SPU_002603,SPU_014683,-0.004053782
SPU_008528,SPU_000669,-0.004059326
SPU_023730,SPU_014461,-0.004078732
SPU_027935,SPU_021210,-0.004081782
SPU_019332,SPU_007360_1,-0.004088713
SPU_027214,SPU_010873,-0.004094119
SPU_006583,SPU_009427,-0.004097445
SPU_015374,SPU_027144,-0.004099941
SPU_015719,SPU_014461,-0.004104931
SPU_017579,SPU_002836,-0.004110475
SPU_024307,SPU_028045,-0.004110752
SPU_021172,SPU_020480_1,-0.00412004
SPU_017470,SPU_013689,-0.00412697
SPU_001998,SPU_022717,-0.00413903
SPU_002874,SPU_002674,-0.004144159
SPU_004414,SPU_014763,-0.004145406
SPU_011189,SPU_017511,-0.004149287
SPU_018392,SPU_022717,-0.004151089
SPU_018483,SPU_002632,-0.004158436
SPU_000975,SPU_012050,-0.004158574
SPU_006991,SPU_000841,-0.004159961
SPU_012469,SPU_006058,-0.004161208
SPU_014289,SPU_014588,-0.004162317
SPU_008117,SPU_017511,-0.00417299
SPU_001113,SPU_030073,-0.004174377
SPU_007253,SPU_007624,-0.004182693
SPU_020124,SPU_015071,-0.004191426
SPU_015108,SPU_026763,-0.004220258
SPU_012469,SPU_014683,-0.004230377
SPU_017379,SPU_012198,-0.004231208
SPU_010295,SPU_014576,-0.004251862
SPU_001998,SPU_017404_1,-0.004261981
SPU_012914,SPU_005022,-0.004276674
SPU_023366,SPU_030148,-0.004280417
SPU_012645,SPU_011297,-0.004282496
SPU_023386,SPU_024953,-0.004283882
SPU_016881,SPU_013119,-0.004286238
SPU_011576,SPU_017971,-0.004310635
SPU_000948,SPU_013570,-0.004319367
SPU_016449,SPU_027472,-0.004330456
SPU_002632,SPU_017656,-0.004331427
SPU_023730,SPU_023510,-0.004338496
SPU_015456,SPU_022473,-0.004348476
SPU_016523,SPU_023065,-0.004359566
SPU_017725,SPU_027144,-0.004383546
SPU_009876,SPU_006484,-0.004390477
SPU_003595,SPU_014289,-0.004393665
SPU_015108,SPU_007863,-0.004413764
SPU_020123,SPU_009427,-0.004415843
SPU_001998,SPU_012949,-0.004416952
SPU_011348,SPU_002008,-0.004418754
SPU_012203,SPU_015456,-0.004444813
SPU_002603,SPU_018888,-0.004448556
SPU_020123,SPU_024315,-0.004452992
SPU_024903,SPU_013178,-0.004461309
SPU_014289,SPU_028093,-0.004465328
SPU_004702,SPU_008936,-0.004471289
SPU_007262,SPU_027214,-0.004474061
SPU_025888,SPU_023510,-0.004475863
SPU_020124,SPU_020282,-0.004500814
SPU_011174,SPU_008377_1,-0.004501645
SPU_008752,SPU_008377_1,-0.004504002
SPU_003595,SPU_018850,-0.004504556
SPU_008845,SPU_015071_1,-0.004511764
SPU_012469,SPU_002309,-0.004513705
SPU_015829,SPU_004414,-0.004517309
SPU_013015,SPU_028045,-0.004517586
SPU_019332,SPU_007624,-0.00453117
SPU_008117,SPU_027214,-0.004533804
SPU_002677,SPU_003378,-0.004538933
SPU_014576,SPU_022817,-0.004540873
SPU_022242,SPU_017379,-0.004547111
SPU_014197,SPU_021666,-0.004556953
SPU_023177,SPU_008196,-0.004558339
SPU_018797,SPU_023839,-0.004570398
SPU_008936,SPU_015199,-0.004579963
SPU_012469,SPU_011272,-0.004582319
SPU_003470,SPU_013510,-0.004587448
SPU_012469,SPU_007262,-0.004590359
SPU_018392,SPU_027912,-0.0046002
SPU_004148,SPU_018392,-0.004602834
SPU_015374,SPU_019825,-0.004604775
SPU_023366,SPU_002634,-0.004616834
SPU_005358,SPU_014683,-0.004632082
SPU_004287,SPU_016045,-0.004650102
SPU_009876,SPU_003378,-0.00465925
SPU_021172,SPU_002309,-0.004661329
SPU_027969,SPU_000578,-0.004662161
SPU_013015,SPU_001262_1,-0.004662854
SPU_018392,SPU_016250,-0.004669785
SPU_026633,SPU_005667,-0.004680735
SPU_014332,SPU_013689,-0.004689884
SPU_012914,SPU_013861,-0.004690023
SPU_005435,SPU_008953_1,-0.004690023
SPU_017379,SPU_002632,-0.004694458
SPU_003166,SPU_025849,-0.004697646
SPU_026418,SPU_006063,-0.004701943
SPU_007599,SPU_025825,-0.004713726
SPU_012914,SPU_017404_1,-0.004721765
SPU_013305,SPU_018861,-0.004735488
SPU_026099,SPU_025825,-0.004748102
SPU_014576,SPU_016523,-0.004748102
SPU_027472,SPU_025825,-0.004754201
SPU_020124,SPU_011687,-0.004754201
SPU_023366,SPU_027144,-0.004756558
SPU_014197,SPU_023510,-0.004759191
SPU_006991,SPU_014418,-0.004765983
SPU_012469,SPU_006427,-0.004770696
SPU_014836,SPU_026763,-0.004774577
SPU_012546,SPU_014576,-0.004777627
SPU_027969,SPU_023037,-0.004778043
SPU_006312,SPU_007108,-0.004787884
SPU_025346,SPU_008112,-0.004788993
SPU_028148,SPU_005708,-0.004791488
SPU_014418,SPU_013689_1,-0.004792736
SPU_012772,SPU_019365,-0.004807706
SPU_012645,SPU_025825,-0.004816716
SPU_020637,SPU_025825,-0.004829607
SPU_008752,SPU_006058,-0.004832796
SPU_021172,SPU_024555,-0.004837924
SPU_007599,SPU_026664,-0.004839726
SPU_015243,SPU_006808,-0.00484638
SPU_015640,SPU_006004,-0.004858023
SPU_017642,SPU_017511,-0.004859132
SPU_006814,SPU_012632,-0.004864677
SPU_023177,SPU_024315,-0.004866063
SPU_017579,SPU_007253,-0.004866479
SPU_023894,SPU_017971,-0.00486939
SPU_026418,SPU_015829,-0.004879647
SPU_008117,SPU_028255,-0.00488034
SPU_003470,SPU_026962,-0.004888657
SPU_003595,SPU_001262_1,-0.004893786
SPU_026905,SPU_023730,-0.004901548
SPU_021172,SPU_011272_1,-0.004911251
SPU_002592,SPU_012384,-0.004915133
SPU_012914,SPU_012111,-0.0049204
SPU_001262_2,SPU_026731,-0.00492137
SPU_011174,SPU_028045,-0.004922341
SPU_004414,SPU_010873,-0.004926083
SPU_014802,SPU_021119,-0.004933291
SPU_003166,SPU_027918,-0.004935232
SPU_014722,SPU_024901_1,-0.004940638
SPU_009831,SPU_014687,-0.00495145
SPU_025584,SPU_020124,-0.004960875
SPU_014401,SPU_011502,-0.004964895
SPU_023037,SPU_028583,-0.004989014
SPU_027935,SPU_022654,-0.005003291
SPU_003166,SPU_025825,-0.005005648
SPU_012772,SPU_008953_1,-0.005018678
SPU_006583,SPU_023065,-0.005025331
SPU_001262_1,SPU_009876,-0.00503046
SPU_011297,SPU_013689_1,-0.005038777
SPU_023037,SPU_020123,-0.005041688
SPU_012253,SPU_011711,-0.005042797
SPU_026633,SPU_027918,-0.005051391
SPU_015719,SPU_016792,-0.005058599
SPU_003470,SPU_000016_1,-0.005063589
SPU_002815,SPU_007624,-0.005071628
SPU_004148,SPU_026763,-0.005080361
SPU_018392,SPU_013904,-0.005081886
SPU_026962,SPU_002554,-0.005092975
SPU_011297,SPU_018888,-0.005096302
SPU_018908,SPU_003685,-0.005102539
SPU_000975,SPU_018393,-0.00510448
SPU_014836,SPU_018355_1,-0.005119589
SPU_006421,SPU_012111,-0.005119728
SPU_009876,SPU_016449,-0.005128876
SPU_014332,SPU_012877_1,-0.005130817
SPU_007262,SPU_028255,-0.00513151
SPU_025346,SPU_012877,-0.005138718
SPU_014332,SPU_007862,-0.005144817
SPU_026205,SPU_025959,-0.005155767
SPU_016786,SPU_027362,-0.005158401
SPU_017404,SPU_014289,-0.005179748
SPU_020311,SPU_025346,-0.005180025
SPU_028255,SPU_006058,-0.00518155
SPU_026633,SPU_026510,-0.005190837
SPU_015374,SPU_012198,-0.005197213
SPU_004021,SPU_013689_1,-0.005205253
SPU_008117,SPU_027015,-0.005210382
SPU_018392,SPU_018056,-0.005216758
SPU_004414,SPU_009427,-0.005218005
SPU_015243,SPU_014793,-0.005223273
SPU_019290,SPU_013689_1,-0.005240599
SPU_015828,SPU_010329_1,-0.00526652
SPU_012772,SPU_024315,-0.005272758
SPU_027935,SPU_008196_1,-0.005289808
SPU_017837,SPU_005522,-0.005292303
SPU_002631,SPU_018355,-0.005298956
SPU_027774,SPU_011348,-0.005301174
SPU_018908,SPU_018888,-0.005305055
SPU_027935,SPU_028255,-0.005307828
SPU_004148,SPU_012111,-0.005314481
SPU_020565,SPU_006917,-0.005316283
SPU_021172,SPU_013689,-0.005322659
SPU_012913,SPU_022573,-0.005326263
SPU_019089,SPU_022697,-0.005342204
SPU_011174,SPU_007981,-0.005354818
SPU_008752,SPU_024315,-0.005361333
SPU_010424,SPU_018744,-0.005364521
SPU_007599,SPU_013689_1,-0.005365491
SPU_009048,SPU_013689_1,-0.005379907
SPU_003166,SPU_005667,-0.005385174
SPU_004021,SPU_016523,-0.005391689
SPU_025346,SPU_000739,-0.005395571
SPU_024903,SPU_002632,-0.005401531
SPU_016523,SPU_020282,-0.005405967
SPU_012469,SPU_023037,-0.005415531
SPU_008752,SPU_006871,-0.00541567
SPU_004414,SPU_022717,-0.005416501
SPU_013119,SPU_000749,-0.005437155
SPU_018581,SPU_028479,-0.005438818
SPU_027472,SPU_013689_1,-0.005468759
SPU_012648,SPU_027214,-0.005474581
SPU_005572,SPU_000016_1,-0.005482759
SPU_003166,SPU_002309,-0.005500086
SPU_004702,SPU_027145,-0.005519492
SPU_008752,SPU_009427,-0.005530997
SPU_017404,SPU_027015,-0.005534462
SPU_012469,SPU_018888,-0.005535294
SPU_006583,SPU_022717,-0.005543888
SPU_006753,SPU_013178,-0.005545829
SPU_014722,SPU_004723,-0.005548046
SPU_008845,SPU_013904,-0.005548185
SPU_014170,SPU_007863,-0.0055547
SPU_002592,SPU_005667,-0.005557888
SPU_014461,SPU_023366,-0.005559136
SPU_000975,SPU_007147,-0.005560522
SPU_028120,SPU_023366,-0.005591294
SPU_011635,SPU_027015,-0.005598641
SPU_006808,SPU_001262_1,-0.00560474
SPU_013689,SPU_026205,-0.005606819
SPU_027774,SPU_013576,-0.005621928
SPU_027214,SPU_024315,-0.00562969
SPU_013015,SPU_022717,-0.005642166
SPU_001998,SPU_024315,-0.005655196
SPU_028479,SPU_014687,-0.005656166
SPU_002603,SPU_001262_1,-0.005656304
SPU_012913,SPU_011348,-0.005657691
SPU_013305,SPU_017404_1,-0.005662542
SPU_015640,SPU_009474,-0.005666146
SPU_003470,SPU_025590,-0.005671552
SPU_021172,SPU_018908,-0.005688324
SPU_021172,SPU_006058,-0.005698305
SPU_013047,SPU_025825,-0.005701354
SPU_018954,SPU_028746,-0.005716047
SPU_027015,SPU_004024,-0.005716186
SPU_005358,SPU_002025_1,-0.005719235
SPU_027774,SPU_011246,-0.005721869
SPU_017579,SPU_003595_1,-0.005729354
SPU_018391,SPU_025125,-0.005738087
SPU_001998,SPU_013861,-0.005740998
SPU_002603,SPU_014763,-0.005746265
SPU_001262_2,SPU_023140,-0.005752364
SPU_017837,SPU_002592,-0.005756939
SPU_011635,SPU_028255,-0.005757493
SPU_022049,SPU_011202,-0.005768166
SPU_018392,SPU_007644,-0.005784661
SPU_011189,SPU_027015,-0.005788681
SPU_013119,SPU_014401,-0.005800464
SPU_000756,SPU_024953,-0.005811275
SPU_004021,SPU_025825,-0.005814048
SPU_001998,SPU_010873,-0.005817375
SPU_013178,SPU_021666,-0.005842325
SPU_023037,SPU_013810_1,-0.005846622
SPU_027969,SPU_019332,-0.005854385
SPU_019089,SPU_026465,-0.005857018
SPU_021608,SPU_010329,-0.005866999
SPU_000739,SPU_027918,-0.005879612
SPU_017725,SPU_002615,-0.005881414
SPU_015984,SPU_000440,-0.005885434
SPU_008752,SPU_022697,-0.00589389
SPU_014289,SPU_008953_1,-0.005895276
SPU_027774,SPU_028583,-0.005906365
SPU_014836,SPU_006917,-0.005917454
SPU_012469,SPU_010295,-0.00593686
SPU_013305,SPU_004037,-0.005941019
SPU_027969,SPU_008698,-0.00594393
SPU_021172,SPU_024901,-0.005946979
SPU_028120,SPU_027935_1,-0.005946979
SPU_028255,SPU_014683,-0.005952662
SPU_027214,SPU_018392,-0.005968464
SPU_004021,SPU_023510,-0.005990088
SPU_006808,SPU_007862,-0.005991336
SPU_014418,SPU_023510,-0.005996742
SPU_019002,SPU_002836,-0.006002286
SPU_000757,SPU_023510,-0.006005197
SPU_011202,SPU_017971,-0.006008108
SPU_028255,SPU_024745,-0.00601296
SPU_011189,SPU_020124,-0.006017534
SPU_014332,SPU_002836,-0.006020306
SPU_008845,SPU_006427,-0.0060289
SPU_011297,SPU_023510,-0.006029593
SPU_001113,SPU_025825,-0.006051772
SPU_016617,SPU_030139,-0.00605191
SPU_006583,SPU_022955_1,-0.006068821
SPU_000861,SPU_026510,-0.006077693
SPU_023366,SPU_015982,-0.006082128
SPU_015712,SPU_007624,-0.006085594
SPU_022242,SPU_006814,-0.006106109
SPU_002603,SPU_006063,-0.00612094
SPU_003166,SPU_011687,-0.006121911
SPU_000975,SPU_025825,-0.006125792
SPU_018861,SPU_028148,-0.006129396
SPU_016617,SPU_017971,-0.006132723
SPU_011174,SPU_009427,-0.006153376
SPU_017106,SPU_004024,-0.006162802
SPU_025346,SPU_017750,-0.006177079
SPU_004723,SPU_028255,-0.006187475
SPU_011174,SPU_024315,-0.006199119
SPU_000861,SPU_013861,-0.006212703
SPU_011189,SPU_028255,-0.00621603
SPU_019002,SPU_007721,-0.00622407
SPU_023037,SPU_006484,-0.006232386
SPU_001262_2,SPU_009876,-0.006255396
SPU_012648_1,SPU_011711,-0.006262604
SPU_019002,SPU_016490,-0.006263297
SPU_026633,SPU_004037,-0.006279793
SPU_012772,SPU_004702,-0.00630003
SPU_012772,SPU_012949,-0.006300169
SPU_020123,SPU_014763,-0.006304882
SPU_027969,SPU_006063,-0.006310704
SPU_018393,SPU_026385,-0.006315971
SPU_021172,SPU_013904,-0.006325397
SPU_012699,SPU_013140_1,-0.006325813
SPU_011635,SPU_002674,-0.006330803
SPU_006676,SPU_004037,-0.006343555
SPU_015456,SPU_021210,-0.00634813
SPU_017404,SPU_006484,-0.006371833
SPU_011297,SPU_018355_1,-0.006376823
SPU_001739,SPU_016449,-0.006386942
SPU_023037,SPU_027144,-0.006388328
SPU_016523,SPU_015071,-0.006397476
SPU_018393,SPU_027362,-0.006402051
SPU_003595,SPU_030139,-0.006402328
SPU_006676,SPU_025959,-0.006414665
SPU_015908,SPU_003649,-0.006422981
SPU_008752,SPU_024901,-0.00642908
SPU_002632,SPU_027935_1,-0.006434486
SPU_021608,SPU_017404_1,-0.006440863
SPU_023366,SPU_025010,-0.006444051
SPU_005435,SPU_014289,-0.006450288
SPU_005358,SPU_014752,-0.006465397
SPU_019002,SPU_007262,-0.006466645
SPU_012469,SPU_014684,-0.006471496
SPU_006808,SPU_014628,-0.006489655
SPU_002592,SPU_012648_1,-0.006507536
SPU_015829,SPU_010329_1,-0.006510309
SPU_013119,SPU_020803_1,-0.006510724
SPU_018355_1,SPU_028583,-0.006511695
SPU_003102,SPU_013689_1,-0.006512111
SPU_007253,SPU_014588,-0.00651821
SPU_006583,SPU_001415,-0.0065232
SPU_023037,SPU_013810,-0.006539279
SPU_004702,SPU_002632,-0.006545239
SPU_009876,SPU_010305,-0.006548289
SPU_012253,SPU_004287,-0.006551338
SPU_021608,SPU_023366,-0.006559933
SPU_006814,SPU_007624,-0.006563398
SPU_024139,SPU_025825,-0.006568111
SPU_014793,SPU_013510,-0.0065792
SPU_024139,SPU_013689_1,-0.006585299
SPU_014836,SPU_007721,-0.006585299
SPU_011635,SPU_002309,-0.006585853
SPU_015719,SPU_027362,-0.006586269
SPU_004702,SPU_016523,-0.006621339
SPU_014332,SPU_022654,-0.006644487
SPU_012648,SPU_012772,-0.006672765
SPU_019332,SPU_012772,-0.006673319
SPU_019656,SPU_021119,-0.006686626
SPU_003595,SPU_014576,-0.006688983
SPU_022242,SPU_005022,-0.006692032
SPU_003179,SPU_010424,-0.006696884
SPU_018392,SPU_018355,-0.006717676
SPU_026418,SPU_024315,-0.006719894
SPU_014461,SPU_025825,-0.006733201
SPU_001262_2,SPU_013967,-0.006737914
SPU_020124,SPU_002707,-0.006742627
SPU_004148,SPU_017441,-0.00674831
SPU_028093,SPU_028479,-0.006749696
SPU_012648,SPU_002615,-0.006750389
SPU_015358,SPU_014289,-0.006756904
SPU_019332,SPU_027214,-0.006761201
SPU_011174,SPU_007644,-0.006763557
SPU_017579,SPU_011348,-0.006795993
SPU_011635,SPU_006484,-0.006810686
SPU_015243,SPU_002631,-0.006819419
SPU_015719,SPU_026664,-0.006844092
SPU_003102,SPU_007108,-0.006848805
SPU_027053,SPU_027214,-0.006859756
SPU_006583,SPU_003548,-0.006865439
SPU_002592,SPU_010924_1,-0.006871399
SPU_024918,SPU_019384,-0.00689233
SPU_006676,SPU_024745,-0.006895102
SPU_028255,SPU_022697,-0.006899261
SPU_028479,SPU_028583,-0.0068994
SPU_003166,SPU_004037,-0.006910905
SPU_012914,SPU_030139,-0.006930726
SPU_017837,SPU_015071,-0.006937103
SPU_012469,SPU_006808,-0.006944172
SPU_011202,SPU_007863,-0.006956647
SPU_019332,SPU_023730,-0.006958172
SPU_004414,SPU_013861,-0.006961222
SPU_012648_1,SPU_011348,-0.006973697
SPU_027774,SPU_027015,-0.006986588
SPU_006803,SPU_009685,-0.006993519
SPU_003470,SPU_006312,-0.007016667
SPU_022817,SPU_018355,-0.007037875
SPU_004021,SPU_022892,-0.007042311
SPU_021172,SPU_012469,-0.00704245
SPU_000276,SPU_021119,-0.007075579
SPU_011202,SPU_011502,-0.007077103
SPU_006583,SPU_028746,-0.00708944
SPU_006676,SPU_022242,-0.007091658
SPU_027774,SPU_007360_1,-0.007095123
SPU_005022,SPU_020726,-0.007101361
SPU_026205,SPU_005435,-0.007112727
SPU_000948,SPU_024307,-0.007117024
SPU_001262_1,SPU_024044,-0.00715348
SPU_008752,SPU_022955_1,-0.007174549
SPU_002791,SPU_027214,-0.00717649
SPU_013119,SPU_025825,-0.00717746
SPU_003166,SPU_014836,-0.007197005
SPU_014197,SPU_014686,-0.007222371
SPU_006484,SPU_015682,-0.007247322
SPU_014628,SPU_012786,-0.007249263
SPU_009048,SPU_006333,-0.007249956
SPU_002592,SPU_011270,-0.007253144
SPU_002592,SPU_014836,-0.00725952
SPU_013015,SPU_010873,-0.007269916
SPU_002631,SPU_010295,-0.007282114
SPU_007981,SPU_027214,-0.007304293
SPU_006803,SPU_002632,-0.007304986
SPU_013689,SPU_028583,-0.00731552
SPU_011635,SPU_020124,-0.007318293
SPU_001262_1,SPU_003179,-0.007328966
SPU_006583,SPU_023839,-0.007343105
SPU_004723,SPU_025125,-0.00735461
SPU_024093,SPU_020480_1,-0.007354887
SPU_002874,SPU_027214,-0.007355303
SPU_011174,SPU_022717,-0.007366392
SPU_004021,SPU_004924,-0.007371521
SPU_002592,SPU_013178,-0.007384135
SPU_013305,SPU_013576,-0.007394531
SPU_006803,SPU_007011,-0.007404234
SPU_019002,SPU_003548,-0.007404927
SPU_027053,SPU_020123,-0.007413244
SPU_006484,SPU_003378,-0.007414214
SPU_012772,SPU_010873,-0.007421699
SPU_018954,SPU_018744,-0.007422115
SPU_008117_1,SPU_004287_1,-0.007428214
SPU_018954,SPU_019365,-0.007430986
SPU_027214,SPU_023839,-0.007431125
SPU_028479,SPU_009178,-0.007438333
SPU_018744,SPU_028148,-0.007444293
SPU_008752,SPU_022717,-0.007444986
SPU_012491,SPU_014588,-0.00744665
SPU_001262,SPU_028583,-0.007460373
SPU_001262,SPU_023140,-0.007468689
SPU_012203,SPU_011502,-0.007480887
SPU_005435,SPU_013576,-0.007488511
SPU_021172,SPU_005667,-0.007492254
SPU_017404,SPU_030139,-0.007494194
SPU_021172,SPU_022697,-0.007500848
SPU_022816,SPU_028120,-0.00750168
SPU_002874,SPU_014687,-0.007509026
SPU_022242,SPU_003595_1,-0.007510828
SPU_012469,SPU_011272_1,-0.007517482
SPU_014197,SPU_024555,-0.007525799
SPU_012699,SPU_014461,-0.007540492
SPU_028148,SPU_024044,-0.00754465
SPU_015456,SPU_014802,-0.007548809
SPU_019332,SPU_014289,-0.007578056
SPU_018954,SPU_006063,-0.007581799
SPU_013047,SPU_003548,-0.007593858
SPU_013178,SPU_016617,-0.007626294
SPU_022242,SPU_000129,-0.007626294
SPU_024307,SPU_013202,-0.007649166
SPU_019002,SPU_017511,-0.007678275
SPU_012008,SPU_013119,-0.007691582
SPU_023177,SPU_023839,-0.007697819
SPU_020311,SPU_022633,-0.007702532
SPU_000757,SPU_004024,-0.007711819
SPU_012469,SPU_026510,-0.007718889
SPU_021172,SPU_024745,-0.007725681
SPU_020124,SPU_004723,-0.00774273
SPU_015456,SPU_012632,-0.007752433
SPU_004551,SPU_004287_1,-0.007770869
SPU_018581,SPU_020124,-0.007798453
SPU_013689,SPU_014687,-0.007827978
SPU_004414,SPU_014722,-0.007833384
SPU_002592,SPU_027918,-0.007834216
SPU_011635,SPU_007087,-0.007842394
SPU_005022,SPU_020124,-0.007848632
SPU_015456,SPU_022654,-0.007852097
SPU_003102,SPU_017971,-0.007866929
SPU_021608,SPU_013611,-0.007871365
SPU_018391,SPU_003490,-0.007877048
SPU_006786,SPU_011502,-0.007877602
SPU_025346,SPU_015243,-0.007894652
SPU_002791,SPU_020282,-0.007958137
SPU_018744,SPU_010634,-0.007959385
SPU_019002,SPU_013689,-0.008024811
SPU_027935,SPU_002428,-0.008027029
SPU_013178,SPU_007611,-0.00803188
SPU_022049,SPU_002816,-0.008040336
SPU_027969,SPU_012648,-0.008043801
SPU_002592,SPU_000440,-0.008052534
SPU_025584,SPU_002592,-0.00805392
SPU_001998,SPU_007981,-0.0080919
SPU_014793,SPU_017750,-0.008105762
SPU_023037,SPU_009876,-0.008106732
SPU_018483,SPU_015071,-0.008120039
SPU_008752,SPU_014722,-0.008126277
SPU_015828,SPU_004723,-0.008127801
SPU_005435,SPU_006484,-0.008129326
SPU_012203,SPU_012632,-0.00813695
SPU_012253,SPU_016490,-0.008146653
SPU_011635,SPU_026633,-0.008155386
SPU_022678,SPU_017379,-0.008180059
SPU_014401,SPU_014684,-0.008197802
SPU_012914,SPU_018355,-0.008198356
SPU_015719,SPU_011502,-0.008206812
SPU_013569,SPU_009178,-0.008213742
SPU_028255,SPU_005667,-0.008227188
SPU_002791,SPU_006484,-0.008229683
SPU_015712,SPU_003378,-0.008232594
SPU_015108,SPU_027472,-0.008240634
SPU_002592,SPU_009911,-0.008244654
SPU_026962,SPU_014763,-0.008247564
SPU_012008,SPU_017971,-0.00824798
SPU_012772,SPU_023839,-0.008256436
SPU_003595,SPU_012772,-0.008262951
SPU_000861,SPU_002615,-0.008277228
SPU_002874,SPU_028583,-0.00828402
SPU_012469,SPU_013904,-0.008294693
SPU_007644,SPU_019089,-0.008312159
SPU_027969,SPU_004621,-0.008312713
SPU_011635,SPU_004287,-0.008320337
SPU_020123,SPU_028479,-0.008332674
SPU_026633,SPU_014836,-0.00833503
SPU_012699,SPU_021119,-0.008341545
SPU_004414,SPU_023839,-0.00835804
SPU_014836,SPU_007862,-0.008373011
SPU_001998,SPU_014722,-0.008373426
SPU_023366,SPU_017348,-0.008387011
SPU_026418,SPU_014722,-0.008392139
SPU_014401,SPU_003704,-0.008407387
SPU_015767,SPU_026962,-0.008411407
SPU_017837,SPU_018797,-0.008412377
SPU_006583,SPU_022841,-0.00841806
SPU_025584,SPU_015466,-0.008418753
SPU_000975,SPU_024093,-0.008420278
SPU_027969,SPU_014763,-0.00843608
SPU_001998,SPU_023839,-0.008463249
SPU_027472,SPU_006333,-0.008472536
SPU_006583,SPU_005667,-0.008498873
SPU_024139,SPU_013140_1,-0.00854517
SPU_002634,SPU_025584,-0.008547388
SPU_019002,SPU_012877_1,-0.008566378
SPU_008528,SPU_003490,-0.008566932
SPU_020123,SPU_022717,-0.008578576
SPU_012699,SPU_026664,-0.008589942
SPU_010305,SPU_004551,-0.008591606
SPU_015829,SPU_021382,-0.00859618
SPU_012384,SPU_005522,-0.008603111
SPU_003166,SPU_025584,-0.008619329
SPU_023037,SPU_027708,-0.008625012
SPU_026962,SPU_005708,-0.0086422
SPU_009831,SPU_018797,-0.008654398
SPU_009831,SPU_028255,-0.00869723
SPU_005435,SPU_030139,-0.008700279
SPU_015712,SPU_014588,-0.008719963
SPU_013119,SPU_023813,-0.008731884
SPU_013119,SPU_015767,-0.008735349
SPU_018483,SPU_004551,-0.008747824
SPU_022242,SPU_027708,-0.008754062
SPU_006421,SPU_006427,-0.008755864
SPU_014793,SPU_028255,-0.008758359
SPU_003595,SPU_002428,-0.008771805
SPU_018581,SPU_018908,-0.008775686
SPU_014836,SPU_022654,-0.008777904
SPU_014401,SPU_006808,-0.008781923
SPU_009771,SPU_018673,-0.008782478
SPU_024139,SPU_026877,-0.0088023
SPU_005358,SPU_014628,-0.008807706
SPU_015828,SPU_021382,-0.00883834
SPU_012203,SPU_006991,-0.008842082
SPU_013119,SPU_016881,-0.00885331
SPU_028255,SPU_026510,-0.008903766
SPU_012772,SPU_004217,-0.008907785
SPU_009831,SPU_020124,-0.00890834
SPU_001262_1,SPU_014687,-0.008928162
SPU_011189,SPU_004746,-0.008934954
SPU_013119,SPU_018393,-0.008941469
SPU_012645,SPU_011315,-0.008942023
SPU_014836,SPU_021210,-0.008957687
SPU_021172,SPU_023366,-0.008975291
SPU_002592,SPU_002707,-0.009031568
SPU_028255,SPU_006808,-0.009038222
SPU_011189,SPU_026633,-0.009043766
SPU_014418,SPU_020330_1,-0.009045152
SPU_015828,SPU_017441,-0.00904543
SPU_003595_1,SPU_017404_1,-0.009046123
SPU_004599,SPU_006004,-0.009079113
SPU_019089,SPU_018673,-0.009079806
SPU_016617,SPU_026664,-0.009118064
SPU_017407,SPU_015712,-0.009132202
SPU_003470,SPU_012877,-0.009133311
SPU_017407,SPU_007253,-0.009137886
SPU_017837,SPU_008752,-0.009139133
SPU_012469,SPU_024901,-0.009161034
SPU_023037,SPU_013576,-0.00916644
SPU_002592,SPU_000861,-0.009174341
SPU_014289,SPU_013569,-0.009176143
SPU_006583,SPU_011635,-0.009179747
SPU_027935,SPU_021666,-0.009183074
SPU_017642,SPU_007644,-0.009195133
SPU_024903,SPU_012913,-0.009246975
SPU_006462,SPU_015071,-0.009264163
SPU_006803,SPU_002707,-0.009288005
SPU_014722,SPU_017441,-0.009326679
SPU_003595,SPU_023065,-0.009370758
SPU_013689,SPU_013810_1,-0.009371312
SPU_025888,SPU_014752,-0.009390164
SPU_005022,SPU_000016_1,-0.009403887
SPU_014289,SPU_016449,-0.009404164
SPU_011174,SPU_022955_1,-0.00941054
SPU_015108,SPU_023463_1,-0.009411511
SPU_015829,SPU_004723,-0.009422461
SPU_000129,SPU_014628,-0.009431333
SPU_011174,SPU_001415,-0.009434936
SPU_009831,SPU_012877,-0.009435907
SPU_027774,SPU_004551,-0.009439649
SPU_007611,SPU_007360_1,-0.009455174
SPU_011297,SPU_006333,-0.009479155
SPU_020311,SPU_002836,-0.009543472
SPU_011174,SPU_023839,-0.009543888
SPU_003595,SPU_003586,-0.009550541
SPU_007644,SPU_000129,-0.009554977
SPU_021172,SPU_013611,-0.009571056
SPU_021172,SPU_011226,-0.009577294
SPU_009048,SPU_011502,-0.009590046
SPU_011174,SPU_014722,-0.00959171
SPU_015374,SPU_005708,-0.009592125
SPU_014722,SPU_019508,-0.009594759
SPU_028255,SPU_011720,-0.009607789
SPU_028255,SPU_014836,-0.009613888
SPU_017404,SPU_025125,-0.009637175
SPU_003595,SPU_023730,-0.009652423
SPU_003470,SPU_017750,-0.009664344
SPU_014418,SPU_012632,-0.009678759
SPU_017407,SPU_016016,-0.009697611
SPU_011297,SPU_006865,-0.009716463
SPU_018908,SPU_005435,-0.009734067
SPU_004287,SPU_028093,-0.009741829
SPU_007611,SPU_017379,-0.009742799
SPU_017492,SPU_013178,-0.009745849
SPU_002592,SPU_009646,-0.009751255
SPU_012648,SPU_000669,-0.009754166
SPU_001998,SPU_024953,-0.009757492
SPU_006583,SPU_015828,-0.00976276
SPU_011635,SPU_025849,-0.009779671
SPU_026418,SPU_012949,-0.009790206
SPU_015374,SPU_022717,-0.009809196
SPU_020124,SPU_010329_1,-0.00981072
SPU_022242,SPU_007360_1,-0.009811552
SPU_014332,SPU_007315,-0.009814186
SPU_015829,SPU_017441,-0.009824721
SPU_028255,SPU_024901,-0.009827077
SPU_011315,SPU_004287,-0.009834146
SPU_004599,SPU_020330_1,-0.00985078
SPU_017837,SPU_028093,-0.009900543
SPU_012469,SPU_007957,-0.009908166
SPU_003378,SPU_024307,-0.009908305
SPU_013119,SPU_019366,-0.009916761
SPU_028120,SPU_026877,-0.009925632
SPU_018392,SPU_004807,-0.009929097
SPU_004414,SPU_007981,-0.009931731
SPU_001739,SPU_014461,-0.009932701
SPU_006991,SPU_011297,-0.009934087
SPU_012253,SPU_007262,-0.009935612
SPU_006803,SPU_011635,-0.009936444
SPU_001262,SPU_009876,-0.00994088
SPU_002592,SPU_009685,-0.00994781
SPU_023366,SPU_017971,-0.009954187
SPU_027053,SPU_013576,-0.009959315
SPU_021172,SPU_011687,-0.009964583
SPU_003166,SPU_007011,-0.009979553
SPU_011297,SPU_011502,-0.009988424
SPU_015828,SPU_010625,-0.00998981
SPU_017470,SPU_017656,-0.009993276
SPU_000424,SPU_024610,-0.010028345
SPU_026905,SPU_004551,-0.010035553
SPU_021172,SPU_026465,-0.010048722
SPU_017837,SPU_014628,-0.010052048
SPU_027214,SPU_015828,-0.010062583
SPU_006803,SPU_011756,-0.01009086
SPU_014722,SPU_021382,-0.010118722
SPU_012648,SPU_018850,-0.010122326
SPU_000861,SPU_018355,-0.010161554
SPU_025584,SPU_012877,-0.010167653
SPU_019332,SPU_016523,-0.010175831
SPU_006803,SPU_006871,-0.010186504
SPU_026418,SPU_001415,-0.010196485
SPU_023366,SPU_002428,-0.010206049
SPU_014418,SPU_011502,-0.010208267
SPU_027935,SPU_009048,-0.010211732
SPU_012469,SPU_007644,-0.010214089
SPU_028479,SPU_014686,-0.010220881
SPU_016881,SPU_021119,-0.010225594
SPU_026418,SPU_023839,-0.010227396
SPU_028120,SPU_006333,-0.010251376
SPU_007981,SPU_020123,-0.010251931
SPU_023037,SPU_009178,-0.010267178
SPU_015243,SPU_000861,-0.010279099
SPU_000485,SPU_011502,-0.010297257
SPU_027053,SPU_006484,-0.010299475
SPU_019290,SPU_015682,-0.010309178
SPU_026962,SPU_003595,-0.010314862
SPU_027774,SPU_027708,-0.010317357
SPU_000739,SPU_000841,-0.010330802
SPU_022846,SPU_011502,-0.010341753
SPU_005435,SPU_017379,-0.010347713
SPU_020311,SPU_007011,-0.010364901
SPU_006484,SPU_013569,-0.010371
SPU_025888,SPU_006865,-0.010374743
SPU_008845,SPU_019024_1,-0.010384862
SPU_012384,SPU_009646,-0.01038708
SPU_015374,SPU_008953_1,-0.010397753
SPU_023894,SPU_003704,-0.010402743
SPU_023177,SPU_019332,-0.010406624
SPU_006808,SPU_007863,-0.010407317
SPU_018391,SPU_002467,-0.01042104
SPU_011174,SPU_026390,-0.010425337
SPU_006583,SPU_024901_1,-0.010428248
SPU_013119,SPU_016786,-0.010428387
SPU_026418,SPU_010329_1,-0.01046013
SPU_007644,SPU_020123,-0.01047205
SPU_012546,SPU_007108,-0.010478565
SPU_026099,SPU_011502,-0.010482308
SPU_007262,SPU_014752,-0.010485357
SPU_011297,SPU_009847,-0.010487991
SPU_012253,SPU_002836,-0.010499357
SPU_012772,SPU_011226,-0.010524863
SPU_027774,SPU_009876,-0.01052708
SPU_012772,SPU_024745,-0.010528744
SPU_021192,SPU_013140_1,-0.010531793
SPU_026418,SPU_007981,-0.010543853
SPU_004702,SPU_017379,-0.010545655
SPU_021172,SPU_015071,-0.010589457
SPU_002592,SPU_007957,-0.010618566
SPU_005022,SPU_004148,-0.010623695
SPU_027969,SPU_013861,-0.010684962
SPU_018581,SPU_015243,-0.010691754
SPU_012469,SPU_021382,-0.010695081
SPU_012253,SPU_007011,-0.010697715
SPU_028255,SPU_027918,-0.010698547
SPU_015456,SPU_007108,-0.010701596
SPU_011174,SPU_028746,-0.010709636
SPU_019002,SPU_025584,-0.010724467
SPU_018483,SPU_012469,-0.010724883
SPU_026418,SPU_028746,-0.010745537
SPU_012203,SPU_015243,-0.010750111
SPU_014418,SPU_014802,-0.010779082
SPU_017725,SPU_014628,-0.010784072
SPU_028255,SPU_018673,-0.010794329
SPU_004702,SPU_023730,-0.010797795
SPU_027969,SPU_021382,-0.010800428
SPU_028255,SPU_004037,-0.010803339
SPU_026962,SPU_008953_1,-0.010805418
SPU_003470,SPU_009756,-0.010827042
SPU_004414,SPU_005708,-0.010841735
SPU_012008,SPU_021119,-0.01084631
SPU_023366,SPU_002025_1,-0.010859894
SPU_023037,SPU_000129,-0.010865854
SPU_014197,SPU_013569,-0.010867795
SPU_027969,SPU_025848,-0.010868488
SPU_015829,SPU_026390,-0.010875973
SPU_028255,SPU_012384,-0.010879993
SPU_011297,SPU_014461,-0.010909241
SPU_013119,SPU_007147,-0.010912983
SPU_011635,SPU_014752,-0.010915478
SPU_028827,SPU_013178,-0.010919914
SPU_017379,SPU_004148,-0.010923934
SPU_016617,SPU_013689_1,-0.010948469
SPU_026418,SPU_022955_1,-0.0109493
SPU_028255,SPU_019365,-0.010972726
SPU_012469,SPU_002554,-0.010977716
SPU_017470,SPU_012912,-0.010983815
SPU_003595,SPU_007624,-0.010999201
SPU_010635,SPU_015828,-0.011032885
SPU_008117,SPU_025125,-0.011034825
SPU_020565,SPU_014628,-0.011042726
SPU_026962,SPU_014628,-0.011043004
SPU_027774,SPU_000129,-0.011044528
SPU_003470,SPU_030148,-0.011058251
SPU_014332,SPU_007863,-0.011062964
SPU_004021,SPU_014802,-0.011063796
SPU_025346,SPU_012469,-0.011116747
SPU_006583,SPU_005737,-0.011120351
SPU_012645,SPU_004037,-0.011132687
SPU_021172,SPU_000578,-0.011155974
SPU_018392,SPU_023090,-0.011171638
SPU_026633,SPU_008845,-0.011196173
SPU_004551,SPU_003378,-0.01120047
SPU_017971,SPU_012632,-0.011204074
SPU_019002,SPU_021210,-0.011216965
SPU_028583,SPU_015828,-0.011236787
SPU_028255,SPU_011687,-0.011239143
SPU_014793,SPU_020124,-0.011267975
SPU_007599,SPU_011502,-0.011272688
SPU_017379,SPU_000806,-0.011273104
SPU_022846,SPU_013140_1,-0.011313025
SPU_007981,SPU_016523,-0.011317322
SPU_014197,SPU_007108,-0.011322312
SPU_006583,SPU_018392,-0.011324391
SPU_015108,SPU_006333,-0.011329797
SPU_018954,SPU_008698,-0.011345045
SPU_022846,SPU_026877,-0.011347401
SPU_011174,SPU_004723,-0.011353084
SPU_018581,SPU_026205,-0.011354055
SPU_008703,SPU_019825,-0.011378589
SPU_018355_1,SPU_014687,-0.011393976
SPU_026905,SPU_020680,-0.011394946
SPU_002791,SPU_020123,-0.011436392
SPU_015829,SPU_010625,-0.01144152
SPU_003595,SPU_014588,-0.011467303
SPU_019002,SPU_022654,-0.011476451
SPU_019366,SPU_021119,-0.011551858
SPU_017642,SPU_013611,-0.01156059
SPU_002874,SPU_020123,-0.011582214
SPU_014576,SPU_022473,-0.011585402
SPU_020565,SPU_014684,-0.011595383
SPU_020124,SPU_019508,-0.011604392
SPU_009831,SPU_020123,-0.011605501
SPU_014418,SPU_009474,-0.011611739
SPU_006803,SPU_008845,-0.01162269
SPU_026418,SPU_008698,-0.011641957
SPU_010424,SPU_010634,-0.011676749
SPU_003166,SPU_008845,-0.011703918
SPU_008752,SPU_002707,-0.011727205
SPU_026465,SPU_014687,-0.011728452
SPU_019002,SPU_007862,-0.011746334
SPU_011635,SPU_020123,-0.011766433
SPU_027969,SPU_024901,-0.011768789
SPU_015828,SPU_018355,-0.01177475
SPU_012384,SPU_007863,-0.011784037
SPU_006803,SPU_009831,-0.011806354
SPU_000129,SPU_018797,-0.011824097
SPU_017404_1,SPU_006242,-0.011828116
SPU_007147,SPU_006197,-0.011835463
SPU_025584,SPU_012912,-0.011871919
SPU_014793,SPU_018908,-0.011896453
SPU_027969,SPU_026390,-0.011909344
SPU_022678,SPU_027362,-0.011922651
SPU_002592,SPU_006871,-0.011930275
SPU_004599,SPU_016792,-0.011945939
SPU_011174,SPU_008698,-0.011998474
SPU_003470,SPU_000739,-0.011999028
SPU_017642,SPU_013861,-0.012004711
SPU_019089,SPU_007315,-0.012005682
SPU_018954,SPU_012949,-0.012033959
SPU_008117_1,SPU_009079_1,-0.012040474
SPU_027472,SPU_011272_1,-0.012047543
SPU_027774,SPU_006484,-0.012084969
SPU_012253,SPU_009646,-0.012167999
SPU_006583,SPU_012948,-0.012178395
SPU_014418,SPU_023366,-0.012191425
SPU_017404,SPU_017379,-0.012197247
SPU_006814,SPU_003378,-0.012209306
SPU_012384,SPU_007262,-0.012211663
SPU_027015,SPU_022846,-0.012212356
SPU_012469,SPU_024901_1,-0.012223168
SPU_017837,SPU_030148,-0.012232455
SPU_023730,SPU_007108,-0.01224396
SPU_008845,SPU_004807,-0.012244792
SPU_009831,SPU_018483,-0.012269049
SPU_015828,SPU_026390,-0.012293723
SPU_022242,SPU_023757,-0.012329069
SPU_007253,SPU_002467,-0.012338218
SPU_014722,SPU_010625,-0.012348614
SPU_022242,SPU_006484,-0.012366634
SPU_018954,SPU_019332,-0.012399208
SPU_017470,SPU_026633,-0.012406278
SPU_025584,SPU_015243,-0.012416119
SPU_006676,SPU_005435,-0.012435109
SPU_023037,SPU_003586,-0.01247309
SPU_027969,SPU_022717,-0.012517446
SPU_020722,SPU_004806,-0.01252507
SPU_012469,SPU_009646,-0.012541843
SPU_017579,SPU_023757,-0.012552932
SPU_003166,SPU_014923,-0.012554872
SPU_025888,SPU_015682,-0.012571783
SPU_027598,SPU_028148,-0.012594793
SPU_016449,SPU_009048,-0.012605189
SPU_014793,SPU_012877,-0.012609625
SPU_000129,SPU_018908,-0.01261115
SPU_017404_1,SPU_023730,-0.012620714
SPU_002592,SPU_011711,-0.012627922
SPU_014836,SPU_027144,-0.012649962
SPU_003595,SPU_023140,-0.012654675
SPU_021608,SPU_009646,-0.012658695
SPU_006917,SPU_003378,-0.012666596
SPU_012913,SPU_011064,-0.012683368
SPU_023037,SPU_012772,-0.012684477
SPU_003595,SPU_013967,-0.012686279
SPU_005358,SPU_000509,-0.012729388
SPU_004021,SPU_009474,-0.012742972
SPU_022242,SPU_019089,-0.01277624
SPU_013119,SPU_024093,-0.012822676
SPU_015828,SPU_005035,-0.012822953
SPU_018126,SPU_028093,-0.012827388
SPU_000739,SPU_012253,-0.012857606
SPU_015829,SPU_018355,-0.01286523
SPU_000975,SPU_019656,-0.012866478
SPU_018581,SPU_024903,-0.012872438
SPU_023366,SPU_014131,-0.012872577
SPU_014836,SPU_002025_1,-0.012904181
SPU_011174,SPU_018673,-0.012909864
SPU_018861,SPU_012913,-0.012912498
SPU_025584,SPU_024903,-0.012917904
SPU_011297,SPU_012632,-0.012941607
SPU_025346,SPU_015466,-0.012949369
SPU_008117_1,SPU_014576,-0.012950755
SPU_014793,SPU_018483,-0.012958795
SPU_001657,SPU_021210,-0.012962399
SPU_012772,SPU_019332,-0.012963647
SPU_003470,SPU_008112,-0.012969468
SPU_006583,SPU_018373,-0.012970161
SPU_020123,SPU_013305,-0.012978062
SPU_027935,SPU_007011,-0.012998855
SPU_000975,SPU_000276,-0.013017983
SPU_003470,SPU_002632,-0.013037805
SPU_021172,SPU_018673,-0.013082994
SPU_027969,SPU_018373,-0.013093528
SPU_002634,SPU_018908,-0.013102261
SPU_027472,SPU_015682,-0.01311335
SPU_007262,SPU_004746,-0.013116261
SPU_019002,SPU_022816,-0.013122499
SPU_013569,SPU_009771,-0.013153271
SPU_011297,SPU_015682,-0.013162836
SPU_018954,SPU_010426,-0.013162836
SPU_012469,SPU_012948,-0.013171014
SPU_013119,SPU_012050,-0.013174063
SPU_011174,SPU_010873,-0.01318543
SPU_009642,SPU_020124,-0.013211489
SPU_010424,SPU_009474,-0.013239905
SPU_011174,SPU_010329_1,-0.013292302
SPU_022049,SPU_003084,-0.013299925
SPU_018797,SPU_020565,-0.013331945
SPU_018483,SPU_007957,-0.013351351
SPU_018581,SPU_008377_2,-0.013365629
SPU_014722,SPU_005035,-0.013415391
SPU_019332,SPU_024953,-0.0134165
SPU_006583,SPU_018391,-0.013435768
SPU_018908,SPU_003595,-0.013441867
SPU_004723,SPU_013202,-0.013480817
SPU_021172,SPU_011720,-0.013482758
SPU_003166,SPU_009831,-0.013490798
SPU_009831,SPU_023014,-0.013520045
SPU_027774,SPU_003586,-0.01352157
SPU_017470,SPU_024903,-0.013531412
SPU_027935,SPU_002603,-0.013534461
SPU_007262,SPU_030148,-0.013535986
SPU_013689,SPU_030148,-0.013536818
SPU_015829,SPU_005035,-0.013598778
SPU_005435,SPU_007360_1,-0.013654363
SPU_025346,SPU_000861,-0.013662125
SPU_007147,SPU_013305,-0.013677096
SPU_023037,SPU_014289,-0.013740858
SPU_014793,SPU_006462,-0.013775512
SPU_019332,SPU_025125,-0.013777037
SPU_012914,SPU_003937,-0.013824859
SPU_019002,SPU_014752,-0.013827215
SPU_027774,SPU_023140,-0.013848423
SPU_017837,SPU_024189,-0.013864641
SPU_007599,SPU_023366,-0.013875592
SPU_007262,SPU_013202,-0.013896106
SPU_014197,SPU_006808,-0.013921889
SPU_023037,SPU_017348,-0.013940602
SPU_015108,SPU_018797,-0.013951968
SPU_019332,SPU_013967,-0.013960839
SPU_014332,SPU_014793,-0.013962087
SPU_028255,SPU_011635,-0.013978444
SPU_012253,SPU_009831,-0.0139808
SPU_010424,SPU_015772,-0.013987592
SPU_010424,SPU_017492,-0.013988701
SPU_011297,SPU_024555,-0.014031533
SPU_018483,SPU_018908,-0.014035414
SPU_009831,SPU_022049,-0.014109711
SPU_000485,SPU_026877,-0.014155038
SPU_015982,SPU_017511,-0.014184563
SPU_028255,SPU_012786,-0.01420189
SPU_024093,SPU_006808,-0.014239177
SPU_001262,SPU_001739,-0.014246385
SPU_018392,SPU_015071_1,-0.014248049
SPU_009831,SPU_011756,-0.014265791
SPU_014722,SPU_012948,-0.014279098
SPU_026962,SPU_001262_1,-0.014279514
SPU_024307,SPU_017470,-0.0142949
SPU_008117_1,SPU_006803,-0.014338841
SPU_006421,SPU_011348,-0.014347574
SPU_028255,SPU_009642,-0.014377653
SPU_009831,SPU_026633,-0.01438999
SPU_019332,SPU_017379,-0.014412446
SPU_015828,SPU_013902,-0.014473852
SPU_000129,SPU_026962,-0.014476486
SPU_020124,SPU_019365,-0.014476901
SPU_021172,SPU_026510,-0.014481614
SPU_006808,SPU_014131,-0.014512525
SPU_012469,SPU_025346,-0.01452805
SPU_028255,SPU_007011,-0.014555634
SPU_004148,SPU_021382,-0.01456908
SPU_003179,SPU_005435,-0.014589872
SPU_000948,SPU_023065,-0.014590288
SPU_001998,SPU_004702,-0.014604704
SPU_028479,SPU_024189,-0.014619397
SPU_014332,SPU_009642,-0.014649476
SPU_017579,SPU_007863,-0.014652942
SPU_021172,SPU_009685,-0.014682467
SPU_026465,SPU_020124,-0.01469619
SPU_014722,SPU_013902,-0.014698269
SPU_015772,SPU_004037,-0.014724883
SPU_004414,SPU_004702,-0.014726962
SPU_014722,SPU_016250,-0.014762586
SPU_011189,SPU_005522,-0.014764526
SPU_008752,SPU_008563,-0.014775616
SPU_014793,SPU_000739,-0.014792527
SPU_026418,SPU_015828,-0.014834665
SPU_027015,SPU_012203,-0.014850052
SPU_015374,SPU_024953,-0.014866131
SPU_026633,SPU_007011,-0.014868487
SPU_027969,SPU_004723,-0.01488027
SPU_011576,SPU_026664,-0.014887339
SPU_012490,SPU_022633,-0.014934745
SPU_012772,SPU_018673,-0.014958587
SPU_024093,SPU_015243,-0.015065043
SPU_009642,SPU_012877,-0.015069756
SPU_015108,SPU_004287_1,-0.015103162
SPU_013119,SPU_004924,-0.015111756
SPU_019332,SPU_026277,-0.01518439
SPU_017470,SPU_007108,-0.015225004
SPU_022242,SPU_008953_1,-0.015229162
SPU_022242,SPU_004702,-0.01522944
SPU_014793,SPU_026962,-0.015237895
SPU_000948,SPU_013047,-0.015265479
SPU_002874,SPU_020282,-0.015271578
SPU_019332,SPU_006242,-0.015281559
SPU_025113,SPU_011348,-0.015307618
SPU_016449,SPU_006786,-0.015326886
SPU_004148,SPU_010625,-0.015333955
SPU_011174,SPU_015828,-0.01537651
SPU_015829,SPU_013902,-0.01538843
SPU_009831,SPU_019089,-0.015402846
SPU_002603,SPU_018392,-0.015412272
SPU_027774,SPU_016523,-0.015423223
SPU_014836,SPU_007863,-0.015455104
SPU_003595,SPU_023757,-0.015480886
SPU_015828,SPU_012948,-0.015508887
SPU_000129,SPU_002662_1,-0.015512906
SPU_020565,SPU_007108,-0.015529124
SPU_002592,SPU_014923,-0.015539659
SPU_003595,SPU_017379,-0.01555255
SPU_000485,SPU_014684,-0.015558926
SPU_016449,SPU_013047,-0.015577223
SPU_027053,SPU_000129,-0.015598154
SPU_027774,SPU_028148,-0.01560162
SPU_027969,SPU_010329_1,-0.015620748
SPU_002815,SPU_020282,-0.015633362
SPU_002320,SPU_017470,-0.01564958
SPU_014836,SPU_004746,-0.015657759
SPU_012384,SPU_019033,-0.015662471
SPU_009048,SPU_012632,-0.015665937
SPU_012203,SPU_013569,-0.015688531
SPU_001262_2,SPU_003179,-0.015701145
SPU_011174,SPU_001937,-0.015716808
SPU_027774,SPU_019089,-0.0157437
SPU_011576,SPU_002467,-0.015748967
SPU_019089,SPU_010924,-0.015798175
SPU_022846,SPU_026664,-0.015836155
SPU_000129,SPU_010722,-0.015839066
SPU_011297,SPU_014684,-0.015843363
SPU_009642,SPU_000739,-0.015845027
SPU_021172,SPU_002615,-0.015855839
SPU_025632,SPU_021119,-0.015860274
SPU_026905,SPU_025888,-0.015865403
SPU_027053,SPU_012772,-0.015894235
SPU_027214,SPU_000806,-0.015910591
SPU_020565,SPU_004037,-0.01591974
SPU_018954,SPU_003649,-0.015959245
SPU_017579,SPU_015712,-0.015960493
SPU_024918,SPU_006197,-0.015970196
SPU_006676,SPU_018850,-0.016042137
SPU_028255,SPU_011711,-0.016044909
SPU_012253,SPU_022816,-0.016054612
SPU_025346,SPU_014643,-0.016061404
SPU_022242,SPU_024953,-0.016069305
SPU_020637,SPU_014684,-0.016095226
SPU_016449,SPU_020565,-0.016117266
SPU_002592,SPU_015605,-0.016133484
SPU_015243,SPU_013178,-0.016149008
SPU_018355_1,SPU_020123,-0.016155246
SPU_025113,SPU_012469,-0.016163008
SPU_024139,SPU_004287_1,-0.016192672
SPU_004702,SPU_013570,-0.016230652
SPU_003166,SPU_007957,-0.016237167
SPU_020124,SPU_021044,-0.016237444
SPU_027969,SPU_007203,-0.016291504
SPU_013015,SPU_005435,-0.016297049
SPU_015829,SPU_012948,-0.01632491
SPU_008117,SPU_030148,-0.016326435
SPU_027015,SPU_020680,-0.016341544
SPU_012648,SPU_026465,-0.016348197
SPU_011635,SPU_002129,-0.016360257
SPU_001998,SPU_019332,-0.016372871
SPU_027774,SPU_012772,-0.016380217
SPU_012203,SPU_021557,-0.016390059
SPU_027969,SPU_007644,-0.016470455
SPU_012914,SPU_011348,-0.016530891
SPU_022242,SPU_007863,-0.01654905
SPU_018392,SPU_004806,-0.016557367
SPU_000749,SPU_013305,-0.016593268
SPU_006803,SPU_010458,-0.016601446
SPU_003595,SPU_006242,-0.016652872
SPU_028583,SPU_005435,-0.016664516
SPU_012699,SPU_023366,-0.016741724
SPU_019332,SPU_018861,-0.016745467
SPU_022846,SPU_009847,-0.016754615
SPU_027214,SPU_007981,-0.016761546
SPU_019332,SPU_003586,-0.016776101
SPU_026099,SPU_014684,-0.016787883
SPU_008845,SPU_004806,-0.016790101
SPU_003548,SPU_004551,-0.016813526
SPU_028255,SPU_015071_1,-0.016863012
SPU_012648,SPU_014576,-0.01687216
SPU_007644,SPU_013202,-0.016872576
SPU_028479,SPU_026633,-0.016877982
SPU_027774,SPU_017379,-0.016893784
SPU_009771,SPU_010924,-0.016896972
SPU_014836,SPU_014752,-0.01694327
SPU_012203,SPU_018954,-0.016975428
SPU_013305,SPU_016523,-0.017024221
SPU_004414,SPU_019332,-0.01703628
SPU_001998,SPU_003595,-0.017038914
SPU_000948,SPU_026277,-0.017059429
SPU_003595_1,SPU_002632,-0.017079251
SPU_003470,SPU_006753,-0.017082577
SPU_016449,SPU_008703,-0.017105587
SPU_019332,SPU_023065,-0.017142736
SPU_028827,SPU_010295,-0.01714329
SPU_026633,SPU_011635,-0.017217449
SPU_026418,SPU_016250,-0.01723242
SPU_014628,SPU_011130,-0.017255984
SPU_004414,SPU_003595,-0.017279548
SPU_025010,SPU_011756,-0.01732446
SPU_027015,SPU_021192,-0.017344004
SPU_028255,SPU_014923,-0.017362717
SPU_024093,SPU_017511,-0.017377272
SPU_012384,SPU_011348,-0.017418024
SPU_011174,SPU_022955,-0.017445331
SPU_023366,SPU_001262_1,-0.017454341
SPU_014628,SPU_002320,-0.017470282
SPU_020123,SPU_003595,-0.01748345
SPU_017579,SPU_002428,-0.01751949
SPU_017404_1,SPU_026418,-0.017542777
SPU_015640,SPU_013140,-0.017552342
SPU_013047,SPU_006808,-0.017576322
SPU_005022,SPU_015358,-0.017588936
SPU_017642,SPU_020646,-0.017640223
SPU_012253,SPU_025346,-0.01765963
SPU_014170,SPU_006808,-0.017682501
SPU_027774,SPU_014289,-0.017704402
SPU_013689,SPU_002662_1,-0.017762482
SPU_027053,SPU_014289,-0.017784798
SPU_008528,SPU_002467,-0.017792561
SPU_022242,SPU_027144,-0.017830125
SPU_000861,SPU_026465,-0.017855492
SPU_020722,SPU_002467,-0.017875314
SPU_018392,SPU_019384,-0.017940463
SPU_020124,SPU_008563,-0.017975948
SPU_011348,SPU_005522,-0.017978443
SPU_020311,SPU_009642,-0.017989116
SPU_027935,SPU_007862,-0.017991473
SPU_014793,SPU_006991,-0.018015314
SPU_022820,SPU_024189,-0.0180508
SPU_000975,SPU_020330_1,-0.018069235
SPU_002874,SPU_019089,-0.018091137
SPU_015374,SPU_005435,-0.018100008
SPU_027969,SPU_000922,-0.018105137
SPU_003704,SPU_020123,-0.018108741
SPU_003470,SPU_025125,-0.018187058
SPU_011246,SPU_010924,-0.018216167
SPU_015908,SPU_018954,-0.01826884
SPU_008117,SPU_024189,-0.018268979
SPU_018393,SPU_018954,-0.018338148
SPU_023037,SPU_019089,-0.018342583
SPU_002632,SPU_022573,-0.018345078
SPU_014170,SPU_026664,-0.018352702
SPU_014836,SPU_022049,-0.018387494
SPU_001262,SPU_002815,-0.018426168
SPU_024307,SPU_003586,-0.018529852
SPU_006814,SPU_010924,-0.018570188
SPU_024189,SPU_016523,-0.01859902
SPU_006803,SPU_014923,-0.018632565
SPU_026418,SPU_005737,-0.01864102
SPU_016881,SPU_015362,-0.018654882
SPU_003595,SPU_016523,-0.018656129
SPU_028255,SPU_009831,-0.018722942
SPU_009831,SPU_030148,-0.01872613
SPU_018355,SPU_020123,-0.018729041
SPU_002603,SPU_005435,-0.018729734
SPU_011635,SPU_022049,-0.018757457
SPU_002592,SPU_017725,-0.01876716
SPU_024093,SPU_023366,-0.018789754
SPU_021172,SPU_011270,-0.018928784
SPU_021172,SPU_006871,-0.018948467
SPU_026418,SPU_004037,-0.018949299
SPU_005022,SPU_002632,-0.018977438
SPU_011174,SPU_005737,-0.01899324
SPU_021172,SPU_002707,-0.019078349
SPU_003166,SPU_021044,-0.019095122
SPU_012469,SPU_021044,-0.019122151
SPU_003470,SPU_015466,-0.01918536
SPU_007262,SPU_006803,-0.01922431
SPU_006583,SPU_000806,-0.019241083
SPU_005022,SPU_010924,-0.019242053
SPU_022817,SPU_004217,-0.019308311
SPU_018355_1,SPU_009876,-0.019327717
SPU_013015,SPU_003595,-0.019343103
SPU_025584,SPU_018908,-0.019460648
SPU_027015,SPU_011297,-0.019487678
SPU_022242,SPU_013967,-0.019515539
SPU_011189,SPU_000669,-0.019583045
SPU_016881,SPU_015199,-0.01959552
SPU_023037,SPU_004746,-0.019668709
SPU_018581,SPU_023014,-0.019685758
SPU_028255,SPU_021044,-0.01972762
SPU_023037,SPU_014576,-0.019736491
SPU_020722,SPU_028093,-0.019758115
SPU_003166,SPU_010329,-0.019773778
SPU_004414,SPU_024953,-0.019798174
SPU_017470,SPU_024307,-0.019924868
SPU_021608,SPU_014131,-0.019940116
SPU_017837,SPU_006803,-0.01994774
SPU_008752,SPU_010458,-0.019952314
SPU_028255,SPU_000578,-0.01998669
SPU_021172,SPU_015071_1,-0.019993898
SPU_023894,SPU_026664,-0.020018849
SPU_005435,SPU_023177,-0.020051839
SPU_014793,SPU_008112,-0.020056136
SPU_027598,SPU_015712,-0.020077621
SPU_027969,SPU_002791,-0.020098275
SPU_026418,SPU_022955,-0.020104097
SPU_011189,SPU_000129,-0.020107423
SPU_021608,SPU_009831,-0.020202374
SPU_018391,SPU_018850,-0.020208335
SPU_005435,SPU_027708,-0.020272513
SPU_004599,SPU_027362,-0.020290533
SPU_012203,SPU_002320,-0.020344732
SPU_026962,SPU_012949,-0.020349029
SPU_004217,SPU_020282,-0.020452574
SPU_027969,SPU_019652,-0.020479742
SPU_026905,SPU_025346,-0.02050095
SPU_008752,SPU_000806,-0.020503861
SPU_006803,SPU_016272,-0.020511623
SPU_012469,SPU_007108,-0.020580515
SPU_014836,SPU_017492,-0.02063402
SPU_026905,SPU_013202,-0.020678793
SPU_020124,SPU_014923,-0.020692654
SPU_011174,SPU_018392,-0.020703327
SPU_014418,SPU_027362,-0.020743941
SPU_027472,SPU_006808,-0.020760159
SPU_022242,SPU_002815,-0.020834457
SPU_012469,SPU_019508,-0.02083917
SPU_012469,SPU_011635,-0.02084208
SPU_008117,SPU_014576,-0.020843328
SPU_006484,SPU_028093,-0.020861487
SPU_024189,SPU_004287,-0.020862734
SPU_011635,SPU_019089,-0.020892813
SPU_014793,SPU_012912,-0.020898912
SPU_024918,SPU_002874,-0.020909586
SPU_021608,SPU_025346,-0.020942715
SPU_014836,SPU_001262_1,-0.020998715
SPU_027774,SPU_012913,-0.021034893
SPU_021172,SPU_009646,-0.021074953
SPU_026418,SPU_018673,-0.021100735
SPU_013305,SPU_023177,-0.021163666
SPU_002791,SPU_013967,-0.021311013
SPU_018908,SPU_001262_1,-0.021340122
SPU_006583,SPU_025848,-0.021413865
SPU_009831,SPU_012469,-0.021451707
SPU_027935,SPU_013305,-0.021479846
SPU_027053,SPU_019089,-0.021497034
SPU_011189,SPU_008752,-0.021508955
SPU_002592,SPU_025584,-0.0215145
SPU_005435,SPU_019089,-0.021560935
SPU_022242,SPU_001739,-0.021566341
SPU_008528,SPU_018850,-0.02156745
SPU_015828,SPU_022487,-0.02167349
SPU_026633,SPU_004702,-0.021755273
SPU_001262_2,SPU_015982,-0.021766224
SPU_014628,SPU_006676,-0.021824996
SPU_022242,SPU_026731,-0.021828184
SPU_028479,SPU_023014,-0.021838026
SPU_020124,SPU_010458,-0.02184066
SPU_004723,SPU_030148,-0.021907195
SPU_018954,SPU_004217,-0.021918145
SPU_027774,SPU_023757,-0.021971512
SPU_014793,SPU_015466,-0.022000205
SPU_017470,SPU_020565,-0.02201767
SPU_012469,SPU_016250,-0.022021136
SPU_012469,SPU_015071_1,-0.022028344
SPU_018581,SPU_000424,-0.022048581
SPU_000276,SPU_023366,-0.022083374
SPU_018581,SPU_002592,-0.022110265
SPU_028120,SPU_013140,-0.022131196
SPU_006803,SPU_003470,-0.022132859
SPU_004702,SPU_006242,-0.02215476
SPU_000129,SPU_028093,-0.022331909
SPU_006583,SPU_003490,-0.022353672
SPU_009831,SPU_006917,-0.022370583
SPU_006583,SPU_024953,-0.022380563
SPU_027774,SPU_018861,-0.022398029
SPU_021172,SPU_007011,-0.022436425
SPU_011297,SPU_014836,-0.022440167
SPU_012648,SPU_003179,-0.022455969
SPU_011297,SPU_002554,-0.022467752
SPU_011635,SPU_013202,-0.022470801
SPU_016881,SPU_020637,-0.022475375
SPU_026633,SPU_018581,-0.022497277
SPU_026418,SPU_018392,-0.022522089
SPU_017837,SPU_002603,-0.022536089
SPU_028255,SPU_023463_1,-0.022550366
SPU_008752,SPU_000922,-0.022557019
SPU_015829,SPU_027912_1,-0.022582247
SPU_027774,SPU_014576,-0.022623
SPU_014793,SPU_026633,-0.022673733
SPU_015829,SPU_022487,-0.022715456
SPU_011202,SPU_026664,-0.022725297
SPU_012203,SPU_004287,-0.022734723
SPU_016523,SPU_028093,-0.022738882
SPU_014401,SPU_026110,-0.022741931
SPU_015828,SPU_027912_1,-0.022772149
SPU_027214,SPU_006420,-0.022787397
SPU_027774,SPU_023065,-0.022794743
SPU_011297,SPU_021557,-0.022839793
SPU_015828,SPU_027912,-0.022858645
SPU_011635,SPU_024189,-0.022889001
SPU_028255,SPU_019508,-0.022908962
SPU_003470,SPU_015243,-0.022911041
SPU_000975,SPU_006004,-0.02293516
SPU_018392,SPU_019024,-0.022959417
SPU_028255,SPU_007957,-0.022989913
SPU_019332,SPU_011174,-0.02299019
SPU_014197,SPU_009847,-0.023007794
SPU_015829,SPU_027912,-0.023026645
SPU_013689,SPU_018908,-0.023072943
SPU_002874,SPU_013202,-0.023082646
SPU_002592,SPU_009053,-0.023102883
SPU_024139,SPU_013140,-0.023136705
SPU_014722,SPU_022487,-0.023138646
SPU_017470,SPU_009756,-0.023165814
SPU_027935,SPU_015374,-0.023172052
SPU_003470,SPU_012469,-0.023179953
SPU_026877,SPU_022816,-0.023201161
SPU_023894,SPU_002467,-0.0233133
SPU_017579,SPU_002815,-0.023345736
SPU_015108,SPU_022816,-0.023350033
SPU_010424,SPU_014802,-0.023379419
SPU_007644,SPU_006917,-0.023382053
SPU_005022,SPU_008563,-0.023439162
SPU_027053,SPU_003586,-0.023447063
SPU_002874,SPU_003586,-0.023465222
SPU_011174,SPU_000806,-0.023468133
SPU_014722,SPU_027912,-0.023510826
SPU_024918,SPU_010329,-0.023511519
SPU_006808,SPU_015071,-0.023583321
SPU_028255,SPU_007262,-0.023584569
SPU_003595,SPU_018861,-0.023597044
SPU_006583,SPU_018954,-0.023619223
SPU_027969,SPU_000540,-0.023657757
SPU_011635,SPU_025010,-0.02366053
SPU_004414,SPU_003490,-0.023682708
SPU_021172,SPU_021044,-0.023684926
SPU_011246,SPU_016449,-0.023687005
SPU_008117_1,SPU_019089,-0.023691718
SPU_025346,SPU_008377_2,-0.023713065
SPU_019290,SPU_015071,-0.02374453
SPU_012648,SPU_024189,-0.023757005
SPU_011297,SPU_006808,-0.023761302
SPU_015456,SPU_004287,-0.023772946
SPU_012648,SPU_011174,-0.023816471
SPU_007262,SPU_003179,-0.023819243
SPU_014722,SPU_027912_1,-0.023949402
SPU_013119,SPU_003084,-0.023990155
SPU_004021,SPU_002008,-0.024006927
SPU_011189,SPU_024189,-0.02401566
SPU_006803,SPU_021044,-0.024073185
SPU_023366,SPU_004287_1,-0.024081363
SPU_005435,SPU_006242,-0.024117542
SPU_004414,SPU_011001,-0.024152057
SPU_019089,SPU_002631,-0.024157186
SPU_009642,SPU_018908,-0.024191146
SPU_027774,SPU_004746,-0.024221919
SPU_017379,SPU_012648_1,-0.024322969
SPU_007981,SPU_008752,-0.024337246
SPU_017407,SPU_002815,-0.024366909
SPU_002791,SPU_012772,-0.024432474
SPU_028255,SPU_008845,-0.024458672
SPU_028255,SPU_025849,-0.024506356
SPU_019089,SPU_009079_1,-0.02461198
SPU_020722,SPU_015071,-0.024636376
SPU_011174,SPU_018391,-0.024649406
SPU_015108,SPU_021557,-0.024721485
SPU_011635,SPU_023065,-0.024732159
SPU_026418,SPU_000806,-0.024755723
SPU_021172,SPU_011711,-0.024788713
SPU_005022,SPU_025125,-0.02483709
SPU_001657,SPU_013305,-0.024844852
SPU_005435,SPU_023757,-0.024911387
SPU_027774,SPU_022049,-0.024928853
SPU_025346,SPU_002592,-0.024936338
SPU_027969,SPU_016250,-0.024972793
SPU_011297,SPU_002025,-0.02497418
SPU_017404,SPU_023177,-0.024999823
SPU_019002,SPU_022573,-0.025034616
SPU_027472,SPU_007108,-0.025042101
SPU_026418,SPU_018391,-0.025064279
SPU_026418,SPU_018373,-0.025075645
SPU_023177,SPU_016449,-0.025087843
SPU_021172,SPU_010329,-0.025192082
SPU_002592,SPU_016272,-0.025235884
SPU_013119,SPU_019656,-0.025308934
SPU_014461,SPU_026877,-0.025348023
SPU_000948,SPU_016449,-0.025367429
SPU_004702,SPU_012203,-0.025376023
SPU_009831,SPU_000669,-0.025421905
SPU_018581,SPU_023386,-0.025439231
SPU_008528,SPU_015071,-0.025446855
SPU_015108,SPU_022817,-0.025452261
SPU_021172,SPU_009642,-0.02548234
SPU_027774,SPU_026277,-0.025569668
SPU_015828,SPU_008377,-0.025569806
SPU_019089,SPU_012913,-0.025587965
SPU_011189,SPU_013202,-0.025648955
SPU_024918,SPU_007862,-0.025651173
SPU_004702,SPU_025125,-0.025704401
SPU_002592,SPU_003102,-0.025713411
SPU_028255,SPU_010329,-0.025722005
SPU_011189,SPU_022049,-0.025732956
SPU_027053,SPU_000669,-0.025825827
SPU_001262,SPU_018908,-0.025859926
SPU_019089,SPU_025346,-0.02593963
SPU_003166,SPU_016272,-0.026087531
SPU_009831,SPU_002592,-0.026098621
SPU_015243,SPU_010295,-0.026110957
SPU_018908,SPU_017470,-0.026205908
SPU_011174,SPU_019332,-0.026217413
SPU_027053,SPU_014576,-0.02624472
SPU_003595,SPU_024307,-0.02625581
SPU_006583,SPU_011001,-0.026334127
SPU_017642,SPU_017470,-0.026395394
SPU_020124,SPU_010329,-0.02650684
SPU_019089,SPU_008845,-0.026546623
SPU_003470,SPU_011756,-0.02655688
SPU_015828,SPU_017811,-0.026568524
SPU_011297,SPU_008377_2,-0.02657088
SPU_014793,SPU_023014,-0.026590564
SPU_023177,SPU_017470,-0.026626465
SPU_011635,SPU_014576,-0.026693693
SPU_012469,SPU_015071,-0.026718366
SPU_006583,SPU_007203,-0.026726544
SPU_002592,SPU_010458,-0.026739158
SPU_013119,SPU_020330_1,-0.02675704
SPU_021172,SPU_014923,-0.026793495
SPU_000975,SPU_027362,-0.026819278
SPU_003470,SPU_014643,-0.0268531
SPU_011174,SPU_012948,-0.026889555
SPU_005435,SPU_007624,-0.026914644
SPU_002874,SPU_012772,-0.026972308
SPU_001262_1,SPU_007253,-0.027016942
SPU_018355_1,SPU_003179,-0.027027754
SPU_026418,SPU_001937,-0.027057279
SPU_015829,SPU_008377,-0.0270692
SPU_004021,SPU_021757,-0.027082368
SPU_014793,SPU_015243,-0.027087635
SPU_006676,SPU_000578,-0.027121873
SPU_005022,SPU_012648_1,-0.027142388
SPU_006312,SPU_014793,-0.027165537
SPU_014628,SPU_022163,-0.027214606
SPU_023037,SPU_003179,-0.027216131
SPU_002791,SPU_008752,-0.027299854
SPU_026465,SPU_018908,-0.027304706
SPU_021119,SPU_018954,-0.02732328
SPU_015767,SPU_000437,-0.027349617
SPU_027969,SPU_012948,-0.027352944
SPU_019089,SPU_011130,-0.027384132
SPU_003470,SPU_000509,-0.027423082
SPU_006583,SPU_005435,-0.027446786
SPU_008752,SPU_027969,-0.027466746
SPU_006917,SPU_012786,-0.027590252
SPU_006421,SPU_019024_1,-0.027654846
SPU_012203,SPU_028827,-0.027720826
SPU_021172,SPU_009831,-0.027757559
SPU_003102,SPU_004702,-0.027803441
SPU_011315,SPU_006583,-0.027812867
SPU_027935,SPU_014131,-0.027832966
SPU_023037,SPU_026277,-0.027843223
SPU_003595,SPU_026731,-0.027903105
SPU_015984,SPU_013178,-0.02800762
SPU_027935,SPU_020646,-0.028012194
SPU_011202,SPU_002467,-0.028043382
SPU_016449,SPU_016016,-0.028108393
SPU_016449,SPU_012203,-0.028162314
SPU_015829,SPU_017811,-0.028184492
SPU_004217,SPU_012772,-0.028199324
SPU_011635,SPU_000310,-0.028261562
SPU_015828,SPU_025856,-0.028262948
SPU_014722,SPU_017811,-0.028270849
SPU_009876,SPU_024953,-0.028334889
SPU_014722,SPU_008377,-0.028381325
SPU_008845,SPU_019024,-0.028393939
SPU_027774,SPU_002677,-0.028421384
SPU_001739,SPU_010305,-0.028513563
SPU_006583,SPU_027969,-0.028521187
SPU_004702,SPU_012772,-0.028609484
SPU_017837,SPU_012490,-0.028641227
SPU_017837,SPU_009079_1,-0.028834178
SPU_017837,SPU_000424,-0.028956021
SPU_028479,SPU_006803,-0.029053605
SPU_014461,SPU_002309,-0.029081467
SPU_015829,SPU_025856,-0.029091447
SPU_011635,SPU_006917,-0.02910614
SPU_003470,SPU_011064,-0.029108358
SPU_006808,SPU_004287_1,-0.029133447
SPU_007611,SPU_006242,-0.029170457
SPU_013569,SPU_013902,-0.02921121
SPU_021172,SPU_019508,-0.029314894
SPU_027774,SPU_006242,-0.029349131
SPU_019332,SPU_026418,-0.02938628
SPU_012253,SPU_019033,-0.029494122
SPU_015456,SPU_026277,-0.02958935
SPU_002603,SPU_004287_1,-0.029612222
SPU_013689,SPU_003179,-0.029615687
SPU_002791,SPU_003586,-0.029682915
SPU_011189,SPU_021172,-0.02971244
SPU_002592,SPU_019002,-0.029846203
SPU_020565,SPU_018954,-0.030025709
SPU_011635,SPU_021172,-0.030034857
SPU_007644,SPU_012772,-0.030044976
SPU_014722,SPU_015071_1,-0.030068679
SPU_005358,SPU_004287_1,-0.030071452
SPU_021172,SPU_017635,-0.03018872
SPU_027053,SPU_013202,-0.030246938
SPU_013047,SPU_002309,-0.030301968
SPU_002592,SPU_015358,-0.030340641
SPU_014332,SPU_014628,-0.03046983
SPU_016449,SPU_020680,-0.030481058
SPU_013119,SPU_000276,-0.030574484
SPU_020124,SPU_007611,-0.030585712
SPU_012645,SPU_004287,-0.030601929
SPU_000440,SPU_009771,-0.030639771
SPU_012469,SPU_022633,-0.030783514
SPU_026877,SPU_010424,-0.030796128
SPU_019290,SPU_002320,-0.030809435
SPU_028120,SPU_010403,-0.030836742
SPU_002632,SPU_004702,-0.031076546
SPU_027774,SPU_026731,-0.031102328
SPU_009831,SPU_024189,-0.031102466
SPU_007262,SPU_002603,-0.031236091
SPU_003470,SPU_028827,-0.031322864
SPU_009831,SPU_014576,-0.031378864
SPU_003595,SPU_023177,-0.03137928
SPU_027935,SPU_014628,-0.031471458
SPU_006583,SPU_007611,-0.031484765
SPU_004217,SPU_008752,-0.031530092
SPU_024139,SPU_010403,-0.031537716
SPU_014722,SPU_025856,-0.031544647
SPU_005435,SPU_018861,-0.031563637
SPU_012469,SPU_007011,-0.031729281
SPU_026418,SPU_000578,-0.031741202
SPU_022242,SPU_018861,-0.031795539
SPU_028255,SPU_016272,-0.031855282
SPU_027935,SPU_003378,-0.031861242
SPU_027969,SPU_015071_1,-0.031945104
SPU_025584,SPU_008752,-0.03207956
SPU_023037,SPU_013202,-0.032159402
SPU_011174,SPU_027912,-0.032217343
SPU_003470,SPU_000861,-0.032241739
SPU_002791,SPU_000669,-0.03233669
SPU_000739,SPU_010295,-0.032345562
SPU_008752,SPU_007611,-0.032362473
SPU_011297,SPU_007108,-0.032491939
SPU_021172,SPU_009053,-0.03250677
SPU_025584,SPU_008377_2,-0.032739643
SPU_006583,SPU_006420,-0.032853861
SPU_024918,SPU_010698,-0.032890455
SPU_028479,SPU_003179,-0.032905564
SPU_007644,SPU_014576,-0.03294299
SPU_003595,SPU_008936,-0.033017703
SPU_008845,SPU_015071,-0.03302505
SPU_010424,SPU_001657,-0.033078417
SPU_009642,SPU_015243,-0.033086456
SPU_003470,SPU_002592,-0.033150912
SPU_014793,SPU_000669,-0.03342329
SPU_025584,SPU_021172,-0.033432577
SPU_011576,SPU_022573,-0.033435765
SPU_028255,SPU_002309,-0.033471389
SPU_006803,SPU_014793,-0.033485943
SPU_017404_1,SPU_016045,-0.03350632
SPU_021172,SPU_007262,-0.033532795
SPU_012648,SPU_009079_1,-0.033579785
SPU_015984,SPU_009911,-0.033597805
SPU_026418,SPU_004723,-0.033617627
SPU_013119,SPU_006004,-0.033640083
SPU_012384,SPU_003470,-0.033784935
SPU_007981,SPU_000669,-0.033807529
SPU_009642,SPU_002592,-0.033840935
SPU_014793,SPU_002592,-0.033844955
SPU_022049,SPU_012786,-0.033863668
SPU_003595,SPU_012491,-0.034104996
SPU_009771,SPU_007957,-0.034267175
SPU_027969,SPU_005035,-0.034310561
SPU_004287_1,SPU_023177,-0.034441552
SPU_027774,SPU_013967,-0.034473988
SPU_027935,SPU_006786,-0.034493255
SPU_002874,SPU_000669,-0.034586127
SPU_021172,SPU_025584,-0.034691058
SPU_019002,SPU_014628,-0.034723217
SPU_018581,SPU_013086,-0.034749415
SPU_015374,SPU_007624,-0.03477991
SPU_018355_1,SPU_014576,-0.034865019
SPU_019366,SPU_026664,-0.034946247
SPU_014628,SPU_013015,-0.035011258
SPU_001262_2,SPU_018908,-0.035132268
SPU_024918,SPU_008117,-0.035379972
SPU_013689,SPU_002634,-0.035435834
SPU_014836,SPU_014628,-0.035513458
SPU_012469,SPU_016272,-0.03552025
SPU_027935,SPU_015108,-0.035554904
SPU_016449,SPU_024307,-0.035620191
SPU_009642,SPU_011756,-0.035622132
SPU_000975,SPU_003084,-0.035649023
SPU_011297,SPU_002320,-0.035716944
SPU_007262,SPU_013086,-0.03574342
SPU_017470,SPU_021172,-0.035931797
SPU_021210,SPU_015374,-0.035934708
SPU_027969,SPU_013902,-0.03598849
SPU_012253,SPU_003470,-0.035996668
SPU_011174,SPU_025848,-0.036039777
SPU_002592,SPU_008563,-0.036120312
SPU_014197,SPU_025849,-0.036189481
SPU_002874,SPU_014576,-0.036274313
SPU_014793,SPU_004983,-0.036280967
SPU_003595_1,SPU_002662_1,-0.036362056
SPU_020124,SPU_000922,-0.036371482
SPU_014793,SPU_002129,-0.036402532
SPU_002320,SPU_002467,-0.036436492
SPU_005022,SPU_012253,-0.036479879
SPU_011189,SPU_006917,-0.036480433
SPU_014793,SPU_009079_1,-0.036523265
SPU_007644,SPU_000669,-0.036528948
SPU_026633,SPU_016272,-0.036574691
SPU_000276,SPU_014461,-0.036821286
SPU_002791,SPU_014576,-0.036890455
SPU_013689_1,SPU_013178,-0.036891564
SPU_021172,SPU_004723,-0.036902098
SPU_021172,SPU_010458,-0.03694396
SPU_027969,SPU_027912,-0.037022832
SPU_019332,SPU_023177,-0.037095188
SPU_021210,SPU_026277,-0.037164357
SPU_011174,SPU_007611,-0.037270813
SPU_015108,SPU_024877,-0.037292853
SPU_000129,SPU_025584,-0.037327922
SPU_024139,SPU_023463_1,-0.037401111
SPU_021172,SPU_011001,-0.037417606
SPU_011635,SPU_006803,-0.037423012
SPU_012384,SPU_022633,-0.037440477
SPU_001262_2,SPU_002815,-0.037531408
SPU_009642,SPU_000669,-0.037649092
SPU_021608,SPU_025584,-0.037682914
SPU_026418,SPU_007203,-0.037704538
SPU_022163,SPU_017470,-0.037723251
SPU_009831,SPU_007317,-0.037731984
SPU_015108,SPU_004287,-0.037746677
SPU_004021,SPU_006312,-0.037854519
SPU_027969,SPU_027912_1,-0.037879608
SPU_011189,SPU_000310,-0.037955985
SPU_004287_1,SPU_023065,-0.037957232
SPU_012772,SPU_017470,-0.037991193
SPU_019089,SPU_017725,-0.038057728
SPU_011174,SPU_027912_1,-0.038102362
SPU_003470,SPU_006803,-0.038150877
SPU_019002,SPU_014131,-0.038315135
SPU_027015,SPU_021726,-0.038318877
SPU_019332,SPU_020680,-0.03856173
SPU_014836,SPU_014131,-0.038574621
SPU_001262_1,SPU_023177,-0.038648087
SPU_003595,SPU_001739,-0.038760365
SPU_005022,SPU_012546,-0.038887751
SPU_012469,SPU_027912,-0.038937653
SPU_020124,SPU_027969,-0.03897494
SPU_019089,SPU_014923,-0.03902193
SPU_018581,SPU_006803,-0.039036901
SPU_021172,SPU_016272,-0.039070168
SPU_020123,SPU_007611,-0.039211971
SPU_008117,SPU_006803,-0.039224308
SPU_002592,SPU_014332,-0.039296248
SPU_006583,SPU_019652,-0.039317595
SPU_027774,SPU_010635,-0.039393695
SPU_026418,SPU_007611,-0.039393972
SPU_024093,SPU_022816,-0.039395219
SPU_021608,SPU_022633,-0.039438467
SPU_012772,SPU_025346,-0.039461616
SPU_027969,SPU_010698,-0.039507081
SPU_005435,SPU_024610,-0.039512487
SPU_027774,SPU_013202,-0.039562111
SPU_018954,SPU_004621,-0.039582072
SPU_001262,SPU_007253,-0.039600507
SPU_004148,SPU_019024_1,-0.039686864
SPU_026962,SPU_017470,-0.039687557
SPU_012469,SPU_009831,-0.039693241
SPU_024093,SPU_007957,-0.03974827
SPU_018797,SPU_011174,-0.039772528
SPU_008117,SPU_009079_1,-0.039844608
SPU_014836,SPU_002615,-0.039983638
SPU_028120,SPU_005358,-0.040030905
SPU_012699,SPU_009756,-0.040080807
SPU_008703,SPU_010403,-0.040103401
SPU_017404,SPU_002815,-0.04026752
SPU_018483,SPU_017837,-0.04028554
SPU_011174,SPU_027969,-0.040433719
SPU_013119,SPU_027362,-0.040790097
SPU_005435,SPU_018126,-0.041025742
SPU_002815,SPU_002467,-0.041050277
SPU_027969,SPU_010625,-0.041068851
SPU_026418,SPU_025848,-0.041093663
SPU_005435,SPU_013967,-0.041146891
SPU_014289,SPU_024903,-0.041244753
SPU_017971,SPU_011130,-0.04125404
SPU_024918,SPU_020722,-0.04126305
SPU_022817,SPU_004806,-0.041367981
SPU_004021,SPU_025590,-0.041436873
SPU_018581,SPU_025125,-0.041935608
SPU_027214,SPU_027969,-0.042057173
SPU_008752,SPU_022487,-0.042198421
SPU_013569,SPU_028030,-0.042245134
SPU_021172,SPU_015605,-0.042287827
SPU_013569,SPU_008595_1,-0.042405927
SPU_000129,SPU_005358,-0.042490066
SPU_009831,SPU_009079_1,-0.042509056
SPU_027935,SPU_025010,-0.042513908
SPU_011174,SPU_000922,-0.042597076
SPU_014722,SPU_004806,-0.042746919
SPU_014793,SPU_008752,-0.042749136
SPU_004287_1,SPU_010635,-0.042803473
SPU_024093,SPU_007315,-0.042950543
SPU_006803,SPU_003102,-0.043108425
SPU_014418,SPU_005358,-0.043213495
SPU_025346,SPU_012913,-0.043251198
SPU_027935,SPU_013015,-0.043298882
SPU_005435,SPU_002815,-0.043392862
SPU_027214,SPU_007611,-0.0434551
SPU_023090,SPU_000669,-0.043458427
SPU_026418,SPU_013902,-0.043529952
SPU_019089,SPU_007317,-0.043532724
SPU_003166,SPU_011189,-0.043651656
SPU_006583,SPU_000540,-0.043699478
SPU_015828,SPU_023090,-0.043752706
SPU_017379,SPU_003704,-0.043889102
SPU_018744,SPU_008752,-0.044063895
SPU_019002,SPU_009642,-0.044077202
SPU_027969,SPU_022487,-0.044132509
SPU_023037,SPU_012491,-0.044273203
SPU_011174,SPU_013902,-0.044342788
SPU_024093,SPU_000310,-0.04448265
SPU_024918,SPU_011189,-0.044832236
SPU_009642,SPU_009079_1,-0.044923998
SPU_017470,SPU_010722,-0.045000791
SPU_001262_2,SPU_002634,-0.04502685
SPU_004702,SPU_024307,-0.045091445
SPU_026905,SPU_022633,-0.045155346
SPU_027774,SPU_012491,-0.045250713
SPU_027969,SPU_010698_1,-0.045280515
SPU_027774,SPU_001739,-0.045303525
SPU_027053,SPU_012491,-0.045386971
SPU_009831,SPU_002631,-0.045488298
SPU_001262,SPU_023177,-0.045726854
SPU_015828,SPU_004807,-0.045905944
SPU_015982,SPU_017635,-0.045964023
SPU_019332,SPU_006583,-0.046027093
SPU_018392,SPU_003704,-0.046361847
SPU_015829,SPU_023090,-0.046396639
SPU_015984,SPU_018954,-0.046578086
SPU_024918,SPU_010698_1,-0.046622165
SPU_021172,SPU_003470,-0.046762304
SPU_015829,SPU_004807,-0.046819136
SPU_002592,SPU_020311,-0.046861136
SPU_011174,SPU_022242,-0.047031216
SPU_014793,SPU_006803,-0.047099138
SPU_024903,SPU_011064,-0.047279891
SPU_009048,SPU_004287_1,-0.047329238
SPU_015719,SPU_005358,-0.047443872
SPU_014722,SPU_023090,-0.047505139
SPU_012384,SPU_014131,-0.047573615
SPU_024918,SPU_028030,-0.047687695
SPU_020124,SPU_011189,-0.047867755
SPU_007644,SPU_015982,-0.048178806
SPU_005022,SPU_012490,-0.048204173
SPU_014401,SPU_007315,-0.048341124
SPU_014793,SPU_000424,-0.048356094
SPU_004702,SPU_020680,-0.048498313
SPU_004702,SPU_023177,-0.048679482
SPU_003595,SPU_015712,-0.048711086
SPU_017837,SPU_013086,-0.048716353
SPU_026418,SPU_017470,-0.048798413
SPU_020124,SPU_011711,-0.048829879
SPU_011174,SPU_005035,-0.048888374
SPU_009771,SPU_017725,-0.048984156
SPU_004702,SPU_020565,-0.049061226
SPU_006484,SPU_011130,-0.049087563
SPU_024139,SPU_005358,-0.04912083
SPU_008528,SPU_006583,-0.049128038
SPU_018797,SPU_005572,-0.04934996
SPU_027774,SPU_025010,-0.049367148
SPU_015719,SPU_003084,-0.049370475
SPU_011174,SPU_006420,-0.049465426
SPU_019332,SPU_015712,-0.049547347
SPU_014793,SPU_008377_2,-0.049830398
SPU_003166,SPU_014332,-0.050352836
SPU_025010,SPU_020282,-0.050616343
SPU_014722,SPU_004807,-0.050655848
SPU_018581,SPU_000756,-0.050901611
SPU_023730,SPU_007315,-0.051039671
SPU_025346,SPU_007317,-0.051154167
SPU_027969,SPU_008377,-0.05121585
SPU_003595,SPU_025010,-0.051316623
SPU_005435,SPU_015712,-0.051433337
SPU_004148,SPU_003490,-0.051493079
SPU_011635,SPU_012490,-0.051580407
SPU_012469,SPU_011711,-0.051759635
SPU_028255,SPU_011189,-0.051996805
SPU_027053,SPU_011174,-0.052161756
SPU_014418,SPU_003084,-0.052337796
SPU_006583,SPU_002791,-0.052401143
SPU_012469,SPU_003470,-0.052419302
SPU_020311,SPU_014793,-0.052658689
SPU_026418,SPU_027969,-0.052939245
SPU_026418,SPU_006420,-0.052966136
SPU_006583,SPU_012648,-0.053130394
SPU_023386,SPU_012786,-0.053206771
SPU_021172,SPU_022633,-0.053237959
SPU_026418,SPU_008377,-0.053240177
SPU_005435,SPU_007253,-0.053470138
SPU_012648,SPU_026418,-0.053537505
SPU_016449,SPU_026277,-0.053551505
SPU_006786,SPU_002320,-0.053638139
SPU_017470,SPU_006917,-0.053650753
SPU_026418,SPU_019652,-0.053778694
SPU_014628,SPU_002662_1,-0.053802813
SPU_014628,SPU_002662,-0.0538182
SPU_026418,SPU_005035,-0.053828873
SPU_011315,SPU_015908,-0.053833863
SPU_000129,SPU_017635,-0.053951547
SPU_007981,SPU_011174,-0.054020022
SPU_009831,SPU_006803,-0.054183587
SPU_028479,SPU_021172,-0.054256221
SPU_006583,SPU_017811,-0.054492282
SPU_005022,SPU_006803,-0.054650441
SPU_002592,SPU_014793,-0.054704501
SPU_026418,SPU_000922,-0.054920462
SPU_027235,SPU_008703,-0.054940977
SPU_026962,SPU_004702,-0.054998918
SPU_013689,SPU_009771,-0.055158048
SPU_011174,SPU_022487,-0.055259929
SPU_018954,SPU_004702,-0.055302761
SPU_015828,SPU_019384,-0.055510683
SPU_027774,SPU_015982,-0.055568762
SPU_026465,SPU_000669,-0.055643892
SPU_013047,SPU_007315,-0.055776961
SPU_011635,SPU_013015,-0.055818407
SPU_007253,SPU_025584,-0.055829496
SPU_021172,SPU_008563,-0.055877734
SPU_021608,SPU_009642,-0.056173399
SPU_017470,SPU_016016,-0.056228429
SPU_006803,SPU_010295,-0.056625005
SPU_027969,SPU_017811,-0.056633599
SPU_008845,SPU_003704,-0.056713164
SPU_019002,SPU_018581,-0.05695366
SPU_007599,SPU_002320,-0.056959759
SPU_021172,SPU_011189,-0.05696766
SPU_015829,SPU_019384,-0.057328197
SPU_013689,SPU_023386,-0.057330692
SPU_007611,SPU_015712,-0.057692476
SPU_002592,SPU_012253,-0.057797407
SPU_000129,SPU_007957,-0.057860754
SPU_006803,SPU_019024_1,-0.057868793
SPU_026418,SPU_023090,-0.057960556
SPU_018744,SPU_008703,-0.057966101
SPU_020311,SPU_026465,-0.057975526
SPU_017379,SPU_026110,-0.057976913
SPU_005022,SPU_006421,-0.058079349
SPU_027774,SPU_002815,-0.058124676
SPU_014170,SPU_005358,-0.058196339
SPU_005718,SPU_007315,-0.058216716
SPU_020124,SPU_018680,-0.058417984
SPU_011202,SPU_007315,-0.058549252
SPU_027969,SPU_027053,-0.058562836
SPU_026099,SPU_002320,-0.05867456
SPU_009831,SPU_021172,-0.058733748
SPU_012203,SPU_007315,-0.058754956
SPU_011635,SPU_015982,-0.058795847
SPU_005022,SPU_006583,-0.059056581
SPU_001262_2,SPU_010635,-0.05907876
SPU_012203,SPU_006753,-0.059208919
SPU_002592,SPU_011583,-0.059304424
SPU_022817,SPU_004807,-0.059341434
SPU_011189,SPU_013015,-0.059528841
SPU_011576,SPU_005358,-0.059596762
SPU_027935,SPU_016016,-0.060089121
SPU_014722,SPU_019384,-0.060138052
SPU_026418,SPU_002791,-0.060202923
SPU_003595,SPU_026418,-0.060301617
SPU_018483,SPU_003102,-0.060334884
SPU_023366,SPU_009771,-0.060335023
SPU_001262_1,SPU_005718,-0.060498865
SPU_027969,SPU_004806,-0.060553341
SPU_012469,SPU_003102,-0.06058148
SPU_027969,SPU_003490,-0.060585499
SPU_003595,SPU_007253,-0.060590767
SPU_026418,SPU_022487,-0.060704847
SPU_021172,SPU_014332,-0.060714411
SPU_017579,SPU_027935_1,-0.060895857
SPU_007262,SPU_023386,-0.060929818
SPU_007599,SPU_003084,-0.060954353
SPU_028120,SPU_025584,-0.061049858
SPU_002592,SPU_012914,-0.061123878
SPU_002592,SPU_011064,-0.061146611
SPU_009831,SPU_000424,-0.061464038
SPU_002791,SPU_026277,-0.061545128
SPU_017579,SPU_024610,-0.061590593
SPU_003595,SPU_002815,-0.061657406
SPU_012699,SPU_003084,-0.061680831
SPU_028255,SPU_014332,-0.061818476
SPU_013305,SPU_001998,-0.062088497
SPU_004702,SPU_015712,-0.062092655
SPU_002592,SPU_010295,-0.062093348
SPU_024918,SPU_017837,-0.062267864
SPU_028120,SPU_004983,-0.062300577
SPU_011174,SPU_002791,-0.06241036
SPU_018483,SPU_009079_1,-0.062603034
SPU_023037,SPU_015982,-0.06267345
SPU_020124,SPU_012914,-0.062803886
SPU_024918,SPU_013305,-0.062938481
SPU_024093,SPU_005358,-0.063021788
SPU_027472,SPU_005358,-0.063048957
SPU_009642,SPU_006803,-0.063494325
SPU_025632,SPU_003084,-0.063870387
SPU_011297,SPU_005358,-0.064085378
SPU_025113,SPU_015982,-0.064154269
SPU_003595,SPU_001998,-0.064292606
SPU_006583,SPU_010625,-0.064386171
SPU_008752,SPU_010426,-0.064461162
SPU_007611,SPU_026418,-0.064593954
SPU_018744,SPU_001657,-0.064770827
SPU_015640,SPU_003084,-0.065175442
SPU_022242,SPU_007624,-0.065261522
SPU_014170,SPU_003084,-0.065327087
SPU_014836,SPU_026465,-0.065348295
SPU_011576,SPU_003084,-0.065477899
SPU_001262_2,SPU_007253,-0.065529741
SPU_011174,SPU_023090,-0.065782574
SPU_011635,SPU_013086,-0.065933109
SPU_028479,SPU_013015,-0.066017387
SPU_010295,SPU_015108,-0.066137566
SPU_011297,SPU_007315,-0.066167784
SPU_012772,SPU_004621,-0.066478696
SPU_006803,SPU_010698,-0.066519033
SPU_022678,SPU_023177,-0.066950817
SPU_027935,SPU_000756,-0.067168442
SPU_000485,SPU_007315,-0.067988901
SPU_027774,SPU_023177,-0.068091476
SPU_003102,SPU_004340,-0.068155793
SPU_014793,SPU_028827,-0.068199734
SPU_023894,SPU_003084,-0.068293853
SPU_008528,SPU_001998,-0.068300091
SPU_026418,SPU_017811,-0.068486112
SPU_015984,SPU_017470,-0.068577043
SPU_012253,SPU_009642,-0.068653697
SPU_006803,SPU_008117,-0.069265957
SPU_011635,SPU_011271,-0.069430908
SPU_003595,SPU_018126,-0.069843287
SPU_027472,SPU_007315,-0.070386378
SPU_011202,SPU_005358,-0.070412022
SPU_002791,SPU_011174,-0.07041618
SPU_011174,SPU_000540,-0.070500042
SPU_019290,SPU_007315,-0.070722796
SPU_010424,SPU_018954,-0.071503196
SPU_023037,SPU_020565,-0.071736068
SPU_027774,SPU_015712,-0.07176587
SPU_001998,SPU_004621,-0.072123773
SPU_011635,SPU_002603,-0.07213403
SPU_027774,SPU_018126,-0.072229674
SPU_001739,SPU_025584,-0.072265298
SPU_004702,SPU_008377_2,-0.0724692
SPU_007599,SPU_007315,-0.072650785
SPU_026905,SPU_024610,-0.072677538
SPU_020123,SPU_004621,-0.07270637
SPU_017404,SPU_006814,-0.072748786
SPU_011189,SPU_015982,-0.072894608
SPU_027969,SPU_025856,-0.072922331
SPU_011174,SPU_012648,-0.073092273
SPU_021172,SPU_012253,-0.07321259
SPU_001262_2,SPU_023386,-0.073344135
SPU_019290,SPU_005358,-0.073439918
SPU_014461,SPU_003084,-0.073463759
SPU_015982,SPU_012786,-0.073649226
SPU_003166,SPU_003102,-0.073740573
SPU_018581,SPU_021172,-0.073820137
SPU_028255,SPU_003102,-0.073867959
SPU_012469,SPU_017837,-0.073976495
SPU_000948,SPU_000757,-0.074341328
SPU_004217,SPU_011174,-0.07456921
SPU_004702,SPU_026277,-0.074617587
SPU_008752,SPU_004621,-0.07466125
SPU_012648,SPU_006583,-0.074730142
SPU_002603,SPU_012648,-0.074926004
SPU_025584,SPU_009079_1,-0.075133649
SPU_006803,SPU_008117_1,-0.075362501
SPU_018954,SPU_023090,-0.07541462
SPU_026418,SPU_010625,-0.07585985
SPU_027214,SPU_004621,-0.075915989
SPU_027214,SPU_010426,-0.076137218
SPU_003470,SPU_007317,-0.076249218
SPU_007644,SPU_009771,-0.076457695
SPU_012469,SPU_002615,-0.076543497
SPU_022817,SPU_019384,-0.07658619
SPU_005022,SPU_000669,-0.076726884
SPU_002592,SPU_021608,-0.076760013
SPU_027935,SPU_004287_1,-0.076774567
SPU_000948,SPU_012645,-0.076843182
SPU_006803,SPU_019033,-0.077526828
SPU_011174,SPU_010426,-0.077538195
SPU_024093,SPU_016016,-0.077578948
SPU_018391,SPU_001998,-0.077589205
SPU_022678,SPU_018954,-0.077772869
SPU_019332,SPU_001998,-0.078307783
SPU_009831,SPU_013086,-0.078489368
SPU_027969,SPU_023090,-0.078776161
SPU_027015,SPU_016449,-0.079077371
SPU_027774,SPU_007253,-0.079212104
SPU_023366,SPU_006676,-0.079266579
SPU_005022,SPU_009079_1,-0.079322857
SPU_004021,SPU_007957,-0.079406164
SPU_006803,SPU_017837,-0.079837255
SPU_006753,SPU_015108,-0.080373001
SPU_026418,SPU_012648,-0.080622645
SPU_001262_2,SPU_023177,-0.081006746
SPU_019089,SPU_008117,-0.081021162
SPU_003166,SPU_019002,-0.081265955
SPU_023730,SPU_022163,-0.081434927
SPU_002874,SPU_011174,-0.081459184
SPU_027969,SPU_018680,-0.081493006
SPU_004702,SPU_011174,-0.081713264
SPU_003166,SPU_019024_1,-0.081916612
SPU_021172,SPU_020311,-0.081953068
SPU_026418,SPU_010426,-0.082351584
SPU_024918,SPU_018056,-0.082485625
SPU_008752,SPU_018680,-0.082607744
SPU_011174,SPU_004621,-0.082663606
SPU_017470,SPU_004983,-0.082755507
SPU_014836,SPU_004287_1,-0.082774775
SPU_003166,SPU_012253,-0.082851706
SPU_021172,SPU_012914,-0.082973132
SPU_021172,SPU_003102,-0.082985469
SPU_006803,SPU_018680,-0.083063093
SPU_002816,SPU_009756,-0.083498897
SPU_026418,SPU_019384,-0.08360466
SPU_019089,SPU_015358,-0.084152326
SPU_011635,SPU_023386,-0.084172148
SPU_028120,SPU_003084,-0.084503575
SPU_012203,SPU_002129,-0.084550981
SPU_020124,SPU_019033,-0.084853438
SPU_019089,SPU_014793,-0.084905834
SPU_003102,SPU_011271,-0.084971538
SPU_022846,SPU_003084,-0.085370609
SPU_005435,SPU_006814,-0.085756096
SPU_017379,SPU_015358,-0.085943225
SPU_027969,SPU_004807,-0.085953067
SPU_026418,SPU_004621,-0.086067979
SPU_011576,SPU_004287_1,-0.086137563
SPU_014793,SPU_021172,-0.086409247
SPU_020124,SPU_008117_1,-0.086612456
SPU_009771,SPU_012786,-0.087242044
SPU_027774,SPU_002634,-0.087502084
SPU_001262_1,SPU_010635,-0.087696422
SPU_011315,SPU_010403,-0.088577317
SPU_027774,SPU_009771,-0.089065518
SPU_015640,SPU_010403,-0.089412054
SPU_011297,SPU_022163,-0.089822907
SPU_028255,SPU_012253,-0.09008877
SPU_007981,SPU_006583,-0.090100275
SPU_003166,SPU_008117_1,-0.090159741
SPU_027214,SPU_017470,-0.090289345
SPU_009642,SPU_021172,-0.090348118
SPU_009831,SPU_013015,-0.090659585
SPU_023037,SPU_023386,-0.090889962
SPU_019002,SPU_019024_1,-0.091478519
SPU_011189,SPU_007253,-0.091579292
SPU_006583,SPU_011189,-0.091616441
SPU_014289,SPU_015358,-0.092090641
SPU_028255,SPU_008117,-0.092601158
SPU_015982,SPU_000509,-0.093055121
SPU_002592,SPU_000841,-0.093507975
SPU_019366,SPU_003084,-0.0936635
SPU_022678,SPU_026277,-0.093716312
SPU_027053,SPU_006583,-0.093736827
SPU_004702,SPU_006583,-0.093803501
SPU_017379,SPU_006421,-0.094385543
SPU_000276,SPU_003084,-0.094689386
SPU_028255,SPU_019024_1,-0.095079586
SPU_027774,SPU_012645,-0.095175369
SPU_003166,SPU_017837,-0.095290419
SPU_002631,SPU_003704,-0.095797609
SPU_007644,SPU_023386,-0.09655292
SPU_027969,SPU_019384,-0.096844981
SPU_023037,SPU_002634,-0.09752835
SPU_019089,SPU_010295,-0.097577281
SPU_028255,SPU_010698,-0.097804193
SPU_022820,SPU_001998,-0.097852431
SPU_022678,SPU_011174,-0.098073244
SPU_003470,SPU_002631,-0.098168611
SPU_017470,SPU_002603,-0.098310691
SPU_023037,SPU_009771,-0.09898214
SPU_024903,SPU_000668,-0.09921224
SPU_021172,SPU_019002,-0.099271983
SPU_027214,SPU_026110,-0.099337825
SPU_021172,SPU_008117,-0.099561548
SPU_010295,SPU_009771,-0.099608955
SPU_028255,SPU_012914,-0.099981412
SPU_005022,SPU_011064,-0.100096185
SPU_002592,SPU_012546,-0.100425394
SPU_011174,SPU_018680,-0.100439533
SPU_007644,SPU_011174,-0.102362116
SPU_027472,SPU_017635,-0.102698257
SPU_018744,SPU_006583,-0.102701445
SPU_022817,SPU_003704,-0.102906594
SPU_013689,SPU_010351,-0.103009308
SPU_021172,SPU_019033,-0.103129486
SPU_021172,SPU_008117_1,-0.103411844
SPU_027472,SPU_003084,-0.103436795
SPU_001262,SPU_006583,-0.103827826
SPU_018797,SPU_026418,-0.10383947
SPU_027774,SPU_001998,-0.103937193
SPU_028255,SPU_008117_1,-0.103985154
SPU_023366,SPU_010351,-0.104248244
SPU_017407,SPU_010635,-0.104925376
SPU_019089,SPU_012786,-0.105261516
SPU_018355_1,SPU_010635,-0.105282447
SPU_002791,SPU_006583,-0.105867955
SPU_009178,SPU_000509,-0.106131323
SPU_027053,SPU_026418,-0.106220868
SPU_007981,SPU_026418,-0.10645471
SPU_018797,SPU_017470,-0.107004871
SPU_015828,SPU_003704,-0.108028401
SPU_009831,SPU_002603,-0.108243392
SPU_019089,SPU_008117_1,-0.108258778
SPU_002874,SPU_006583,-0.10829967
SPU_027053,SPU_009771,-0.109079376
SPU_026418,SPU_018680,-0.10936215
SPU_002874,SPU_023386,-0.109816113
SPU_001262,SPU_010635,-0.11051875
SPU_020124,SPU_024794,-0.11060871
SPU_022049,SPU_019002,-0.11070782
SPU_015829,SPU_003704,-0.110716553
SPU_018581,SPU_002603,-0.110806791
SPU_026633,SPU_017837,-0.111139881
SPU_012648,SPU_001998,-0.111350991
SPU_016449,SPU_013015,-0.111694478
SPU_011297,SPU_002662,-0.112384778
SPU_018744,SPU_011174,-0.112482086
SPU_028255,SPU_017837,-0.112833474
SPU_028479,SPU_006583,-0.113101416
SPU_012469,SPU_025113,-0.113148129
SPU_011576,SPU_002129,-0.113544428
SPU_027774,SPU_000757,-0.113668626
SPU_008528,SPU_004414,-0.114264669
SPU_027935,SPU_006676,-0.114942771
SPU_014722,SPU_003704,-0.115281129
SPU_001262_1,SPU_006583,-0.115458833
SPU_028255,SPU_019002,-0.115839468
SPU_011189,SPU_015374,-0.116145668
SPU_012469,SPU_014793,-0.116428164
SPU_006583,SPU_026110,-0.117878349
SPU_019366,SPU_009756,-0.118445421
SPU_012469,SPU_025856,-0.11919893
SPU_016881,SPU_003084,-0.119294158
SPU_025590,SPU_015108,-0.119639724
SPU_011635,SPU_015374,-0.119773764
SPU_021608,SPU_019024_1,-0.121030721
SPU_021172,SPU_017837,-0.121306148
SPU_005022,SPU_003166,-0.121343574
SPU_015828,SPU_018056,-0.121407614
SPU_014722,SPU_019024,-0.122056469
SPU_021172,SPU_019024_1,-0.122522906
SPU_006803,SPU_010698_1,-0.122794036
SPU_024093,SPU_003084,-0.12293875
SPU_012469,SPU_009642,-0.123028434
SPU_028479,SPU_002603,-0.12328487
SPU_020124,SPU_017837,-0.123351821
SPU_024093,SPU_002129,-0.123500277
SPU_027969,SPU_002874,-0.123568476
SPU_001262_2,SPU_006814,-0.124063191
SPU_023037,SPU_001998,-0.124536698
SPU_018391,SPU_004414,-0.124568164
SPU_024093,SPU_006462,-0.125250286
SPU_015984,SPU_026277,-0.125581713
SPU_015829,SPU_018056,-0.126224053
SPU_011635,SPU_006583,-0.126443202
SPU_003595,SPU_004414,-0.127081107
SPU_017470,SPU_027235,-0.127158176
SPU_017837,SPU_003166,-0.128392539
SPU_028255,SPU_020311,-0.128453529
SPU_022678,SPU_008703,-0.128788699
SPU_018483,SPU_020371,-0.128868264
SPU_023037,SPU_015374,-0.129343434
SPU_026465,SPU_006583,-0.129416623
SPU_002603,SPU_026110,-0.130458034
SPU_014170,SPU_002129,-0.130745382
SPU_014793,SPU_002603,-0.131812575
SPU_004217,SPU_008703,-0.132003031
SPU_004702,SPU_008703,-0.132014813
SPU_006803,SPU_020722,-0.132334181
SPU_012648_1,SPU_015108,-0.133180423
SPU_004702,SPU_026418,-0.133533613
SPU_014722,SPU_018056,-0.134009061
SPU_024093,SPU_017635,-0.135199482
SPU_026418,SPU_010698,-0.13740082
SPU_027053,SPU_001998,-0.138125774
SPU_002791,SPU_026418,-0.138671083
SPU_003166,SPU_000841,-0.138996966
SPU_027774,SPU_006814,-0.139323819
SPU_003595,SPU_006814,-0.139417245
SPU_018908,SPU_014793,-0.140831945
SPU_015712,SPU_028030,-0.142365022
SPU_026418,SPU_028030,-0.142484369
SPU_008752,SPU_024794,-0.145241273
SPU_011174,SPU_010698,-0.145736127
SPU_012772,SPU_008117_1,-0.146710587
SPU_019332,SPU_004414,-0.147304273
SPU_023037,SPU_006814,-0.147432492
SPU_005022,SPU_011583,-0.149219094
SPU_011297,SPU_014793,-0.149518086
SPU_017725,SPU_015108,-0.149532918
SPU_011174,SPU_026110,-0.150884409
SPU_006421,SPU_015108,-0.151565145
SPU_004702,SPU_001998,-0.151876196
SPU_019332,SPU_008703,-0.153511016
SPU_003166,SPU_020722,-0.153927137
SPU_017379,SPU_018056,-0.154717655
SPU_021172,SPU_021608,-0.15481829
SPU_007981,SPU_001998,-0.155782076
SPU_022817,SPU_019024,-0.156903606
SPU_007644,SPU_001998,-0.158651952
SPU_027214,SPU_009263,-0.158803873
SPU_028255,SPU_010698_1,-0.159931364
SPU_021172,SPU_000841,-0.160627763
SPU_026418,SPU_026110,-0.160787863
SPU_019290,SPU_025584,-0.160988438
SPU_028479,SPU_015374,-0.161018656
SPU_007644,SPU_006814,-0.161908561
SPU_014170,SPU_025584,-0.161974819
SPU_012648,SPU_004414,-0.1627451
SPU_002874,SPU_026418,-0.162800962
SPU_011315,SPU_004983,-0.162883021
SPU_009831,SPU_015374,-0.163381895
SPU_004217,SPU_026418,-0.164916358
SPU_015108,SPU_002129,-0.165356598
SPU_021172,SPU_020722,-0.165531806
SPU_011174,SPU_028030,-0.165617886
SPU_006803,SPU_024794,-0.165923392
SPU_028255,SPU_020722,-0.168041422
SPU_020124,SPU_022153,-0.169320419
SPU_002791,SPU_001998,-0.16999062
SPU_002874,SPU_001998,-0.172317819
SPU_027774,SPU_010351,-0.17232572
SPU_006583,SPU_027053,-0.172971387
SPU_017404_1,SPU_015908,-0.173369765
SPU_007611,SPU_008703,-0.173454043
SPU_028479,SPU_006676,-0.174690761
SPU_021172,SPU_010698_1,-0.174696306
SPU_011202,SPU_025584,-0.175733143
SPU_022678,SPU_026418,-0.177478854
SPU_007981,SPU_008703,-0.178239155
SPU_027969,SPU_003704,-0.178406601
SPU_004217,SPU_001998,-0.179811182
SPU_019089,SPU_020722,-0.183844449
SPU_018744,SPU_015908,-0.184320035
SPU_027774,SPU_004414,-0.184437026
SPU_008752,SPU_022153,-0.184535027
SPU_018581,SPU_006676,-0.184617364
SPU_011315,SPU_006462,-0.185214376
SPU_023037,SPU_004414,-0.185665012
SPU_018483,SPU_025113,-0.187493476
SPU_006583,SPU_009263,-0.189131068
SPU_011174,SPU_024794,-0.189144514
SPU_018355,SPU_001998,-0.189889429
SPU_012469,SPU_019024_1,-0.190108717
SPU_014628,SPU_020311,-0.190165549
SPU_018744,SPU_026418,-0.190386362
SPU_021172,SPU_024794,-0.191463951
SPU_006803,SPU_020371,-0.192186826
SPU_019089,SPU_012546,-0.192371322
SPU_019089,SPU_003102,-0.193542614
SPU_017379,SPU_012546,-0.194564481
SPU_010635,SPU_020722,-0.196005379
SPU_002592,SPU_025113,-0.196532668
SPU_026418,SPU_027053,-0.19955294
SPU_006803,SPU_022153,-0.199896011
SPU_011189,SPU_003166,-0.199903081
SPU_021172,SPU_022153,-0.202393984
SPU_017379,SPU_003102,-0.202600519
SPU_002603,SPU_028030,-0.202893966
SPU_012772,SPU_009263,-0.20390308
SPU_027053,SPU_004414,-0.206017645
SPU_013689,SPU_015374,-0.206698935
SPU_026633,SPU_020371,-0.208870332
SPU_003166,SPU_020371,-0.210686321
SPU_002592,SPU_000668,-0.211359849
SPU_021172,SPU_020371,-0.212222863
SPU_011174,SPU_022153,-0.213834534
SPU_002874,SPU_008703,-0.21577791
SPU_007644,SPU_008703,-0.217510453
SPU_009771,SPU_011583,-0.219532977
SPU_019089,SPU_011583,-0.220336941
SPU_027969,SPU_019024,-0.220781478
SPU_026418,SPU_022153,-0.224932983
SPU_026418,SPU_020722,-0.230136157
SPU_028255,SPU_021608,-0.230465366
SPU_011174,SPU_009263,-0.232074958
SPU_011174,SPU_010698_1,-0.232513119
SPU_012772,SPU_010698_1,-0.233839521
SPU_007981,SPU_004414,-0.234650832
SPU_026418,SPU_009263,-0.235011091
SPU_028255,SPU_020371,-0.235223449
SPU_007644,SPU_004414,-0.236016047
SPU_022817,SPU_018056,-0.238562118
SPU_011174,SPU_020722,-0.238952457
SPU_005718,SPU_010424,-0.24109918
SPU_006803,SPU_025113,-0.242003363
SPU_019332,SPU_015908,-0.245165853
SPU_002791,SPU_004414,-0.24721818
SPU_018483,SPU_009155,-0.249405517
SPU_002874,SPU_004414,-0.249551062
SPU_018355_1,SPU_004414,-0.252260422
SPU_013305,SPU_011583,-0.253019336
SPU_018355_1,SPU_015374,-0.255654398
SPU_017837,SPU_006676,-0.255945212
SPU_014793,SPU_003166,-0.259881587
SPU_027969,SPU_018056,-0.260552759
SPU_020124,SPU_025113,-0.262100251
SPU_021172,SPU_000668,-0.265159197
SPU_017379,SPU_022153,-0.265241534
SPU_003166,SPU_025113,-0.267427346
SPU_016449,SPU_015374,-0.269494366
SPU_002592,SPU_009155,-0.27008528
SPU_007262,SPU_006676,-0.273654049
SPU_012469,SPU_009155,-0.273693139
SPU_004702,SPU_015908,-0.274098586
SPU_018355,SPU_004414,-0.274832827
SPU_011315,SPU_027235,-0.278489895
SPU_028255,SPU_025113,-0.284159922
SPU_021172,SPU_025113,-0.284234774
SPU_028255,SPU_000668,-0.286076406
SPU_015456,SPU_027235,-0.289637136
SPU_026418,SPU_018056,-0.292460298
SPU_024139,SPU_010424,-0.328968316
SPU_011635,SPU_006676,-0.329576556
SPU_014628,SPU_021608,-0.340675699
SPU_009831,SPU_006676,-0.362650121
SPU_003166,SPU_009155,-0.370141266
SPU_006583,SPU_008528,-0.373157518
SPU_014628,SPU_005572,-0.373482847
SPU_015640,SPU_010424,-0.400214936
SPU_002815,SPU_022820,-0.403965013
SPU_028255,SPU_009155,-0.404919651
SPU_026099,SPU_010424,-0.404952642
SPU_021172,SPU_009155,-0.405284208
SPU_007599,SPU_010424,-0.409062701
SPU_020124,SPU_009155,-0.409259811
SPU_015719,SPU_010424,-0.410620035
SPU_014418,SPU_010424,-0.412267053
SPU_012699,SPU_010424,-0.415168671
SPU_018954,SPU_022820,-0.423814336
SPU_011576,SPU_010424,-0.425237353
SPU_000485,SPU_010424,-0.427896673
SPU_026418,SPU_008528,-0.428459032
SPU_011174,SPU_008528,-0.429955099
SPU_022846,SPU_010424,-0.430091634
SPU_024093,SPU_010424,-0.435241995
SPU_011202,SPU_010424,-0.43624501
SPU_015712,SPU_022820,-0.438252148
SPU_019290,SPU_010424,-0.458712762
SPU_016881,SPU_010424,-0.465429051
SPU_006583,SPU_002874,-0.48733084
SPU_026418,SPU_002874,-0.515772185
SPU_011174,SPU_002874,-0.542601304
SPU_010635,SPU_022820,-0.610515631
SPU_003179,SPU_022820,-0.678346373
SPU_028583,SPU_022820,-0.694983027
SPU_012772,SPU_022820,-0.731198568
SPU_001998,SPU_022820,-0.771533871
SPU_026418,SPU_022820,-0.785750593
SPU_002603,SPU_022820,-0.807352974
SPU_028255,SPU_022820,-0.813495261
SPU_011174,SPU_022820,-0.846222013
SPU_023730,SPU_005572,-0.955081269
SPU_019290,SPU_005572,-0.955819391
SPU_011297,SPU_005572,-0.992740064
SPU_027472,SPU_005572,-1