SPU_017635	SPU_005572	0.9601215704859728
SPU_010295	SPU_005572	0.94656839635881806
SPU_002320	SPU_005572	0.91157418836688664
SPU_003102	SPU_005572	0.88971329109563824
SPU_015358	SPU_005572	0.88260014795714758
SPU_017725	SPU_005572	0.8739712549507912
SPU_004702	SPU_022820	0.86562347220799485
SPU_022163	SPU_005572	0.85895264802957361
SPU_012914	SPU_005572	0.8485009739749837
SPU_007981	SPU_022820	0.84809067497097057
SPU_025346	SPU_005572	0.84784241635063706
SPU_004217	SPU_022820	0.84700116477788201
SPU_002791	SPU_022820	0.84507248222996401
SPU_002874	SPU_022820	0.84285118441262985
SPU_014332	SPU_005572	0.82941056528252211
SPU_022678	SPU_022820	0.82827240138997105
SPU_006421	SPU_005572	0.81999198530796891
SPU_007644	SPU_022820	0.80962944039512896
SPU_027053	SPU_022820	0.80856765310771694
SPU_023037	SPU_022820	0.7826210926123861
SPU_017837	SPU_005572	0.77710783836048947
SPU_019332	SPU_022820	0.7577985573277114
SPU_018056	SPU_022820	0.74874993952941205
SPU_018355	SPU_022820	0.73682728809962383
SPU_003704	SPU_022820	0.7233600549800665
SPU_014332	SPU_021608	0.70021226042731244
SPU_003470	SPU_009155	0.69575178351848299
SPU_009831	SPU_009155	0.68582933973325844
SPU_012384	SPU_021608	0.68164470573591074
SPU_019002	SPU_021608	0.67893479170602733
SPU_012253	SPU_021608	0.66584126335498994
SPU_025346	SPU_009155	0.66466165371845254
SPU_014793	SPU_009155	0.65958129263869525
SPU_018391	SPU_022820	0.65957907480624112
SPU_005435	SPU_022820	0.65941329183029529
SPU_009642	SPU_009155	0.65286056723005614
SPU_008528	SPU_022820	0.64844361528313887
SPU_003470	SPU_005572	0.64417373335083572
SPU_013569	SPU_005572	0.64074732082374175
SPU_021557	SPU_005572	0.63467614309510434
SPU_011635	SPU_009155	0.63326255213465676
SPU_023090	SPU_002874	0.63180003024569009
SPU_018056	SPU_002874	0.6312113343436484
SPU_011189	SPU_009155	0.62987633782079377
SPU_005358	SPU_021608	0.62880678811979229
SPU_003102	SPU_021608	0.62591320983980181
SPU_013689	SPU_009155	0.62560881233547316
SPU_018355	SPU_002874	0.62226667744163588
SPU_003704	SPU_002874	0.62200927026242914
SPU_022678	SPU_002874	0.61605300397782115
SPU_004217	SPU_002874	0.61156799229746783
SPU_025584	SPU_009155	0.60737656618822933
SPU_014793	SPU_018581	0.60375650916498458
SPU_025113	SPU_009155	0.60202576816359732
SPU_007644	SPU_002874	0.60016348197477465
SPU_008117_1	SPU_021608	0.59985589633629322
SPU_025584	SPU_018581	0.59898304065106689
SPU_007611	SPU_022820	0.59858937539045975
SPU_026465	SPU_002874	0.59767548980483209
SPU_002129	SPU_005572	0.59651376144245594
SPU_018355_1	SPU_002874	0.59263685169811797
SPU_017837	SPU_021608	0.58498616141855886
SPU_008117	SPU_009155	0.58352183754072318
SPU_006753	SPU_005572	0.5825436348139259
SPU_003470	SPU_002874	0.57012058493667606
SPU_025346	SPU_018581	0.56940103691984101
SPU_009831	SPU_002874	0.56867123142790565
SPU_012914	SPU_021608	0.56564915748010436
SPU_002791	SPU_002874	0.56403817943123957
SPU_009642	SPU_018581	0.5552762164776357
SPU_017837	SPU_009155	0.55295234390929837
SPU_018392	SPU_022820	0.54907834507005648
SPU_002603	SPU_006676	0.54876660099572361
SPU_007981	SPU_002874	0.5474891295021479
SPU_008117	SPU_021608	0.54181272595034458
SPU_025113	SPU_021608	0.54013784660389552
SPU_007262	SPU_009155	0.5394761008453961
SPU_008117_1	SPU_009155	0.53816106481462866
SPU_028255	SPU_006676	0.53442914586697909
SPU_003166	SPU_006676	0.53290785141797814
SPU_010295	SPU_021608	0.53253234466058919
SPU_021172	SPU_006676	0.52809570945064144
SPU_002320	SPU_021608	0.52782125268444358
SPU_010295	SPU_009155	0.52530941881561921
SPU_026633	SPU_006676	0.52459874212860069
SPU_023366	SPU_021608	0.52310877456301419
SPU_006462	SPU_006676	0.52263526733405863
SPU_012490	SPU_006676	0.5171727459995501
SPU_024189	SPU_006676	0.51409744407284963
SPU_013015	SPU_006676	0.51347076779003109
SPU_017725	SPU_021608	0.51159184785780254
SPU_011635	SPU_002874	0.51137907455673492
SPU_017635	SPU_021608	0.50974924493201024
SPU_027235	SPU_006676	0.50843642673369693
SPU_015374	SPU_006676	0.50349967030534426
SPU_003704	SPU_018056	0.50211116857453386
SPU_018483	SPU_006676	0.49990303913739625
SPU_018355	SPU_018056	0.49918681786924241
SPU_006803	SPU_006676	0.49790102950396375
SPU_027053	SPU_002874	0.49482267805763896
SPU_026465	SPU_018056	0.49380774248082021
SPU_018355_1	SPU_018056	0.48853262798868519
SPU_023090	SPU_018056	0.48194136854955555
SPU_002592	SPU_006676	0.47798073563007437
SPU_022678	SPU_018056	0.47559337760773779
SPU_023037	SPU_002874	0.4717152203326444
SPU_013689	SPU_018056	0.46183491536404819
SPU_009831	SPU_025113	0.46155158726803375
SPU_009642	SPU_018056	0.45507080360802526
SPU_004217	SPU_018056	0.45090557564465111
SPU_001262_2	SPU_018056	0.45041293961077872
SPU_011635	SPU_025113	0.4493454691277029
SPU_011189	SPU_025113	0.4469341307919561
SPU_012546	SPU_021608	0.44623329573645271
SPU_002874	SPU_008528	0.44583145221867104
SPU_007644	SPU_008528	0.44534408353687721
SPU_005572	SPU_010424	0.44449188141637985
SPU_003470	SPU_025113	0.44223482105072309
SPU_002320	SPU_010424	0.44187969062900634
SPU_002791	SPU_008528	0.441543134554093
SPU_007981	SPU_008528	0.4392012420970659
SPU_025346	SPU_025113	0.43382521622826814
SPU_004217	SPU_008528	0.42806924793717327
SPU_008117	SPU_025113	0.42772451360508523
SPU_022163	SPU_021608	0.42547757210000037
SPU_005572	SPU_021608	0.42452307245755655
SPU_017635	SPU_010424	0.42434107158178991
SPU_000739	SPU_006676	0.42412455568845608
SPU_005572	SPU_018581	0.42313484795580303
SPU_028093	SPU_018581	0.4228974012686833
SPU_002791	SPU_025113	0.42240490384933926
SPU_027053	SPU_008528	0.42145054282142386
SPU_009831	SPU_008528	0.4202601212516725
SPU_022678	SPU_008528	0.41863722235336692
SPU_017837	SPU_025113	0.41525059219591887
SPU_020722	SPU_009155	0.41481825348189294
SPU_028827	SPU_006676	0.41382147640829242
SPU_011635	SPU_008528	0.41135122689798287
SPU_025113	SPU_019002	0.41059439157301286
SPU_023090	SPU_008528	0.4103292219802166
SPU_023037	SPU_008528	0.40995482413905476
SPU_007644	SPU_018056	0.40570116010657237
SPU_028827	SPU_005572	0.40560094180255163
SPU_015358	SPU_021608	0.40523818758177388
SPU_008117_1	SPU_025113	0.40520866268722833
SPU_009831	SPU_018581	0.40504052326430001
SPU_014332	SPU_020311	0.40411471682923145
SPU_002129	SPU_010424	0.40397929043500153
SPU_018056	SPU_008528	0.40395475566347772
SPU_011189	SPU_008528	0.40373394271976398
SPU_005358	SPU_019002	0.40369124944502205
SPU_017635	SPU_019002	0.40006065771762034
SPU_003470	SPU_018056	0.39982265657238703
SPU_003102	SPU_019002	0.3988165923253848
SPU_012384	SPU_020311	0.39871748293759113
SPU_012469	SPU_005572	0.39618541134762292
SPU_012648	SPU_002874	0.39530229818729617
SPU_014793	SPU_025113	0.39488146447912614
SPU_018355	SPU_008528	0.39421140184892373
SPU_001262_2	SPU_018581	0.39384809317003244
SPU_017837	SPU_019002	0.3933783285333432
SPU_019002	SPU_020311	0.39310414899620205
SPU_026465	SPU_019024	0.39000043109118326
SPU_003704	SPU_008528	0.38885644538844016
SPU_009642	SPU_025113	0.38866196920511908
SPU_010295	SPU_019002	0.38743814153402761
SPU_012253	SPU_020311	0.38741970580175267
SPU_008117_1	SPU_019002	0.38732849744207676
SPU_003704	SPU_019024	0.38654532535671404
SPU_004723	SPU_025113	0.38592336196786053
SPU_023177	SPU_015908	0.38587359935217108
SPU_018355_1	SPU_019024	0.38577144044475303
SPU_018355	SPU_019024	0.38348374626832366
SPU_012203	SPU_015908	0.38302091235805347
SPU_007262	SPU_019002	0.38142365714749876
SPU_020123	SPU_015908	0.38010668051333396
SPU_018056	SPU_019024	0.37929966672908938
SPU_012772	SPU_015908	0.37649937602670047
SPU_014332	SPU_019002	0.37492332883898827
SPU_012648	SPU_008528	0.37345831188851064
SPU_020565	SPU_015908	0.37340480668055492
SPU_017837	SPU_000668	0.3717601453012932
SPU_023090	SPU_019024	0.36961300625664395
SPU_008117	SPU_000668	0.36892949801718844
SPU_009642	SPU_019024	0.36849563454335033
SPU_013689	SPU_019024	0.36590686961127356
SPU_007262	SPU_000668	0.36583756234708215
SPU_006991	SPU_005572	0.36555714515616383
SPU_025584	SPU_025113	0.36497593443865478
SPU_011635	SPU_019002	0.36451670450612261
SPU_017837	SPU_020371	0.36424072298011256
SPU_002874	SPU_018056	0.36417515830818747
SPU_011174	SPU_015908	0.36358105643953886
SPU_011189	SPU_000668	0.36272414142507653
SPU_004723	SPU_000668	0.36258580412575053
SPU_017725	SPU_010424	0.36200792015692274
SPU_008752	SPU_015908	0.36041607091297484
SPU_003102	SPU_025113	0.35861879493796378
SPU_006583	SPU_015908	0.35853825989697335
SPU_014793	SPU_019024	0.35829540724324671
SPU_022820	SPU_002874	0.35698688609531332
SPU_015243	SPU_005572	0.35690177677488621
SPU_011189	SPU_019002	0.35668955793193219
SPU_007262	SPU_020371	0.35628286290565714
SPU_023366	SPU_019002	0.35599066347982622
SPU_020722	SPU_000668	0.35572161268023528
SPU_008117_1	SPU_000668	0.35552048299955186
SPU_003102	SPU_020311	0.35543592813723829
SPU_020722	SPU_019002	0.35371419708019586
SPU_020722	SPU_020371	0.35359554304390017
SPU_026465	SPU_008528	0.35264353846296725
SPU_012648	SPU_020371	0.35175585102320389
SPU_004148	SPU_020311	0.35127818535839683
SPU_022678	SPU_019024	0.35120194736778632
SPU_008703	SPU_015908	0.3504702012724536
SPU_022820	SPU_008528	0.34891647102381101
SPU_008117	SPU_020371	0.3480412588916022
SPU_018391	SPU_020371	0.34605255625289444
SPU_009831	SPU_019002	0.34509611600705326
SPU_008117_1	SPU_020311	0.34488140210258827
SPU_002791	SPU_018056	0.34367351510226074
SPU_013689_1	SPU_005572	0.34331478070280613
SPU_008845	SPU_020371	0.34322260204143157
SPU_020722	SPU_025113	0.34262642095485729
SPU_011189	SPU_020371	0.34206461627132184
SPU_004723	SPU_019002	0.34186639749573444
SPU_025113	SPU_000668	0.34100116560956917
SPU_011635	SPU_020371	0.34045765804378025
SPU_012546	SPU_009155	0.3402247856360972
SPU_021608	SPU_020311	0.33948791080321433
SPU_008117_1	SPU_020371	0.3389728192157439
SPU_017837	SPU_020311	0.3374795249014762
SPU_009831	SPU_000668	0.3369638788558923
SPU_004723	SPU_020371	0.335842625935804
SPU_018391	SPU_008528	0.33570983321761327
SPU_018581	SPU_019024	0.33518046433371945
SPU_009831	SPU_021608	0.33437566838192906
SPU_020123	SPU_006676	0.33435487620267157
SPU_007981	SPU_018056	0.33230199503732261
SPU_012914	SPU_020311	0.3304010353950812
SPU_004217	SPU_019024	0.32977006206188281
SPU_025113	SPU_020371	0.32894308778555109
SPU_015358	SPU_018581	0.32879158210602871
SPU_024307	SPU_015908	0.32796017216478884
SPU_022820	SPU_020371	0.32667923530800352
SPU_003102	SPU_000668	0.32621848061565917
SPU_003102	SPU_020371	0.32433914483984544
SPU_025113	SPU_000841	0.32189440040275835
SPU_014802	SPU_015908	0.3192174766306301
SPU_003470	SPU_019024	0.31854491893891684
SPU_007611	SPU_008528	0.31805976808957714
SPU_025113	SPU_020311	0.31627482880759206
SPU_012384	SPU_019002	0.31602961970688292
SPU_018391	SPU_002874	0.31540363649670627
SPU_001657	SPU_015908	0.31481868318693096
SPU_006991	SPU_010424	0.31463044465738715
SPU_010424	SPU_027235	0.31438121573535494
SPU_008117	SPU_020311	0.31364392505888689
SPU_011635	SPU_018581	0.31156124176993566
SPU_014793	SPU_019024_1	0.31049099899629218
SPU_023366	SPU_020311	0.31014931418382863
SPU_009831	SPU_020371	0.30855677186723884
SPU_018581	SPU_019024_1	0.30639383076635396
SPU_012546	SPU_010424	0.30606406680333131
SPU_014576	SPU_015908	0.30532788504309039
SPU_000276	SPU_015908	0.30491037808360144
SPU_008528	SPU_002874	0.30230151404490913
SPU_009642	SPU_019024_1	0.30189578932033273
SPU_010295	SPU_020311	0.30189287841523671
SPU_002791	SPU_020371	0.3017408182776008
SPU_012253	SPU_019002	0.30153095588162931
SPU_004723	SPU_024794	0.30081223955196457
SPU_014332	SPU_020371	0.30008007761304673
SPU_019366	SPU_015908	0.29988172022293097
SPU_008845	SPU_011583	0.29986827461367782
SPU_008117_1	SPU_024794	0.29667334834898312
SPU_005358	SPU_027235	0.29662316988970855
SPU_025584	SPU_019002	0.29636091120200836
SPU_020722	SPU_011583	0.29627469296535425
SPU_018954	SPU_015908	0.29508510308277325
SPU_017635	SPU_020311	0.29455919956208898
SPU_025346	SPU_021608	0.29391602815039286
SPU_008117	SPU_000841	0.29381303755580446
SPU_012384	SPU_011583	0.29276732955368479
SPU_010295	SPU_000668	0.29093082566714135
SPU_013569	SPU_018581	0.29086345900634725
SPU_017725	SPU_020311	0.290176762632739
SPU_008117	SPU_024794	0.2892790949469321
SPU_020565	SPU_008703	0.28866142860845845
SPU_013689	SPU_019024_1	0.28810253483001907
SPU_019290	SPU_008703	0.28774740440830238
SPU_018392	SPU_011583	0.28773631524603177
SPU_010295	SPU_000841	0.28671236972486813
SPU_002320	SPU_018581	0.2866578942152137
SPU_004148	SPU_011583	0.2862797537817855
SPU_003179	SPU_017106	0.28601402973087575
SPU_021557	SPU_018581	0.28557365137420365
SPU_002129	SPU_027235	0.28550392826642707
SPU_017837	SPU_000841	0.28377803877353308
SPU_022163	SPU_018581	0.28152458238561423
SPU_027235	SPU_015374	0.28150157237390272
SPU_017837	SPU_024794	0.28018903140464613
SPU_020722	SPU_024794	0.27909120433985452
SPU_002603	SPU_015374	0.27898752067262422
SPU_018056	SPU_019024_1	0.27891045099484335
SPU_008117_1	SPU_000841	0.2786969846211339
SPU_028583	SPU_017106	0.27867688551451841
SPU_019002	SPU_020371	0.27832591352865321
SPU_008117	SPU_022153	0.27783715870157555
SPU_002816	SPU_015908	0.27697816446918744
SPU_006583	SPU_006676	0.27682582710249476
SPU_008117_1	SPU_011583	0.27673046030696741
SPU_003470	SPU_019024_1	0.27665463815994201
SPU_012648	SPU_024794	0.27639043886884446
SPU_020123	SPU_004414	0.27624946789347915
SPU_018954	SPU_026418	0.27573118817185593
SPU_009831	SPU_019024	0.27551591980927748
SPU_018392	SPU_008528	0.27488730292306157
SPU_014418	SPU_015908	0.27428613171346544
SPU_007262	SPU_024794	0.27421100263908199
SPU_023090	SPU_019024_1	0.27416872520792523
SPU_025632	SPU_015908	0.2740449424340794
SPU_003470	SPU_000668	0.27136940480723498
SPU_010403	SPU_017106	0.2710609874815833
SPU_002874	SPU_019024	0.27029777588830772
SPU_012203	SPU_008703	0.27029777588830772
SPU_021172	SPU_015374	0.27007862631893453
SPU_025113	SPU_024794	0.26954523761371763
SPU_011202	SPU_008703	0.26897331406961023
SPU_003102	SPU_011583	0.26895557140997722
SPU_013015	SPU_017106	0.26892244253769376
SPU_011189	SPU_022153	0.26875818432156018
SPU_014332	SPU_000668	0.26843853921910948
SPU_006462	SPU_027235	0.2684167767381534
SPU_008845	SPU_024794	0.26840194498361647
SPU_004723	SPU_022153	0.26820691434218186
SPU_006421	SPU_011583	0.26747059396741257
SPU_018355	SPU_003704	0.26740392037926042
SPU_027235	SPU_000756	0.26726308801842352
SPU_018391	SPU_024794	0.26705419592415069
SPU_026465	SPU_003704	0.2664696584579605
SPU_026877	SPU_017106	0.26629389523597113
SPU_018355_1	SPU_003704	0.26581234836436934
SPU_009831	SPU_010698_1	0.26577769473227364
SPU_025346	SPU_000668	0.26471798666278729
SPU_006462	SPU_000756	0.26454056006645738
SPU_028583	SPU_005718	0.26444616357262868
SPU_023090	SPU_010698_1	0.26382517048547377
SPU_011189	SPU_024794	0.26303479044463518
SPU_012384	SPU_020371	0.26273649197955545
SPU_027053	SPU_018056	0.26222334099548239
SPU_003179	SPU_005718	0.2620479936170782
SPU_014332	SPU_012253	0.26158515970680807
SPU_018056	SPU_010698_1	0.26126828689492504
SPU_012914	SPU_011583	0.26123598970981182
SPU_002603	SPU_004414	0.26109280090199244
SPU_017837	SPU_022153	0.26084329475090345
SPU_002791	SPU_022153	0.26035038148797424
SPU_008528	SPU_024794	0.25996198357944572
SPU_018056	SPU_003704	0.25980507193331642
SPU_012490	SPU_000756	0.25977568565329928
SPU_025346	SPU_019024_1	0.25944841675178748
SPU_015908	SPU_008703	0.25937259460476214
SPU_006991	SPU_018581	0.25914443509104412
SPU_008845	SPU_008528	0.25884599801143598
SPU_024307	SPU_008703	0.25859371956977933
SPU_012648	SPU_022153	0.25813462825177552
SPU_005358	SPU_012253	0.25776508191910708
SPU_002603	SPU_000756	0.25746553592327187
SPU_007644	SPU_010698_1	0.25724791111371093
SPU_026465	SPU_010698_1	0.25691024612257041
SPU_027053	SPU_022153	0.25675943351568997
SPU_012546	SPU_020311	0.25674945326964643
SPU_005358	SPU_006676	0.25667973016186985
SPU_009831	SPU_022153	0.25647513511797687
SPU_007644	SPU_009263	0.25634622360658088
SPU_027053	SPU_024794	0.25627982724748555
SPU_021608	SPU_019002	0.25614772760193677
SPU_019002	SPU_012253	0.25582129038759532
SPU_002129	SPU_018581	0.25480926571587265
SPU_012914	SPU_025113	0.25441754105866293
SPU_009831	SPU_020722	0.25432813468785603
SPU_018355	SPU_010698_1	0.25424108476403162
SPU_003166	SPU_000756	0.25407765823506834
SPU_028255	SPU_000756	0.25360359654799919
SPU_024189	SPU_000756	0.25353304175305241
SPU_022820	SPU_022153	0.25351543770794777
SPU_017407	SPU_018581	0.2533202684519848
SPU_002874	SPU_022153	0.25320258471738782
SPU_011635	SPU_022153	0.25315573300679445
SPU_015374	SPU_017106	0.25306286127277799
SPU_008117	SPU_011583	0.25303014824407966
SPU_002791	SPU_019024	0.25242565028580233
SPU_020722	SPU_012253	0.25229562985817933
SPU_015374	SPU_004414	0.25196170745930518
SPU_013015	SPU_000756	0.25156554713718721
SPU_022820	SPU_024794	0.2513933878929358
SPU_011635	SPU_020722	0.25100928703478709
SPU_018581	SPU_009642	0.25064805757382158
SPU_015719	SPU_015908	0.24959389408547053
SPU_018056	SPU_027053	0.24932595220210663
SPU_026633	SPU_015374	0.24913106017520043
SPU_023090	SPU_003704	0.24900214866380446
SPU_018355	SPU_027053	0.24871618689175079
SPU_017642	SPU_000509	0.2486508994488825
SPU_013689	SPU_003704	0.24861264183904883
SPU_026633	SPU_000756	0.24798444079641807
SPU_006462	SPU_015374	0.24797848037169762
SPU_022678	SPU_003704	0.24796101494112138
SPU_003704	SPU_027053	0.24775337037760398
SPU_023037	SPU_022153	0.24733087329509326
SPU_023090	SPU_027053	0.24710382269760225
SPU_003102	SPU_000841	0.24702966392491749
SPU_021608	SPU_011583	0.24702758470699177
SPU_024903	SPU_027235	0.24696798045978716
SPU_018483	SPU_000756	0.24692598025768717
SPU_002874	SPU_010698_1	0.24681259357347007
SPU_011635	SPU_024794	0.24666288988281665
SPU_011189	SPU_020722	0.246602176719385
SPU_003166	SPU_015374	0.24651914661688371
SPU_028255	SPU_015374	0.24606074837152184
SPU_012384	SPU_012253	0.24591866847992952
SPU_013015	SPU_015374	0.24522379384914661
SPU_008845	SPU_012253	0.24463773162314423
SPU_026418	SPU_008703	0.24438877993016875
SPU_021172	SPU_000756	0.24423269997120978
SPU_018483	SPU_027235	0.24421565038421866
SPU_020722	SPU_022153	0.24415119462852067
SPU_002791	SPU_024794	0.24408715471640782
SPU_004702	SPU_009263	0.24376543039603138
SPU_003102	SPU_012253	0.24321069505344353
SPU_024189	SPU_015374	0.24311920946471088
SPU_021557	SPU_027235	0.24285306957021593
SPU_007262	SPU_022153	0.24282701003887996
SPU_012253	SPU_020371	0.24278487122225162
SPU_004217	SPU_009263	0.24277738603771895
SPU_017635	SPU_000841	0.24266302905180315
SPU_002874	SPU_009263	0.24246203798564814
SPU_010295	SPU_011583	0.24242391899034285
SPU_017837	SPU_012253	0.24191367891136586
SPU_022678	SPU_009263	0.24157005349550492
SPU_018391	SPU_022153	0.24103458557236224
SPU_004217	SPU_027053	0.24058699926021423
SPU_010305	SPU_017106	0.24035495853970149
SPU_026205	SPU_017106	0.24033513666214273
SPU_009831	SPU_024794	0.24017448242374709
SPU_011635	SPU_010698_1	0.23988976818244886
SPU_018483	SPU_015374	0.23943719174727907
SPU_022163	SPU_027235	0.23933725067231512
SPU_023037	SPU_018056	0.2386699603326804
SPU_009642	SPU_003704	0.2383697212642033
SPU_002874	SPU_020722	0.23828350302754919
SPU_014332	SPU_009155	0.23826035440130927
SPU_014793	SPU_009642	0.23788609517467577
SPU_018581	SPU_014793	0.23776660945120981
SPU_001262_2	SPU_003704	0.23772932214307482
SPU_002791	SPU_010698_1	0.23751876667446142
SPU_023177	SPU_008703	0.2373601916539915
SPU_025113	SPU_011583	0.23723294351693613
SPU_013015	SPU_005718	0.23676706008704157
SPU_018056	SPU_009263	0.23675389170684522
SPU_024189	SPU_006814	0.23668042600680234
SPU_018355_1	SPU_027053	0.23644977143157342
SPU_002791	SPU_009263	0.2364216326823117
SPU_007981	SPU_009263	0.23637824633492791
SPU_023090	SPU_009263	0.2363613353624652
SPU_026205	SPU_000756	0.23604792791379173
SPU_003470	SPU_020722	0.23592788773221224
SPU_005572	SPU_020311	0.23533129080205276
SPU_007644	SPU_027053	0.23524950823030691
SPU_002791	SPU_020722	0.23511713135570139
SPU_025346	SPU_020371	0.23495827910617467
SPU_018355	SPU_009263	0.23485154591931995
SPU_026465	SPU_027053	0.23467259456317777
SPU_002874	SPU_024794	0.23456419800198244
SPU_015767	SPU_015908	0.23434560289072282
SPU_009831	SPU_017837	0.23418494865232717
SPU_003470	SPU_017837	0.23375205548018774
SPU_001998	SPU_004414	0.23363853018144223
SPU_014332	SPU_025113	0.23332359797295657
SPU_024307	SPU_026418	0.232866031414765
SPU_014793	SPU_017837	0.23273906050676638
SPU_006583	SPU_004414	0.23262761442594662
SPU_005572	SPU_000841	0.23235620717937314
SPU_026877	SPU_005718	0.23234220711200648
SPU_008117_1	SPU_012253	0.2322471175455359
SPU_008528	SPU_022153	0.23195422504706309
SPU_003704	SPU_009263	0.23194410618649114
SPU_008117_1	SPU_012546	0.23189073959306378
SPU_020722	SPU_012546	0.23178400640620903
SPU_008752	SPU_004414	0.23147891582923852
SPU_011189	SPU_010698_1	0.23124424143268649
SPU_008117	SPU_012546	0.23122261756625875
SPU_008117	SPU_020722	0.23095758658799087
SPU_009178	SPU_017106	0.23081703145621077
SPU_006676	SPU_000756	0.23060772351835274
SPU_023037	SPU_020722	0.23046273272166434
SPU_027053	SPU_020722	0.22999809682252528
SPU_017837	SPU_020722	0.22993613612833819
SPU_009831	SPU_019024_1	0.22969397654725346
SPU_006676	SPU_017106	0.229487025056378
SPU_017837	SPU_012546	0.22946193582674071
SPU_019002	SPU_000668	0.22861957533775856
SPU_027774	SPU_009263	0.2284999509997642
SPU_007262	SPU_018581	0.22818390987505147
SPU_012384	SPU_000668	0.22796878012700139
SPU_025113	SPU_012253	0.22787230441524697
SPU_003470	SPU_020371	0.2277166402998731
SPU_015358	SPU_020311	0.22753006514466992
SPU_018744	SPU_016449	0.2272062616063677
SPU_011174	SPU_008703	0.22716939014181792
SPU_017470	SPU_018581	0.22696216142188563
SPU_012914	SPU_024794	0.22680150718348999
SPU_018861	SPU_015908	0.22642489150987399
SPU_023386	SPU_017106	0.22586807694936037
SPU_024189	SPU_015908	0.22566251160376868
SPU_008845	SPU_012546	0.22540288659210775
SPU_011174	SPU_004414	0.22501130054942639
SPU_003179	SPU_015374	0.22393717656898823
SPU_002129	SPU_019002	0.22392414680332023
SPU_008845	SPU_022153	0.22323190584857663
SPU_002129	SPU_000756	0.22317493527741131
SPU_002874	SPU_027053	0.22234893130277833
SPU_004723	SPU_012546	0.22198867214351151
SPU_015358	SPU_000841	0.221821918865867
SPU_025113	SPU_003102	0.22103833093691916
SPU_009642	SPU_017837	0.22076844845015786
SPU_008117	SPU_012253	0.22072270565579158
SPU_027053	SPU_009263	0.22049676397452764
SPU_012772	SPU_008703	0.22017420796698089
SPU_026633	SPU_003166	0.22004404892482946
SPU_009831	SPU_003102	0.21994743459854668
SPU_018392	SPU_022153	0.21937828334500695
SPU_004148	SPU_000668	0.21926905509664135
SPU_018355_1	SPU_009263	0.21840437766858956
SPU_009642	SPU_014793	0.21821253516130781
SPU_008752	SPU_008703	0.21764379975135326
SPU_023090	SPU_028030	0.21716973806428411
SPU_002592	SPU_000756	0.21689680605789843
SPU_007262	SPU_012546	0.21687532080599914
SPU_025113	SPU_012546	0.21681419179898231
SPU_011635	SPU_017837	0.21667530004154276
SPU_011189	SPU_012546	0.21644727914235307
SPU_012490	SPU_015374	0.21549901715368647
SPU_002791	SPU_027053	0.2149822621918755
SPU_012648	SPU_020722	0.21421378324652135
SPU_023037	SPU_009263	0.2140370497228333
SPU_004723	SPU_020722	0.21392588087107031
SPU_010403	SPU_005718	0.21376869199588425
SPU_011635	SPU_019024	0.21371255311188925
SPU_004148	SPU_009155	0.21287185599724767
SPU_018056	SPU_028030	0.21262706274012366
SPU_027053	SPU_010698_1	0.21249080465872339
SPU_007981	SPU_027053	0.2123151800512624
SPU_003470	SPU_024794	0.2122055359593116
SPU_017106	SPU_005718	0.21205208967639191
SPU_009831	SPU_027053	0.21189254435422331
SPU_005435	SPU_011583	0.21175074169168775
SPU_006991	SPU_027235	0.21168642455051812
SPU_004217	SPU_028030	0.21143151243282221
SPU_003102	SPU_012546	0.21068770687352018
SPU_021172	SPU_003166	0.2104894880979328
SPU_023090	SPU_020722	0.21018855595681379
SPU_023090	SPU_022153	0.20976106875128131
SPU_011189	SPU_017837	0.2094229879165557
SPU_023037	SPU_010698_1	0.20917514513980731
SPU_000424	SPU_027235	0.20897401545912386
SPU_018392	SPU_002874	0.20855151837661315
SPU_001998	SPU_008703	0.20842052764729144
SPU_000424	SPU_003166	0.20808175373992391
SPU_009876	SPU_017106	0.20799761472119557
SPU_003704	SPU_028030	0.20790294099831014
SPU_017837	SPU_018581	0.2073656710862985
SPU_012546	SPU_011583	0.20706390725800916
SPU_018581	SPU_025584	0.20692487688604125
SPU_019002	SPU_027235	0.20679319308407759
SPU_012648_1	SPU_000509	0.20645206272972755
SPU_002874	SPU_017837	0.20638871589025665
SPU_017404	SPU_011583	0.20633465622418734
SPU_011635	SPU_012253	0.20586156483881693
SPU_006917	SPU_017106	0.20573986128289687
SPU_028255	SPU_003166	0.20566029654360515
SPU_004723	SPU_012253	0.20561704881074971
SPU_019332	SPU_009263	0.20555730594901672
SPU_011635	SPU_003102	0.20529435418867459
SPU_009642	SPU_020722	0.20478134181912991
SPU_011189	SPU_012253	0.20443231043666207
SPU_012253	SPU_000668	0.20375490123645543
SPU_022817	SPU_006462	0.20370624753699307
SPU_010351	SPU_017106	0.20362391050713374
SPU_007644	SPU_003704	0.20281745118100269
SPU_015243	SPU_000756	0.20276325290040503
SPU_027214	SPU_004414	0.20260384619276484
SPU_012203	SPU_026418	0.20257889557765593
SPU_011189	SPU_019024	0.20254826176688334
SPU_026465	SPU_017837	0.20240909278038702
SPU_024903	SPU_006462	0.20238026095848338
SPU_006803	SPU_003166	0.20205299205697166
SPU_025584	SPU_014793	0.20167512885260022
SPU_006676	SPU_006814	0.20156201939743987
SPU_012546	SPU_000841	0.2014393455398211
SPU_003470	SPU_014793	0.20100686821126684
SPU_019002	SPU_015374	0.20075306500979798
SPU_007262	SPU_010698_1	0.20037658795071034
SPU_013569	SPU_000668	0.2001697750743632
SPU_010295	SPU_012546	0.20001036836672301
SPU_004414	SPU_008703	0.19983349622850657
SPU_017348	SPU_017106	0.1990219081648254
SPU_002791	SPU_017837	0.19826493422532704
SPU_013015	SPU_004414	0.19807503232144263
SPU_003470	SPU_003704	0.19721770146339518
SPU_011189	SPU_003102	0.19652698526846377
SPU_006421	SPU_000668	0.1961862707576989
SPU_013015	SPU_006814	0.19598098264116401
SPU_002129	SPU_006462	0.19581478382163303
SPU_017635	SPU_011583	0.19580106098332312
SPU_021608	SPU_012253	0.19562890173907171
SPU_015374	SPU_006814	0.19560034714622485
SPU_010295	SPU_012253	0.19522788990846032
SPU_027235	SPU_006462	0.19512434485575839
SPU_009876	SPU_005718	0.1950730574802568
SPU_014793	SPU_010424	0.19482978898294501
SPU_023090	SPU_018680	0.19448158928764744
SPU_012384	SPU_011064	0.19439634135269204
SPU_003470	SPU_009642	0.19437457887173593
SPU_000739	SPU_000756	0.19437139073758314
SPU_007262	SPU_017837	0.1940126563381285
SPU_014576	SPU_010351	0.19398327005811136
SPU_025346	SPU_014793	0.1939732898120678
SPU_025346	SPU_009642	0.19349645583443104
SPU_008845	SPU_002874	0.19310486979174968
SPU_005358	SPU_002129	0.19300811685093852
SPU_026633	SPU_010351	0.19295475025751113
SPU_017837	SPU_010698_1	0.19256053053879052
SPU_025590	SPU_027235	0.19216936033969428
SPU_008117	SPU_017837	0.19186219054479806
SPU_003470	SPU_021608	0.19170001154659022
SPU_020123	SPU_001998	0.19149333728477147
SPU_009831	SPU_020311	0.19130606905692635
SPU_016881	SPU_014170	0.19125519752500988
SPU_012253	SPU_011064	0.19119018731119833
SPU_024903	SPU_002603	0.1907044820037451
SPU_023386	SPU_005718	0.19059636267160651
SPU_014332	SPU_012546	0.19048006508229337
SPU_024189	SPU_012645	0.19042434204188349
SPU_026418	SPU_004414	0.19012396435887799
SPU_026465	SPU_018680	0.19003719166411037
SPU_018391	SPU_020722	0.19002637973089651
SPU_003166	SPU_010351	0.18994681499160479
SPU_026465	SPU_020722	0.18991271581762265
SPU_006676	SPU_005718	0.18989344839817743
SPU_009642	SPU_000668	0.18936615873220933
SPU_011635	SPU_027053	0.18936102999465917
SPU_005718	SPU_017106	0.18920176190154736
SPU_028255	SPU_010351	0.18910958324017282
SPU_009831	SPU_012546	0.18895405773932733
SPU_015374	SPU_001998	0.18863385817876308
SPU_012253	SPU_002631	0.18860391744063243
SPU_018056	SPU_018680	0.18828468818176688
SPU_027053	SPU_019024	0.18790668636286703
SPU_006312	SPU_027235	0.18785331976943967
SPU_003704	SPU_009642	0.18783834940037433
SPU_010305	SPU_005718	0.18780189377940967
SPU_000756	SPU_006814	0.18775462622523112
SPU_002603	SPU_010351	0.18743428805013851
SPU_014793	SPU_000668	0.18733323805894747
SPU_026633	SPU_027235	0.18732478257271615
SPU_017725	SPU_018581	0.18729816858326664
SPU_006753	SPU_027235	0.18727183182287391
SPU_015828	SPU_008528	0.18724424753172572
SPU_003166	SPU_027235	0.1868662457128259
SPU_003179	SPU_010351	0.18670808653594115
SPU_002874	SPU_028030	0.18667842302686721
SPU_011297	SPU_014170	0.18666816555176691
SPU_026205	SPU_006814	0.18654313524716562
SPU_000424	SPU_000756	0.18646454080957259
SPU_028827	SPU_000756	0.18621156929527405
SPU_012648	SPU_009263	0.18604259818517541
SPU_028583	SPU_010351	0.18574069574235771
SPU_015243	SPU_027235	0.18570313120516599
SPU_027969	SPU_024794	0.18546152608219482
SPU_002791	SPU_028030	0.18535132753213046
SPU_004414	SPU_001998	0.18512815814143418
SPU_009771	SPU_017106	0.18501380115551844
SPU_002634	SPU_017106	0.18496237516548841
SPU_023386	SPU_006814	0.1848150279218175
SPU_003179	SPU_006814	0.18459144268753611
SPU_028583	SPU_000757	0.18458922485508197
SPU_008196_1	SPU_005718	0.18399429129926306
SPU_012384	SPU_002631	0.18395284555527663
SPU_013015	SPU_010351	0.18395076633735089
SPU_009831	SPU_028030	0.18384735989917733
SPU_015829	SPU_008528	0.18379149824423907
SPU_023366	SPU_000841	0.18355211095372198
SPU_022049	SPU_000756	0.18340115973231316
SPU_023386	SPU_010351	0.18324300055542841
SPU_017404	SPU_024794	0.18315068327952549
SPU_004723	SPU_010698_1	0.18308830674175322
SPU_008117	SPU_003102	0.18308068294269217
SPU_004148	SPU_022153	0.18287608789879917
SPU_016449	SPU_004024	0.18282701835575166
SPU_008117_1	SPU_003102	0.18245858093931025
SPU_012490	SPU_006462	0.18240867970909244
SPU_007981	SPU_028030	0.1821957677934965
SPU_026205	SPU_015374	0.18212160902081173
SPU_028583	SPU_012645	0.18210539112099094
SPU_002874	SPU_003102	0.18206990580172491
SPU_012253	SPU_009911	0.18188762769690159
SPU_028583	SPU_006814	0.18176134986154485
SPU_015358	SPU_011583	0.18153637848197962
SPU_012490	SPU_010351	0.18134758549432226
SPU_010351	SPU_005718	0.18132720915865
SPU_006991	SPU_006462	0.18098635603335672
SPU_028120	SPU_005718	0.18093160329464555
SPU_011189	SPU_027053	0.1808859991148076
SPU_026205	SPU_010351	0.18030409532465669
SPU_006676	SPU_010351	0.1801710253774092
SPU_014332	SPU_009911	0.17985734069967901
SPU_018483	SPU_010351	0.17970805285261077
SPU_009771	SPU_010351	0.17944177434358743
SPU_021557	SPU_006462	0.17911187176603641
SPU_012384	SPU_009911	0.17876699881942007
SPU_008117_1	SPU_017837	0.17817594647039589
SPU_008117_1	SPU_010698_1	0.17810594613356259
SPU_018954	SPU_008703	0.17808972823374178
SPU_015982	SPU_017106	0.1779285195372326
SPU_006991	SPU_002129	0.17791174717929828
SPU_019290	SPU_014170	0.17784341021680561
SPU_011635	SPU_019024_1	0.17784285575869205
SPU_003166	SPU_010424	0.17779974664036502
SPU_022817	SPU_005572	0.17778699410375379
SPU_022049	SPU_017106	0.17772517202409505
SPU_002791	SPU_003102	0.17750269570604071
SPU_013178	SPU_006676	0.17750214124792718
SPU_026877	SPU_010635	0.17746554701243411
SPU_018483	SPU_006462	0.17745986381677042
SPU_000129	SPU_017106	0.17727855601364575
SPU_014722	SPU_022153	0.17711069381977421
SPU_012648	SPU_010698_1	0.17699897050989769
SPU_004148	SPU_012546	0.17677718726448524
SPU_017837	SPU_003102	0.17673186031370408
SPU_023090	SPU_009642	0.17666435503838165
SPU_002592	SPU_003166	0.17617421406602016
SPU_023037	SPU_027053	0.17607857004143604
SPU_009831	SPU_014793	0.17603573815216575
SPU_012546	SPU_000668	0.17591777718851201
SPU_009178	SPU_010351	0.17575033083822561
SPU_012914	SPU_012546	0.17559716178436263
SPU_014332	SPU_011064	0.17549098305562141
SPU_014722	SPU_008528	0.17542375500935578
SPU_012384	SPU_012546	0.17450640406051854
SPU_000756	SPU_005718	0.17421794722695397
SPU_017407	SPU_016449	0.17421170957317675
SPU_018483	SPU_003166	0.17410054072141376
SPU_016449	SPU_015108	0.17391174773375639
SPU_000424	SPU_006462	0.17389469814676534
SPU_017635	SPU_012786	0.1737662024789545
SPU_021557	SPU_002129	0.17374374692535649
SPU_023037	SPU_019024	0.17353180531145923
SPU_004148	SPU_011064	0.17349188432728496
SPU_023090	SPU_010698	0.17347885456161699
SPU_006462	SPU_010351	0.17344336924235101
SPU_011635	SPU_010424	0.17285148520615654
SPU_003179	SPU_012645	0.17264425648622425
SPU_009642	SPU_010698	0.17251243406973227
SPU_018056	SPU_010698	0.1725063350304834
SPU_021608	SPU_002631	0.17219819493388849
SPU_017470	SPU_019002	0.17193150058128001
SPU_003179	SPU_000757	0.17166979635169333
SPU_002320	SPU_002129	0.17154809279577324
SPU_015358	SPU_000668	0.17102468433659987
SPU_000276	SPU_014170	0.17062367250598851
SPU_020311	SPU_027235	0.17062339527693171
SPU_004723	SPU_017837	0.17060385062842975
SPU_011246	SPU_017106	0.17045248356343576
SPU_014576	SPU_006814	0.17026895792785693
SPU_024139	SPU_005718	0.17003968949791184
SPU_002874	SPU_003704	0.168916080130841
SPU_021172	SPU_010351	0.16888142649874532
SPU_000756	SPU_010351	0.16888059481157502
SPU_009831	SPU_010698	0.16875209914376418
SPU_026465	SPU_010698	0.16853073174193689
SPU_003470	SPU_019033	0.16818059144324199
SPU_009642	SPU_019033	0.16816465077247797
SPU_014836	SPU_009911	0.16811474954226016
SPU_020311	SPU_012253	0.16785734236305336
SPU_012384	SPU_027235	0.167657321598597
SPU_008117	SPU_012914	0.16730870605971429
SPU_022163	SPU_002129	0.16705933852315366
SPU_015982	SPU_006814	0.16700153626481806
SPU_008117_1	SPU_012914	0.1669882292700933
SPU_014802	SPU_014170	0.1667452380018383
SPU_005358	SPU_004983	0.16662991071422381
SPU_014793	SPU_019033	0.16661549480327201
SPU_011189	SPU_028030	0.16611315575241281
SPU_015374	SPU_010351	0.1660535515052082
SPU_022820	SPU_009263	0.16598368978290329
SPU_011174	SPU_026418	0.16595333320118746
SPU_021608	SPU_011064	0.16593753114495183
SPU_000485	SPU_014170	0.16593420439627066
SPU_024307	SPU_004414	0.16592408553569871
SPU_012469	SPU_000509	0.16589844184794789
SPU_015772	SPU_014170	0.16565752979761864
SPU_027235	SPU_004414	0.16565018322761432
SPU_022817	SPU_004983	0.16549715278827976
SPU_011189	SPU_019024_1	0.16530032015797619
SPU_020722	SPU_012914	0.16525166645851386
SPU_024903	SPU_003166	0.16517626015507361
SPU_000129	SPU_005718	0.16515629966298651
SPU_006917	SPU_010351	0.16501047717912778
SPU_005358	SPU_009911	0.16472021835669426
SPU_020123	SPU_008703	0.16466893098119265
SPU_014576	SPU_008703	0.16461958420908837
SPU_027472	SPU_014170	0.16458964347095767
SPU_012648	SPU_017837	0.16451395993846069
SPU_008845	SPU_020722	0.16450508860864418
SPU_012491	SPU_005718	0.16427471126247201
SPU_017837	SPU_012914	0.16409659159350012
SPU_002634	SPU_005718	0.16401051197137442
SPU_023090	SPU_019033	0.1637330056855521
SPU_022049	SPU_010351	0.16366591625381482
SPU_022846	SPU_014170	0.16363015370549208
SPU_004702	SPU_018581	0.16355710384903435
SPU_026418	SPU_006814	0.16344177656141989
SPU_024139	SPU_014170	0.16317535943786818
SPU_021608	SPU_020371	0.16316995347126126
SPU_009831	SPU_018680	0.16303563599325832
SPU_012772	SPU_001998	0.16297422975718476
SPU_009831	SPU_012253	0.16289882345374454
SPU_015908	SPU_026418	0.16277739712688122
SPU_018581	SPU_002615	0.16275535741686836
SPU_003704	SPU_019384	0.16272153547194296
SPU_017348	SPU_005718	0.16244694009121666
SPU_013015	SPU_012645	0.16233937521719163
SPU_012491	SPU_017106	0.16229862254584709
SPU_021608	SPU_009911	0.16223111727052467
SPU_005358	SPU_006462	0.1620827997251551
SPU_002129	SPU_004983	0.16204675994777559
SPU_003166	SPU_006462	0.16198424479547494
SPU_003378	SPU_016449	0.16195832387866738
SPU_006421	SPU_012546	0.16190426421259807
SPU_008845	SPU_012914	0.16181638260160339
SPU_018392	SPU_020722	0.16177216456704929
SPU_018391	SPU_009263	0.16172267918041663
SPU_006803	SPU_002603	0.16146014326365965
SPU_004148	SPU_009911	0.16145154916289992
SPU_018355	SPU_019384	0.16126996413071848
SPU_022816	SPU_006462	0.16113675556894261
SPU_007253	SPU_017106	0.16105469576814002
SPU_008752	SPU_026418	0.16100978466094398
SPU_018483	SPU_002129	0.16096667554261695
SPU_023090	SPU_024794	0.16081932829894605
SPU_012384	SPU_025113	0.1604840197547881
SPU_011246	SPU_005718	0.16039641537285021
SPU_004414	SPU_006814	0.16028663266637103
SPU_016443	SPU_014170	0.16009174063946485
SPU_008528	SPU_009263	0.16009146341040809
SPU_005435	SPU_011064	0.16004142356566189
SPU_012384	SPU_007317	0.15995575978712134
SPU_027774	SPU_026110	0.15983364038761613
SPU_025346	SPU_020311	0.15954726277197728
SPU_002815	SPU_006814	0.1595415795763136
SPU_024189	SPU_008703	0.15935167767242919
SPU_026465	SPU_025856	0.15916565697533949
SPU_011635	SPU_028030	0.15893846776332013
SPU_018056	SPU_019384	0.15887207140422477
SPU_017470	SPU_016449	0.15880512058701587
SPU_019002	SPU_025113	0.15873220934508656
SPU_012253	SPU_007317	0.15864710002465951
SPU_025113	SPU_012914	0.15861452561048955
SPU_012648	SPU_018056	0.15857502046990049
SPU_015982	SPU_005718	0.15851513899363912
SPU_028255	SPU_002603	0.15842559400830383
SPU_021172	SPU_002603	0.15797440371841789
SPU_009831	SPU_009642	0.15793198767273275
SPU_026465	SPU_019384	0.15792173019763245
SPU_012253	SPU_012546	0.15789719542610867
SPU_021608	SPU_007317	0.15773058076299257
SPU_012490	SPU_002634	0.15766182795691472
SPU_003102	SPU_017837	0.15735853936881319
SPU_002874	SPU_010698	0.15733469766993136
SPU_005572	SPU_002129	0.15725845967932081
SPU_001998	SPU_006814	0.15720675646023405
SPU_002592	SPU_027235	0.15710265694941858
SPU_027235	SPU_004983	0.1570139436512536
SPU_018355_1	SPU_019384	0.15694921066649883
SPU_004723	SPU_003102	0.15690734907892723
SPU_018355_1	SPU_004807	0.15690097281062163
SPU_003595_1	SPU_016449	0.15683665566945201
SPU_011189	SPU_012914	0.15678869504263157
SPU_025346	SPU_019033	0.15677427913167977
SPU_025584	SPU_000668	0.15673990272864083
SPU_024189	SPU_010351	0.15673380368939202
SPU_018797	SPU_010351	0.15660281296007028
SPU_003704	SPU_025856	0.15656510980835017
SPU_009831	SPU_008117_1	0.15643786167129475
SPU_027053	SPU_026110	0.156408614005806
SPU_007981	SPU_026110	0.15633736613821725
SPU_014793	SPU_003084	0.1563314057134968
SPU_018355	SPU_025856	0.15629314810366315
SPU_027053	SPU_003102	0.15597599806272336
SPU_002129	SPU_002603	0.15579039320921878
SPU_026633	SPU_006462	0.15574118505164292
SPU_017971	SPU_016449	0.1557316206491845
SPU_007253	SPU_005718	0.15572538299540728
SPU_020123	SPU_006583	0.15562280824440403
SPU_003704	SPU_004807	0.15536748028312294
SPU_018056	SPU_025856	0.15521472707284512
SPU_017404	SPU_011064	0.15518340018943061
SPU_023037	SPU_026110	0.15514846932827814
SPU_025113	SPU_012786	0.15509302351692503
SPU_006814	SPU_017106	0.15500666666574256
SPU_018355	SPU_004807	0.15495537929024095
SPU_020637	SPU_014170	0.15488565618246439
SPU_002791	SPU_003704	0.15479458643731692
SPU_011635	SPU_010698	0.15463379358439289
SPU_008196	SPU_010351	0.15451915936942032
SPU_013689	SPU_025856	0.1544960107431804
SPU_005358	SPU_002603	0.15447092151354311
SPU_027053	SPU_028030	0.15441783214917251
SPU_006462	SPU_002634	0.15427159382172867
SPU_023177	SPU_026418	0.15426785122946235
SPU_015243	SPU_006462	0.15397565180363146
SPU_023090	SPU_019384	0.1537907400227688
SPU_022678	SPU_019384	0.15349992674222174
SPU_026465	SPU_004807	0.15316780633221661
SPU_018483	SPU_002634	0.15304471663101271
SPU_009831	SPU_019033	0.15304277602761535
SPU_002874	SPU_026110	0.15302905318930543
SPU_006753	SPU_006462	0.15292536952207511
SPU_012648_1	SPU_002631	0.15284885430240783
SPU_026205	SPU_002634	0.15276263606575374
SPU_012645	SPU_005718	0.15271315067912108
SPU_002791	SPU_026110	0.15267073463343594
SPU_005718	SPU_000757	0.1526028135145284
SPU_005572	SPU_024794	0.15241055516366148
SPU_006421	SPU_009911	0.15233306964229551
SPU_020123	SPU_015374	0.15220956409750644
SPU_023090	SPU_025856	0.15217976197390415
SPU_009831	SPU_008117	0.15215675196219261
SPU_006421	SPU_011064	0.15212958351462957
SPU_004148	SPU_002631	0.15202756322173985
SPU_012546	SPU_012253	0.15202395924400192
SPU_010295	SPU_012786	0.15198376103077091
SPU_010424	SPU_010403	0.15172663108062084
SPU_011635	SPU_008117_1	0.15163999700038161
SPU_010635	SPU_012645	0.15163278904490568
SPU_018056	SPU_004807	0.15160478891017237
SPU_025346	SPU_012546	0.15134849064719261
SPU_008112	SPU_002603	0.15121292563843425
SPU_002603	SPU_002634	0.15111811330102043
SPU_012648_1	SPU_007317	0.15103827133267195
SPU_003102	SPU_009911	0.15097728094018353
SPU_002791	SPU_010698	0.15097062744282116
SPU_014576	SPU_023177	0.15091074596655979
SPU_007262	SPU_012914	0.15081718115990139
SPU_023177	SPU_006814	0.15081662670178789
SPU_006787	SPU_014170	0.15077698294667041
SPU_006803	SPU_000424	0.15051001136500516
SPU_006312	SPU_003166	0.1502392971910736
SPU_011189	SPU_008117_1	0.15021531687766337
SPU_028255	SPU_006462	0.15016499980386044
SPU_007262	SPU_008117_1	0.15003179124208457
SPU_024903	SPU_000424	0.14994030565335195
SPU_024903	SPU_004983	0.14985034482443152
SPU_002603	SPU_023386	0.14978672075590382
SPU_003166	SPU_002129	0.14972489867624511
SPU_022163	SPU_000841	0.14969939360302267
SPU_009771	SPU_005718	0.14957075932068345
SPU_006991	SPU_002603	0.14952889773311187
SPU_024189	SPU_000757	0.14950949169913827
SPU_015374	SPU_012645	0.14933580769507465
SPU_010295	SPU_012914	0.14924224288841628
SPU_006917	SPU_005718	0.14912566807004635
SPU_012490	SPU_023386	0.14878204265418543
SPU_023037	SPU_003102	0.14874253751359634
SPU_004723	SPU_012914	0.14872631961377555
SPU_028255	SPU_010424	0.14858257634784261
SPU_007981	SPU_003704	0.14844465489210176
SPU_014418	SPU_014170	0.14822093104329195
SPU_005572	SPU_011583	0.14821122802630515
SPU_014332	SPU_000841	0.14804904902809729
SPU_002592	SPU_002603	0.14781229541361951
SPU_000757	SPU_012645	0.14779787950266771
SPU_003470	SPU_012546	0.14760714591161297
SPU_006583	SPU_001998	0.1474130855718771
SPU_004148	SPU_007317	0.14722054999195341
SPU_009831	SPU_011583	0.14702066784202547
SPU_000739	SPU_002603	0.14683076593814104
SPU_014793	SPU_008117	0.14668120086201603
SPU_004217	SPU_018680	0.14666401266049656
SPU_007644	SPU_019033	0.14664044819067149
SPU_012648	SPU_026110	0.14659456678177679
SPU_003470	SPU_025584	0.14644028881168675
SPU_006991	SPU_003166	0.14639537770449071
SPU_017725	SPU_000841	0.146382070709766
SPU_023090	SPU_004807	0.14629238710990233
SPU_009642	SPU_020371	0.14628060487498978
SPU_007599	SPU_014170	0.14614157450302184
SPU_011635	SPU_026110	0.14602250462314106
SPU_000756	SPU_002634	0.14600254413105393
SPU_006814	SPU_005718	0.14588333563664474
SPU_002874	SPU_008117_1	0.14587709798286752
SPU_012914	SPU_009911	0.14586864249663617
SPU_022049	SPU_002634	0.14584064236190283
SPU_027235	SPU_010351	0.14568830499521015
SPU_027214	SPU_015374	0.14566113654764715
SPU_003470	SPU_008117	0.14552571015341717
SPU_015640	SPU_014170	0.145491610979435
SPU_012648_1	SPU_011064	0.14543408595015614
SPU_003166	SPU_002603	0.14515533213357837
SPU_002816	SPU_014170	0.14513966869187114
SPU_012469	SPU_006753	0.1451069556631728
SPU_025590	SPU_006462	0.14509614372995894
SPU_026633	SPU_010424	0.14506855943881075
SPU_003166	SPU_002634	0.14495226184949761
SPU_008117	SPU_008117_1	0.1448799050656818
SPU_006312	SPU_006462	0.14483277612603165
SPU_022817	SPU_002603	0.14482723154489632
SPU_012914	SPU_012786	0.14479659773412376
SPU_024903	SPU_019002	0.14472465679389307
SPU_024307	SPU_026277	0.14472410233577956
SPU_003595_1	SPU_015108	0.14468820117292841
SPU_017837	SPU_008117_1	0.14460669583023933
SPU_013689	SPU_004807	0.14453253705755456
SPU_025590	SPU_002129	0.14433653611442129
SPU_007262	SPU_027053	0.1442898230183563
SPU_010424	SPU_004983	0.14426417933060548
SPU_015374	SPU_013015	0.14422994154209495
SPU_028255	SPU_002634	0.14415689168563722
SPU_022816	SPU_003166	0.14413873318241907
SPU_018954	SPU_011174	0.14413388167392568
SPU_002874	SPU_018680	0.14413249552864185
SPU_013689	SPU_019384	0.14408120815314021
SPU_012914	SPU_003102	0.14396102935703234
SPU_024189	SPU_002634	0.14390613800379276
SPU_018954	SPU_006583	0.14385235556678025
SPU_026633	SPU_002634	0.14382629603544428
SPU_022678	SPU_004807	0.1437996820459948
SPU_012469	SPU_028827	0.14368809735064667
SPU_013015	SPU_002634	0.1436692457747866
SPU_014576	SPU_012645	0.14346063090957051
SPU_011189	SPU_010698	0.14343706643974544
SPU_002592	SPU_006462	0.14341973962369758
SPU_012648	SPU_027053	0.14341419504256228
SPU_017106	SPU_000757	0.14331785794533625
SPU_002791	SPU_008117_1	0.14308748059916407
SPU_021557	SPU_004983	0.14305767847556175
SPU_027235	SPU_013015	0.14305060913461423
SPU_003102	SPU_012914	0.14301456935723472
SPU_028120	SPU_017106	0.14294346010417436
SPU_006676	SPU_002634	0.14290062821490407
SPU_007611	SPU_012914	0.14276728103859984
SPU_006462	SPU_004983	0.14276617212237278
SPU_004217	SPU_019384	0.14262312192908175
SPU_007644	SPU_018680	0.14254480472054548
SPU_009642	SPU_019384	0.14233508093910233
SPU_028583	SPU_010635	0.1422000703884575
SPU_002874	SPU_019033	0.14216111970598194
SPU_026099	SPU_014170	0.14206256477630178
SPU_002874	SPU_008117	0.14202444578099652
SPU_003179	SPU_010635	0.14198840600361701
SPU_005358	SPU_009756	0.14183994984371903
SPU_014793	SPU_002615	0.14179309813312566
SPU_000739	SPU_006462	0.14168691940438444
SPU_003470	SPU_008117_1	0.14166959258833658
SPU_019002	SPU_002129	0.14160236454207095
SPU_024877	SPU_014170	0.14156133464166964
SPU_011174	SPU_001998	0.14153624541203236
SPU_016881	SPU_000276	0.14151628491994525
SPU_008528	SPU_026110	0.14130462053510476
SPU_023386	SPU_002634	0.14117404564936817
SPU_018056	SPU_008117	0.14115644160426355
SPU_025346	SPU_008117_1	0.14114355045312396
SPU_009831	SPU_025584	0.14103030238343522
SPU_009642	SPU_008117	0.14094519306300818
SPU_011635	SPU_008117	0.14081794492595281
SPU_022817	SPU_018483	0.14079770720480891
SPU_023090	SPU_008117	0.14073255837646903
SPU_008752	SPU_001998	0.14072923162778783
SPU_020123	SPU_000756	0.14066782539171427
SPU_005358	SPU_000756	0.14059893397110801
SPU_002592	SPU_005572	0.14035344764134211
SPU_002129	SPU_003166	0.14032475443396689
SPU_009642	SPU_004807	0.14029938797527283
SPU_004723	SPU_008117_1	0.14027249675676656
SPU_006462	SPU_023386	0.14021954600692435
SPU_012772	SPU_006814	0.14021566480012962
SPU_024307	SPU_015374	0.14008897112118776
SPU_003179	SPU_002634	0.13995326749790102
SPU_018391	SPU_026110	0.13994522785525482
SPU_002603	SPU_013015	0.13985984130577103
SPU_026465	SPU_008117	0.13969932568190377
SPU_012645	SPU_017106	0.13957443399183087
SPU_006917	SPU_002634	0.13955724579031142
SPU_008117_1	SPU_012786	0.13920419458652047
SPU_014332	SPU_012914	0.13916801619461255
SPU_020123	SPU_026418	0.13913377840610203
SPU_024139	SPU_017106	0.1391025901372159
SPU_019002	SPU_002603	0.13907361970078388
SPU_011189	SPU_026110	0.13895357951920442
SPU_016449	SPU_015456	0.13881108378402693
SPU_018581	SPU_008117_1	0.13866706328903719
SPU_012914	SPU_011064	0.13865985533356132
SPU_024903	SPU_006803	0.13863462748939562
SPU_026633	SPU_002603	0.13850294368743199
SPU_022678	SPU_023090	0.13836280439923701
SPU_024189	SPU_026277	0.13834423005243371
SPU_002791	SPU_018680	0.13833327950469146
SPU_001262_2	SPU_019384	0.13809264468341897
SPU_007262	SPU_010295	0.1377534549324663
SPU_028255	SPU_023386	0.1377172765405584
SPU_018483	SPU_004983	0.13765781090788218
SPU_012648	SPU_003102	0.13760388985634128
SPU_003704	SPU_023090	0.13759668190086538
SPU_018391	SPU_010698_1	0.13755620645857761
SPU_012699	SPU_014170	0.13751489932911953
SPU_011576	SPU_014170	0.13747109713815059
SPU_014793	SPU_004807	0.13740858198584993
SPU_006421	SPU_002631	0.13740123541584567
SPU_003470	SPU_025856	0.13739111655527372
SPU_028827	SPU_002603	0.13730378940239257
SPU_018056	SPU_023090	0.13723572966895661
SPU_014401	SPU_014170	0.13681129198304853
SPU_020722	SPU_017837	0.13666630118636014
SPU_009831	SPU_012914	0.1366563209403166
SPU_003166	SPU_023386	0.13652408268023941
SPU_012648	SPU_008117_1	0.13642275545999161
SPU_007981	SPU_010698	0.13640404249865992
SPU_017635	SPU_002129	0.13622023963402438
SPU_008117_1	SPU_009911	0.13614483333058414
SPU_024903	SPU_010722	0.13594841654386575
SPU_022820	SPU_018056	0.13590780248704959
SPU_027235	SPU_002603	0.13586261415079681
SPU_012772	SPU_023177	0.13584570317833408
SPU_006991	SPU_000424	0.1357966336352866
SPU_011202	SPU_014170	0.13578928706528229
SPU_009642	SPU_024794	0.13575421758960146
SPU_027235	SPU_010403	0.13569378165522655
SPU_006421	SPU_007317	0.13564263289425332
SPU_003179	SPU_013015	0.13562627637990415
SPU_002791	SPU_008117	0.13558302864704874
SPU_018483	SPU_023386	0.13556611767458601
SPU_024307	SPU_001998	0.13553756308173917
SPU_008117_1	SPU_011064	0.13547033503547354
SPU_021172	SPU_013015	0.13543720616319005
SPU_025346	SPU_025584	0.13529207675197327
SPU_013689_1	SPU_027235	0.13525770034893433
SPU_028827	SPU_003166	0.1351477790279268
SPU_019002	SPU_006676	0.13503064975144335
SPU_009876	SPU_023177	0.13464225184291478
SPU_017725	SPU_002129	0.13455561776267555
SPU_028583	SPU_002634	0.13455187517040923
SPU_026633	SPU_023386	0.13454494444399009
SPU_011189	SPU_008117	0.13453149883473697
SPU_024189	SPU_023386	0.13444098354770301
SPU_004217	SPU_026110	0.13443751818449343
SPU_017725	SPU_009911	0.13417858624547441
SPU_023894	SPU_014170	0.1341544673175358
SPU_000975	SPU_014170	0.13409375415410416
SPU_027214	SPU_008703	0.13363424699251522
SPU_025346	SPU_012253	0.13357644473417959
SPU_022820	SPU_026110	0.13339208741143049
SPU_018355_1	SPU_002615	0.13336131498612952
SPU_018355	SPU_023090	0.13325763131889923
SPU_008117	SPU_012786	0.13322574997737116
SPU_009831	SPU_010295	0.13303792729141251
SPU_024093	SPU_016881	0.13297139231778876
SPU_004723	SPU_010295	0.13293022380285907
SPU_023177	SPU_000757	0.13289335233830926
SPU_020311	SPU_002631	0.13280685687259841
SPU_012546	SPU_012786	0.13278065872673409
SPU_005358	SPU_018581	0.13271703465820636
SPU_028255	SPU_013015	0.13271121284801429
SPU_018581	SPU_004024	0.13260836086795427
SPU_014793	SPU_011189	0.13256275668811635
SPU_006786	SPU_014170	0.13255998439754868
SPU_004217	SPU_023090	0.13240584504198702
SPU_012469	SPU_000424	0.13230313167645538
SPU_027053	SPU_010698	0.132211368858666
SPU_006808	SPU_009911	0.13210865549313436
SPU_012772	SPU_026418	0.13210047723595977
SPU_008528	SPU_010698_1	0.13198320934494792
SPU_013689	SPU_002615	0.13184404035845163
SPU_012648_1	SPU_009911	0.13182602046976186
SPU_015358	SPU_012546	0.1316807524440167
SPU_017837	SPU_012786	0.13164582158286425
SPU_000739	SPU_003166	0.13153368242940258
SPU_012491	SPU_012645	0.13148946439484849
SPU_017837	SPU_009911	0.13147310788049929
SPU_007981	SPU_008117_1	0.13139700850441716
SPU_015243	SPU_003166	0.13115873013012716
SPU_002815	SPU_017106	0.13112116559293541
SPU_018581	SPU_026465	0.13109843281028064
SPU_007262	SPU_014332	0.13108304659763015
SPU_023037	SPU_008117	0.13098033323209851
SPU_008752	SPU_006583	0.13089827343129593
SPU_025590	SPU_003166	0.1308435206925847
SPU_006312	SPU_004983	0.13083395629012629
SPU_003102	SPU_011064	0.13069395561645969
SPU_007644	SPU_025856	0.13065237125794485
SPU_004217	SPU_025856	0.13013714105594607
SPU_025590	SPU_004983	0.12991743702845937
SPU_007981	SPU_018680	0.12990648648071712
SPU_014793	SPU_022633	0.12966183183812152
SPU_012384	SPU_012914	0.12961179199337533
SPU_026465	SPU_023090	0.12938848398815067
SPU_006462	SPU_002603	0.12930753310357512
SPU_026205	SPU_012645	0.12930559250017776
SPU_020311	SPU_007317	0.12918541370406988
SPU_022820	SPU_028030	0.12908256172400986
SPU_015719	SPU_014170	0.12902087825887953
SPU_014576	SPU_000757	0.12901353168887525
SPU_025346	SPU_022633	0.12892329363089805
SPU_027235	SPU_023386	0.12891553121730862
SPU_013119	SPU_014170	0.1288498279308552
SPU_004217	SPU_004807	0.12878883753836676
SPU_012253	SPU_025113	0.12870691635209255
SPU_017635	SPU_009911	0.12870455990511004
SPU_020722	SPU_010698_1	0.12869277767019749
SPU_012648_1	SPU_006753	0.12865299530055163
SPU_025632	SPU_014170	0.12848707371007745
SPU_025113	SPU_009911	0.12845824188817384
SPU_018581	SPU_011189	0.12844285567552335
SPU_023366	SPU_009911	0.12844216260288144
SPU_002320	SPU_009911	0.1284263605466458
SPU_018581	SPU_004287_1	0.12842123180909562
SPU_017837	SPU_014332	0.12842081596551047
SPU_002815	SPU_005718	0.1283955881213448
SPU_014793	SPU_008117_1	0.12828649848750756
SPU_006676	SPU_012645	0.12815273546761818
SPU_010295	SPU_019024_1	0.12809035892984594
SPU_011189	SPU_018680	0.12808592326493767
SPU_012253	SPU_002129	0.12807275488474132
SPU_026465	SPU_002615	0.12802839823565881
SPU_017635	SPU_004983	0.12791057588653346
SPU_011189	SPU_019033	0.12787217966217146
SPU_027214	SPU_001998	0.12760104964465471
SPU_006991	SPU_004983	0.12759675259427486
SPU_019002	SPU_004983	0.12759120801313953
SPU_009642	SPU_002615	0.12753978202310953
SPU_011635	SPU_019033	0.12751649478234123
SPU_027053	SPU_008117	0.127508455139695
SPU_017837	SPU_011064	0.12723510728972418
SPU_014793	SPU_026465	0.12721362203782485
SPU_009642	SPU_011189	0.12714985935476877
SPU_023037	SPU_010698	0.12708332438114503
SPU_018355_1	SPU_026465	0.12707930455982194
SPU_004148	SPU_012914	0.12698781897108929
SPU_021608	SPU_000668	0.12694734352880152
SPU_007262	SPU_010698	0.12689605615329991
SPU_026763	SPU_010403	0.12684268955987252
SPU_025346	SPU_010295	0.12679680815097782
SPU_008117	SPU_019024_1	0.12673581775848941
SPU_002603	SPU_013086	0.12671058991432374
SPU_017837	SPU_010295	0.12664946090730694
SPU_008117	SPU_010295	0.12656504465952181
SPU_024918	SPU_027362	0.12643474700284202
SPU_020311	SPU_011064	0.1264146478962265
SPU_011189	SPU_010295	0.12617872596891899
SPU_007644	SPU_019384	0.12599630924956728
SPU_008112	SPU_006462	0.125902051370267
SPU_004414	SPU_009771	0.12584161543589209
SPU_012384	SPU_009155	0.12578908052963503
SPU_012648_1	SPU_000861	0.12571533760053538
SPU_006462	SPU_010403	0.1256055548940562
SPU_008117_1	SPU_014332	0.12541121732526356
SPU_015374	SPU_002634	0.12535147446353059
SPU_008117	SPU_014332	0.12533539517823819
SPU_022820	SPU_027053	0.12510127523979966
SPU_009831	SPU_025856	0.12505885919411452
SPU_018392	SPU_026110	0.1247532141590305
SPU_012253	SPU_003166	0.12453448043324246
SPU_013015	SPU_023386	0.12416105289377927
SPU_007262	SPU_019024_1	0.12386178412700084
SPU_027774	SPU_003102	0.12367354559745702
SPU_005358	SPU_012384	0.12352314883416171
SPU_018392	SPU_009263	0.1234474653016647
SPU_021608	SPU_012546	0.12330081113063572
SPU_020722	SPU_003102	0.12323524645871067
SPU_025113	SPU_014332	0.12313696875808729
SPU_007262	SPU_008117	0.12308318632107476
SPU_025584	SPU_002615	0.12306572089049854
SPU_021172	SPU_002634	0.12292558160230355
SPU_022049	SPU_005718	0.12266789719403995
SPU_008117_1	SPU_010295	0.12247827251921233
SPU_014332	SPU_002129	0.12236904427084669
SPU_013689	SPU_026465	0.12235573727612194
SPU_015358	SPU_012786	0.12214393427675305
SPU_006312	SPU_011583	0.12184438828091786
SPU_020311	SPU_002129	0.12184286352110564
SPU_009642	SPU_008117_1	0.12174361551878359
SPU_003470	SPU_010295	0.12171658568574893
SPU_021557	SPU_003166	0.12171492231140835
SPU_023386	SPU_012645	0.12165531806420374
SPU_009642	SPU_026465	0.12164020908061003
SPU_003470	SPU_019384	0.12159363459907341
SPU_003166	SPU_013015	0.12159308014095987
SPU_012648	SPU_028030	0.12143076252822364
SPU_007611	SPU_008117_1	0.12141371294123257
SPU_005358	SPU_013015	0.12137351472800155
SPU_018483	SPU_010403	0.12134482152062633
SPU_015374	SPU_010635	0.12133525711816791
SPU_019002	SPU_009155	0.12130628668173592
SPU_001998	SPU_023177	0.1211130580291703
SPU_012384	SPU_000861	0.12109157277727099
SPU_006312	SPU_000424	0.12101616647383076
SPU_020722	SPU_008117_1	0.12091664124245191
SPU_008117	SPU_018680	0.12082640318447471
SPU_012253	SPU_000861	0.12071093728233187
SPU_008117	SPU_011064	0.12051119374693228
SPU_010295	SPU_014332	0.12035372764268944
SPU_004414	SPU_002634	0.12028968773057661
SPU_006753	SPU_000424	0.12025240042244163
SPU_002874	SPU_025856	0.12000927053965822
SPU_004702	SPU_023090	0.11994911183434011
SPU_021557	SPU_000424	0.11994384448226157
SPU_003102	SPU_012786	0.11992776519696915
SPU_012253	SPU_004983	0.11987675505052429
SPU_020311	SPU_004983	0.11985416088239791
SPU_026465	SPU_011189	0.11974895245535537
SPU_026633	SPU_013015	0.11971845725911116
SPU_019002	SPU_012914	0.11959023882035709
SPU_023090	SPU_017811	0.11958386255205147
SPU_026465	SPU_002467	0.1195828922503528
SPU_018056	SPU_017811	0.11956750603770232
SPU_001998	SPU_002634	0.11911354345724871
SPU_009831	SPU_014332	0.11906475114325797
SPU_009876	SPU_000757	0.11899904785680453
SPU_023366	SPU_012786	0.11898768146547714
SPU_004414	SPU_023177	0.11895843379998837
SPU_006753	SPU_004983	0.11892461185506296
SPU_014332	SPU_002603	0.11886777989842603
SPU_003704	SPU_017811	0.11844195606723414
SPU_023090	SPU_026110	0.11827146019732332
SPU_025888	SPU_026277	0.11823860855409658
SPU_000756	SPU_012645	0.11815641013876561
SPU_000749	SPU_016881	0.11810484553420722
SPU_015908	SPU_006814	0.11810470691967884
SPU_025590	SPU_000424	0.11808973655061349
SPU_003470	SPU_022633	0.1180800335336267
SPU_023177	SPU_012645	0.11805050863908116
SPU_006462	SPU_013015	0.11789609205446276
SPU_019002	SPU_012786	0.11785187401990864
SPU_014332	SPU_017725	0.11769108116698461
SPU_015374	SPU_026277	0.11755870429237905
SPU_007253	SPU_012645	0.11747747617874675
SPU_021608	SPU_012786	0.11747123852496953
SPU_017837	SPU_010698	0.1173934757745468
SPU_005358	SPU_011064	0.11729935650977487
SPU_003470	SPU_004807	0.1172975545209059
SPU_011635	SPU_009642	0.11728147523561351
SPU_025584	SPU_011711	0.11726484149220757
SPU_009831	SPU_011189	0.11723600967030395
SPU_020722	SPU_014332	0.11722408882086303
SPU_002320	SPU_009756	0.1171381478132657
SPU_026465	SPU_017811	0.11699190948582186
SPU_024903	SPU_018483	0.11696293904938987
SPU_011635	SPU_018680	0.11693868150692288
SPU_021172	SPU_023386	0.11681212644250941
SPU_018483	SPU_002603	0.1166915318028164
SPU_028148	SPU_006583	0.11668723475243653
SPU_015374	SPU_023386	0.11666935347827515
SPU_004148	SPU_012786	0.1165989372978567
SPU_025113	SPU_010295	0.11657551144256
SPU_025584	SPU_026465	0.11651244183214585
SPU_025590	SPU_000509	0.11649151103836004
SPU_004723	SPU_014332	0.11646309506004157
SPU_005358	SPU_021172	0.11644798607644784
SPU_007262	SPU_014793	0.11632642113505615
SPU_024307	SPU_011174	0.11620998493121461
SPU_009831	SPU_012786	0.1161562024942021
SPU_017837	SPU_008117	0.11610075668284897
SPU_006312	SPU_000509	0.1160773308275523
SPU_015243	SPU_004983	0.11605542973206782
SPU_018355	SPU_017811	0.11598293433372363
SPU_020311	SPU_012786	0.11594329057860615
SPU_018056	SPU_026110	0.11591390429858899
SPU_014576	SPU_026418	0.11591182508066326
SPU_017837	SPU_028030	0.11591043893537942
SPU_008117	SPU_019033	0.11558025912877164
SPU_009642	SPU_002467	0.11551358554061952
SPU_003166	SPU_004983	0.11532437670937704
SPU_003704	SPU_002615	0.11526740613821171
SPU_012469	SPU_000861	0.11497187996369962
SPU_014722	SPU_020722	0.11489467167139042
SPU_018797	SPU_009771	0.11487235473232077
SPU_025113	SPU_019033	0.11481455247398517
SPU_014793	SPU_011711	0.11479528505453995
SPU_014836	SPU_015374	0.11462936346406577
SPU_012490	SPU_013086	0.11461536339669912
SPU_003179	SPU_023386	0.11422641103005703
SPU_022816	SPU_004983	0.11413215315075674
SPU_019002	SPU_003166	0.1140954203007353
SPU_018355	SPU_002615	0.11401349911446108
SPU_027969	SPU_022153	0.1138442507753057
SPU_000424	SPU_013086	0.11384078541209613
SPU_003102	SPU_014332	0.11376551772318429
SPU_010305	SPU_010635	0.11356369496985896
SPU_018355	SPU_026110	0.11353680375135269
SPU_012253	SPU_012914	0.11323268347608088
SPU_014332	SPU_002662	0.11308228671278556
SPU_009642	SPU_011711	0.11302767258860275
SPU_002791	SPU_025856	0.11295157321252058
SPU_004723	SPU_010698	0.11292814735722391
SPU_023366	SPU_011064	0.11288254317738598
SPU_028583	SPU_026277	0.11283305779075332
SPU_023366	SPU_012384	0.11276638420260121
SPU_018056	SPU_011189	0.1126762847591524
SPU_000424	SPU_002603	0.11261529436666397
SPU_023090	SPU_011189	0.11258563085759006
SPU_012546	SPU_009911	0.1123616297797235
SPU_007262	SPU_017725	0.11234277820386342
SPU_019002	SPU_000861	0.11228996606854959
SPU_028583	SPU_007253	0.11225614412362418
SPU_014793	SPU_016272	0.11221594591039319
SPU_002634	SPU_012645	0.1120863413263553
SPU_003704	SPU_026465	0.11205141046520281
SPU_004148	SPU_000861	0.11199139037441309
SPU_010403	SPU_006814	0.11197240018402464
SPU_025346	SPU_014332	0.11195493475344841
SPU_018391	SPU_027053	0.11190946918813886
SPU_021608	SPU_006462	0.11186275609207386
SPU_018355_1	SPU_017811	0.11181701329770753
SPU_003470	SPU_016272	0.11169697311612806
SPU_018355	SPU_026465	0.11153590303414726
SPU_020311	SPU_006462	0.1114872493346849
SPU_006803	SPU_013086	0.11144136792579022
SPU_024189	SPU_016016	0.11141447670728395
SPU_012253	SPU_021172	0.11131384255967805
SPU_013015	SPU_010635	0.11124037685963517
SPU_015908	SPU_006583	0.11109122762709532
SPU_008845	SPU_008117_1	0.11107708894520026
SPU_011174	SPU_006583	0.1109867122726947
SPU_014628	SPU_016449	0.11088011770036833
SPU_018056	SPU_010625	0.1108666720911152
SPU_017837	SPU_017635	0.11064350270041892
SPU_005358	SPU_003166	0.11053787842979125
SPU_002592	SPU_013015	0.11043474922067446
SPU_006676	SPU_009771	0.11040051143216392
SPU_014332	SPU_000861	0.11034187748665798
SPU_023090	SPU_010625	0.11031775855871939
SPU_009831	SPU_016272	0.11025163942868081
SPU_021210	SPU_017106	0.11025025328339698
SPU_026905	SPU_000509	0.1101961936173277
SPU_003704	SPU_010625	0.11003318293194955
SPU_002129	SPU_009756	0.10997122223776244
SPU_017642	SPU_009079_1	0.10987987526355819
SPU_007147	SPU_016881	0.10986739995600374
SPU_012772	SPU_000757	0.10984217211183808
SPU_002603	SPU_009771	0.10972795374045066
SPU_024903	SPU_013086	0.10961747796132959
SPU_014802	SPU_016881	0.10960916108962662
SPU_018355	SPU_002467	0.10956660642941311
SPU_018355_1	SPU_002467	0.10943118003518312
SPU_004414	SPU_006583	0.10938654615704387
SPU_014576	SPU_007253	0.10933262510550297
SPU_003704	SPU_026110	0.10917543623031691
SPU_005358	SPU_010722	0.1091578321852123
SPU_018355	SPU_010625	0.1091489608553958
SPU_022163	SPU_009911	0.10913634693331296
SPU_011189	SPU_009642	0.10910058438499019
SPU_004217	SPU_010426	0.10908755461932222
SPU_018056	SPU_002615	0.10896224708566418
SPU_023386	SPU_000757	0.10895559358830183
SPU_017837	SPU_019024_1	0.10890444482732857
SPU_003179	SPU_007253	0.10881670183086227
SPU_012253	SPU_028827	0.10878981061235601
SPU_020124	SPU_000509	0.10852062119823666
SPU_003102	SPU_017725	0.10839697703891921
SPU_007981	SPU_010426	0.10839656119533407
SPU_025346	SPU_002615	0.1083398678532255
SPU_017579	SPU_007317	0.10831366970736114
SPU_018483	SPU_013015	0.10817505517897838
SPU_017407	SPU_016045	0.10814539166990446
SPU_012648	SPU_008117	0.1081290351555553
SPU_021608	SPU_000861	0.10811281725573452
SPU_022678	SPU_010426	0.10810297562421935
SPU_022678	SPU_002467	0.10807095566816292
SPU_025113	SPU_017635	0.10795216301733887
SPU_002874	SPU_019384	0.10791376679297683
SPU_008528	SPU_027053	0.10788812310522602
SPU_012491	SPU_000757	0.10787356857974582
SPU_003704	SPU_002467	0.10787245966351877
SPU_002129	SPU_010722	0.10785596453464122
SPU_012648	SPU_019024	0.10780647914800856
SPU_012490	SPU_013015	0.1077691918398736
SPU_027235	SPU_021172	0.10768616173737232
SPU_027214	SPU_015982	0.1074850320566889
SPU_014793	SPU_002467	0.10742722979835327
SPU_026465	SPU_010625	0.10742639811118299
SPU_012546	SPU_012914	0.1074150317198556
SPU_005022	SPU_018581	0.10736568494775132
SPU_025346	SPU_012914	0.10730344702450746
SPU_025346	SPU_011711	0.10730303118092231
SPU_001998	SPU_026418	0.10726782309071309
SPU_001657	SPU_006583	0.10721334758105866
SPU_024189	SPU_015982	0.10719796136840817
SPU_012914	SPU_002631	0.10719324847444316
SPU_002874	SPU_004807	0.1071637235798976
SPU_018581	SPU_010403	0.10715027797064448
SPU_002129	SPU_010403	0.10714570369120786
SPU_003470	SPU_023090	0.10712837687516001
SPU_009876	SPU_012645	0.10703536652661516
SPU_013305	SPU_012645	0.10696328697185611
SPU_012648	SPU_010698	0.10694762353014887
SPU_028827	SPU_000424	0.10694693045750696
SPU_022678	SPU_017811	0.10693722744052014
SPU_012490	SPU_016016	0.10685807854481359
SPU_001262_2	SPU_026465	0.10667219646225228
SPU_027053	SPU_003704	0.10649504709497908
SPU_005358	SPU_002662	0.10648562130704906
SPU_012253	SPU_006753	0.10636821480150883
SPU_012008	SPU_014170	0.10633356116941313
SPU_004723	SPU_008117	0.10614296619288682
SPU_007262	SPU_012786	0.10613839191345019
SPU_003470	SPU_011711	0.10612660967853765
SPU_014793	SPU_010295	0.10609029267210136
SPU_012490	SPU_010403	0.10603969836924165
SPU_018126	SPU_000757	0.10602375769847765
SPU_026905	SPU_007317	0.10599159912789283
SPU_023386	SPU_023177	0.10599035159713738
SPU_008845	SPU_017725	0.10597011387599349
SPU_004702	SPU_004621	0.10594072759597634
SPU_008117_1	SPU_010698	0.10585145983969783
SPU_002603	SPU_021172	0.10582429139213481
SPU_019366	SPU_016881	0.1056648846844946
SPU_006808	SPU_002662	0.10562593400201906
SPU_012490	SPU_015982	0.10556882481632535
SPU_021172	SPU_004983	0.10551490376478444
SPU_028583	SPU_023177	0.10546985404306004
SPU_014332	SPU_006753	0.10535244753751984
SPU_009642	SPU_016272	0.10530213046371688
SPU_000739	SPU_004983	0.10529020961427596
SPU_003179	SPU_026277	0.10528341750238519
SPU_018908	SPU_028827	0.10519553589139051
SPU_018056	SPU_002467	0.1051578327396704
SPU_006583	SPU_000756	0.10510058493944831
SPU_011635	SPU_016272	0.10498719825523119
SPU_024307	SPU_023065	0.1049639110144629
SPU_011635	SPU_011189	0.10491858406368172
SPU_003470	SPU_020311	0.1048150390109798
SPU_018056	SPU_026465	0.10469319684053133
SPU_017725	SPU_002662	0.10468806810298117
SPU_006814	SPU_012645	0.10467850370052276
SPU_014332	SPU_012384	0.10464689958805148
SPU_000739	SPU_013015	0.10462777078313465
SPU_006753	SPU_003166	0.1045710774410261
SPU_004723	SPU_019033	0.10454404760799145
SPU_004414	SPU_007253	0.10453476043458981
SPU_018391	SPU_003102	0.1044423045441585
SPU_003179	SPU_023177	0.10434984865372719
SPU_005572	SPU_002662	0.10434194762560936
SPU_005358	SPU_014332	0.10431741285408561
SPU_021608	SPU_028827	0.10429911573633908
SPU_027053	SPU_018680	0.1042924622389767
SPU_001998	SPU_007253	0.10429149193727803
SPU_014332	SPU_017635	0.10421982822610414
SPU_001262_2	SPU_002615	0.10408911472583918
SPU_009831	SPU_004807	0.10405127295959067
SPU_010295	SPU_014793	0.1040461442220405
SPU_025010	SPU_012645	0.10394093579499798
SPU_025584	SPU_022633	0.10390475740309008
SPU_026962	SPU_026418	0.10377737065150629
SPU_006421	SPU_000861	0.10366883547578258
SPU_015108	SPU_004024	0.10366370673823241
SPU_010295	SPU_009642	0.10366287505106211
SPU_004723	SPU_019024_1	0.10363958781029381
SPU_003470	SPU_012914	0.10361685502763904
SPU_026633	SPU_009771	0.10355350818816812
SPU_004217	SPU_017811	0.10353119124909847
SPU_006312	SPU_028827	0.10347810188472788
SPU_004148	SPU_003102	0.10345398295678926
SPU_000276	SPU_016881	0.10340740847525266
SPU_003470	SPU_002615	0.10337635882089491
SPU_022678	SPU_004621	0.10337136869787314
SPU_006462	SPU_013086	0.1033417051887992
SPU_014802	SPU_000276	0.10331384366859427
SPU_023090	SPU_022487	0.10325839785724117
SPU_017635	SPU_009756	0.10320808078343822
SPU_004723	SPU_018680	0.10314015966453065
SPU_017348	SPU_027235	0.10276091031487536
SPU_018056	SPU_022487	0.10266207815613845
SPU_023090	SPU_002467	0.10258140450061967
SPU_021608	SPU_012913	0.1025385726113494
SPU_023177	SPU_007253	0.10245845341394415
SPU_008117_1	SPU_019033	0.10232704684103726
SPU_002874	SPU_011189	0.10230611604725147
SPU_003470	SPU_012253	0.10227700699629109
SPU_022163	SPU_002662	0.10226522476137856
SPU_012772	SPU_006583	0.10223777908475876
SPU_007611	SPU_006421	0.10221463045851883
SPU_019002	SPU_006462	0.1021432439764017
SPU_020722	SPU_017725	0.10212855083639313
SPU_019002	SPU_012384	0.10208294665655519
SPU_012203	SPU_000757	0.10207767930447666
SPU_007644	SPU_011189	0.10200587697877438
SPU_012490	SPU_009771	0.10185936142227378
SPU_026633	SPU_013086	0.10181514338771966
SPU_008112	SPU_003166	0.10180876711941406
SPU_015828	SPU_026110	0.10179157891789459
SPU_006991	SPU_010722	0.1017763313197725
SPU_011246	SPU_000757	0.10173377665955896
SPU_007253	SPU_000757	0.10171963797766392
SPU_007147	SPU_000276	0.10168456850198308
SPU_023386	SPU_007253	0.10167431102688275
SPU_017837	SPU_019033	0.10166945951838936
SPU_011635	SPU_017635	0.10164963764083063
SPU_000861	SPU_011583	0.10158920170645573
SPU_013689	SPU_023090	0.10156050849908049
SPU_020123	SPU_009771	0.10153181529170527
SPU_025113	SPU_011064	0.10153029053189304
SPU_026877	SPU_010403	0.10140040871879838
SPU_019002	SPU_021172	0.10137933931048421
SPU_003704	SPU_022487	0.10130462607968588
SPU_022163	SPU_006753	0.10130296270534528
SPU_028583	SPU_018126	0.101260130816075
SPU_011635	SPU_025856	0.10112678363977078
SPU_018483	SPU_013086	0.10106607047633913
SPU_002603	SPU_018483	0.10089003002529298
SPU_020124	SPU_000424	0.10080824745354715
SPU_021608	SPU_009756	0.10076153435748215
SPU_011189	SPU_017635	0.10074975212256962
SPU_001262_2	SPU_011711	0.10062291982909936
SPU_015829	SPU_026110	0.1005558303973621
SPU_013015	SPU_007253	0.10054682045301723
SPU_008117_1	SPU_019024_1	0.10050773115601327
SPU_025590	SPU_028827	0.10047792903241098
SPU_006462	SPU_016016	0.10045256257371693
SPU_026205	SPU_009771	0.10042761195860803
SPU_002791	SPU_019384	0.10036773048234666
SPU_008117_1	SPU_008117	0.10031561141967474
SPU_003166	SPU_013086	0.10029717568739983
SPU_028255	SPU_013086	0.1002877498994698
SPU_003470	SPU_010625	0.10026501711681503
SPU_001262_2	SPU_023090	0.10018850189714773
SPU_021192	SPU_012645	0.10018101671261506
SPU_021210	SPU_005718	0.10017159092468504
SPU_014289	SPU_000757	0.10013749175070287
SPU_007981	SPU_019384	0.099809668391077605
SPU_002592	SPU_023386	0.099799410915977271
SPU_006583	SPU_006814	0.099777371205964402
SPU_010351	SPU_000757	0.09972483629970734
SPU_006312	SPU_018581	0.09972358876895189
SPU_024307	SPU_000756	0.099703489662336386
SPU_004217	SPU_010625	0.099589271290948966
SPU_000756	SPU_000757	0.099577211826979678
SPU_004148	SPU_006421	0.099570974173202445
SPU_001262_2	SPU_002467	0.099555449346023575
SPU_002791	SPU_004807	0.0995280036694038
SPU_002603	SPU_015982	0.099508181791845049
SPU_013569	SPU_017635	0.099505270886749014
SPU_026962	SPU_028827	0.099503191668823265
SPU_004217	SPU_004621	0.099497231244102799
SPU_006462	SPU_018483	0.099244259729804246
SPU_006312	SPU_006753	0.099183962409957721
SPU_019366	SPU_000276	0.099112575927840604
SPU_010295	SPU_017635	0.099108694721045873
SPU_017725	SPU_006753	0.098907980883947602
SPU_018581	SPU_027235	0.098888159006388879
SPU_003102	SPU_017635	0.098851841999952589
SPU_023090	SPU_010426	0.098843525128249621
SPU_002791	SPU_010426	0.098810812099551282
SPU_008117_1	SPU_006421	0.098765623763298491
SPU_006421	SPU_002662	0.098717108678364529
SPU_019002	SPU_013015	0.098699781862316677
SPU_015243	SPU_013015	0.098589306083195591
SPU_003470	SPU_014332	0.098549246484492981
SPU_018355_1	SPU_004806	0.098511127489187708
SPU_000861	SPU_004983	0.098471622348598631
SPU_018056	SPU_004621	0.098455958906891364
SPU_020123	SPU_023386	0.098449028180472228
SPU_009771	SPU_007253	0.098448473722358695
SPU_002129	SPU_018483	0.098442236068581462
SPU_017725	SPU_028827	0.09833785932870924
SPU_025590	SPU_006753	0.098336195954368641
SPU_015358	SPU_019024_1	0.098333700892857756
SPU_005572	SPU_009911	0.098314294858884169
SPU_022049	SPU_010403	0.098302928467556783
SPU_002129	SPU_021172	0.098263977785081225
SPU_012203	SPU_016443	0.098261205494513559
SPU_008845	SPU_010698_1	0.098220730052225799
SPU_002791	SPU_011189	0.0982133834822215
SPU_019002	SPU_009756	0.098178868464654193
SPU_005572	SPU_017635	0.098145046519728787
SPU_026465	SPU_022487	0.098109699814991194
SPU_005572	SPU_010722	0.098098472038192192
SPU_008112	SPU_004983	0.098085719501580959
SPU_026877	SPU_021726	0.098031937064568447
SPU_005572	SPU_014793	0.097908985977892923
SPU_007644	SPU_023090	0.097846748054649046
SPU_015374	SPU_007253	0.097808074601230255
SPU_002874	SPU_010426	0.097796985438959635
SPU_017725	SPU_002631	0.097736410890056358
SPU_003704	SPU_008377	0.097570905143167325
SPU_024307	SPU_010635	0.097521974214648185
SPU_025113	SPU_012384	0.097493974079914864
SPU_011189	SPU_016272	0.097385300289662788
SPU_009876	SPU_007253	0.097310309829807692
SPU_003704	SPU_004806	0.097306428623012961
SPU_026205	SPU_015982	0.097244329314297481
SPU_011189	SPU_025856	0.097234210453725545
SPU_004723	SPU_014793	0.097217160866734459
SPU_003704	SPU_004621	0.097105021713272802
SPU_018355	SPU_004621	0.097032110471343455
SPU_003470	SPU_022487	0.097002169733212767
SPU_000756	SPU_007253	0.096978743877916093
SPU_012384	SPU_012913	0.096927317887886055
SPU_005358	SPU_018483	0.096837218444437254
SPU_012490	SPU_018483	0.096821416388201631
SPU_018355	SPU_008377	0.096753356654765671
SPU_017348	SPU_010403	0.096728128810600014
SPU_024903	SPU_021608	0.096701098977565375
SPU_014722	SPU_026110	0.09669832668699771
SPU_007644	SPU_010625	0.096671989926605001
SPU_007981	SPU_023090	0.096661732451504667
SPU_006676	SPU_015982	0.096549454683514613
SPU_003179	SPU_018126	0.096424285764384957
SPU_009831	SPU_011711	0.096371473629071114
SPU_007644	SPU_017811	0.096326839750931856
SPU_017837	SPU_017725	0.096274027615618027
SPU_018355	SPU_004806	0.096182126183300243
SPU_021608	SPU_012914	0.096111710002881795
SPU_028255	SPU_015982	0.096030066045664331
SPU_018056	SPU_008377	0.096018699654336959
SPU_007981	SPU_004621	0.095983352949599338
SPU_017579	SPU_012914	0.095971986558271938
SPU_003166	SPU_009771	0.095901154534268354
SPU_018056	SPU_010426	0.095898936701814208
SPU_018581	SPU_007957	0.095873570243120168
SPU_012253	SPU_009756	0.095827827448753858
SPU_006462	SPU_012645	0.095820896722334722
SPU_002592	SPU_000424	0.095780837123632084
SPU_007644	SPU_004621	0.095605905588813017
SPU_017725	SPU_011064	0.095603410527302132
SPU_025584	SPU_021608	0.095505964513849045
SPU_006583	SPU_023386	0.095405746209828293
SPU_001998	SPU_000757	0.095335052800353079
SPU_012772	SPU_007253	0.095291111994855737
SPU_004723	SPU_006421	0.095255903904646499
SPU_000861	SPU_000424	0.095246893960301615
SPU_002129	SPU_000424	0.095179943143092735
SPU_012772	SPU_012645	0.095160814338175914
SPU_020722	SPU_006421	0.095160537109119162
SPU_018483	SPU_016016	0.095156101444210897
SPU_003179	SPU_009771	0.095119091365132705
SPU_021210	SPU_014131	0.09505823958717266
SPU_000861	SPU_000509	0.095056437598303678
SPU_013015	SPU_018126	0.095024279027718872
SPU_012648	SPU_019033	0.094954555919942341
SPU_026465	SPU_004806	0.094928773617663137
SPU_017470	SPU_009642	0.094915605237466782
SPU_008752	SPU_011174	0.094846991045917303
SPU_023037	SPU_018680	0.094826891939301799
SPU_025113	SPU_015358	0.094802218553249676
SPU_008117_1	SPU_015358	0.094723624115656629
SPU_018056	SPU_004806	0.094681762528085037
SPU_024307	SPU_020565	0.094631306839753709
SPU_018392	SPU_010698_1	0.09456643524047055
SPU_022678	SPU_008377	0.094536494502339863
SPU_023037	SPU_003704	0.094533167753658692
SPU_007644	SPU_010426	0.094401068108109901
SPU_028255	SPU_025010	0.094398295817542235
SPU_004723	SPU_000509	0.094291978474272661
SPU_008112	SPU_006803	0.09426772093180566
SPU_018797	SPU_006917	0.094250116886701055
SPU_013689	SPU_002467	0.09418635420364499
SPU_013569	SPU_014332	0.094053977329039432
SPU_002320	SPU_002662	0.093986056210131855
SPU_020722	SPU_012384	0.093975382891446385
SPU_018391	SPU_028030	0.093971640299180037
SPU_019089	SPU_015982	0.093927145035569162
SPU_020311	SPU_028827	0.093842312944198911
SPU_012253	SPU_012384	0.093789639423413451
SPU_012469	SPU_006803	0.093756233322073196
SPU_002631	SPU_027235	0.093751381813579823
SPU_002603	SPU_010635	0.093726431198470919
SPU_003102	SPU_006421	0.09367750026995178
SPU_023090	SPU_000922	0.093659341766733656
SPU_023090	SPU_008377	0.093588786971786811
SPU_009642	SPU_003470	0.093579361183856777
SPU_017470	SPU_014793	0.093508806388909932
SPU_025584	SPU_027235	0.093508667774381576
SPU_005358	SPU_010403	0.093452806119443302
SPU_002874	SPU_023090	0.093441301113587533
SPU_010424	SPU_003084	0.093388904821858826
SPU_020124	SPU_001998	0.093288270674252938
SPU_000756	SPU_015982	0.093226171365537458
SPU_006676	SPU_007253	0.093092131116591315
SPU_006583	SPU_015374	0.093015200053338867
SPU_027235	SPU_016016	0.093007853483334582
SPU_017635	SPU_002662	0.092988447449360981
SPU_002634	SPU_000757	0.092963219605195324
SPU_015640	SPU_016443	0.092920249101396651
SPU_009642	SPU_012546	0.092883377636846828
SPU_026465	SPU_008377	0.092870763714764021
SPU_002874	SPU_004621	0.092846644786825402
SPU_017837	SPU_014793	0.092836803155310232
SPU_015374	SPU_023177	0.092834308093799334
SPU_012253	SPU_012913	0.09283014965794785
SPU_006312	SPU_007317	0.092816149590581196
SPU_020123	SPU_023177	0.092751416605826434
SPU_021557	SPU_010722	0.092681832112578272
SPU_005572	SPU_006753	0.092601990144229804
SPU_014628	SPU_004287_1	0.092519653114370423
SPU_002320	SPU_010722	0.092452563682633146
SPU_005572	SPU_025584	0.092426226922240437
SPU_014793	SPU_003470	0.092319077891800536
SPU_017837	SPU_012384	0.092305355053490634
SPU_014332	SPU_017837	0.091977531693865369
SPU_002874	SPU_016272	0.091957432587249879
SPU_008117_1	SPU_017725	0.091956462285551183
SPU_008845	SPU_006421	0.091923749256852857
SPU_003102	SPU_015358	0.091920283893643276
SPU_028255	SPU_021172	0.091873986641163433
SPU_002634	SPU_007253	0.091854580607189845
SPU_017837	SPU_015358	0.091731906749571088
SPU_009831	SPU_017811	0.091679094614257245
SPU_004148	SPU_012913	0.091646520200087303
SPU_012253	SPU_006462	0.091591351617790959
SPU_000440	SPU_002129	0.091532579057756649
SPU_024903	SPU_000310	0.091499034341888011
SPU_001657	SPU_018954	0.091494460062451377
SPU_008117	SPU_015358	0.091468954989228954
SPU_001262_2	SPU_017811	0.091453430162050084
SPU_006991	SPU_024903	0.091394241758430639
SPU_003704	SPU_010426	0.09135542969048345
SPU_015243	SPU_000424	0.091337548416322065
SPU_022163	SPU_009756	0.09129457791252342
SPU_014332	SPU_009756	0.091238716257585159
SPU_018355_1	SPU_008377	0.091184379362459114
SPU_007262	SPU_015358	0.091182715988118501
SPU_023090	SPU_004806	0.091166359473769346
SPU_002791	SPU_004621	0.091160260434520496
SPU_006808	SPU_022163	0.091151250490175612
SPU_024093	SPU_000749	0.091135171204883222
SPU_004702	SPU_017811	0.091108973059018883
SPU_028255	SPU_016016	0.091065725326163457
SPU_027969	SPU_011174	0.09105588369464826
SPU_002603	SPU_016016	0.091000853726880312
SPU_004148	SPU_020722	0.090987269503098794
SPU_023386	SPU_015982	0.090971190217806391
SPU_028255	SPU_006803	0.090960655513649305
SPU_010295	SPU_006421	0.090920180071361531
SPU_008845	SPU_012384	0.090898001746820278
SPU_015358	SPU_002662	0.09087984324360214
SPU_018483	SPU_006917	0.090841585633768485
SPU_017837	SPU_018680	0.090839783644899502
SPU_028255	SPU_009771	0.090839367801314366
SPU_027235	SPU_013086	0.090788357654869506
SPU_008117	SPU_006421	0.090782813073734189
SPU_007644	SPU_012648	0.090741228715219349
SPU_009831	SPU_010625	0.090723347441057992
SPU_002677	SPU_012645	0.090687446278206837
SPU_013119	SPU_016443	0.090653069875167913
SPU_010295	SPU_015358	0.090606218164574537
SPU_015374	SPU_018126	0.090576416040972232
SPU_018355	SPU_010426	0.090519168240750153
SPU_019002	SPU_014332	0.090441682719384159
SPU_010635	SPU_023177	0.090418534093144237
SPU_002791	SPU_023090	0.090414791500877917
SPU_002592	SPU_006803	0.090359345689524792
SPU_018581	SPU_009831	0.090344652549516222
SPU_007611	SPU_015358	0.090334256459887505
SPU_023090	SPU_012648	0.0903328703146037
SPU_006421	SPU_006753	0.090314295967800398
SPU_025010	SPU_014197	0.090312632593459813
SPU_014418	SPU_016443	0.090295444391940344
SPU_006991	SPU_009079_1	0.090284493844198094
SPU_000739	SPU_006803	0.090249562983045636
SPU_004414	SPU_000757	0.090227107429447631
SPU_006803	SPU_009771	0.090214354892836399
SPU_002874	SPU_010625	0.090185107227347655
SPU_023090	SPU_005035	0.090165146735260521
SPU_016881	SPU_000749	0.090097225616352972
SPU_012384	SPU_009756	0.090079898800305119
SPU_018056	SPU_000540	0.09002154208385596
SPU_000739	SPU_000424	0.090018908407816692
SPU_023366	SPU_005358	0.089999225144786338
SPU_025584	SPU_012546	0.089990769658554987
SPU_012490	SPU_000310	0.08995902693155533
SPU_003166	SPU_015982	0.089906076181713104
SPU_027053	SPU_025856	0.089901779131333237
SPU_022163	SPU_028827	0.089803501430709851
SPU_004217	SPU_008377	0.0897990657658016
SPU_018392	SPU_006421	0.089684015707243894
SPU_012384	SPU_006753	0.089665857204025756
SPU_006991	SPU_018483	0.089512133692049245
SPU_001998	SPU_012645	0.089512133692049245
SPU_018056	SPU_012648	0.089507698027140994
SPU_008117_1	SPU_012384	0.08948274741203209
SPU_003704	SPU_000540	0.089460430472962468
SPU_023090	SPU_003470	0.089440608595403731
SPU_013015	SPU_009771	0.089429242204076331
SPU_027235	SPU_018483	0.089397499477076689
SPU_013305	SPU_006814	0.089390845979714306
SPU_026465	SPU_000540	0.089345796257989912
SPU_022242	SPU_012913	0.089324311006090576
SPU_006814	SPU_000757	0.08929783563116947
SPU_008117	SPU_011189	0.089274271161344398
SPU_004723	SPU_015358	0.089217161975650688
SPU_007644	SPU_000540	0.089185003405065882
SPU_021608	SPU_006753	0.089181953885441465
SPU_020311	SPU_000861	0.089148270555044443
SPU_022678	SPU_022487	0.0891108446323811
SPU_024903	SPU_012490	0.089066765212355362
SPU_002874	SPU_017811	0.089064547379901243
SPU_003470	SPU_026465	0.088942427980396019
SPU_022163	SPU_010722	0.088931200203597016
SPU_004217	SPU_022487	0.088811575865602663
SPU_009048	SPU_016443	0.088761120177271335
SPU_013689_1	SPU_007315	0.08876028849010105
SPU_012384	SPU_000841	0.088693476287420553
SPU_024189	SPU_023065	0.088692367371193487
SPU_025346	SPU_017635	0.088635951258141693
SPU_018355_1	SPU_003490	0.088544049825823909
SPU_027053	SPU_010426	0.088484584193147697
SPU_025346	SPU_003470	0.08847044551125266
SPU_000129	SPU_000757	0.088466148460872793
SPU_024877	SPU_016443	0.088461296952379392
SPU_023090	SPU_000540	0.088427059163868851
SPU_026418	SPU_011174	0.088417356146882037
SPU_022242	SPU_004414	0.088398920414607146
SPU_018056	SPU_000922	0.088328504234188684
SPU_023090	SPU_013902	0.088276246556988375
SPU_017837	SPU_016272	0.088275276255289692
SPU_008112	SPU_021172	0.088242424612062983
SPU_024093	SPU_018954	0.088152186554085785
SPU_028583	SPU_023065	0.088088562485558103
SPU_018391	SPU_006421	0.088087869412916173
SPU_012469	SPU_017725	0.088080106999326738
SPU_012648_1	SPU_012913	0.088041294931379563
SPU_006803	SPU_012490	0.087966720315109631
SPU_006753	SPU_000509	0.087955631152839012
SPU_013015	SPU_026277	0.087867195083730795
SPU_018391	SPU_008117	0.087848204893342358
SPU_022678	SPU_004806	0.087840165250696156
SPU_002320	SPU_009642	0.087781669919718613
SPU_018056	SPU_005035	0.087758521293478692
SPU_012490	SPU_006917	0.087535351902782416
SPU_017635	SPU_025584	0.087530777623345796
SPU_021172	SPU_013086	0.087527173645607831
SPU_009642	SPU_004806	0.087463549577080135
SPU_003470	SPU_011583	0.087388281888168287
SPU_025346	SPU_015358	0.087344756926256095
SPU_000424	SPU_018483	0.087237053437702675
SPU_002791	SPU_016272	0.087142656943874006
SPU_007262	SPU_016272	0.087110359758760816
SPU_007644	SPU_022487	0.087069745701944659
SPU_020311	SPU_002662	0.087065310037036409
SPU_025113	SPU_006421	0.087047567377403406
SPU_012648	SPU_006421	0.086998220605299145
SPU_015456	SPU_016045	0.086812477137266225
SPU_003166	SPU_016016	0.086811090991982393
SPU_014722	SPU_006421	0.086764932354030933
SPU_022049	SPU_016016	0.086746080778170878
SPU_015108	SPU_015456	0.086688555748892004
SPU_004702	SPU_011189	0.086682456709643169
SPU_012469	SPU_008377_2	0.086659723926988397
SPU_007262	SPU_018680	0.086643228798110844
SPU_003704	SPU_012648	0.086638654518674224
SPU_006991	SPU_013086	0.086625347523949459
SPU_003595_1	SPU_024610	0.086622575233381807
SPU_023037	SPU_016272	0.08661910987017224
SPU_006462	SPU_006917	0.086613149445451787
SPU_025010	SPU_023177	0.086610099925827369
SPU_004217	SPU_002467	0.086600674137897335
SPU_017837	SPU_006421	0.086559505622967645
SPU_010295	SPU_002662	0.086554376885417492
SPU_026465	SPU_005035	0.086548693689753792
SPU_018355	SPU_012648	0.086544396639373924
SPU_017470	SPU_012253	0.086478693352920494
SPU_014576	SPU_026277	0.086466356659894411
SPU_004148	SPU_006753	0.086288236990922543
SPU_008117	SPU_012384	0.086236533771835766
SPU_004148	SPU_017725	0.086211721771255259
SPU_013015	SPU_016016	0.086203404899552291
SPU_002791	SPU_010625	0.086189820675770773
SPU_012203	SPU_020680	0.086188988988600473
SPU_027053	SPU_011189	0.086142968965177383
SPU_008112	SPU_024903	0.08614227589253548
SPU_024093	SPU_019656	0.086124533232902478
SPU_009831	SPU_012648	0.085956809653559327
SPU_014793	SPU_004806	0.085939066993926325
SPU_013689	SPU_008377	0.085937126390528959
SPU_018391	SPU_018056	0.085891383596162649
SPU_009831	SPU_022633	0.085880987506533932
SPU_025584	SPU_014332	0.085853819058970909
SPU_005572	SPU_010295	0.085830809047259371
SPU_026633	SPU_021172	0.085728788754369636
SPU_006803	SPU_000310	0.08570799657511223
SPU_025113	SPU_011711	0.085700372776051179
SPU_002320	SPU_006753	0.085660867635462073
SPU_026877	SPU_021119	0.085599184170331744
SPU_011189	SPU_011064	0.085551223543511301
SPU_015828	SPU_006421	0.085519064972926495
SPU_003166	SPU_021172	0.085504371832917925
SPU_020311	SPU_009756	0.085466945910254569
SPU_008117	SPU_016272	0.085440193306276696
SPU_026633	SPU_015982	0.085435341797783296
SPU_002874	SPU_012648	0.085400826780215988
SPU_020722	SPU_015358	0.085391678221342734
SPU_023037	SPU_025856	0.085344826510749344
SPU_010424	SPU_004287_1	0.085323341258850008
SPU_016449	SPU_007624	0.085322093728094572
SPU_010295	SPU_022163	0.085256529056169511
SPU_018056	SPU_013902	0.085181538596314429
SPU_008528	SPU_028030	0.085179320763860297
SPU_021557	SPU_018483	0.085175578171593977
SPU_008528	SPU_006421	0.085170172204987044
SPU_013305	SPU_025010	0.085113478862878483
SPU_003704	SPU_005035	0.085077993543612493
SPU_012648	SPU_019024_1	0.084995517899224743
SPU_006803	SPU_018483	0.08490680460105976
SPU_023037	SPU_011189	0.084884071818404974
SPU_012384	SPU_014332	0.084837081493283228
SPU_012648	SPU_015358	0.084820031906292129
SPU_025590	SPU_007317	0.084801734788545607
SPU_028120	SPU_016443	0.084785239659668069
SPU_005572	SPU_009756	0.084779695078532752
SPU_013689	SPU_004806	0.084760011815502398
SPU_017725	SPU_000509	0.084681001534324216
SPU_002791	SPU_017811	0.084592704079744369
SPU_002815	SPU_000757	0.084557357375006775
SPU_011635	SPU_011711	0.084542525620469822
SPU_020311	SPU_012913	0.084504129396107783
SPU_021608	SPU_002662	0.084495812524404815
SPU_015772	SPU_016443	0.084452564791549389
SPU_003102	SPU_022163	0.084444802377959954
SPU_006462	SPU_025010	0.084433020143047419
SPU_006312	SPU_002631	0.084416802243226632
SPU_006462	SPU_000310	0.084415554712471197
SPU_013015	SPU_015982	0.084377158488109158
SPU_022163	SPU_003166	0.084280960005411507
SPU_024903	SPU_021172	0.084238959803311531
SPU_003166	SPU_025010	0.084224959735944863
SPU_021210	SPU_002634	0.084200979422534641
SPU_017635	SPU_010722	0.084192801165360057
SPU_006421	SPU_012913	0.084160088136661731
SPU_014793	SPU_014332	0.084132781074570312
SPU_005572	SPU_017725	0.084131394929286479
SPU_028255	SPU_012490	0.084070681765854832
SPU_012203	SPU_020565	0.083966859484096129
SPU_002603	SPU_006803	0.083932898924642341
SPU_021557	SPU_006753	0.083931096935773358
SPU_015829	SPU_006421	0.083846264844403107
SPU_003595_1	SPU_016045	0.083768640708508757
SPU_018483	SPU_025010	0.08360798647011311
SPU_022163	SPU_018483	0.0835517089715897
SPU_026465	SPU_003490	0.083544223787057031
SPU_020311	SPU_006753	0.08352966926157683
SPU_007981	SPU_010625	0.083485312612494353
SPU_006991	SPU_000310	0.083475886824564319
SPU_009831	SPU_015358	0.083405609258674254
SPU_025346	SPU_002662	0.083350302061849527
SPU_026465	SPU_013902	0.08334392579354391
SPU_012384	SPU_002662_1	0.083342955491845241
SPU_028255	SPU_000310	0.083297628541064067
SPU_014793	SPU_014923	0.083274757143880912
SPU_019290	SPU_016881	0.083229152964042971
SPU_006991	SPU_006917	0.083101211754345664
SPU_027969	SPU_004414	0.082999884534097845
SPU_009831	SPU_000540	0.082878874050819687
SPU_027472	SPU_016443	0.082833131256453363
SPU_018744	SPU_003490	0.082787388462087053
SPU_006421	SPU_002129	0.082753427902633278
SPU_010295	SPU_012384	0.082727784214882458
SPU_012203	SPU_011174	0.082721962404690375
SPU_014332	SPU_022163	0.082708794024494006
SPU_002603	SPU_026277	0.082594852882163367
SPU_012546	SPU_011064	0.082556872501386491
SPU_003704	SPU_003490	0.08253774369646967
SPU_021210	SPU_025010	0.082520139651365051
SPU_023090	SPU_004723	0.08248673355002481
SPU_019656	SPU_016881	0.082416040140549582
SPU_016881	SPU_019656	0.082409525257715596
SPU_003704	SPU_000922	0.082399129168086879
SPU_000424	SPU_010403	0.082375564698261808
SPU_003166	SPU_006803	0.082371960720523857
SPU_008117_1	SPU_002662	0.082367940899200756
SPU_002592	SPU_021172	0.082344792272960834
SPU_002791	SPU_012648	0.082340356608052584
SPU_015908	SPU_015712	0.082331208049179316
SPU_017837	SPU_011189	0.082291702908590225
SPU_002320	SPU_025584	0.082280475131791223
SPU_010295	SPU_017725	0.082237227398935797
SPU_003704	SPU_013902	0.082192870749853306
SPU_009876	SPU_010635	0.082132573430006794
SPU_018355	SPU_003490	0.082116078301129242
SPU_007262	SPU_011189	0.082101246546592288
SPU_025590	SPU_002662	0.082067701830723649
SPU_003470	SPU_007957	0.082048711640335212
SPU_027053	SPU_016272	0.081951404241410508
SPU_026465	SPU_012648	0.081867958295324061
SPU_006753	SPU_006803	0.081845918585311206
SPU_017407	SPU_008595_1	0.081790888617543245
SPU_007611	SPU_023090	0.081783680662067343
SPU_024903	SPU_008377_2	0.081741680459967353
SPU_013305	SPU_002634	0.081722135811465382
SPU_023177	SPU_026277	0.081697878268998395
SPU_015640	SPU_020565	0.081629957150090832
SPU_023090	SPU_002791	0.08160639268026576
SPU_003179	SPU_023065	0.081568689528545651
SPU_017725	SPU_009756	0.081502015940393538
SPU_012490	SPU_025010	0.081500768409638089
SPU_007981	SPU_017811	0.081499520878882639
SPU_017635	SPU_017725	0.081459322665651632
SPU_018056	SPU_002791	0.081458490978481332
SPU_003102	SPU_012384	0.081449203805079695
SPU_022678	SPU_002791	0.08144268892224571
SPU_018355_1	SPU_005035	0.081442134464132163
SPU_006803	SPU_016016	0.081432431447145376
SPU_014576	SPU_018126	0.081424391804499174
SPU_019332	SPU_004621	0.081421758128459892
SPU_004702	SPU_008377	0.081413302642228555
SPU_011297	SPU_016881	0.081263460337046775
SPU_006991	SPU_006753	0.08123864833646624
SPU_012546	SPU_006421	0.08120385608984218
SPU_022846	SPU_016443	0.081180153005488712
SPU_004217	SPU_012648	0.081154786546794672
SPU_001262_2	SPU_008377	0.08115159841264187
SPU_011297	SPU_016443	0.081151182569056707
SPU_006312	SPU_006803	0.081053459326546853
SPU_003470	SPU_002467	0.081029617627665015
SPU_018483	SPU_021172	0.081014092800486145
SPU_020722	SPU_008117	0.080967656933477919
SPU_024918	SPU_004723	0.080963775726683201
SPU_019290	SPU_000276	0.080865498026059801
SPU_006462	SPU_007253	0.080831814695662793
SPU_024139	SPU_016443	0.080785378828654553
SPU_006312	SPU_021172	0.080759319297318596
SPU_010635	SPU_002634	0.080746705375235761
SPU_003166	SPU_000310	0.080746289531650611
SPU_008117	SPU_009642	0.08074351724108296
SPU_018391	SPU_010698	0.08072716072673379
SPU_014802	SPU_020680	0.080695833843319284
SPU_011297	SPU_000276	0.080675180278590247
SPU_027053	SPU_004621	0.080652863339520625
SPU_025584	SPU_012914	0.080648289060083991
SPU_013689	SPU_003490	0.080623477059503471
SPU_009831	SPU_000922	0.080606150243455618
SPU_011189	SPU_011711	0.080593952164957933
SPU_003378	SPU_024610	0.080588130354765863
SPU_006676	SPU_018126	0.080496783380561612
SPU_007981	SPU_012648	0.080482090240553028
SPU_010424	SPU_016016	0.080454228720348089
SPU_003704	SPU_002791	0.080400030439750428
SPU_025346	SPU_026465	0.080267930794201636
SPU_008117	SPU_017725	0.080208742390582191
SPU_009831	SPU_007957	0.080037553448029458
SPU_000485	SPU_020565	0.08001454343631792
SPU_018355	SPU_002791	0.079935533155139724
SPU_002320	SPU_022163	0.079915711277580986
SPU_016443	SPU_020565	0.079902265668327865
SPU_002320	SPU_028827	0.079864839745664523
SPU_011635	SPU_007957	0.079850007991127556
SPU_007611	SPU_010426	0.079840304974140755
SPU_006803	SPU_006917	0.079826720750359251
SPU_009048	SPU_020565	0.079751453061447403
SPU_013689_1	SPU_002129	0.079742997575216051
SPU_011189	SPU_012384	0.079731908412945432
SPU_021608	SPU_002662_1	0.079675908143478788
SPU_014793	SPU_009831	0.079675769528950405
SPU_008117_1	SPU_016272	0.079621571248352743
SPU_003166	SPU_018483	0.079580125504366286
SPU_007644	SPU_008377	0.079504857815454438
SPU_000757	SPU_018126	0.079493214195070272
SPU_014332	SPU_010295	0.079425708919747873
SPU_018954	SPU_026277	0.079393966192748217
SPU_026633	SPU_016016	0.079217509898116933
SPU_017635	SPU_022163	0.079172321561864142
SPU_005572	SPU_022163	0.079101628152388928
SPU_003595_1	SPU_014197	0.079057687346891586
SPU_010351	SPU_010635	0.079031766430084013
SPU_012914	SPU_017635	0.079015548530263213
SPU_028255	SPU_014131	0.078992399904023292
SPU_026962	SPU_022916	0.078942221444748731
SPU_009831	SPU_022487	0.078888161778679453
SPU_017837	SPU_025584	0.078883587499242819
SPU_004217	SPU_002791	0.078846161576579463
SPU_017725	SPU_014332	0.07879251775409532
SPU_009831	SPU_014923	0.078613011939839633
SPU_018056	SPU_003490	0.078525962016015236
SPU_001998	SPU_015712	0.078521249122050218
SPU_008936	SPU_016443	0.07847370433881494
SPU_022163	SPU_017635	0.078469268673906675
SPU_006991	SPU_019002	0.07846760529956609
SPU_000739	SPU_021172	0.078453466617671053
SPU_011635	SPU_010426	0.078407030750662812
SPU_021608	SPU_017725	0.078380139532156556
SPU_012914	SPU_002662_1	0.078326495709672428
SPU_003166	SPU_010722	0.078319564983253279
SPU_003166	SPU_006917	0.078310277809851628
SPU_005718	SPU_014197	0.078259267663406767
SPU_012648	SPU_018680	0.078244574523398197
SPU_000948	SPU_015108	0.078192732689783037
SPU_008936	SPU_016881	0.078165980085805165
SPU_023037	SPU_010426	0.078148514655228929
SPU_013015	SPU_002815	0.078147682968058629
SPU_009876	SPU_026277	0.078117742229927956
SPU_013015	SPU_025010	0.078068672686880447
SPU_002603	SPU_006917	0.077987583187776516
SPU_005358	SPU_022916	0.077963325645309542
SPU_012914	SPU_002662	0.077959305823986427
SPU_014793	SPU_007315	0.077952790941152442
SPU_002874	SPU_000540	0.077946830516431975
SPU_022163	SPU_017725	0.077911067968109232
SPU_000861	SPU_028827	0.077894018381118146
SPU_003470	SPU_015358	0.077864493486572608
SPU_019290	SPU_020565	0.077845087452599021
SPU_018581	SPU_004806	0.077796849596721812
SPU_012648_1	SPU_022163	0.077727126488945281
SPU_008528	SPU_010698	0.077721720522338347
SPU_001998	SPU_015982	0.077641739939461496
SPU_004702	SPU_002791	0.077576868340178337
SPU_019332	SPU_017470	0.077571739602628184
SPU_022820	SPU_012384	0.077527105724488926
SPU_028583	SPU_002815	0.077519897769013024
SPU_006312	SPU_002662	0.077497026371829855
SPU_011297	SPU_020565	0.077478036181441418
SPU_012384	SPU_006421	0.077424392358957289
SPU_000424	SPU_012490	0.077414966571027255
SPU_000861	SPU_007317	0.077404293252341785
SPU_027235	SPU_000310	0.077330273094185373
SPU_024189	SPU_025010	0.077318490859272837
SPU_026205	SPU_025010	0.077301718501338532
SPU_003102	SPU_016272	0.077254312332631608
SPU_012469	SPU_009079_1	0.077249460824138222
SPU_015374	SPU_023065	0.077229223102994335
SPU_022163	SPU_014332	0.07721536165015605
SPU_002874	SPU_022487	0.077177242654850792
SPU_009178	SPU_000757	0.077152014810685121
SPU_012772	SPU_015712	0.077111955211982497
SPU_000424	SPU_006917	0.077021855768533695
SPU_021172	SPU_012490	0.077000647745691125
SPU_007262	SPU_012384	0.076966132728123818
SPU_000485	SPU_016443	0.076914568123565424
SPU_007644	SPU_000922	0.076911795832997773
SPU_020722	SPU_027053	0.076845953932015945
SPU_004414	SPU_015712	0.076775676366125881
SPU_020722	SPU_028030	0.076728131582890588
SPU_002816	SPU_016881	0.076690567045698849
SPU_020565	SPU_016443	0.076688903671358249
SPU_026633	SPU_018483	0.076651339134166524
SPU_017348	SPU_014197	0.076493318571810145
SPU_022163	SPU_000509	0.076482645253124676
SPU_022820	SPU_010426	0.076456308492731953
SPU_003179	SPU_015982	0.076389357675523073
SPU_021557	SPU_009756	0.076336961383794366
SPU_008117_1	SPU_002631	0.076311456310571943
SPU_011635	SPU_010625	0.076225376688446242
SPU_010295	SPU_022633	0.076224267772219176
SPU_004702	SPU_017470	0.076168960575394448
SPU_023177	SPU_018126	0.076145257491040994
SPU_013047	SPU_016443	0.076111851389700738
SPU_018581	SPU_007011	0.076106029579508669
SPU_028255	SPU_006917	0.076051969913439377
SPU_004148	SPU_002662_1	0.076036860929845657
SPU_006991	SPU_016016	0.076004840973789234
SPU_026465	SPU_002791	0.076000405308880983
SPU_003166	SPU_012490	0.075986821085099479
SPU_004414	SPU_015982	0.075946345642811705
SPU_018355_1	SPU_027912_1	0.07593373172072887
SPU_012253	SPU_014332	0.075907394960336133
SPU_011635	SPU_012384	0.075893394892969479
SPU_012546	SPU_002662	0.075825057930476766
SPU_011189	SPU_006421	0.075822978712551031
SPU_014289	SPU_016443	0.075819236120284683
SPU_009642	SPU_014923	0.075793592432533877
SPU_012648	SPU_010426	0.075781532968564574
SPU_026205	SPU_018126	0.075760186331193621
SPU_028827	SPU_006803	0.07554034368917853
SPU_018954	SPU_020282	0.075533274348231011
SPU_017725	SPU_017635	0.075531749588418809
SPU_000739	SPU_024903	0.075489888000847202
SPU_021557	SPU_000841	0.075484759263297049
SPU_028255	SPU_018483	0.07548309588895645
SPU_006312	SPU_009079_1	0.075475749318952165
SPU_016881	SPU_006637	0.075430976826284524
SPU_017106	SPU_014197	0.075404917294948567
SPU_004287	SPU_004287_1	0.075328263460752887
SPU_028583	SPU_025010	0.07532355056678787
SPU_009831	SPU_005035	0.075321471348862135
SPU_023177	SPU_020565	0.075316481225840351
SPU_017725	SPU_000861	0.075294580130355879
SPU_025010	SPU_007253	0.075250639324858537
SPU_016449	SPU_004702	0.075219589670500797
SPU_011635	SPU_014923	0.075217649067103431
SPU_016449	SPU_004340	0.075202678698038095
SPU_003470	SPU_014923	0.075189926161426862
SPU_018483	SPU_000310	0.075184936038405092
SPU_023037	SPU_004621	0.075152777467820286
SPU_004217	SPU_004806	0.075149173490082335
SPU_009642	SPU_003490	0.07514723288668497
SPU_027472	SPU_020565	0.075130876372335814
SPU_007262	SPU_007957	0.075071965197773122
SPU_012772	SPU_006637	0.075042024459642448
SPU_003470	SPU_008377	0.075037588794734197
SPU_008528	SPU_018056	0.075029826381144762
SPU_015108	SPU_016045	0.07501291540868206
SPU_000861	SPU_006803	0.07499087569866919
SPU_026465	SPU_027912_1	0.07498103406715402
SPU_002874	SPU_000922	0.074933073440333578
SPU_013047	SPU_020565	0.074836459114050777
SPU_025113	SPU_017725	0.074810676811771587
SPU_012253	SPU_002662_1	0.074794181682894034
SPU_018355_1	SPU_002791	0.074776300408732663
SPU_000861	SPU_009079_1	0.074724735804174255
SPU_003166	SPU_010403	0.074704220853973616
SPU_000757	SPU_016443	0.074492002011019576
SPU_015772	SPU_016881	0.074383189606239089
SPU_026633	SPU_012490	0.074305842699401492
SPU_008117_1	SPU_007317	0.074294753537130886
SPU_020123	SPU_013086	0.074285189134672469
SPU_017470	SPU_011711	0.074259268217864882
SPU_009642	SPU_009831	0.074235565133511427
SPU_027053	SPU_004807	0.074232376999358626
SPU_021557	SPU_002662	0.074210198674817388
SPU_025590	SPU_002631	0.074184554987066567
SPU_023730	SPU_016443	0.074182614383669215
SPU_026633	SPU_010403	0.074181366852913766
SPU_005572	SPU_028827	0.074142554784966591
SPU_008112	SPU_020311	0.074142000326853058
SPU_005358	SPU_022163	0.074123564594578153
SPU_012772	SPU_011271	0.074111920974193987
SPU_012914	SPU_015358	0.074089742649652748
SPU_023386	SPU_018126	0.074083920839460665
SPU_012914	SPU_012913	0.074079346560024045
SPU_018056	SPU_027912_1	0.074068257397753412
SPU_002631	SPU_002129	0.074017108636780168
SPU_006786	SPU_016443	0.074014752189797653
SPU_017106	SPU_021726	0.07400920760866235
SPU_026465	SPU_009831	0.073980237172230345
SPU_003704	SPU_027912_1	0.073957920233160723
SPU_027053	SPU_012648	0.073936434981261387
SPU_003470	SPU_027912	0.073929504254842252
SPU_020565	SPU_020680	0.073890414957838296
SPU_022678	SPU_013902	0.073851464275362752
SPU_009831	SPU_002615	0.073829147336293116
SPU_012253	SPU_006421	0.073784236229097092
SPU_007147	SPU_000749	0.073733226082652231
SPU_017635	SPU_006753	0.073624968135985278
SPU_028255	SPU_024903	0.073610552225033474
SPU_015243	SPU_021172	0.073598492761064171
SPU_021210	SPU_012645	0.073593364023514019
SPU_023090	SPU_027912_1	0.073576591665579685
SPU_005718	SPU_016443	0.073569383710103797
SPU_023090	SPU_003490	0.073465006970231547
SPU_004217	SPU_013902	0.073411501762275802
SPU_015908	SPU_020680	0.073358412397905207
SPU_008117_1	SPU_000861	0.073355224263752392
SPU_014332	SPU_015358	0.073325699369206868
SPU_015908	SPU_011174	0.0733108676146699
SPU_025010	SPU_024610	0.073264847591246823
SPU_017470	SPU_025584	0.073258471322941207
SPU_008703	SPU_011174	0.0732336593223607
SPU_002603	SPU_000310	0.073223124618203614
SPU_020637	SPU_016443	0.07321411467385873
SPU_012469	SPU_009756	0.073189579902334975
SPU_015358	SPU_022633	0.073177520438365673
SPU_011189	SPU_004807	0.073138846984946881
SPU_004148	SPU_015358	0.073086450693218175
SPU_026633	SPU_006917	0.073077302134344921
SPU_018056	SPU_004723	0.073061084234524135
SPU_010295	SPU_011711	0.073008272099210292
SPU_020722	SPU_010698	0.072978054132022852
SPU_004723	SPU_015605	0.072978054132022852
SPU_012469	SPU_024903	0.072888786375744335
SPU_013569	SPU_022163	0.072836112854958876
SPU_002320	SPU_003166	0.072816290977400153
SPU_002791	SPU_000922	0.072799241390409053
SPU_012772	SPU_020680	0.072797023557954935
SPU_011189	SPU_012648	0.072785102708514016
SPU_028120	SPU_015640	0.072734508405654305
SPU_014576	SPU_015712	0.072693062661667848
SPU_006753	SPU_010722	0.072640389140882403
SPU_026633	SPU_000310	0.072634567330690319
SPU_002791	SPU_022487	0.072590210681607828
SPU_026465	SPU_027912	0.072553339217058005
SPU_002791	SPU_000540	0.072504546903067277
SPU_009642	SPU_012914	0.072475437852106889
SPU_015772	SPU_015108	0.072459913024928019
SPU_015358	SPU_010295	0.072453120913037267
SPU_012253	SPU_009155	0.072440229761897665
SPU_006676	SPU_002815	0.072351655078261065
SPU_024918	SPU_022153	0.07234389266467163
SPU_012914	SPU_008117_1	0.072320744038431709
SPU_001262_2	SPU_003490	0.072294407278038972
SPU_007644	SPU_002791	0.072199179097040003
SPU_017725	SPU_006803	0.072192941443262784
SPU_007981	SPU_000922	0.072192109756092485
SPU_024139	SPU_020565	0.072102148927172066
SPU_003179	SPU_002815	0.072090643921316297
SPU_016881	SPU_004599	0.072076921083006396
SPU_026633	SPU_025010	0.072067356680547978
SPU_021172	SPU_016016	0.072029376299771103
SPU_022816	SPU_000310	0.072001930623151314
SPU_007981	SPU_022487	0.071988346399369796
SPU_017635	SPU_011711	0.071972960186719309
SPU_011189	SPU_010625	0.071968385907282675
SPU_008112	SPU_000424	0.071951752163876753
SPU_023090	SPU_027912	0.071927910464994901
SPU_012203	SPU_006637	0.071917237146309432
SPU_018954	SPU_027362	0.0718418308428692
SPU_018355	SPU_027912_1	0.071813830708135878
SPU_008703	SPU_015712	0.071790959310952723
SPU_006808	SPU_007957	0.071784028584533574
SPU_017492	SPU_015456	0.071737315488468595
SPU_018483	SPU_008377_2	0.0715786018534703
SPU_021210	SPU_010351	0.071554760154588462
SPU_004723	SPU_000922	0.071554621540060079
SPU_017106	SPU_016443	0.071537017494955474
SPU_006753	SPU_018483	0.071518858991737322
SPU_015828	SPU_009263	0.071505551997012584
SPU_021172	SPU_000310	0.07147533402982513
SPU_021608	SPU_025113	0.071465908241895096
SPU_014170	SPU_015108	0.071458145828305661
SPU_014332	SPU_002662_1	0.071448304196790491
SPU_022049	SPU_013015	0.071408521827144633
SPU_000757	SPU_014197	0.071390640552983248
SPU_027053	SPU_019384	0.071308719366709031
SPU_018908	SPU_023177	0.07124190716402852
SPU_000756	SPU_002815	0.071239134873460869
SPU_009831	SPU_004723	0.071230956616286284
SPU_018056	SPU_027912	0.071161372123038136
SPU_016786	SPU_016881	0.071094559920357639
SPU_003179	SPU_025010	0.071071827137702867
SPU_002592	SPU_013086	0.071062955807886352
SPU_023037	SPU_012648	0.071041886399572166
SPU_002874	SPU_002791	0.071020123918616077
SPU_007262	SPU_009642	0.070948182978385413
SPU_018483	SPU_000424	0.070880539088534616
SPU_004287_1	SPU_016045	0.070799172360373933
SPU_004217	SPU_005035	0.070776439577719147
SPU_004723	SPU_008563	0.070757449387330709
SPU_004723	SPU_022633	0.070703251106733048
SPU_028583	SPU_015982	0.070696458994842296
SPU_025346	SPU_007315	0.070690221341065063
SPU_004148	SPU_022163	0.070676775731811928
SPU_021192	SPU_016443	0.07065736969783834
SPU_017837	SPU_009642	0.070590280266101077
SPU_005572	SPU_003084	0.070566022723634089
SPU_002129	SPU_008377_2	0.070550913740040369
SPU_006421	SPU_015358	0.070513210588320246
SPU_012491	SPU_018126	0.070467051950368786
SPU_025346	SPU_022163	0.07043614091053943
SPU_012648	SPU_011189	0.0703679425625751
SPU_018797	SPU_012490	0.070366556417291268
SPU_018355	SPU_019652	0.070336615679160594
SPU_012914	SPU_009756	0.070331071098025277
SPU_006991	SPU_012490	0.070305011566689321
SPU_011189	SPU_014923	0.070303486806877105
SPU_003470	SPU_004806	0.070246377621183409
SPU_003102	SPU_005358	0.07024429840325766
SPU_017725	SPU_022163	0.070230159721362609
SPU_027053	SPU_010625	0.070193565485869566
SPU_003704	SPU_027912	0.070184694156053065
SPU_011246	SPU_018126	0.070176654513406864
SPU_026962	SPU_024903	0.070142416724896309
SPU_000756	SPU_018126	0.070138535518101591
SPU_015374	SPU_015982	0.070113584902992701
SPU_018056	SPU_019652	0.070041089504648504
SPU_012648	SPU_016272	0.070014475515199001
SPU_006753	SPU_028827	0.069998119000849832
SPU_002129	SPU_000841	0.069997425928207929
SPU_015829	SPU_009263	0.069957366329505305
SPU_018744	SPU_008595_1	0.069880435266252858
SPU_016881	SPU_018954	0.069804197275642327
SPU_021172	SPU_000424	0.069789088292048607
SPU_006787	SPU_016443	0.06977896943147667
SPU_025590	SPU_009079_1	0.069777583286192837
SPU_007981	SPU_002791	0.069760672313730135
SPU_003704	SPU_019652	0.069723662234651942
SPU_012546	SPU_015358	0.069714097832193525
SPU_021172	SPU_025010	0.069642295506491245
SPU_002320	SPU_005358	0.069615265673456606
SPU_026418	SPU_026277	0.06960265175137377
SPU_027235	SPU_006917	0.069584077404570482
SPU_012253	SPU_006803	0.069554829739081711
SPU_005718	SPU_021726	0.069532512800012089
SPU_006421	SPU_022163	0.069497859167916398
SPU_027472	SPU_020680	0.06947900759205633
SPU_018797	SPU_022573	0.06945253221713521
SPU_012203	SPU_011297	0.06943201726693457
SPU_007644	SPU_005035	0.06942799744561147
SPU_019366	SPU_000749	0.069414274607301568
SPU_001262_2	SPU_004702	0.069336927700463985
SPU_006421	SPU_002662_1	0.069319323655359366
SPU_013689	SPU_007011	0.069280788816468958
SPU_011635	SPU_000540	0.069204966669443577
SPU_000861	SPU_006753	0.069203441909631361
SPU_011189	SPU_007957	0.069152570377714884
SPU_015243	SPU_014131	0.069123877170339645
SPU_015243	SPU_010722	0.069078827448615238
SPU_028827	SPU_021172	0.069061362018039016
SPU_023090	SPU_019652	0.069060946174453866
SPU_017635	SPU_028827	0.06905041147029678
SPU_012648_1	SPU_010295	0.069027401458585227
SPU_015908	SPU_020565	0.068970708116476667
SPU_002592	SPU_012490	0.068950193166276028
SPU_002874	SPU_005035	0.068896826572848652
SPU_002874	SPU_008377	0.068890727533599816
SPU_011297	SPU_015108	0.06888476710887935
SPU_023386	SPU_002815	0.06884304413583614
SPU_021172	SPU_015982	0.068789816156937147
SPU_028827	SPU_018483	0.06878510326297213
SPU_025584	SPU_012253	0.068778726994666514
SPU_003470	SPU_009831	0.068747400111252022
SPU_025113	SPU_014923	0.068700964244243795
SPU_027969	SPU_001998	0.068619874745139864
SPU_020311	SPU_002662_1	0.068618211370799265
SPU_015243	SPU_019002	0.068515220776210861
SPU_018392	SPU_027053	0.068513973245455412
SPU_009831	SPU_013902	0.068493874138839922
SPU_007262	SPU_025856	0.06845492345636435
SPU_018126	SPU_016443	0.068440923388997696
SPU_002592	SPU_000310	0.068427339165216178
SPU_003595	SPU_017470	0.068393655834819156
SPU_012772	SPU_018126	0.068371061666692767
SPU_014332	SPU_005358	0.068337655565352512
SPU_003470	SPU_027912_1	0.068291496927401052
SPU_002603	SPU_025010	0.068282764212112934
SPU_023037	SPU_004807	0.068269457217388196
SPU_022678	SPU_019652	0.068245615518506345
SPU_006786	SPU_020680	0.068223159964908339
SPU_000276	SPU_000749	0.068196407360930467
SPU_009831	SPU_003470	0.068176308254314963
SPU_015243	SPU_000310	0.068146506130712658
SPU_006753	SPU_002662	0.068080941458787611
SPU_018355_1	SPU_019652	0.068073733503311709
SPU_002631	SPU_006803	0.067966861701928588
SPU_017635	SPU_014793	0.067958822059282387
SPU_018391	SPU_010426	0.067862623576584735
SPU_017642	SPU_013086	0.067860405744130603
SPU_004723	SPU_016272	0.067848207665632917
SPU_008936	SPU_000276	0.06776268250162075
SPU_025346	SPU_009831	0.067760464669166617
SPU_021557	SPU_028827	0.067730939774621093
SPU_024918	SPU_008528	0.067598562900015535
SPU_006753	SPU_024903	0.067550186429609943
SPU_012914	SPU_017725	0.067534384373374307
SPU_014802	SPU_000749	0.067508463456566734
SPU_012253	SPU_026962	0.067507770383924817
SPU_008845	SPU_008117	0.067502918875431417
SPU_016881	SPU_001657	0.067481017779946931
SPU_015243	SPU_009756	0.067431809622371053
SPU_023090	SPU_012948	0.067392581710838714
SPU_020123	SPU_013015	0.067376363811017942
SPU_028120	SPU_021726	0.067319254625324232
SPU_022163	SPU_024903	0.067310106066450964
SPU_000739	SPU_000310	0.067271016769447023
SPU_007253	SPU_002815	0.067223749215268497
SPU_028255	SPU_012491	0.067216402645264212
SPU_026465	SPU_019652	0.067161927135609784
SPU_005435	SPU_026277	0.067142105258051046
SPU_016881	SPU_016443	0.067133511157291312
SPU_026418	SPU_015712	0.067119372475396261
SPU_017837	SPU_005358	0.067098025838025308
SPU_019332	SPU_027969	0.067096778307269872
SPU_007981	SPU_000540	0.067092897100475155
SPU_009831	SPU_002791	0.067065728652912132
SPU_019656	SPU_000276	0.067048956294977813
SPU_007262	SPU_022633	0.067045075088183095
SPU_021608	SPU_017635	0.066916302191315488
SPU_017635	SPU_011064	0.066905767487158402
SPU_017725	SPU_024903	0.066874995061857428
SPU_012914	SPU_022163	0.066832994859757439
SPU_000424	SPU_000310	0.066797786769548215
SPU_007611	SPU_008563	0.066782123327840962
SPU_015358	SPU_024903	0.066703667504776298
SPU_014289	SPU_018126	0.066650162296820553
SPU_016881	SPU_015719	0.066562142071297487
SPU_027235	SPU_012490	0.066530260729769447
SPU_013015	SPU_023065	0.066520834941839427
SPU_015243	SPU_010403	0.066439606828207112
SPU_004723	SPU_012648	0.066424636459141775
SPU_014576	SPU_002815	0.066408141330264209
SPU_024307	SPU_006583	0.066392200659500203
SPU_022816	SPU_022573	0.066338556837016061
SPU_003102	SPU_028030	0.066327467674745441
SPU_001998	SPU_018126	0.066237784074881789
SPU_008528	SPU_027969	0.066226833527139553
SPU_017971	SPU_016045	0.066209506711091701
SPU_022678	SPU_003490	0.066092793278193396
SPU_002791	SPU_005035	0.066066595132329056
SPU_008845	SPU_015605	0.066055921813643573
SPU_015243	SPU_006917	0.066053149523075921
SPU_008117_1	SPU_009642	0.06604469403684457
SPU_002129	SPU_012384	0.066038317768538968
SPU_021557	SPU_000509	0.065951545073771337
SPU_007253	SPU_018126	0.065929366749230098
SPU_013689_1	SPU_017635	0.065898317094872358
SPU_008528	SPU_010426	0.065854376289375016
SPU_018392	SPU_027969	0.065846336646728815
SPU_016881	SPU_012050	0.065817504824825193
SPU_018391	SPU_027969	0.065804059215572072
SPU_014332	SPU_003166	0.06576011841007473
SPU_000440	SPU_009911	0.065754019370825881
SPU_015374	SPU_002815	0.065726712308734475
SPU_012203	SPU_015640	0.065602652305831885
SPU_000861	SPU_024903	0.065557186740522341
SPU_007981	SPU_017470	0.065549285712404509
SPU_015982	SPU_018126	0.065463621933863958
SPU_026465	SPU_012948	0.065412334558362331
SPU_014576	SPU_023065	0.065411502871192032
SPU_014793	SPU_007011	0.065380869060419441
SPU_012203	SPU_011271	0.06532597770717985
SPU_009831	SPU_012384	0.065309759807359077
SPU_023177	SPU_015712	0.065304908298865677
SPU_024903	SPU_028827	0.065276630935075589
SPU_012203	SPU_026277	0.065262908096765687
SPU_021557	SPU_013086	0.065247106040530051
SPU_018392	SPU_008117	0.065217442531456143
SPU_023037	SPU_010625	0.065185283960871337
SPU_017837	SPU_002631	0.065109461813845956
SPU_009876	SPU_018126	0.065104471690824173
SPU_006312	SPU_009756	0.065064273477593165
SPU_012546	SPU_017635	0.065024075264362158
SPU_007981	SPU_008377	0.065017005923414639
SPU_006462	SPU_012490	0.065008411822654905
SPU_026205	SPU_010635	0.064988728559624551
SPU_018056	SPU_012948	0.064946866972052958
SPU_024139	SPU_015640	0.064868549763516678
SPU_007644	SPU_003490	0.064801183102722648
SPU_002791	SPU_008377	0.06470096479870191
SPU_000739	SPU_010722	0.064698885580776161
SPU_002874	SPU_013902	0.064690291480016426
SPU_012648	SPU_004621	0.064689321178317744
SPU_006814	SPU_018126	0.064615578249218097
SPU_000424	SPU_018908	0.064588409801655089
SPU_011189	SPU_000540	0.064542528392760382
SPU_013689	SPU_027912_1	0.064442171474211246
SPU_023177	SPU_020680	0.064417359473630725
SPU_007262	SPU_000540	0.064403636635320838
SPU_015358	SPU_017635	0.06439448807644757
SPU_007644	SPU_009831	0.064354705706801713
SPU_002129	SPU_012490	0.064315755024326154
SPU_015828	SPU_002874	0.064239517033715623
SPU_024093	SPU_006004	0.064211378284453918
SPU_027969	SPU_020282	0.06419820990425755
SPU_007644	SPU_003470	0.064137635355354272
SPU_012491	SPU_016443	0.0640336744590672
SPU_003470	SPU_025346	0.064009001073015062
SPU_011189	SPU_000922	0.064002347575652679
SPU_015358	SPU_022163	0.063972268222993622
SPU_006991	SPU_000509	0.063914188735601229
SPU_025590	SPU_009756	0.063911555059561961
SPU_002791	SPU_013902	0.063857634008021066
SPU_004217	SPU_019652	0.06382020808535771
SPU_014722	SPU_009263	0.063815079347807543
SPU_012490	SPU_014131	0.063784584151563337
SPU_024093	SPU_008595_1	0.063746742385314845
SPU_020722	SPU_019033	0.063717078876240923
SPU_020565	SPU_001657	0.063716247189070638
SPU_017725	SPU_010722	0.063703078808874269
SPU_004414	SPU_018126	0.0636810390988614
SPU_027235	SPU_014131	0.063675771746782864
SPU_002603	SPU_023177	0.063647355768464392
SPU_008936	SPU_015108	0.063622682382412254
SPU_017837	SPU_007957	0.063617137801276952
SPU_026962	SPU_010635	0.063571117777853861
SPU_000739	SPU_012490	0.063539790894439341
SPU_005358	SPU_023014	0.063516642268199419
SPU_000749	SPU_019656	0.063512345217819566
SPU_012253	SPU_000841	0.063500840211963797
SPU_006312	SPU_012913	0.063497652077810982
SPU_020123	SPU_020680	0.063492523340260829
SPU_007981	SPU_005035	0.063486562915540362
SPU_027053	SPU_017811	0.063465632121754559
SPU_027969	SPU_026110	0.063442483495514637
SPU_017837	SPU_014923	0.063374007918493541
SPU_028120	SPU_007599	0.063341987962437118
SPU_021172	SPU_006917	0.06332507698997443
SPU_014793	SPU_011635	0.063300680832979059
SPU_008117	SPU_014923	0.063258542016350686
SPU_027053	SPU_000540	0.063253690507857299
SPU_024918	SPU_010426	0.063219452719346744
SPU_008117_1	SPU_008563	0.063157907868744784
SPU_010295	SPU_007957	0.063139056292884729
SPU_008845	SPU_027969	0.063132264180993977
SPU_008703	SPU_002815	0.063122838393063957
SPU_007644	SPU_019652	0.063066145050955397
SPU_002816	SPU_000276	0.063064343062086414
SPU_015772	SPU_000276	0.063059630168121397
SPU_016881	SPU_006004	0.063054778659627997
SPU_023037	SPU_000540	0.063053531128872561
SPU_012648	SPU_008563	0.063012501228471254
SPU_017837	SPU_011711	0.063005154658466969
SPU_008752	SPU_000669	0.063003352669597987
SPU_015829	SPU_027969	0.062996699172235618
SPU_017642	SPU_008377_2	0.062960936623912861
SPU_012648_1	SPU_002320	0.062886084778586163
SPU_023386	SPU_010635	0.062877906521411578
SPU_000440	SPU_002662	0.062872639169333028
SPU_012648	SPU_027969	0.062857946029324444
SPU_002631	SPU_011583	0.062850599459320158
SPU_006991	SPU_002662	0.062756480194548256
SPU_011635	SPU_000922	0.0627352721717057
SPU_000485	SPU_016881	0.062706856193387228
SPU_010424	SPU_000310	0.062682182807335091
SPU_016523	SPU_011271	0.062678856058653906
SPU_004723	SPU_027969	0.062653212370903086
SPU_003166	SPU_014131	0.0626369944710823
SPU_003166	SPU_008377_2	0.062622439945602112
SPU_025113	SPU_007957	0.062606776503894859
SPU_014576	SPU_012491	0.06255937033518795
SPU_012648_1	SPU_000440	0.062550221776314682
SPU_008845	SPU_008563	0.062546063340463198
SPU_005358	SPU_012490	0.06253816231234538
SPU_019089	SPU_002815	0.062525409775734161
SPU_005358	SPU_002662_1	0.062498102713642756
SPU_008117	SPU_008563	0.062492973976092596
SPU_013015	SPU_010403	0.062482439271935503
SPU_014576	SPU_020565	0.062379448677347092
SPU_018954	SPU_013178	0.062376676386779448
SPU_015358	SPU_006753	0.06236711198432103
SPU_012772	SPU_011297	0.062307230508059676
SPU_015358	SPU_000509	0.062288794775784764
SPU_000440	SPU_028827	0.062282279892950772
SPU_001998	SPU_002815	0.062221566729519111
SPU_017470	SPU_004024	0.062206596360453774
SPU_023037	SPU_019384	0.062187606170065329
SPU_024918	SPU_020282	0.062174576404397351
SPU_019002	SPU_018483	0.062122734570782184
SPU_024918	SPU_027969	0.062102496849638304
SPU_006312	SPU_000861	0.06209348690529342
SPU_008117	SPU_002662	0.062056338211686837
SPU_007981	SPU_013902	0.06203221928374824
SPU_022820	SPU_017470	0.062025288557329097
SPU_009831	SPU_012948	0.061980654679189832
SPU_016881	SPU_011576	0.061933802968596456
SPU_014722	SPU_027969	0.061895961202347964
SPU_017404	SPU_027969	0.061868792754784935
SPU_012253	SPU_008377_2	0.061863386788178008
SPU_014836	SPU_022242	0.061856040218173716
SPU_008112	SPU_010722	0.061775227948126558
SPU_014802	SPU_006637	0.061711326650542096
SPU_016449	SPU_008595_1	0.061684574046564217
SPU_020123	SPU_010635	0.061682078985053332
SPU_003595	SPU_027969	0.06167972253807083
SPU_002874	SPU_003470	0.061650059028996909
SPU_026905	SPU_012546	0.061601959787648083
SPU_014332	SPU_000509	0.06153043469100257
SPU_012546	SPU_019033	0.06152003860137386
SPU_027053	SPU_023090	0.061519484143260333
SPU_020311	SPU_024903	0.061517820768919734
SPU_023366	SPU_022242	0.061483582980409193
SPU_015108	SPU_017470	0.06144657290133098
SPU_002320	SPU_008377_2	0.061404018241117478
SPU_003704	SPU_012948	0.061364790329585146
SPU_025346	SPU_017725	0.061290631556900357
SPU_004287_1	SPU_002634	0.061283423601424449
SPU_014197	SPU_016449	0.06127205721009707
SPU_007611	SPU_004621	0.061227561946486195
SPU_008117_1	SPU_002662_1	0.061162274503617907
SPU_017837	SPU_025856	0.061146611061910647
SPU_022820	SPU_027969	0.061132056536430467
SPU_004148	SPU_008117_1	0.06110059103848757
SPU_028583	SPU_015712	0.061090610792444003
SPU_000757	SPU_015640	0.061042927394680334
SPU_017642	SPU_020282	0.061020194612025562
SPU_002874	SPU_004806	0.060999956890881675
SPU_018391	SPU_008563	0.060998016287484309
SPU_011297	SPU_004599	0.060967521091240096
SPU_009831	SPU_006421	0.060958511146895211
SPU_019002	SPU_006803	0.060948946744436808
SPU_009831	SPU_026465	0.060942709090659582
SPU_020123	SPU_018954	0.060897936597991947
SPU_002634	SPU_018126	0.060779698405281433
SPU_022846	SPU_016881	0.060737559588653067
SPU_027235	SPU_017348	0.060719678314491682
SPU_002791	SPU_017470	0.060716351565810504
SPU_019002	SPU_010722	0.060702905956557369
SPU_009642	SPU_007011	0.060592430177436291
SPU_017348	SPU_010635	0.060588410356113197
SPU_025888	SPU_014197	0.06054155864551982
SPU_020123	SPU_018908	0.060533241773816852
SPU_010424	SPU_006917	0.060458805772075297
SPU_012203	SPU_024877	0.060445221548293779
SPU_022678	SPU_027912_1	0.060444667090180246
SPU_013015	SPU_006917	0.060415142195634722
SPU_025346	SPU_006421	0.060359280540696461
SPU_015243	SPU_013086	0.060340706193893166
SPU_002634	SPU_010635	0.060332389322190205
SPU_012648	SPU_025856	0.060331834864076672
SPU_019002	SPU_022916	0.060292052494430814
SPU_000756	SPU_025010	0.060252547353841716
SPU_013047	SPU_020680	0.060218170950802792
SPU_024918	SPU_026110	0.060206388715890249
SPU_023177	SPU_002815	0.060177556893986635
SPU_011297	SPU_006637	0.060128071507353976
SPU_028827	SPU_013086	0.060090645584690634
SPU_000424	SPU_016016	0.060046427550136526
SPU_021557	SPU_012490	0.060044902790324317
SPU_010351	SPU_018126	0.060024803683708813
SPU_005358	SPU_013086	0.060007338253132578
SPU_013689_1	SPU_007108	0.059998744152372843
SPU_026877	SPU_014197	0.059991952040482091
SPU_011297	SPU_011576	0.059971159861224671
SPU_008117_1	SPU_015605	0.059924030921574528
SPU_008845	SPU_027053	0.059880921803247479
SPU_008703	SPU_020565	0.059872743546072901
SPU_002592	SPU_006917	0.059829773042274242
SPU_020722	SPU_008563	0.059800525376785471
SPU_000861	SPU_002631	0.059687000078039974
SPU_020722	SPU_016272	0.05967799013369509
SPU_002874	SPU_019652	0.059667871273123153
SPU_002129	SPU_017635	0.059635851317066724
SPU_007644	SPU_013902	0.059635712702538347
SPU_008936	SPU_011297	0.059616168054036377
SPU_010295	SPU_007317	0.059615752210451227
SPU_012384	SPU_015358	0.05960507889176575
SPU_006462	SPU_014131	0.059597732321761465
SPU_012546	SPU_002129	0.059591633282512629
SPU_012253	SPU_000669	0.059581791650997445
SPU_015712	SPU_002815	0.059573613393822861
SPU_008117_1	SPU_014923	0.059540484521539379
SPU_009831	SPU_002467	0.059534801325875686
SPU_016881	SPU_020565	0.05952773198492816
SPU_004723	SPU_012384	0.059487395157168776
SPU_009876	SPU_014197	0.059462860385645022
SPU_012546	SPU_002662_1	0.059388978842017
SPU_006753	SPU_000841	0.059263809922887344
SPU_000424	SPU_005522	0.059229849363433569
SPU_001262_2	SPU_027912_1	0.05919159175359992
SPU_007611	SPU_015605	0.059100799237509202
SPU_007262	SPU_008563	0.059099413092225377
SPU_023386	SPU_010403	0.059092205136749468
SPU_021608	SPU_014332	0.059049789091064335
SPU_018392	SPU_015605	0.059048680174837276
SPU_011189	SPU_005035	0.059036066252754441
SPU_021210	SPU_006814	0.05903121474426104
SPU_024139	SPU_021726	0.058996283883108583
SPU_006991	SPU_008377_2	0.058983531346497364
SPU_004723	SPU_025856	0.058958164887803324
SPU_002320	SPU_007957	0.0589181052891007
SPU_022817	SPU_022916	0.058850184170193137
SPU_025590	SPU_024903	0.058832302896031752
SPU_028827	SPU_012490	0.058809847342433746
SPU_028827	SPU_000509	0.05879834233657797
SPU_013178	SPU_020282	0.058727787541631139
SPU_011635	SPU_022487	0.058691331920666466
SPU_027235	SPU_010305	0.05866513377480212
SPU_002874	SPU_004723	0.058637272254597181
SPU_004217	SPU_003490	0.058629509841007746
SPU_012253	SPU_022916	0.058616618689868151
SPU_019002	SPU_012490	0.058590004700418662
SPU_002320	SPU_011711	0.058520974665284026
SPU_015829	SPU_002874	0.058486736876773485
SPU_006312	SPU_024903	0.058485627960546419
SPU_011635	SPU_002791	0.058403290930687052
SPU_027053	SPU_002791	0.058378617544634914
SPU_002592	SPU_010722	0.058351310482543509
SPU_022049	SPU_006917	0.05833897378951744
SPU_007644	SPU_027912_1	0.058328577699888737
SPU_014401	SPU_011297	0.05831319148723825
SPU_000424	SPU_009178	0.058304458771950125
SPU_012253	SPU_000509	0.058280339844011521
SPU_002791	SPU_002467	0.058238478256439921
SPU_013047	SPU_014197	0.058226557406999009
SPU_018483	SPU_013140	0.058182200757916518
SPU_020722	SPU_015605	0.05817277496998649
SPU_025010	SPU_018126	0.058167646232436324
SPU_027969	SPU_008528	0.058161547193187488
SPU_004414	SPU_002815	0.058143250075440953
SPU_008112	SPU_012490	0.058079348777856497
SPU_010403	SPU_009771	0.058066180397660129
SPU_015243	SPU_016016	0.058058833827655844
SPU_016523	SPU_024877	0.058039982251795776
SPU_006814	SPU_002815	0.057977467099495146
SPU_009831	SPU_019652	0.057908852907945667
SPU_021557	SPU_016016	0.057878080482644693
SPU_019089	SPU_015712	0.057874753733963509
SPU_027053	SPU_000922	0.057870733912640408
SPU_009831	SPU_027912	0.05784120901809487
SPU_027053	SPU_027969	0.057839129800169128
SPU_009831	SPU_004806	0.057815981173929207
SPU_018581	SPU_010329	0.057814595028645381
SPU_018392	SPU_028030	0.057737525350864558
SPU_007981	SPU_004723	0.057722970825384363
SPU_021608	SPU_018483	0.057680277550642471
SPU_017642	SPU_000669	0.057677366645546436
SPU_007981	SPU_027969	0.057663921036293302
SPU_014289	SPU_015712	0.057659069527799901
SPU_021557	SPU_008377_2	0.057551504653774871
SPU_025346	SPU_009911	0.057546237301696328
SPU_007262	SPU_027969	0.057544573927355722
SPU_027472	SPU_015108	0.057543465011128662
SPU_015358	SPU_017725	0.057528494642063319
SPU_016449	SPU_014588	0.057512276742242539
SPU_002603	SPU_014576	0.057431048628610232
SPU_015772	SPU_011297	0.057428137723514197
SPU_018355	SPU_004702	0.05742287037143564
SPU_002791	SPU_019652	0.057417187175771947
SPU_023730	SPU_015108	0.057413721812562379
SPU_009048	SPU_015640	0.057413167354448853
SPU_000485	SPU_000276	0.05740304849387691
SPU_008117_1	SPU_007957	0.057376157275370654
SPU_016881	SPU_008595_1	0.057365345342156787
SPU_006676	SPU_025010	0.057354256179886175
SPU_015984	SPU_011130	0.057337761051008615
SPU_010424	SPU_013140	0.05733526598949773
SPU_018483	SPU_012490	0.057332355084401689
SPU_021192	SPU_011576	0.057330830324589487
SPU_025590	SPU_010722	0.057329166950248887
SPU_018483	SPU_022573	0.057326810503266379
SPU_000424	SPU_022049	0.057262770591153533
SPU_000739	SPU_018483	0.057243225942651563
SPU_000861	SPU_012913	0.057199007908097455
SPU_027774	SPU_014923	0.057168235482796481
SPU_004287_1	SPU_013140	0.05714383932580111
SPU_025590	SPU_000861	0.057117502565408387
SPU_007262	SPU_009053	0.057109185693705419
SPU_007644	SPU_027912	0.057108215392006736
SPU_002791	SPU_004723	0.057088670743504766
SPU_019290	SPU_011576	0.057085066765766808
SPU_028827	SPU_006753	0.057076195435950314
SPU_007253	SPU_014197	0.05704611608329125
SPU_000756	SPU_006917	0.057043621021780365
SPU_015243	SPU_012490	0.057043482407251975
SPU_007644	SPU_004723	0.057040294273099174
SPU_023037	SPU_027969	0.057036413066304456
SPU_023177	SPU_023065	0.057004947568361566
SPU_022678	SPU_017470	0.056999957445339783
SPU_012546	SPU_002631	0.05697320484136191
SPU_020123	SPU_003179	0.056964333511545409
SPU_024918	SPU_000922	0.056961699835506141
SPU_012253	SPU_015358	0.056909858001890974
SPU_002874	SPU_002467	0.056893085643956662
SPU_006753	SPU_010403	0.056853719117895954
SPU_002129	SPU_025584	0.056815045664477155
SPU_005572	SPU_007315	0.056811996144852731
SPU_002592	SPU_018483	0.056799936680883435
SPU_017642	SPU_018908	0.056767916724827013
SPU_019002	SPU_017837	0.056742134422547816
SPU_015982	SPU_016443	0.05673464923801514
SPU_012253	SPU_024903	0.056729381885936597
SPU_008703	SPU_020680	0.056704985728941226
SPU_016449	SPU_017470	0.056693342108557074
SPU_002320	SPU_022916	0.056645381481736631
SPU_011635	SPU_009831	0.056637480453618806
SPU_003470	SPU_007011	0.056618628877758752
SPU_018581	SPU_014628	0.056585915849060413
SPU_022049	SPU_009756	0.056550430529794429
SPU_003548	SPU_026877	0.05654488594865912
SPU_017837	SPU_008563	0.056534628473558786
SPU_014793	SPU_011001	0.05653448985903041
SPU_008936	SPU_020680	0.056499974841463095
SPU_025346	SPU_007011	0.056485697545039668
SPU_009642	SPU_010329	0.056462548918799746
SPU_024093	SPU_016786	0.056446469633507336
SPU_022816	SPU_006753	0.056438568605389525
SPU_010295	SPU_000861	0.056434687398594807
SPU_025346	SPU_007262	0.056414311062922537
SPU_003595_1	SPU_027935_1	0.056414172448394154
SPU_025590	SPU_017725	0.056317419507582969
SPU_026962	SPU_015243	0.056317280893054593
SPU_022817	SPU_017635	0.056313954144373402
SPU_024093	SPU_027362	0.056287201540395529
SPU_004148	SPU_000440	0.056281102501146686
SPU_020123	SPU_014576	0.056274310389255934
SPU_003704	SPU_004702	0.056237716153762878
SPU_019366	SPU_019656	0.056229537896588286
SPU_018581	SPU_008196_1	0.056221914097527234
SPU_011189	SPU_013902	0.056217339818090614
SPU_011635	SPU_005035	0.056181438655239474
SPU_005358	SPU_016016	0.056174230699763565
SPU_015243	SPU_017348	0.056158151414471162
SPU_013119	SPU_015640	0.056156765269187336
SPU_000276	SPU_004599	0.056149002855597895
SPU_014289	SPU_011271	0.056147478095785686
SPU_003179	SPU_015712	0.056134864173702857
SPU_014289	SPU_002815	0.056106448195384379
SPU_003470	SPU_015071_1	0.056005120975136574
SPU_007981	SPU_019652	0.055973932706250444
SPU_017470	SPU_015108	0.055948843476613164
SPU_009831	SPU_017725	0.055907674961683473
SPU_022816	SPU_012490	0.055870803497133657
SPU_021608	SPU_022163	0.055806763585020805
SPU_004217	SPU_004723	0.055779317908401023
SPU_007253	SPU_015712	0.055721931493650546
SPU_002791	SPU_004806	0.055711951247606993
SPU_012648_1	SPU_012469	0.055700030398166067
SPU_020124	SPU_028827	0.055692545213633399
SPU_002592	SPU_016016	0.055681871894947922
SPU_027235	SPU_009771	0.055624624094725836
SPU_019656	SPU_000749	0.055571118886770091
SPU_005572	SPU_005358	0.055552267310910022
SPU_010295	SPU_005358	0.055551990081853263
SPU_007147	SPU_019656	0.055545197969962504
SPU_021192	SPU_015640	0.055543118752036762
SPU_020311	SPU_000509	0.055537851399958219
SPU_004723	SPU_000540	0.055512900784849321
SPU_008117	SPU_002662_1	0.055460227264063855
SPU_012203	SPU_015108	0.055443039062544393
SPU_018391	SPU_015605	0.055441652917260567
SPU_013047	SPU_015640	0.055427098391780373
SPU_028827	SPU_010403	0.055377058547034196
SPU_004414	SPU_020680	0.055373177340239478
SPU_024903	SPU_006991	0.055372068424012419
SPU_022163	SPU_022916	0.055370543664200203
SPU_008936	SPU_006637	0.055332286054366561
SPU_023730	SPU_011297	0.055329236534742136
SPU_027235	SPU_008196_1	0.05532895930568537
SPU_005022	SPU_025113	0.055303315617934549
SPU_009831	SPU_027912_1	0.055302483930764257
SPU_010295	SPU_002662_1	0.055297632422270857
SPU_006991	SPU_007315	0.055289315550567888
SPU_023730	SPU_006637	0.055272820421690343
SPU_002874	SPU_009831	0.055248701493751738
SPU_006462	SPU_026877	0.055169968441630322
SPU_027053	SPU_022487	0.055161374340870588
SPU_008936	SPU_011271	0.05509081954592375
SPU_009178	SPU_014197	0.055087215568185806
SPU_004217	SPU_027912_1	0.05507973038365313
SPU_028120	SPU_026099	0.055073908573461047
SPU_014289	SPU_015640	0.055073354115347521
SPU_012203	SPU_001657	0.055068918450439271
SPU_012645	SPU_014197	0.055062680796662045
SPU_023037	SPU_017811	0.055037591567024764
SPU_013689_1	SPU_009178	0.055010423119461735
SPU_023386	SPU_025010	0.055006819141723791
SPU_027235	SPU_023014	0.054997670582850516
SPU_014793	SPU_010329	0.054955947609807307
SPU_001998	SPU_020680	0.054936818804890486
SPU_000276	SPU_011576	0.05490937312827069
SPU_009642	SPU_011635	0.054906323608646265
SPU_028255	SPU_010403	0.054899531496755513
SPU_018056	SPU_015071_1	0.054872224434664107
SPU_006462	SPU_017348	0.054841174780306368
SPU_000485	SPU_011576	0.054830224232564125
SPU_014836	SPU_013015	0.054828838087280306
SPU_009876	SPU_023065	0.054791966622730483
SPU_023090	SPU_007203	0.054727372252504097
SPU_000440	SPU_006753	0.05472362966023777
SPU_018056	SPU_007203	0.054707411760416984
SPU_028120	SPU_015108	0.054705887000604775
SPU_017635	SPU_005358	0.054702144408338441
SPU_014332	SPU_018483	0.054522361365025966
SPU_014332	SPU_008377_2	0.054509608828414748
SPU_010351	SPU_014197	0.054490895867083083
SPU_015908	SPU_000757	0.054484242369720708
SPU_000276	SPU_019656	0.054476895799716422
SPU_018391	SPU_004621	0.054474400738205531
SPU_022049	SPU_000310	0.054456935307629302
SPU_017404	SPU_006421	0.054425053966101256
SPU_020123	SPU_009178	0.054415766792699619
SPU_017837	SPU_007317	0.054413964803830636
SPU_022049	SPU_025010	0.054400380580049125
SPU_014802	SPU_016045	0.05439691521683955
SPU_017579	SPU_012913	0.054356855618136926
SPU_012648_1	SPU_002662_1	0.054353390254927365
SPU_012469	SPU_026962	0.054307508846032665
SPU_022820	SPU_027362	0.054272162141295058
SPU_004702	SPU_003490	0.054202439033518519
SPU_002320	SPU_014793	0.054180260708977274
SPU_026763	SPU_014131	0.054169448775763414
SPU_018483	SPU_017348	0.054160854675003679
SPU_002592	SPU_009771	0.05414449816065451
SPU_016881	SPU_016786	0.054067012639288536
SPU_006312	SPU_010722	0.054060081912869401
SPU_025113	SPU_002662_1	0.054055784862489534
SPU_019290	SPU_006637	0.054015170805673376
SPU_020123	SPU_011174	0.054014893576616617
SPU_006462	SPU_013140	0.053987586514525204
SPU_012469	SPU_014643	0.053970259698477352
SPU_020565	SPU_006637	0.053950853664503771
SPU_010295	SPU_006753	0.053945863541481995
SPU_003704	SPU_007203	0.053924794133167808
SPU_012490	SPU_022049	0.053899566289002145
SPU_022846	SPU_011576	0.053881407785784
SPU_003595	SPU_022242	0.053873368143137798
SPU_006421	SPU_000440	0.053861724522753639
SPU_014332	SPU_000440	0.053853684880107437
SPU_013305	SPU_024953	0.053839823427269159
SPU_016881	SPU_023813	0.05381916986254013
SPU_017725	SPU_002662_1	0.053772872610060279
SPU_007644	SPU_015071_1	0.053758733928165235
SPU_025584	SPU_010722	0.053752219045331243
SPU_025346	SPU_012384	0.053746120006082407
SPU_003470	SPU_006421	0.053728931804562938
SPU_019290	SPU_004599	0.053718397100405844
SPU_012648	SPU_015605	0.053708694083419051
SPU_009831	SPU_007011	0.05369954552454579
SPU_008845	SPU_028030	0.05366918894282996
SPU_017348	SPU_024610	0.053664753277921709
SPU_021192	SPU_000276	0.053634812539791028
SPU_006753	SPU_012490	0.053628574886013802
SPU_003470	SPU_022163	0.053607644092228013
SPU_002603	SPU_023065	0.053572990460132308
SPU_002874	SPU_017470	0.053568832024280824
SPU_007644	SPU_012948	0.05355469334238578
SPU_023730	SPU_020680	0.053543049722001627
SPU_025584	SPU_025346	0.053517821877835964
SPU_022846	SPU_000276	0.053497445542163694
SPU_017837	SPU_000922	0.053464178055351828
SPU_024139	SPU_015108	0.053459049317801662
SPU_012491	SPU_014197	0.053443663105151175
SPU_023037	SPU_002791	0.053385860846815555
SPU_023177	SPU_015982	0.053368395416239327
SPU_018393	SPU_000749	0.053367425114540644
SPU_014332	SPU_010722	0.053352454745475307
SPU_000440	SPU_024903	0.053293543570912622
SPU_018355	SPU_007203	0.053291325738458503
SPU_026465	SPU_010329	0.053215642205961505
SPU_027235	SPU_000424	0.053181265802922574
SPU_012772	SPU_011174	0.053172948931219613
SPU_022163	SPU_008377_2	0.053161721154420603
SPU_011189	SPU_008563	0.053157285489512346
SPU_011189	SPU_004723	0.053151463679320277
SPU_017635	SPU_003084	0.053086869309093905
SPU_016881	SPU_027362	0.053084512862111397
SPU_018744	SPU_014588	0.053077997979277404
SPU_005572	SPU_022916	0.052976947988086352
SPU_019290	SPU_000749	0.052966136054872499
SPU_024877	SPU_015108	0.052943126043160954
SPU_016786	SPU_000276	0.052924690310886043
SPU_000739	SPU_016016	0.052923442780130607
SPU_023090	SPU_015071_1	0.052916650668239848
SPU_002874	SPU_008563	0.052869660343118081
SPU_022163	SPU_012490	0.052869521728589698
SPU_026465	SPU_011001	0.052853996901410835
SPU_028827	SPU_009079_1	0.052842214666498286
SPU_022678	SPU_007203	0.052796333257603592
SPU_020637	SPU_011576	0.052783442106463997
SPU_019002	SPU_023014	0.05276278854173496
SPU_012384	SPU_010295	0.052739224071909889
SPU_022820	SPU_008563	0.052728689367752796
SPU_012490	SPU_022916	0.052689461456220464
SPU_018581	SPU_007108	0.052679481210176911
SPU_018126	SPU_014197	0.052663817768469658
SPU_024903	SPU_028093	0.052658411801862724
SPU_015358	SPU_011064	0.052653560293369324
SPU_006808	SPU_022916	0.052630827510714552
SPU_008528	SPU_004621	0.052608233342588157
SPU_026465	SPU_011635	0.052592708515409287
SPU_023177	SPU_011271	0.052524371552916581
SPU_015772	SPU_006637	0.052521599262348923
SPU_012546	SPU_000861	0.05248916346270735
SPU_013689_1	SPU_004287	0.052470173272318905
SPU_011297	SPU_015719	0.052447024646078984
SPU_020722	SPU_011189	0.052428588913804079
SPU_004217	SPU_009831	0.052373420331507728
SPU_018392	SPU_010426	0.052368984666599477
SPU_022678	SPU_004702	0.05228817239655232
SPU_004723	SPU_009053	0.052226627545950366
SPU_024093	SPU_015767	0.052217340372548722
SPU_016443	SPU_016881	0.052200152171029253
SPU_007611	SPU_014923	0.052103122001161316
SPU_002874	SPU_027912_1	0.052024943407153419
SPU_008936	SPU_026277	0.052021339429415468
SPU_011635	SPU_003470	0.051981002601656077
SPU_002129	SPU_008196_1	0.051980725372599311
SPU_017106	SPU_021119	0.051929715226154451
SPU_014802	SPU_019656	0.051912665639163365
SPU_017379	SPU_015712	0.051906566599914529
SPU_028827	SPU_024903	0.051854586151770986
SPU_017837	SPU_002662_1	0.05185320000648716
SPU_011297	SPU_015640	0.051820348363260445
SPU_007262	SPU_015605	0.051788882865317548
SPU_013689	SPU_014131	0.051780981837199723
SPU_015358	SPU_006803	0.051767813457003369
SPU_002592	SPU_014131	0.051729417232641337
SPU_012253	SPU_014643	0.051680486304122211
SPU_027053	SPU_006420	0.051676466482799117
SPU_024139	SPU_007599	0.05167244666147601
SPU_018392	SPU_010698	0.051626703867109693
SPU_015984	SPU_002320	0.051602169095585945
SPU_009831	SPU_010329	0.05158428782142456
SPU_003166	SPU_026877	0.051570426368586289
SPU_004702	SPU_007624	0.051568624379717307
SPU_016881	SPU_009474	0.051564050100280673
SPU_023730	SPU_015640	0.051542703462909727
SPU_015640	SPU_016449	0.051532445987809407
SPU_008117	SPU_015605	0.051524960803276731
SPU_005358	SPU_012912	0.051511237964966837
SPU_011635	SPU_013902	0.051488089338726908
SPU_025346	SPU_015071	0.051480604154194247
SPU_006312	SPU_017725	0.05147103975173583
SPU_001262	SPU_007624	0.051445534678513399
SPU_012546	SPU_017725	0.051422524666801854
SPU_007981	SPU_006420	0.05139812850980649
SPU_018391	SPU_011189	0.051382326453570853
SPU_024139	SPU_006637	0.051317039010702566
SPU_012384	SPU_014643	0.051316900396174175
SPU_018581	SPU_014131	0.051306227077488699
SPU_026205	SPU_014131	0.051302484485222372
SPU_012469	SPU_006312	0.051289870563139543
SPU_020124	SPU_021172	0.051265197177087406
SPU_011635	SPU_019652	0.051246900059340871
SPU_016443	SPU_011576	0.051235395053485101
SPU_013689_1	SPU_015071	0.051227078181782133
SPU_012384	SPU_020282	0.051217375164795347
SPU_027053	SPU_005035	0.051182167074586123
SPU_001262_1	SPU_007624	0.051174820504581831
SPU_012772	SPU_002815	0.051172464057599322
SPU_000276	SPU_015719	0.051171909599485789
SPU_001998	SPU_012491	0.05105159218884954
SPU_004217	SPU_007203	0.051042998088089812
SPU_002816	SPU_000749	0.051036760434312586
SPU_008528	SPU_006420	0.051035374289028754
SPU_020123	SPU_020565	0.051000304813347913
SPU_018056	SPU_004702	0.050997809751837021
SPU_018744	SPU_018850	0.050971472991444292
SPU_000424	SPU_004287	0.050938205504632426
SPU_014836	SPU_000440	0.050897036989702743
SPU_016449	SPU_011315	0.050847551603070085
SPU_011189	SPU_009831	0.050793353322472416
SPU_002791	SPU_027969	0.0507926602498305
SPU_007262	SPU_010458	0.050775610662839428
SPU_003470	SPU_010329	0.050723075756582352
SPU_006803	SPU_006991	0.050719471778844394
SPU_009831	SPU_008845	0.050707135085818332
SPU_001262_1	SPU_014131	0.050703115264495224
SPU_021172	SPU_024189	0.050693966705621964
SPU_025346	SPU_011130	0.050688837968071797
SPU_013119	SPU_020637	0.0506638873529629
SPU_027472	SPU_015640	0.050655709095788322
SPU_014802	SPU_011576	0.050634916916530902
SPU_025590	SPU_022163	0.050620085161993941
SPU_012648_1	SPU_006312	0.050614956424443781
SPU_007644	SPU_008845	0.050605669251042137
SPU_002592	SPU_009756	0.050587926591409135
SPU_012648	SPU_010625	0.05054911452346196
SPU_008117	SPU_002631	0.050535946143265599
SPU_002634	SPU_014197	0.050511272757213461
SPU_027774	SPU_017470	0.050466638879074203
SPU_018483	SPU_003179	0.050459569538126685
SPU_017837	SPU_009053	0.050450420979253424
SPU_017837	SPU_000540	0.050442519951135606
SPU_026465	SPU_007203	0.050428519883768945
SPU_015908	SPU_012645	0.050421866386406569
SPU_023090	SPU_010329	0.050421589157349803
SPU_008936	SPU_015640	0.050412995056590068
SPU_014793	SPU_019508	0.050398024687524738
SPU_008845	SPU_010698	0.050392064262804272
SPU_022816	SPU_026877	0.050283944930665701
SPU_021608	SPU_000509	0.050282281556325116
SPU_016881	SPU_001628	0.050276598360661416
SPU_025113	SPU_022633	0.050220459476666389
SPU_018908	SPU_024903	0.050192043498347924
SPU_002874	SPU_027912	0.050165568123426811
SPU_023037	SPU_000922	0.050160300771348268
SPU_021557	SPU_022916	0.05014158781001659
SPU_007147	SPU_006583	0.050123706535855204
SPU_000739	SPU_009079_1	0.050122459005099762
SPU_023037	SPU_006420	0.050117330267549602
SPU_019002	SPU_000424	0.050091686579798789
SPU_012648_1	SPU_025590	0.050085448926021563
SPU_017635	SPU_002662_1	0.050069646869785919
SPU_006312	SPU_008377_2	0.050029864500140062
SPU_021192	SPU_016881	0.050011012924280007
SPU_009831	SPU_011001	0.049976497906712693
SPU_006462	SPU_022049	0.049944339336127894
SPU_007644	SPU_025848	0.049833724942478438
SPU_014576	SPU_009876	0.049811823846993952
SPU_023037	SPU_022487	0.049783546483203871
SPU_008112	SPU_018483	0.049780081119994296
SPU_015772	SPU_015640	0.049735031398269895
SPU_005358	SPU_025584	0.049714100604484099
SPU_018483	SPU_013140_1	0.049703011442213473
SPU_014722	SPU_002874	0.049697051017493013
SPU_000757	SPU_020680	0.049686654927864303
SPU_024877	SPU_015640	0.049678338056161335
SPU_012253	SPU_000424	0.049676536067292359
SPU_006803	SPU_013202	0.049663506301624374
SPU_013119	SPU_026099	0.04966017955294319
SPU_003102	SPU_014923	0.049659763709358047
SPU_024189	SPU_010635	0.049657407262375539
SPU_012772	SPU_024139	0.049647981474445511
SPU_018056	SPU_011001	0.049644931954821087
SPU_019366	SPU_001657	0.049635783395947826
SPU_012203	SPU_009048	0.049617347663672914
SPU_024189	SPU_020565	0.049570773182136305
SPU_012546	SPU_011189	0.049543050276459742
SPU_027969	SPU_006583	0.049541664131175916
SPU_027472	SPU_006637	0.049524891773241597
SPU_013689_1	SPU_002320	0.049504376823040951
SPU_018797	SPU_022817	0.049485109403595746
SPU_003470	SPU_007262	0.04947956482246043
SPU_008117	SPU_007317	0.049460158788486842
SPU_019290	SPU_001657	0.049453643905652857
SPU_016881	SPU_014418	0.049430911122998071
SPU_017837	SPU_004723	0.049430079435827778
SPU_003102	SPU_015605	0.04942813883243042
SPU_014418	SPU_011576	0.049403881289963432
SPU_018355_1	SPU_007203	0.049371861333907009
SPU_020123	SPU_013967	0.049364653378431107
SPU_018391	SPU_006420	0.04933485125482881
SPU_008752	SPU_003586	0.049321821489160825
SPU_006462	SPU_013140_1	0.049274138091397156
SPU_009876	SPU_015712	0.049247801331004419
SPU_003166	SPU_012491	0.049238514157602775
SPU_021608	SPU_014643	0.049222850715895515
SPU_021557	SPU_007315	0.049199563475127217
SPU_011174	SPU_000669	0.049182652502664514
SPU_001113	SPU_015640	0.049173226714734487
SPU_004148	SPU_008563	0.049150771161136468
SPU_008117_1	SPU_022633	0.049149662244909409
SPU_000739	SPU_012786	0.049125404702442428
SPU_005358	SPU_007957	0.049122355182818003
SPU_004723	SPU_010458	0.049112513551302826
SPU_026633	SPU_014576	0.049102394690730883
SPU_003102	SPU_009053	0.049101424389032207
SPU_009048	SPU_015108	0.04909712733865234
SPU_014418	SPU_015640	0.049095048120726598
SPU_007644	SPU_006420	0.049081463896945086
SPU_020565	SPU_011271	0.049075503472224627
SPU_007599	SPU_011576	0.049058869728818691
SPU_008117_1	SPU_000440	0.049037938935032895
SPU_007981	SPU_007611	0.049026988387290658
SPU_013569	SPU_015374	0.049026572543705502
SPU_028255	SPU_024189	0.049026156700120352
SPU_004217	SPU_027912	0.049025879471063585
SPU_014628	SPU_023386	0.049005364520862946
SPU_000749	SPU_006004	0.049004532833692639
SPU_019366	SPU_004599	0.04899302782783687
SPU_015908	SPU_002815	0.048988453548400243
SPU_011189	SPU_003470	0.04897778022971476
SPU_018581	SPU_002467	0.048969047514426649
SPU_004723	SPU_022487	0.04894090876516495
SPU_012648	SPU_006420	0.048934255267802568
SPU_015243	SPU_024903	0.048905562060427336
SPU_015772	SPU_004599	0.048902512540802912
SPU_028827	SPU_016016	0.048881443132488732
SPU_006787	SPU_011576	0.048836254796235941
SPU_003102	SPU_022633	0.048831264673214164
SPU_018355	SPU_025848	0.048815046773393385
SPU_002677	SPU_014197	0.048794809052249491
SPU_002129	SPU_028827	0.048791898147153456
SPU_012648	SPU_000540	0.048783304046393729
SPU_018391	SPU_012648	0.048748373185241264
SPU_011189	SPU_002467	0.048743383062219488
SPU_028255	SPU_028093	0.04873894739731123
SPU_009831	SPU_008563	0.04872979883843797
SPU_008112	SPU_022916	0.048727442391455461
SPU_023730	SPU_011271	0.048719818592394409
SPU_012648	SPU_009053	0.048716630458241608
SPU_002874	SPU_012948	0.048716076000128082
SPU_012648	SPU_000922	0.048690709541434028
SPU_001262	SPU_014588	0.04865245193160038
SPU_024903	SPU_022817	0.048620709204600723
SPU_028120	SPU_006637	0.04861973890290204
SPU_012253	SPU_015243	0.048612392332897755
SPU_015767	SPU_018954	0.048609204198744954
SPU_010351	SPU_021726	0.048597699192889185
SPU_003704	SPU_025848	0.04856914460004233
SPU_022163	SPU_000861	0.048541698923422534
SPU_011297	SPU_001628	0.048539203861911649
SPU_013047	SPU_006637	0.048526451325300438
SPU_018056	SPU_025848	0.048517579995483937
SPU_004021	SPU_016449	0.048503579928117276
SPU_017106	SPU_028120	0.048494292754715625
SPU_021210	SPU_024953	0.048481956061689563
SPU_016523	SPU_020680	0.048453955926956241
SPU_007644	SPU_007203	0.048452153938087265
SPU_027235	SPU_004287_1	0.048387420953332504
SPU_016881	SPU_014802	0.048374252573136142
SPU_006808	SPU_002320	0.048355539611804471
SPU_024903	SPU_026962	0.048325737488202167
SPU_002791	SPU_006420	0.048306331454228579
SPU_002129	SPU_023014	0.048300232414979737
SPU_002791	SPU_027912_1	0.048293994761202511
SPU_001998	SPU_025010	0.048259063900050053
SPU_028120	SPU_021119	0.048247281665137517
SPU_025113	SPU_008563	0.048234944972111442
SPU_027053	SPU_019652	0.048229677620032899
SPU_021557	SPU_009911	0.048226766714936864
SPU_025584	SPU_011687	0.048205558692094294
SPU_014332	SPU_016272	0.048170489216413447
SPU_012648_1	SPU_022633	0.048157736679802235
SPU_020565	SPU_015640	0.048156073305461643
SPU_014793	SPU_007262	0.048152469327723692
SPU_023037	SPU_023090	0.048151221796968242
SPU_027053	SPU_008377	0.04811920184091182
SPU_021608	SPU_024903	0.048117677081099611
SPU_006583	SPU_011174	0.048109221594868266
SPU_006583	SPU_003179	0.048106865147885758
SPU_002874	SPU_027969	0.048093280924104247
SPU_015358	SPU_007317	0.048068746152580492
SPU_006991	SPU_028827	0.048068468923523726
SPU_002320	SPU_015243	0.048034092520484795
SPU_014802	SPU_012050	0.048032844989729352
SPU_008117	SPU_022633	0.048032013302559053
SPU_028583	SPU_013047	0.048028132095764335
SPU_008528	SPU_011189	0.048026745950480509
SPU_026205	SPU_013140	0.048015379559153124
SPU_023090	SPU_010329_1	0.047989597256873927
SPU_004702	SPU_007203	0.047953280250437644
SPU_002874	SPU_006420	0.047903794863804978
SPU_002129	SPU_022916	0.047898527511726435
SPU_015243	SPU_004287_1	0.04787690364529873
SPU_005435	SPU_022242	0.047870388762464737
SPU_025113	SPU_003470	0.047856943153211602
SPU_027214	SPU_003586	0.047847933208866732
SPU_011189	SPU_019652	0.047831853923574322
SPU_013119	SPU_007599	0.047830883621875639
SPU_009642	SPU_011001	0.047796368604308324
SPU_012469	SPU_025590	0.04779221016845684
SPU_012914	SPU_016272	0.047758942681644982
SPU_004723	SPU_012948	0.047748546592016272
SPU_023177	SPU_021726	0.04773676435710373
SPU_020123	SPU_006242	0.047695179998588896
SPU_014802	SPU_001657	0.047693793853305071
SPU_004723	SPU_005035	0.04768935818839682
SPU_013015	SPU_024189	0.047661773897248648
SPU_024189	SPU_030148	0.04764403123761566
SPU_016786	SPU_000749	0.047628783639493549
SPU_028120	SPU_020637	0.04762199152760279
SPU_017407	SPU_014588	0.047621298454960881
SPU_024139	SPU_011576	0.047590387415131524
SPU_018908	SPU_009771	0.047589001269847685
SPU_007253	SPU_012491	0.047569595235874104
SPU_011635	SPU_002467	0.047542010944725932
SPU_020722	SPU_009053	0.047537852508874448
SPU_008528	SPU_012648	0.047515812798861586
SPU_006803	SPU_022049	0.047502644418665217
SPU_021192	SPU_007599	0.047485456217145748
SPU_015374	SPU_024189	0.047448446138067549
SPU_004723	SPU_014923	0.047446366920141807
SPU_005718	SPU_020637	0.047425020282770861
SPU_027472	SPU_011271	0.047373178449155708
SPU_010295	SPU_002631	0.047326603967619091
SPU_025584	SPU_012384	0.047325217822335258
SPU_008196	SPU_004287_1	0.047322722760824373
SPU_000485	SPU_006637	0.04732216830271084
SPU_012253	SPU_008112	0.04731135636949698
SPU_016881	SPU_008595	0.04730234642515211
SPU_017635	SPU_022633	0.047293613709863985
SPU_002791	SPU_007611	0.047291257262881484
SPU_012253	SPU_010722	0.047275871050230997
SPU_005572	SPU_022573	0.047254940256445187
SPU_006484	SPU_011271	0.047246900613798985
SPU_019002	SPU_014643	0.047243851094174574
SPU_012384	SPU_015605	0.047231930244733648
SPU_015908	SPU_018126	0.047223474758502297
SPU_023386	SPU_023065	0.047219454937179203
SPU_008117_1	SPU_009053	0.047218068791895378
SPU_023090	SPU_025848	0.047211553909061385
SPU_019002	SPU_000509	0.047204207339057093
SPU_006462	SPU_008196_1	0.047197415227166334
SPU_013015	SPU_003179	0.047179533953004955
SPU_002815	SPU_015712	0.047172741841114196
SPU_002874	SPU_011001	0.047150424902044581
SPU_018391	SPU_019024	0.047136840678263056
SPU_014289	SPU_021726	0.04711549404089211
SPU_003595_1	SPU_007624	0.047113830666551525
SPU_000129	SPU_021726	0.047091790956538655
SPU_019290	SPU_018954	0.047068087872185201
SPU_009876	SPU_021726	0.047041473882735711
SPU_008845	SPU_009053	0.047036899603299077
SPU_018056	SPU_011635	0.046980344875718907
SPU_018355_1	SPU_025848	0.046937512986448625
SPU_025590	SPU_008377_2	0.046933909008710667
SPU_023037	SPU_005035	0.046932938707011998
SPU_000757	SPU_021726	0.04690937423718692
SPU_009831	SPU_025346	0.046905354415863826
SPU_003166	SPU_013140_1	0.046859473006969118
SPU_016881	SPU_015767	0.04685711655998661
SPU_007644	SPU_019508	0.046818304492039435
SPU_004723	SPU_002320	0.046806383642598516
SPU_015243	SPU_008196_1	0.046802502435803792
SPU_009048	SPU_011576	0.046793076647873764
SPU_015982	SPU_012491	0.046791967731646705
SPU_008845	SPU_019033	0.046787116223153305
SPU_026633	SPU_003179	0.046781710256546379
SPU_019290	SPU_015719	0.046739016981804479
SPU_011635	SPU_007011	0.046716977271791624
SPU_004723	SPU_009642	0.046703531662538496
SPU_012253	SPU_012912	0.046696600936119353
SPU_026877	SPU_014461	0.046685927617433877
SPU_004414	SPU_011174	0.046653491817792304
SPU_027774	SPU_022242	0.046610382699465269
SPU_006991	SPU_022633	0.046589867749264616
SPU_028583	SPU_012491	0.04658792714586725
SPU_016523	SPU_016045	0.046586956844168574
SPU_012253	SPU_003102	0.046583491480958999
SPU_007981	SPU_027912_1	0.046521808015828663
SPU_026099	SPU_011576	0.046514461445824377
SPU_001262_1	SPU_014588	0.046498382160531974
SPU_002592	SPU_024189	0.046490896975999313
SPU_002603	SPU_003179	0.046482164260711195
SPU_027235	SPU_024189	0.046459708707113183
SPU_016881	SPU_005955	0.046457352260130681
SPU_002874	SPU_007611	0.046442936349178864
SPU_027053	SPU_013902	0.046414658985388775
SPU_011635	SPU_012948	0.046354777509127414
SPU_026962	SPU_009771	0.046339391296476927
SPU_022846	SPU_006637	0.046310420860044929
SPU_023037	SPU_022242	0.046286856390219851
SPU_013569	SPU_023386	0.046277569216818214
SPU_013305	SPU_006917	0.04627729198776144
SPU_022163	SPU_013086	0.046200499539037383
SPU_026465	SPU_008845	0.046196341103185899
SPU_015982	SPU_011271	0.046188024231482931
SPU_003548	SPU_013140	0.046188024231482931
SPU_009178	SPU_013967	0.046187747002426165
SPU_009876	SPU_020680	0.046187469773369398
SPU_018744	SPU_004702	0.046179568745251587
SPU_028255	SPU_020565	0.046177212298269078
SPU_014289	SPU_024877	0.046163212230902417
SPU_005718	SPU_021119	0.046152400297688558
SPU_002874	SPU_010329	0.046129528900505402
SPU_012253	SPU_008117_1	0.04611192485540079
SPU_008528	SPU_022242	0.046098063402562513
SPU_000424	SPU_013015	0.04609113267614337
SPU_004217	SPU_017470	0.046090300988973078
SPU_021608	SPU_008112	0.046083370262553935
SPU_021557	SPU_017635	0.046083370262553935
SPU_017106	SPU_020637	0.046053429524423255
SPU_014289	SPU_006637	0.04605079584838398
SPU_010295	SPU_011687	0.046041785904039095
SPU_021608	SPU_000440	0.046025983847803466
SPU_000975	SPU_011576	0.045970260807393581
SPU_006676	SPU_023065	0.045960557790406788
SPU_018797	SPU_013140	0.045945310192284677
SPU_008117	SPU_009053	0.045936161633411417
SPU_013119	SPU_024307	0.04590608228075236
SPU_017837	SPU_015605	0.045903587219241468
SPU_006991	SPU_013140	0.045872398950355338
SPU_025346	SPU_011635	0.04580239861352204
SPU_025346	SPU_010329	0.045764279618216781
SPU_002320	SPU_012490	0.045746536958583772
SPU_023090	SPU_007611	0.045726992310081802
SPU_014802	SPU_008936	0.045724220019514157
SPU_002791	SPU_027912	0.045722140801588415
SPU_012914	SPU_000440	0.04569358620874156
SPU_022820	SPU_006420	0.045673487102126056
SPU_023090	SPU_011001	0.045672932644012516
SPU_004217	SPU_004702	0.045670160353444865
SPU_011297	SPU_014418	0.045655189984379521
SPU_014628	SPU_011711	0.045646318654563027
SPU_011635	SPU_004723	0.045635090877764024
SPU_022816	SPU_013140	0.045633150274366666
SPU_002874	SPU_003490	0.045626912620589447
SPU_012699	SPU_011576	0.045615130385676897
SPU_006462	SPU_004287_1	0.045612219480580862
SPU_013119	SPU_011576	0.045582417356978572
SPU_015456	SPU_011315	0.045557050898284518
SPU_026905	SPU_012913	0.045549427099223466
SPU_028255	SPU_004746	0.045548040953939634
SPU_004702	SPU_007611	0.045545268663371982
SPU_024189	SPU_010403	0.045532931970345913
SPU_018392	SPU_006420	0.045525585400341628
SPU_002631	SPU_007317	0.04551726852863866
SPU_013047	SPU_015712	0.045516298226939977
SPU_020722	SPU_018680	0.045510892260333058
SPU_012469	SPU_015605	0.045509506115049218
SPU_018483	SPU_014131	0.045509367500520842
SPU_013015	SPU_014131	0.045466951454835716
SPU_028255	SPU_030148	0.0454654266950235
SPU_001657	SPU_018861	0.045455585063508323
SPU_027472	SPU_011576	0.045450733555014923
SPU_023366	SPU_011711	0.045449624638787864
SPU_002129	SPU_002592	0.045443525599539021
SPU_004217	SPU_007611	0.045440753308971363
SPU_000948	SPU_015456	0.045405129375176989
SPU_003166	SPU_024189	0.045390713464225185
SPU_025113	SPU_011687	0.045366455921758191
SPU_014170	SPU_000749	0.045348436033068429
SPU_025346	SPU_024903	0.045340396390422227
SPU_018355_1	SPU_018850	0.045333881507588242
SPU_012469	SPU_015466	0.045311425953990229
SPU_004414	SPU_012491	0.045293128836243708
SPU_027214	SPU_013202	0.045273861416798504
SPU_016523	SPU_008595_1	0.045265267316038769
SPU_002874	SPU_007203	0.045261940567357585
SPU_001998	SPU_001739	0.045256257371693885
SPU_006462	SPU_003179	0.045244613751309733
SPU_002603	SPU_024189	0.045227148320733504
SPU_001739	SPU_014197	0.04522285127035363
SPU_023037	SPU_011001	0.04520829674487345
SPU_011635	SPU_009053	0.04519790065524474
SPU_006991	SPU_008196_1	0.045183068900707779
SPU_006991	SPU_022049	0.045160197503524624
SPU_021192	SPU_014418	0.045155484609559607
SPU_024903	SPU_020311	0.045146058821629573
SPU_023090	SPU_011635	0.045129702307280403
SPU_002815	SPU_012491	0.045127761703883051
SPU_012203	SPU_009474	0.045089226864992636
SPU_015982	SPU_014197	0.045083266440272177
SPU_002791	SPU_012948	0.045078692160835543
SPU_002874	SPU_026465	0.045075781255739501
SPU_012384	SPU_017837	0.045075504026682742
SPU_002603	SPU_023014	0.045073702037813759
SPU_015243	SPU_015982	0.044977503555116108
SPU_021210	SPU_017348	0.04493785979999864
SPU_024903	SPU_022816	0.044933146906033623
SPU_011189	SPU_010329	0.044929958771880822
SPU_012384	SPU_008112	0.044929127084710523
SPU_027472	SPU_011297	0.044927325095841554
SPU_028093	SPU_019024	0.044921641900177854
SPU_006421	SPU_008563	0.044918592380553429
SPU_017971	SPU_003378	0.044914988402815478
SPU_006462	SPU_010305	0.044900433877335284
SPU_012772	SPU_001739	0.044894057609029682
SPU_026465	SPU_019508	0.044883522904872589
SPU_002677	SPU_021726	0.044869661452034311
SPU_019290	SPU_019656	0.044853582166741908
SPU_021608	SPU_015358	0.044850948490702633
SPU_012648_1	SPU_011130	0.044832096914842585
SPU_016443	SPU_000276	0.044781779841039628
SPU_024139	SPU_014418	0.044769443148013566
SPU_006991	SPU_013140_1	0.044768334231786493
SPU_024093	SPU_008595	0.04474684897988717
SPU_003166	SPU_022049	0.04473035385100961
SPU_018908	SPU_003179	0.044729383549310942
SPU_005572	SPU_008377_2	0.044709561671752204
SPU_020124	SPU_013305	0.044706789381184546
SPU_028120	SPU_013119	0.044684472442114917
SPU_014802	SPU_018861	0.0446749080396565
SPU_020722	SPU_014923	0.044662294117573671
SPU_000485	SPU_001657	0.04465425447492747
SPU_012648	SPU_002791	0.044653284173228787
SPU_024189	SPU_004746	0.044633878139255206
SPU_006583	SPU_014576	0.044601303725085244
SPU_027235	SPU_013140	0.044571085757897803
SPU_018483	SPU_022049	0.044564570875063811
SPU_024139	SPU_026099	0.044560828282797477
SPU_016881	SPU_024946	0.044548214360714641
SPU_028583	SPU_024189	0.044535461824103423
SPU_003166	SPU_014576	0.044517303320885292
SPU_025113	SPU_009831	0.044483204146903113
SPU_007262	SPU_011001	0.044473916973501476
SPU_010295	SPU_000440	0.044465877330855275
SPU_003166	SPU_013140	0.044448134671222279
SPU_015640	SPU_011576	0.044443421777257269
SPU_012648	SPU_003704	0.044385758133450026
SPU_023090	SPU_019508	0.044384510602694577
SPU_018056	SPU_008845	0.044379797708729567
SPU_015374	SPU_025010	0.044376470960048375
SPU_020311	SPU_022916	0.044346807450974461
SPU_019002	SPU_008112	0.04429773790792696
SPU_012469	SPU_006991	0.044256708007525659
SPU_013689_1	SPU_006808	0.04424548023072665
SPU_012491	SPU_021726	0.044242846554687382
SPU_007644	SPU_007262	0.044233420766757355
SPU_012648_1	SPU_014643	0.044230925705246463
SPU_007981	SPU_007203	0.044183242307482787
SPU_023037	SPU_019652	0.044169796698229659
SPU_019332	SPU_022242	0.044163281815395659
SPU_013119	SPU_015362	0.044149697591614148
SPU_002592	SPU_008377_2	0.044114212272348158
SPU_016443	SPU_015640	0.044111717210837266
SPU_006991	SPU_022573	0.044107420160457406
SPU_008936	SPU_024877	0.044107281545929022
SPU_002791	SPU_010329	0.044097024070828696
SPU_011635	SPU_011001	0.044079835869309227
SPU_026465	SPU_025848	0.044077063578741575
SPU_012490	SPU_004287_1	0.04407484574628745
SPU_012914	SPU_019033	0.044056410014012538
SPU_019366	SPU_012050	0.044053360494388114
SPU_012648	SPU_010458	0.044045320851741919
SPU_004217	SPU_025848	0.044010528605117838
SPU_000739	SPU_022916	0.044001380046244577
SPU_006814	SPU_015712	0.044000964202659427
SPU_013015	SPU_012491	0.043988766124161742
SPU_006753	SPU_016016	0.043955360022821494
SPU_000749	SPU_008595	0.043934290614507307
SPU_012491	SPU_011271	0.043920151932612263
SPU_025888	SPU_016449	0.043916825183931078
SPU_012253	SPU_010295	0.043856112020499424
SPU_000948	SPU_008703	0.04385195358464794
SPU_017725	SPU_000440	0.043840171349735405
SPU_000861	SPU_018483	0.04383642875746907
SPU_018126	SPU_011271	0.043817022723495483
SPU_027235	SPU_022916	0.043813695974814292
SPU_009642	SPU_016250	0.043771834387242692
SPU_028255	SPU_022916	0.043771279929129159
SPU_011189	SPU_012948	0.043739814431186269
SPU_009831	SPU_015071_1	0.043736903526090234
SPU_005572	SPU_011130	0.04372872526891565
SPU_006462	SPU_022573	0.043690190430025234
SPU_012384	SPU_000509	0.043684784463418308
SPU_022163	SPU_007957	0.043680487413038441
SPU_001113	SPU_024307	0.043678824038697849
SPU_011202	SPU_011576	0.043663160596990595
SPU_000276	SPU_012050	0.043658170473968812
SPU_011189	SPU_011687	0.043632665400746382
SPU_008117_1	SPU_000540	0.043620883165833846
SPU_007262	SPU_009831	0.043604803880541443
SPU_002791	SPU_007203	0.043595655321668182
SPU_018797	SPU_022816	0.04353646691804873
SPU_025346	SPU_019508	0.043529536191629595
SPU_000485	SPU_004599	0.043528011431817386
SPU_025632	SPU_001657	0.043494882559533897
SPU_014289	SPU_020680	0.043494189486891988
SPU_014793	SPU_021044	0.043476724056315759
SPU_009831	SPU_011635	0.04347506068197516
SPU_004414	SPU_001739	0.043461337843665265
SPU_024139	SPU_028120	0.043457318022342165
SPU_016443	SPU_006637	0.043448030848940521
SPU_004148	SPU_005358	0.043435278312329302
SPU_006787	SPU_016881	0.043434585239687393
SPU_011297	SPU_012050	0.043411020769862314
SPU_002815	SPU_014197	0.04340173359646067
SPU_014332	SPU_009053	0.04338177310437355
SPU_002129	SPU_013140	0.043375951294181474
SPU_003166	SPU_017348	0.043369575025875864
SPU_020637	SPU_016881	0.043355297729452437
SPU_028255	SPU_022049	0.043348089773976535
SPU_009831	SPU_011687	0.043344901639823727
SPU_012253	SPU_006312	0.0433346441647234
SPU_022817	SPU_022049	0.043299990532627709
SPU_025113	SPU_009053	0.04329874300187226
SPU_003470	SPU_019508	0.043292505348095034
SPU_015772	SPU_016045	0.043267554732986144
SPU_000440	SPU_022163	0.043249257615239609
SPU_019002	SPU_006312	0.043235673391458097
SPU_002874	SPU_008845	0.04321030693276405
SPU_008117	SPU_011687	0.043203792049930058
SPU_004287_1	SPU_017348	0.043193673189358121
SPU_013178	SPU_008752	0.043184940474069997
SPU_014793	SPU_012253	0.043183692943314554
SPU_002592	SPU_009079_1	0.043172326551987168
SPU_016881	SPU_019366	0.04315888094273404
SPU_018056	SPU_007611	0.043135870931022495
SPU_011189	SPU_009053	0.043126029299507325
SPU_012203	SPU_008936	0.043111752003083897
SPU_007147	SPU_018954	0.043110920315913598
SPU_009831	SPU_007203	0.043100662840813271
SPU_021192	SPU_016449	0.043091652896468387
SPU_004217	SPU_006420	0.043084583555520868
SPU_006991	SPU_026877	0.043061989387394473
SPU_000440	SPU_010722	0.04305589034814563
SPU_014628	SPU_000841	0.043052840828521212
SPU_011635	SPU_011687	0.042999890078678993
SPU_026633	SPU_024189	0.04299406826848691
SPU_027053	SPU_007611	0.04292157287014272
SPU_024139	SPU_011297	0.042914780758251968
SPU_015982	SPU_015640	0.042890939059370123
SPU_024189	SPU_024307	0.042888721226915998
SPU_015456	SPU_008595_1	0.042872226098038445
SPU_008117_1	SPU_011687	0.042821354566121968
SPU_018056	SPU_010329_1	0.04281234462177709
SPU_008752	SPU_013202	0.042795988107427921
SPU_027969	SPU_020722	0.042779215749493602
SPU_012203	SPU_012050	0.042735274943996267
SPU_013047	SPU_011271	0.042730284820974483
SPU_004414	SPU_003586	0.042719472887760623
SPU_011635	SPU_010329	0.042704086675110137
SPU_011189	SPU_007611	0.042703116373411454
SPU_019002	SPU_024903	0.042679829132643149
SPU_009831	SPU_009053	0.042678997445472856
SPU_004414	SPU_014576	0.042678442987359323
SPU_012203	SPU_014418	0.042677888529245797
SPU_018391	SPU_018680	0.04267747268566064
SPU_014401	SPU_011576	0.042674145936979456
SPU_013689_1	SPU_001262_1	0.042654739903005869
SPU_023894	SPU_011576	0.042637967545071556
SPU_021557	SPU_022163	0.042625076393931954
SPU_017642	SPU_002662	0.042625076393931954
SPU_009642	SPU_021044	0.042623828863176505
SPU_015908	SPU_006242	0.042618838740154728
SPU_017837	SPU_022633	0.042608858494111168
SPU_023037	SPU_008845	0.042593056437875532
SPU_001657	SPU_006004	0.042582937577303588
SPU_017837	SPU_010458	0.042538165084635947
SPU_008936	SPU_004599	0.042537472011994037
SPU_019290	SPU_012050	0.042519452123304276
SPU_000757	SPU_006637	0.042512937240470283
SPU_003470	SPU_024901	0.042510164949902625
SPU_015984	SPU_004287	0.042508917419147182
SPU_025010	SPU_027935_1	0.042508085731976883
SPU_009642	SPU_018850	0.042490204457815511
SPU_014332	SPU_006312	0.04246012510515644
SPU_022846	SPU_004599	0.042456798356475256
SPU_002791	SPU_011001	0.042448342870243912
SPU_023037	SPU_008377	0.042431709126837976
SPU_026465	SPU_018850	0.042405233751916863
SPU_003179	SPU_012491	0.042390540611908292
SPU_026905	SPU_012469	0.042364065236987179
SPU_028120	SPU_016881	0.042338282934707983
SPU_009048	SPU_006637	0.042274104408066754
SPU_014401	SPU_012050	0.042250124094656533
SPU_028120	SPU_016449	0.042249985480128149
SPU_015243	SPU_013140	0.042242777524652247
SPU_011635	SPU_002615	0.042227252697473371
SPU_017837	SPU_011687	0.042226143781246311
SPU_024903	SPU_030148	0.042223094261621887
SPU_011297	SPU_016045	0.04222253980350836
SPU_025346	SPU_011687	0.04220216346783609
SPU_013119	SPU_012008	0.042198559490098139
SPU_008752	SPU_013015	0.042165014774229508
SPU_025346	SPU_009053	0.042158915734980665
SPU_027235	SPU_026877	0.042141311689876053
SPU_012469	SPU_022163	0.042124677946470117
SPU_009048	SPU_021726	0.042093073833998844
SPU_007262	SPU_008845	0.042077410392291584
SPU_015358	SPU_000861	0.042073113341911723
SPU_015772	SPU_015719	0.042072697498326574
SPU_023730	SPU_014197	0.042071865811156281
SPU_000975	SPU_026099	0.04205703405661932
SPU_004217	SPU_012948	0.042046222123405468
SPU_025584	SPU_026664	0.042036934950003817
SPU_012648	SPU_017811	0.042025429944148048
SPU_028120	SPU_011271	0.042008796200742111
SPU_014576	SPU_002677	0.042005192223004161
SPU_025632	SPU_011576	0.041999924870925617
SPU_000975	SPU_020637	0.041999231798283701
SPU_023037	SPU_010329	0.041989528781296907
SPU_024139	SPU_011271	0.04197566732845863
SPU_015374	SPU_003179	0.041965548467886679
SPU_017837	SPU_005035	0.04195847912693916
SPU_026205	SPU_003179	0.04192784531616657
SPU_015719	SPU_011576	0.041912874947101227
SPU_021608	SPU_022916	0.041906637293324007
SPU_012469	SPU_002320	0.04190220162841575
SPU_009831	SPU_021044	0.041891251080673514
SPU_000739	SPU_006753	0.041864637091224025
SPU_024918	SPU_011174	0.041843429068381455
SPU_016443	SPU_016045	0.041834141894979811
SPU_026633	SPU_023177	0.041827904241202585
SPU_008117	SPU_000440	0.0418205576711983
SPU_002874	SPU_025848	0.041796161514202929
SPU_023366	SPU_002662_1	0.041790894162124385
SPU_022163	SPU_025584	0.041790755547596002
SPU_012469	SPU_018908	0.041788537715141877
SPU_015908	SPU_018861	0.041746953356627044
SPU_007253	SPU_011271	0.041736280037941567
SPU_007147	SPU_006004	0.04172643840642639
SPU_020637	SPU_001657	0.041679309466776247
SPU_025888	SPU_021726	0.041652972706383511
SPU_009642	SPU_007262	0.041596002135218198
SPU_000276	SPU_001657	0.041577566402943286
SPU_002129	SPU_015243	0.041574516883318861
SPU_003470	SPU_008563	0.041557744525384542
SPU_005718	SPU_028120	0.041553586089533058
SPU_027053	SPU_004723	0.041504377931957173
SPU_022846	SPU_015640	0.041452951941927163
SPU_003470	SPU_016250	0.041452674712870397
SPU_011189	SPU_007011	0.041441169707014627
SPU_018954	SPU_008752	0.041425367650778991
SPU_017106	SPU_011576	0.041414417103036755
SPU_018581	SPU_021044	0.041409149750958205
SPU_015640	SPU_009048	0.041405545773220254
SPU_021172	SPU_000669	0.04140055565019847
SPU_007611	SPU_008377	0.041384892208491224
SPU_027053	SPU_011001	0.041382535761508708
SPU_007262	SPU_022242	0.041373387202635448
SPU_024903	SPU_018797	0.041367288163386605
SPU_004723	SPU_000578	0.041344693995260216
SPU_008845	SPU_010458	0.041338594956011374
SPU_003470	SPU_002662	0.041328614709967813
SPU_010424	SPU_022573	0.04132279289977573
SPU_026205	SPU_023065	0.041321961212605438
SPU_021119	SPU_000276	0.041320713681849988
SPU_018391	SPU_010458	0.041316000787884978
SPU_011297	SPU_008595_1	0.041314198799016003
SPU_015982	SPU_010635	0.041283010530129872
SPU_010295	SPU_009053	0.041279267937863545
SPU_003166	SPU_003179	0.041279129323335162
SPU_008117	SPU_003470	0.041263050038042752
SPU_024139	SPU_021119	0.041238931110104154
SPU_015374	SPU_000424	0.041198317053287997
SPU_012772	SPU_013047	0.041195406148191956
SPU_006462	SPU_024189	0.041169623845912766
SPU_011576	SPU_000749	0.041165049566476132
SPU_009771	SPU_014576	0.041149801968354022
SPU_009876	SPU_011271	0.041147168292314754
SPU_003166	SPU_018581	0.041134138526646769
SPU_006814	SPU_014197	0.041112653274747439
SPU_006753	SPU_009911	0.041109326526066248
SPU_008112	SPU_030148	0.041030870703001598
SPU_028583	SPU_001739	0.041020613227901272
SPU_022573	SPU_026877	0.041020197384316122
SPU_026633	SPU_014131	0.041014652803180812
SPU_016617	SPU_026962	0.04100702900411976
SPU_026763	SPU_022573	0.041005920087892694
SPU_018126	SPU_021726	0.041004533942608869
SPU_006583	SPU_003586	0.040998157674303266
SPU_026418	SPU_000669	0.040998157674303266
SPU_000757	SPU_015712	0.040988038813731323
SPU_003704	SPU_018850	0.04098706851203264
SPU_024189	SPU_024610	0.040984712065050131
SPU_006676	SPU_012491	0.040976949651460697
SPU_012648	SPU_004807	0.040971405070325387
SPU_011189	SPU_006420	0.040964197114849485
SPU_026877	SPU_028120	0.040954909941447834
SPU_016881	SPU_023894	0.040950612891067967
SPU_023386	SPU_012491	0.040942157404836615
SPU_023177	SPU_024307	0.040939107885212198
SPU_021557	SPU_025584	0.040906810700099008
SPU_021608	SPU_011756	0.040902236420662375
SPU_015712	SPU_011271	0.040895721537828389
SPU_020123	SPU_012203	0.040883800688387463
SPU_009048	SPU_016449	0.040864949112527416
SPU_018797	SPU_013140_1	0.040862454051016517
SPU_024877	SPU_016045	0.040858572844221806
SPU_024139	SPU_015719	0.040842216329872637
SPU_027935	SPU_002129	0.040825859815523467
SPU_001262_2	SPU_017470	0.040822671681370666
SPU_006583	SPU_013015	0.040804235949095755
SPU_006462	SPU_023014	0.040787463591161435
SPU_014802	SPU_006004	0.040782612082668042
SPU_026633	SPU_022049	0.04076930508794329
SPU_003470	SPU_021044	0.040768750629829764
SPU_011189	SPU_008845	0.040765423881148573
SPU_004287_1	SPU_013140_1	0.040746433690760128
SPU_027935	SPU_003179	0.040741304953209968
SPU_001262	SPU_018850	0.040734790070375983
SPU_000424	SPU_002309	0.040721205846594472
SPU_024918	SPU_004621	0.040692651253747616
SPU_012253	SPU_015605	0.040685304683743331
SPU_028827	SPU_008196_1	0.040668670940337395
SPU_001998	SPU_013967	0.040652730269573376
SPU_018483	SPU_010305	0.040637621285979648
SPU_017407	SPU_007624	0.040585502223307722
SPU_026465	SPU_016250	0.040568591250845026
SPU_013689_1	SPU_018908	0.040565680345748992
SPU_015772	SPU_024877	0.040549046602343056
SPU_020123	SPU_008936	0.040541422803281997
SPU_002631	SPU_012913	0.040528115808557252
SPU_012699	SPU_016881	0.040510234534395881
SPU_015243	SPU_013140_1	0.040506076098544397
SPU_022820	SPU_002791	0.040504689953260564
SPU_017407	SPU_003084	0.040500670131937463
SPU_025584	SPU_021044	0.040493323561933178
SPU_001739	SPU_011271	0.040489442355138461
SPU_000975	SPU_007599	0.040438293594165217
SPU_028255	SPU_007862	0.040421798465287664
SPU_013015	SPU_013140	0.040405996409052021
SPU_008117	SPU_010458	0.040403362733012753
SPU_000757	SPU_024307	0.04039684785017876
SPU_026633	SPU_017348	0.040390610196401534
SPU_015456	SPU_008595	0.040369124944502205
SPU_003179	SPU_002677	0.040320194015983087
SPU_013178	SPU_000756	0.040275421523315445
SPU_008117	SPU_010329	0.040272649232747787
SPU_014418	SPU_004599	0.040270015556708519
SPU_015828	SPU_006420	0.040247421388582123
SPU_027774	SPU_004702	0.040202648895914489
SPU_028583	SPU_002677	0.040191005275530337
SPU_026205	SPU_012491	0.040177698280805585
SPU_014793	SPU_011687	0.040167995263818791
SPU_015243	SPU_026877	0.04016397544249569
SPU_020722	SPU_012648	0.040135975307762368
SPU_019366	SPU_006004	0.040123915843793066
SPU_009048	SPU_007599	0.040103816737177563
SPU_024139	SPU_020637	0.040095222636417828
SPU_019002	SPU_013086	0.040066390814514213
SPU_000749	SPU_016786	0.040024945070527763
SPU_006484	SPU_021726	0.040015935126182886
SPU_017635	SPU_024903	0.040003875662213577
SPU_026099	SPU_015640	0.040003598433156817
SPU_021608	SPU_015605	0.039990291438432073
SPU_017725	SPU_008377_2	0.039969083415589503
SPU_021608	SPU_000841	0.039930964420284237
SPU_012384	SPU_006312	0.039912251458952566
SPU_010424	SPU_014628	0.039907538564987549
SPU_000757	SPU_011271	0.039902548441965766
SPU_015640	SPU_020637	0.03989520187196148
SPU_021557	SPU_022573	0.039892568195922205
SPU_025113	SPU_000861	0.039875934452516269
SPU_019332	SPU_007611	0.039869558184210667
SPU_010295	SPU_022242	0.039860409625337399
SPU_000739	SPU_030148	0.03984932046306678
SPU_015243	SPU_010305	0.039830191658149959
SPU_012490	SPU_022573	0.039810092551534455
SPU_004287	SPU_014628	0.039798448931150303
SPU_007981	SPU_025848	0.039789854830390568
SPU_014576	SPU_001739	0.039780706271517301
SPU_003166	SPU_002592	0.039775716148495524
SPU_015772	SPU_009048	0.039743834806967485
SPU_012772	SPU_006242	0.039741201130928216
SPU_006786	SPU_011576	0.039731913957526566
SPU_025346	SPU_009079_1	0.039721933711483005
SPU_006803	SPU_005522	0.039716389130347696
SPU_012384	SPU_011756	0.039711537621854295
SPU_011189	SPU_011001	0.039691992973352325
SPU_013689	SPU_024901_1	0.039684507788819656
SPU_026465	SPU_010329_1	0.039677992905985664
SPU_007262	SPU_011687	0.039675220615418005
SPU_006808	SPU_000440	0.03966745820182857
SPU_017470	SPU_014923	0.039659418559182369
SPU_006421	SPU_014643	0.039624071854444762
SPU_015358	SPU_002662_1	0.039613537150287668
SPU_008117_1	SPU_010458	0.039587061775366562
SPU_020722	SPU_010458	0.03955892302610485
SPU_010424	SPU_026664	0.039545477416851729
SPU_017642	SPU_006991	0.039525516924764609
SPU_018581	SPU_018850	0.039505417818149105
SPU_002815	SPU_011271	0.039483100879079476
SPU_012253	SPU_020282	0.039481853348324034
SPU_015829	SPU_006420	0.039474922621904891
SPU_004723	SPU_007262	0.039440407604337577
SPU_023090	SPU_016250	0.03941018963715013
SPU_012490	SPU_017348	0.039392862821102284
SPU_011635	SPU_008845	0.039387734083552117
SPU_022163	SPU_015243	0.039368189435050147
SPU_028827	SPU_008377_2	0.03935793195994982
SPU_002791	SPU_008845	0.0393525259933429
SPU_006312	SPU_015243	0.03933644670805049
SPU_006753	SPU_008377_2	0.039333258573897689
SPU_009831	SPU_010458	0.039325773389365021
SPU_006814	SPU_011271	0.039319397121059411
SPU_012253	SPU_011756	0.039294585120478891
SPU_018056	SPU_016250	0.039288208852173281
SPU_001739	SPU_011297	0.039284189030850181
SPU_021608	SPU_015466	0.039267971131029401
SPU_010424	SPU_013140_1	0.039244268046675947
SPU_008117	SPU_009831	0.039240525454409612
SPU_011635	SPU_021044	0.03923359472799047
SPU_012490	SPU_024189	0.039198941095894772
SPU_015712	SPU_014197	0.039181059821733401
SPU_015374	SPU_014576	0.039171495419274983
SPU_012648	SPU_007611	0.03911965358565983
SPU_016443	SPU_004599	0.039111475328485246
SPU_008112	SPU_028093	0.039100108937157853
SPU_002791	SPU_025848	0.039096504959419902
SPU_025888	SPU_015108	0.03909442574149416
SPU_024903	SPU_017511	0.039080841517712649
SPU_015358	SPU_007315	0.039061574098267438
SPU_009048	SPU_026099	0.038981732129918956
SPU_018056	SPU_018850	0.038960801336133159
SPU_017837	SPU_009831	0.038959137961792567
SPU_018483	SPU_008196_1	0.038954702296884317
SPU_018355	SPU_018850	0.038952345849901808
SPU_023037	SPU_007611	0.038942226989329871
SPU_022820	SPU_015605	0.038936682408194555
SPU_001739	SPU_015108	0.038932523972343071
SPU_009831	SPU_025848	0.038928781380076737
SPU_015243	SPU_008377_2	0.03891810806139126
SPU_003470	SPU_012384	0.038900088172701505
SPU_009831	SPU_019508	0.038876523702876434
SPU_012384	SPU_022916	0.038843256216064562
SPU_015640	SPU_026099	0.038837711634929252
SPU_012772	SPU_008936	0.038825097712846417
SPU_028093	SPU_022049	0.038811513489064906
SPU_011189	SPU_027912	0.038796265890942802
SPU_012203	SPU_006242	0.038774503409986699
SPU_014802	SPU_008595	0.038760641957148428
SPU_000485	SPU_015640	0.038753156772615753
SPU_002592	SPU_013202	0.03873194874977319
SPU_012203	SPU_022846	0.038718780369576829
SPU_020311	SPU_008112	0.038718225911463296
SPU_003704	SPU_016250	0.038715453620895637
SPU_002791	SPU_003490	0.038683710893895981
SPU_012490	SPU_014628	0.038676641552948463
SPU_006484	SPU_014197	0.038674285105965954
SPU_008703	SPU_018861	0.038646700814817782
SPU_006312	SPU_006991	0.038630760144053762
SPU_002129	SPU_026877	0.038604146154604266
SPU_002603	SPU_024307	0.038586126265914504
SPU_016523	SPU_018861	0.038565611315713851
SPU_007981	SPU_012948	0.038563393483259725
SPU_014418	SPU_016881	0.038556185527783823
SPU_019002	SPU_009053	0.038545789438155113
SPU_007644	SPU_000578	0.038545650823626737
SPU_009771	SPU_012491	0.038531512141731686
SPU_020311	SPU_015243	0.038529294309277567
SPU_020565	SPU_024877	0.038517789303421798
SPU_024877	SPU_020637	0.038507531828321472
SPU_012203	SPU_014802	0.03850545261039573
SPU_000129	SPU_014197	0.038495610978880546
SPU_012648	SPU_005035	0.038490620855858769
SPU_014802	SPU_008595_1	0.038477868319247557
SPU_022163	SPU_007315	0.038475234643208282
SPU_012648	SPU_004723	0.038469274218487823
SPU_014576	SPU_020680	0.038441551312811267
SPU_006803	SPU_022817	0.038437392876959783
SPU_024877	SPU_021726	0.038423947267706648
SPU_006753	SPU_006991	0.038408283825999395
SPU_023386	SPU_014576	0.03837972923315254
SPU_021210	SPU_013305	0.038375986640886213
SPU_024877	SPU_011576	0.0383036298570704
SPU_024877	SPU_006637	0.038291986236686247
SPU_028255	SPU_003179	0.038290184247817272
SPU_015772	SPU_001628	0.03828297629234137
SPU_018483	SPU_023014	0.038274243577053245
SPU_009831	SPU_027969	0.038269253454031468
SPU_000485	SPU_000749	0.038250263263643031
SPU_025346	SPU_021044	0.038214500715320274
SPU_006917	SPU_022049	0.038207154145315989
SPU_022820	SPU_020282	0.038206045229088922
SPU_025590	SPU_022633	0.038196896670215662
SPU_011635	SPU_004806	0.038186777809643718
SPU_004702	SPU_014588	0.038185114435303119
SPU_018355_1	SPU_021382	0.038166817317556598
SPU_019366	SPU_018954	0.038156005384342738
SPU_011189	SPU_021044	0.038146163752827561
SPU_014628	SPU_015456	0.03814172808791931
SPU_021172	SPU_023014	0.0381329953726312
SPU_009048	SPU_024307	0.038130361696591925
SPU_017492	SPU_011315	0.038121490366775423
SPU_000276	SPU_001628	0.038073945583540131
SPU_002677	SPU_011297	0.038058975214474794
SPU_028093	SPU_022163	0.038037351348047074
SPU_025010	SPU_014131	0.038036935504461931
SPU_000276	SPU_006004	0.03803319291219559
SPU_015358	SPU_025346	0.038029866163514406
SPU_012772	SPU_002677	0.037990776866510464
SPU_008703	SPU_003586	0.037986063972545447
SPU_020637	SPU_004599	0.037978440173484396
SPU_000861	SPU_013202	0.037975806497445121
SPU_003470	SPU_011687	0.037975806497445121
SPU_006803	SPU_030148	0.037956123234414767
SPU_021608	SPU_003102	0.03795030142422269
SPU_007644	SPU_021382	0.037946420217427973
SPU_006787	SPU_006637	0.037934083524401904
SPU_002874	SPU_021044	0.037933251837231612
SPU_014722	SPU_006420	0.037929786474022037
SPU_021192	SPU_026099	0.037921192373262309
SPU_007262	SPU_025346	0.037915925021183766
SPU_003179	SPU_009876	0.037912598272502575
SPU_020311	SPU_014643	0.037896380372681795
SPU_008117_1	SPU_012913	0.037883489221542194
SPU_006421	SPU_015466	0.037877944640406884
SPU_008112	SPU_007317	0.037865607947380815
SPU_026962	SPU_003179	0.037861726740586098
SPU_008936	SPU_016045	0.037859924751717115
SPU_018355	SPU_016250	0.037855073243223722
SPU_023386	SPU_026877	0.037852855410769597
SPU_002816	SPU_004599	0.037852300952656071
SPU_014576	SPU_013967	0.037843568237367953
SPU_023730	SPU_021726	0.037841211790385444
SPU_008528	SPU_019024	0.037838578114346169
SPU_027053	SPU_004806	0.037835528594721751
SPU_027472	SPU_012050	0.037824716661507898
SPU_025113	SPU_000440	0.037808914605272255
SPU_004723	SPU_003470	0.037772874827892731
SPU_020637	SPU_000276	0.037768716392041247
SPU_025590	SPU_015243	0.037765389643360063
SPU_004021	SPU_024307	0.037763726269019471
SPU_011189	SPU_010458	0.037736696435984825
SPU_028255	SPU_023014	0.03772851817881024
SPU_009048	SPU_020637	0.037725330044657439
SPU_015640	SPU_016881	0.037713963653330053
SPU_011297	SPU_005955	0.037708419072194743
SPU_004723	SPU_008845	0.037705230938041935
SPU_022049	SPU_026877	0.037671270378588154
SPU_026633	SPU_020565	0.037657686154806642
SPU_024093	SPU_018393	0.03764091379687233
SPU_028120	SPU_011297	0.037625388969693453
SPU_013689_1	SPU_002025	0.037619012701387844
SPU_011297	SPU_008936	0.037612220589497092
SPU_022820	SPU_007611	0.037602794801567065
SPU_014289	SPU_011297	0.037579784789855519
SPU_015243	SPU_009771	0.0375735471360783
SPU_015640	SPU_007599	0.03757313129249315
SPU_018392	SPU_004621	0.037556497549087214
SPU_027053	SPU_008845	0.037555250018331765
SPU_004148	SPU_006312	0.037553725258519556
SPU_016881	SPU_015456	0.037547487604742337
SPU_002320	SPU_012912	0.037524477593030792
SPU_006787	SPU_015640	0.037508814151323538
SPU_019366	SPU_016786	0.03750174481037602
SPU_000424	SPU_022817	0.037487467513952592
SPU_012772	SPU_026277	0.037477764496965799
SPU_005358	SPU_000310	0.03747055654148989
SPU_003470	SPU_011130	0.037467229792808705
SPU_010295	SPU_025346	0.037458497077520587
SPU_025590	SPU_022916	0.037448100987891877
SPU_009831	SPU_007262	0.037440199959774066
SPU_021608	SPU_005358	0.037423288987311364
SPU_001262_2	SPU_027774	0.037409843378058229
SPU_011635	SPU_027912	0.037396259154276718
SPU_000749	SPU_018954	0.037390021500499498
SPU_001113	SPU_026099	0.03738281354502359
SPU_000440	SPU_002662_1	0.037343585633491265
SPU_014576	SPU_013047	0.037339011354054631
SPU_009048	SPU_004599	0.037336516292543746
SPU_000739	SPU_015982	0.03733623906348698
SPU_010295	SPU_011130	0.037329169722539454
SPU_017379	SPU_006637	0.037328892493482688
SPU_023037	SPU_013902	0.037328615264425921
SPU_023177	SPU_001739	0.037326813275556946
SPU_013047	SPU_024307	0.037325288515744737
SPU_005718	SPU_016449	0.037316278571399852
SPU_017635	SPU_007315	0.037311704291963226
SPU_010424	SPU_026877	0.037257783240422324
SPU_002874	SPU_025346	0.037250991128531565
SPU_028120	SPU_022846	0.037250713899474798
SPU_001113	SPU_020637	0.037249466368719356
SPU_012648	SPU_022487	0.03724766437985038
SPU_006991	SPU_022816	0.03724724853626523
SPU_001657	SPU_015767	0.037243505943998896
SPU_014576	SPU_024139	0.037224377139082075
SPU_017837	SPU_008845	0.037186812601890343
SPU_020124	SPU_024189	0.037181268020755026
SPU_008117_1	SPU_003470	0.037178634344715758
SPU_021192	SPU_021726	0.03716075307055438
SPU_014401	SPU_015767	0.037156871863759662
SPU_002791	SPU_021044	0.037144119327148443
SPU_003102	SPU_011130	0.037131644019593991
SPU_004414	SPU_006242	0.037130950946952075
SPU_025590	SPU_006991	0.037120832086380139
SPU_012546	SPU_000440	0.037116119192415122
SPU_015243	SPU_006753	0.037111406298450104
SPU_000756	SPU_012491	0.037059148621249795
SPU_019290	SPU_001628	0.037054297112756401
SPU_015358	SPU_000440	0.037026296978023079
SPU_000485	SPU_015719	0.037002871122726391
SPU_017404	SPU_022242	0.036997049312534315
SPU_020637	SPU_015640	0.036996356239892399
SPU_023177	SPU_013047	0.03699524732366534
SPU_017635	SPU_000440	0.036982633401582504
SPU_022846	SPU_001657	0.036979029423844553
SPU_008936	SPU_014197	0.036944791635334005
SPU_022816	SPU_013140_1	0.036924138070604975
SPU_018744	SPU_007981	0.036923306383434676
SPU_006803	SPU_026962	0.036884910159072644
SPU_006676	SPU_014576	0.036883524013788818
SPU_017971	SPU_007624	0.036857880326038005
SPU_015640	SPU_016045	0.036834315856212926
SPU_003179	SPU_026731	0.036825444526396432
SPU_014628	SPU_026664	0.036808533553933737
SPU_011246	SPU_014197	0.036774850223536715
SPU_012203	SPU_024307	0.036763067988624179
SPU_019366	SPU_008595	0.036757384792960486
SPU_007981	SPU_011001	0.036727721283886572
SPU_003548	SPU_013140_1	0.036718295495956545
SPU_015640	SPU_022846	0.036717186579729486
SPU_025346	SPU_009646	0.036714275674633444
SPU_008936	SPU_015719	0.036703186512362818
SPU_007262	SPU_007011	0.036696255785943682
SPU_024903	SPU_005522	0.036691958735563815
SPU_011635	SPU_025346	0.036668948723852277
SPU_007262	SPU_003470	0.036665760589699468
SPU_000424	SPU_026962	0.036664928902529176
SPU_002874	SPU_011635	0.03663831491307968
SPU_006421	SPU_006312	0.036630413884961861
SPU_024877	SPU_009048	0.036619601951748001
SPU_017725	SPU_015243	0.036613502912499166
SPU_014332	SPU_014923	0.036610453392874741
SPU_015772	SPU_014418	0.036586611693992903
SPU_000276	SPU_016786	0.036583146330783328
SPU_027472	SPU_001628	0.036583146330783328
SPU_019290	SPU_005955	0.036577463135119635
SPU_022846	SPU_000749	0.036573443313796541
SPU_026633	SPU_003586	0.036550433302084996
SPU_000276	SPU_008595_1	0.036541423357740112
SPU_022163	SPU_026962	0.036514116295648706
SPU_010295	SPU_002320	0.03651273015036488
SPU_001998	SPU_006242	0.036489997367710102
SPU_016523	SPU_023730	0.036423739623143138
SPU_027774	SPU_008845	0.036403640516527634
SPU_011635	SPU_007203	0.036388531532933907
SPU_008196	SPU_008196_1	0.036368986884431936
SPU_028120	SPU_015362	0.036365798750279128
SPU_015640	SPU_021726	0.036355541275178802
SPU_016881	SPU_020330_1	0.036354986817065275
SPU_017635	SPU_008377_2	0.036345422414606865
SPU_014802	SPU_023813	0.03633766000101743
SPU_017404_1	SPU_011130	0.036319085654214135
SPU_015358	SPU_011130	0.036291085519480813
SPU_000276	SPU_023813	0.036252689295118788
SPU_002634	SPU_021726	0.036238966456808887
SPU_016881	SPU_019290	0.036220114880948832
SPU_022242	SPU_023177	0.036209441562263356
SPU_022820	SPU_023090	0.036206669271695704
SPU_019366	SPU_014802	0.036206530657167321
SPU_012546	SPU_003470	0.036196550411123754
SPU_021608	SPU_006312	0.036183382030927393
SPU_022846	SPU_015719	0.036176451304508257
SPU_014576	SPU_028120	0.036168134432805289
SPU_006753	SPU_022916	0.036163005695255122
SPU_006803	SPU_018908	0.036157738343176579
SPU_014332	SPU_025590	0.036137362007504309
SPU_016449	SPU_019332	0.036119619347871314
SPU_012490	SPU_008196_1	0.036110470788998046
SPU_012546	SPU_008563	0.036108946029185844
SPU_004723	SPU_009079_1	0.036059044798968043
SPU_025346	SPU_002025	0.036058213111797743
SPU_004702	SPU_019332	0.036056411122928768
SPU_016881	SPU_018393	0.036041163524806664
SPU_001998	SPU_013047	0.036032292194990163
SPU_017106	SPU_011297	0.036028549602723829
SPU_012203	SPU_013047	0.03600664850723935
SPU_028120	SPU_000975	0.036005123747427141
SPU_000276	SPU_008595	0.035997222719309323
SPU_026633	SPU_013140	0.035994727657798431
SPU_013689	SPU_016250	0.035983499880999421
SPU_013047	SPU_021726	0.035965479992309667
SPU_011174	SPU_013202	0.035959242338532441
SPU_025584	SPU_006462	0.03595480667362419
SPU_026099	SPU_016881	0.035954252215510664
SPU_019366	SPU_023813	0.035914469845864799
SPU_022573	SPU_013140	0.035904350985292856
SPU_015908	SPU_008936	0.035895618270004745
SPU_022820	SPU_000922	0.035893954895664153
SPU_000975	SPU_015362	0.035884390493205735
SPU_009831	SPU_010329_1	0.035878568683013659
SPU_017404_1	SPU_000440	0.035856390358472413
SPU_027472	SPU_007599	0.035841004145821927
SPU_017379	SPU_011271	0.035835459564686617
SPU_020722	SPU_011687	0.035834073419402791
SPU_012648	SPU_019652	0.035806766357311379
SPU_007644	SPU_011635	0.035796786111267818
SPU_012914	SPU_014923	0.035771142423517005
SPU_002874	SPU_019508	0.035767122602193904
SPU_014793	SPU_010722	0.035701419315740467
SPU_016449	SPU_004217	0.035627399157584061
SPU_003179	SPU_014576	0.03560355745870223
SPU_028827	SPU_009771	0.035600369324549422
SPU_006676	SPU_003586	0.035594824743414105
SPU_002129	SPU_013140_1	0.035586507871711137
SPU_009048	SPU_022846	0.035572646418872866
SPU_002603	SPU_022049	0.035564052318113132
SPU_026465	SPU_018373	0.035536883870550109
SPU_024903	SPU_023014	0.035533557121868918
SPU_013015	SPU_022049	0.035516091691292689
SPU_012384	SPU_015466	0.03550458668543692
SPU_012203	SPU_024946	0.035501537165812495
SPU_027053	SPU_007203	0.035496131199205569
SPU_013305	SPU_007862	0.035492804450524384
SPU_007599	SPU_004599	0.035489754930899967
SPU_012253	SPU_025590	0.035443319063891733
SPU_022163	SPU_014793	0.035409912962551485
SPU_018355	SPU_018373	0.035397576269525416
SPU_005358	SPU_011711	0.035389675241407591
SPU_025888	SPU_011271	0.03538094252611948
SPU_003166	SPU_020565	0.035372764268944895
SPU_004021	SPU_020637	0.035363892939128394
SPU_020311	SPU_015466	0.035343377988927747
SPU_006803	SPU_018797	0.03533866509496273
SPU_027969	SPU_000669	0.035311773876456468
SPU_005718	SPU_015362	0.035299714412487172
SPU_013689	SPU_027774	0.035286268803234037
SPU_028255	SPU_017348	0.035285021272478595
SPU_012648	SPU_019384	0.035265615238505008
SPU_018581	SPU_026664	0.035259654813784548
SPU_001262_1	SPU_018850	0.035247872578872012
SPU_023730	SPU_024877	0.035225555639802383
SPU_015640	SPU_006637	0.035218902142440014
SPU_013015	SPU_026731	0.035188961404309327
SPU_012772	SPU_024307	0.035160822655047622
SPU_015908	SPU_003586	0.035158882051650263
SPU_025010	SPU_012491	0.035141139392017275
SPU_008112	SPU_028827	0.035133931436541366
SPU_021192	SPU_012050	0.035127139324650607
SPU_007611	SPU_007317	0.035118822452947639
SPU_021557	SPU_015243	0.035115634318794837
SPU_018391	SPU_025856	0.035101495636899793
SPU_011189	SPU_004806	0.035099555033502434
SPU_006753	SPU_022163	0.035095119368594191
SPU_006991	SPU_017511	0.035084307435380331
SPU_003166	SPU_023014	0.035077931167074722
SPU_021172	SPU_030148	0.03507557472009222
SPU_000861	SPU_006991	0.035062129110839085
SPU_024877	SPU_022846	0.035050901334040083
SPU_014793	SPU_007108	0.035016802160057918
SPU_014802	SPU_001628	0.034973138583617343
SPU_006991	SPU_004287	0.034961356348704807
SPU_004287_1	SPU_007624	0.034918108615849375
SPU_026465	SPU_024901	0.034910484816788323
SPU_025346	SPU_010458	0.034906326380936846
SPU_017635	SPU_015243	0.034879019318845433
SPU_008936	SPU_009048	0.034873890581295267
SPU_007981	SPU_003490	0.034869039072801873
SPU_003704	SPU_021382	0.034867375698461281
SPU_023730	SPU_016045	0.034855039005435212
SPU_017837	SPU_010329	0.03485254394392432
SPU_006917	SPU_026877	0.034838821105614426
SPU_001262_2	SPU_022242	0.034837712189387367
SPU_000975	SPU_012008	0.034830642848439841
SPU_003102	SPU_011687	0.034819692300697605
SPU_019290	SPU_015640	0.034809573440125662
SPU_003470	SPU_009646	0.034803890244461969
SPU_018056	SPU_021382	0.034799593194082101
SPU_006753	SPU_022573	0.034790999093322367
SPU_011189	SPU_011635	0.034790860478793983
SPU_004021	SPU_007599	0.034781850534449106
SPU_007147	SPU_016786	0.034748028589523708
SPU_027053	SPU_027912_1	0.034737909728951764
SPU_018355	SPU_021382	0.03473486020932734
SPU_002816	SPU_019656	0.034728068097436587
SPU_002791	SPU_011635	0.034720444298375536
SPU_026205	SPU_014576	0.034710602666860359
SPU_006803	SPU_028093	0.034697711515720757
SPU_011297	SPU_009048	0.034691058018358388
SPU_012253	SPU_002592	0.034674978733065978
SPU_012384	SPU_010722	0.034657929146074899
SPU_024139	SPU_022846	0.034655849928149157
SPU_002320	SPU_003084	0.034654047939280182
SPU_000739	SPU_028827	0.034638245883044545
SPU_020565	SPU_018861	0.034607473457743565
SPU_018391	SPU_007611	0.034597354597171621
SPU_017106	SPU_011271	0.03457379012734655
SPU_003166	SPU_004746	0.034558403914696063
SPU_005572	SPU_002320	0.034554384093372963
SPU_019366	SPU_008595_1	0.034552166260918837
SPU_005572	SPU_009053	0.034549393970351186
SPU_007253	SPU_021726	0.03453830480808056
SPU_014197	SPU_015108	0.034529156249207299
SPU_025113	SPU_007317	0.0345274928748667
SPU_012772	SPU_012203	0.034513908651085189
SPU_027472	SPU_015719	0.034498938282019852
SPU_006753	SPU_004287	0.034478839175404348
SPU_000756	SPU_024189	0.034477868873705665
SPU_025590	SPU_002320	0.034441967710854525
SPU_027472	SPU_022846	0.034427135956317571
SPU_017725	SPU_022633	0.03442422505122153
SPU_014802	SPU_014418	0.034422700291409321
SPU_013689_1	SPU_025849	0.03441313588895091
SPU_026633	SPU_023014	0.034406482391588535
SPU_005572	SPU_015243	0.034406482391588535
SPU_025113	SPU_015605	0.034400383352339692
SPU_028255	SPU_013202	0.03439317539686379
SPU_003166	SPU_030148	0.034357967306654559
SPU_027598	SPU_004702	0.034345353384571731
SPU_005718	SPU_011271	0.03432580873606976
SPU_013569	SPU_008845	0.034312224512288242
SPU_002816	SPU_015719	0.034310699752476033
SPU_019002	SPU_016272	0.034309868065305733
SPU_023037	SPU_004723	0.034278541181891227
SPU_026962	SPU_002592	0.034276046120380335
SPU_014802	SPU_015640	0.034270917382830175
SPU_008117	SPU_010329_1	0.034269808466603116
SPU_014418	SPU_022846	0.034261075751314998
SPU_003704	SPU_018373	0.034260798522258232
SPU_011297	SPU_007599	0.034221847839782674
SPU_006583	SPU_025010	0.034220877538083991
SPU_006803	SPU_022816	0.034212006208267497
SPU_018391	SPU_002791	0.034209926990341755
SPU_002874	SPU_015071_1	0.034208540845057922
SPU_018581	SPU_008196	0.034200501202411727
SPU_012648	SPU_013902	0.034198006140900836
SPU_019290	SPU_014418	0.034182204084665199
SPU_007981	SPU_008845	0.034179847637682691
SPU_026465	SPU_024901_1	0.034173748598433848
SPU_011174	SPU_008752	0.034172362453150022
SPU_017492	SPU_027935_1	0.034146580150870826
SPU_007981	SPU_010329_1	0.034136738519355642
SPU_003470	SPU_009053	0.034132718698032541
SPU_001998	SPU_003586	0.034088362048950056
SPU_007611	SPU_025346	0.034083649154985039
SPU_012253	SPU_015466	0.034049272751946108
SPU_014170	SPU_004599	0.034048302450247432
SPU_008112	SPU_012913	0.034036797444391663
SPU_010424	SPU_008196	0.034034163768352388
SPU_018056	SPU_018373	0.034030143947029287
SPU_002791	SPU_010329_1	0.03402556966759266
SPU_006991	SPU_010305	0.034006856706260982
SPU_015984	SPU_022163	0.034004638873806857
SPU_008117_1	SPU_010329	0.033991193264553722
SPU_010295	SPU_010458	0.033971232772466609
SPU_027053	SPU_025848	0.03396846048189895
SPU_020123	SPU_027708	0.033958618850383773
SPU_012469	SPU_005358	0.033955985174344498
SPU_014802	SPU_016786	0.033937272213012827
SPU_004217	SPU_027969	0.033922856302061016
SPU_009831	SPU_024901	0.033914816659414815
SPU_008936	SPU_014418	0.033912321597903923
SPU_022163	SPU_011130	0.033911074067148481
SPU_028583	SPU_009876	0.033886400681096343
SPU_023366	SPU_010635	0.033880994714489417
SPU_000424	SPU_008196_1	0.033872955071843215
SPU_008845	SPU_012648	0.033866301574480839
SPU_012546	SPU_010722	0.033866162959952456
SPU_002874	SPU_007262	0.033863945127498331
SPU_017407	SPU_015071	0.033863806512969948
SPU_018581	SPU_002554	0.033859509462590087
SPU_006786	SPU_015640	0.033841073730315176
SPU_013689	SPU_021382	0.033837331138048841
SPU_019002	SPU_010403	0.033835529149179866
SPU_015243	SPU_022049	0.033812796366525087
SPU_018392	SPU_012648	0.033812657751996704
SPU_002320	SPU_022633	0.033810301305014202
SPU_000948	SPU_016045	0.033807529014446544
SPU_015640	SPU_013570	0.033788400209529723
SPU_012469	SPU_002592	0.033766360499516854
SPU_015908	SPU_015767	0.033753469348377259
SPU_000861	SPU_015466	0.033743627716862082
SPU_008936	SPU_008595_1	0.033713271135146251
SPU_012645	SPU_024307	0.033706894866840642
SPU_010295	SPU_012913	0.033687488832867055
SPU_014418	SPU_026099	0.033686795760225138
SPU_006786	SPU_024307	0.033672102620216561
SPU_004148	SPU_008112	0.033664894664740659
SPU_002592	SPU_030148	0.033652280742657831
SPU_000739	SPU_026877	0.033647290619636047
SPU_006583	SPU_018861	0.033615409278108008
SPU_012648_1	SPU_010924	0.033613191445653889
SPU_022678	SPU_019332	0.033604597344894155
SPU_021557	SPU_004287	0.033599745836400755
SPU_006787	SPU_000276	0.03358131010412585
SPU_004148	SPU_011756	0.033556636718073712
SPU_011635	SPU_026465	0.033546517857501769
SPU_014332	SPU_011687	0.033538200985798801
SPU_000975	SPU_022846	0.033537369298628508
SPU_011635	SPU_025848	0.033531131644851282
SPU_011297	SPU_022846	0.033525725678244349
SPU_003102	SPU_003084	0.033520319711637422
SPU_008117	SPU_021044	0.03351934940993874
SPU_021557	SPU_014793	0.033469586794249329
SPU_018391	SPU_010625	0.033460854078961211
SPU_012490	SPU_022816	0.033454893654240751
SPU_020565	SPU_011297	0.033441448044987616
SPU_012384	SPU_008563	0.033431467798944063
SPU_018391	SPU_000540	0.033423705385354628
SPU_025590	SPU_015466	0.033421210323843736
SPU_021210	SPU_026731	0.033418299418747695
SPU_009048	SPU_001628	0.033396536937791599
SPU_027053	SPU_012948	0.033393210189110407
SPU_027053	SPU_027912	0.03337463584230712
SPU_025632	SPU_000276	0.033369507104756953
SPU_011189	SPU_010329_1	0.033367705115887977
SPU_006787	SPU_001657	0.03332722967360021
SPU_014793	SPU_002025	0.03330643749434279
SPU_026763	SPU_004287_1	0.033295486946600554
SPU_012914	SPU_008112	0.033288556220181412
SPU_017725	SPU_006312	0.033280655192063593
SPU_009048	SPU_013047	0.033275526454513434
SPU_005572	SPU_026962	0.03326499175035634
SPU_019002	SPU_011756	0.033254041202614104
SPU_004287_1	SPU_001262_1	0.033251961984688362
SPU_019366	SPU_015767	0.033232001492601242
SPU_023090	SPU_021382	0.033226318296937549
SPU_003166	SPU_026664	0.033220080643160323
SPU_017106	SPU_015362	0.033214674676553389
SPU_018391	SPU_000922	0.03320275382711247
SPU_022163	SPU_000440	0.033202476598055704
SPU_004148	SPU_025590	0.033191941893898617
SPU_025113	SPU_021044	0.033150773378968934
SPU_014461	SPU_000276	0.033148001088401276
SPU_020722	SPU_000922	0.033141486205567283
SPU_027472	SPU_014418	0.033124991076689737
SPU_018744	SPU_019332	0.033102258294034959
SPU_012008	SPU_011576	0.033075367075528696
SPU_001113	SPU_012008	0.03304889170060759
SPU_002129	SPU_011711	0.033041129287018155
SPU_024877	SPU_026099	0.033039050069092413
SPU_014418	SPU_015719	0.033016317286437634
SPU_021172	SPU_004746	0.033008416258319816
SPU_027235	SPU_013305	0.03300217860454259
SPU_009642	SPU_009646	0.032981386425285177
SPU_002592	SPU_006753	0.032981386425285177
SPU_014793	SPU_026664	0.032977921062075602
SPU_005358	SPU_000440	0.032956435810176272
SPU_023730	SPU_028120	0.032940217910355486
SPU_012253	SPU_009053	0.032937307005259452
SPU_023037	SPU_004806	0.032923861396006317
SPU_008703	SPU_006242	0.032923445552421167
SPU_007644	SPU_024901	0.032917762356757474
SPU_012384	SPU_009053	0.032909584099582896
SPU_015243	SPU_028827	0.032900296926181245
SPU_018581	SPU_027918	0.032884494869945609
SPU_012384	SPU_025590	0.032863148232574663
SPU_000739	SPU_023014	0.032846791718225493
SPU_023037	SPU_025848	0.032846237260111967
SPU_026099	SPU_006637	0.03283597978501164
SPU_016523	SPU_004340	0.032831682734631773
SPU_006808	SPU_015605	0.032830851047461473
SPU_014793	SPU_009646	0.032826553997081606
SPU_014401	SPU_023813	0.032817959896321872
SPU_023090	SPU_018373	0.032817682667265112
SPU_000749	SPU_018393	0.032808256879335085
SPU_002634	SPU_012491	0.03278399933686809
SPU_013119	SPU_006787	0.032773187403654237
SPU_012648	SPU_023090	0.032769444811387903
SPU_028120	SPU_009048	0.032759741794401109
SPU_007262	SPU_010329	0.0327525338389252
SPU_008528	SPU_007611	0.032752117995340058
SPU_006421	SPU_025590	0.032745325883449299
SPU_024918	SPU_012948	0.032730494128912345
SPU_021557	SPU_006991	0.032716078217960534
SPU_020565	SPU_009048	0.032704573212104765
SPU_014793	SPU_011720	0.03270235537965064
SPU_003166	SPU_013202	0.03270152369248034
SPU_023037	SPU_027912	0.032682810731148662
SPU_026905	SPU_023065	0.032680454284166154
SPU_027472	SPU_009048	0.032678790909825561
SPU_005435	SPU_023065	0.032661186864720949
SPU_015243	SPU_002592	0.032644968964900163
SPU_027774	SPU_003490	0.032643721434144721
SPU_004723	SPU_010924	0.032610453947332856
SPU_015374	SPU_012491	0.032609067802049023
SPU_003595_1	SPU_014588	0.032578849834861576
SPU_001657	SPU_009474	0.032576909231464217
SPU_004723	SPU_027912	0.032536711018233216
SPU_012490	SPU_023014	0.032534354571250708
SPU_015243	SPU_023014	0.03252132480558273
SPU_016443	SPU_015719	0.032521047576525963
SPU_022573	SPU_008196_1	0.032503859375006494
SPU_012203	SPU_028120	0.032502473229722668
SPU_022163	SPU_006991	0.032497483106700892
SPU_025113	SPU_002631	0.032481681050465248
SPU_000861	SPU_022916	0.03247502755310288
SPU_000424	SPU_008196	0.032471978033478462
SPU_007147	SPU_015767	0.032467958212155361
SPU_025346	SPU_006753	0.032467126524985054
SPU_014793	SPU_026510	0.032458393809696943
SPU_005022	SPU_019033	0.032446195731199258
SPU_000276	SPU_015767	0.032443562055159983
SPU_023386	SPU_001739	0.032442175909876157
SPU_009831	SPU_000578	0.032430532289492005
SPU_026465	SPU_026390	0.032423462948544486
SPU_006312	SPU_015466	0.032413898546086069
SPU_008703	SPU_009474	0.03241195794268871
SPU_004723	SPU_011687	0.032403502456457366
SPU_008528	SPU_000540	0.032393660824942182
SPU_019290	SPU_016786	0.032382433048143179
SPU_000757	SPU_015362	0.032378135997763312
SPU_018581	SPU_006917	0.032367878522662985
SPU_025113	SPU_010458	0.032367185450021076
SPU_018392	SPU_011189	0.032356373516807216
SPU_019290	SPU_008595_1	0.032354155684353098
SPU_008196	SPU_026877	0.032349997248501614
SPU_007262	SPU_027912	0.032346947728877189
SPU_013689	SPU_018850	0.03234417543830953
SPU_017725	SPU_011711	0.032339185315287754
SPU_024877	SPU_007599	0.032337244711890395
SPU_020123	SPU_000669	0.032321858499239901
SPU_002129	SPU_022573	0.032316175303576215
SPU_012648	SPU_008845	0.032271541425436957
SPU_013119	SPU_014461	0.032268214676755766
SPU_020124	SPU_023014	0.032252967078633663
SPU_026418	SPU_008752	0.032249640329952478
SPU_017837	SPU_007011	0.03224617496674291
SPU_006991	SPU_022817	0.03224132345824951
SPU_017106	SPU_022846	0.032237303636926409
SPU_014793	SPU_002554	0.032232313513904626
SPU_000485	SPU_012050	0.03222538278748549
SPU_018355	SPU_006420	0.032204313379171311
SPU_020123	SPU_020282	0.032200848015961736
SPU_010635	SPU_028120	0.032181996440101682
SPU_005358	SPU_006917	0.032172986495756797
SPU_012648	SPU_011001	0.032167857758206637
SPU_004217	SPU_019332	0.032167719143678254
SPU_008528	SPU_018680	0.032159679501032053
SPU_007644	SPU_009646	0.032120728818556488
SPU_014289	SPU_002677	0.032113243634023819
SPU_001113	SPU_007599	0.032075956325888853
SPU_008528	SPU_002791	0.032074847409661794
SPU_017837	SPU_011001	0.032074708795133411
SPU_004723	SPU_012648_1	0.032073045420792819
SPU_002874	SPU_010329_1	0.032071797890037369
SPU_006803	SPU_014628	0.032070966202867077
SPU_006808	SPU_015071_1	0.032060570113238367
SPU_006676	SPU_003179	0.032060570113238367
SPU_016523	SPU_009048	0.032031045218692836
SPU_020722	SPU_004723	0.032028966000767094
SPU_005358	SPU_006312	0.032028550157181944
SPU_015640	SPU_004599	0.031997500502824197
SPU_015456	SPU_004702	0.031997084659239054
SPU_012648	SPU_010329	0.031985718267911661
SPU_004414	SPU_013967	0.031970470669789558
SPU_012772	SPU_023730	0.031959104278462172
SPU_002631	SPU_010722	0.031933044747126202
SPU_015243	SPU_030148	0.031913777327680998
SPU_022678	SPU_016250	0.031860549348782012
SPU_000276	SPU_018954	0.031857499829157594
SPU_006312	SPU_000440	0.031824925414987638
SPU_002592	SPU_022049	0.031820628364607771
SPU_025632	SPU_000749	0.031818826375738796
SPU_007599	SPU_006637	0.031805380766485668
SPU_008117_1	SPU_009831	0.03179664805119755
SPU_026465	SPU_021382	0.031796093593084024
SPU_007599	SPU_022846	0.0317600538157045
SPU_006312	SPU_002592	0.031748687424377108
SPU_016881	SPU_014401	0.031739123021918697
SPU_023037	SPU_007203	0.031737875491163255
SPU_008936	SPU_018861	0.031727895245119687
SPU_015828	SPU_010426	0.031727202172477778
SPU_018581	SPU_006462	0.031716113010207159
SPU_013689_1	SPU_022242	0.031714865479451709
SPU_015772	SPU_022846	0.031700172339443132
SPU_011174	SPU_024189	0.031667736539801566
SPU_025346	SPU_026510	0.031657894908286389
SPU_019290	SPU_023813	0.03165110279639563
SPU_014197	SPU_024610	0.031640013634125011
SPU_001262_2	SPU_019332	0.031624211577889375
SPU_006462	SPU_022916	0.031603142169575188
SPU_000757	SPU_013047	0.03159482529787222
SPU_019290	SPU_027362	0.031586785655226025
SPU_018744	SPU_012949	0.031549775576147819
SPU_020565	SPU_013047	0.031547141900108551
SPU_007262	SPU_011635	0.031546448827466635
SPU_015358	SPU_002631	0.031529399240475549
SPU_014802	SPU_012203	0.031518864536318456
SPU_003470	SPU_017725	0.031514428871410212
SPU_006421	SPU_008112	0.031504032781781502
SPU_006312	SPU_022916	0.031500012960458401
SPU_009642	SPU_021382	0.031486705965733656
SPU_013015	SPU_004746	0.031482547529882172
SPU_004723	SPU_011001	0.031482270300825406
SPU_000975	SPU_004599	0.031479498010257755
SPU_000440	SPU_000861	0.031474507887235971
SPU_018581	SPU_027774	0.031474230658179204
SPU_004723	SPU_002707	0.031451497875524433
SPU_014793	SPU_013611	0.031426270031358762
SPU_003166	SPU_008196_1	0.031388982723223796
SPU_001113	SPU_006787	0.031388982723223796
SPU_002816	SPU_001657	0.031372071750761094
SPU_026099	SPU_022846	0.031365972711512251
SPU_008703	SPU_001739	0.031356131079997074
SPU_018355	SPU_019332	0.031356131079997074
SPU_026633	SPU_026731	0.031355853850940307
SPU_012490	SPU_030148	0.031350032040748238
SPU_017837	SPU_003470	0.031347952822822496
SPU_028827	SPU_006991	0.031335338900739661
SPU_013119	SPU_004599	0.031333675526399069
SPU_002634	SPU_009876	0.03133173492300171
SPU_013047	SPU_026099	0.031328408174320518
SPU_006803	SPU_004746	0.031326190341866393
SPU_006803	SPU_017511	0.031323002207713592
SPU_003470	SPU_002025	0.03132092298978785
SPU_016881	SPU_004924	0.03130969521298884
SPU_027472	SPU_026099	0.031309417983932081
SPU_015772	SPU_018861	0.031303180330154855
SPU_021210	SPU_020646	0.031302348642984555
SPU_024903	SPU_004287	0.031293061469582911
SPU_008528	SPU_025856	0.031290289179015253
SPU_016443	SPU_022846	0.031261457357111638
SPU_018056	SPU_006420	0.031261041513526489
SPU_020637	SPU_015719	0.031226803725015941
SPU_023090	SPU_006420	0.031214605646518255
SPU_011576	SPU_001657	0.031209061065382949
SPU_023177	SPU_024139	0.031205318473116611
SPU_009771	SPU_001739	0.031202546182548956
SPU_002791	SPU_019508	0.031195199612544668
SPU_017725	SPU_006991	0.031185912439143024
SPU_005572	SPU_000440	0.031180645087064474
SPU_007644	SPU_026390	0.031170526226492537
SPU_015772	SPU_008595_1	0.03116622917611267
SPU_003470	SPU_010458	0.031161793511204416
SPU_018126	SPU_011297	0.031156387544597489
SPU_018581	SPU_010305	0.031155278628370427
SPU_011189	SPU_015605	0.031150288505348647
SPU_006312	SPU_012469	0.031148486516479671
SPU_025590	SPU_000440	0.031127139879108721
SPU_023386	SPU_003586	0.031117714091178698
SPU_015982	SPU_006637	0.031117436862121928
SPU_018355_1	SPU_027774	0.031105100169095862
SPU_014461	SPU_012008	0.031099694202488933
SPU_019290	SPU_023894	0.031097199140978044
SPU_000276	SPU_005955	0.031030109709240777
SPU_009048	SPU_014418	0.03101527795470382
SPU_020311	SPU_006312	0.031007931384699535
SPU_008528	SPU_010625	0.03099573330620185
SPU_023037	SPU_027912_1	0.030992961015634195
SPU_012772	SPU_023065	0.030987693663555645
SPU_006753	SPU_017725	0.030977158959398555
SPU_015719	SPU_000749	0.030964683651844103
SPU_014722	SPU_010698_1	0.030951931115232888
SPU_014332	SPU_011756	0.030945139003342132
SPU_017635	SPU_011130	0.030944030087115069
SPU_012203	SPU_018861	0.030922822064272503
SPU_022820	SPU_010458	0.030897039761993306
SPU_007599	SPU_026099	0.030894544700482418
SPU_006991	SPU_005522	0.030891911024443146
SPU_024189	SPU_024953	0.030888722890290342
SPU_028583	SPU_023757	0.030885396141609157
SPU_012203	SPU_016045	0.030884564454438858
SPU_016443	SPU_001657	0.030873336677639852
SPU_004021	SPU_026099	0.030870148543487047
SPU_028583	SPU_023140	0.030861277213670549
SPU_019290	SPU_012203	0.030856702934233919
SPU_004599	SPU_016881	0.030835633525919736
SPU_007262	SPU_000578	0.030818999782513803
SPU_018581	SPU_001262_1	0.030818029480815124
SPU_002320	SPU_008112	0.030795573927217112
SPU_003470	SPU_021382	0.030794880854575199
SPU_017348	SPU_013140	0.030778247111169266
SPU_024139	SPU_016449	0.030774643133431312
SPU_021172	SPU_022049	0.030716840875095696
SPU_017837	SPU_021044	0.030713236897357742
SPU_014418	SPU_024877	0.030711573523017146
SPU_008196_1	SPU_026877	0.030710325992261703
SPU_026962	SPU_006991	0.030709910148676557
SPU_025346	SPU_028093	0.030695771466781513
SPU_020311	SPU_011756	0.030690781343759733
SPU_018581	SPU_018483	0.030677197119978218
SPU_026205	SPU_017348	0.030673454527711884
SPU_020565	SPU_016045	0.030659315845816843
SPU_012203	SPU_008595_1	0.030653078192039617
SPU_000485	SPU_001628	0.030647117767319158
SPU_024918	SPU_000669	0.030637691979389124
SPU_006991	SPU_015071	0.030618147330887153
SPU_014722	SPU_008117	0.03061745425824524
SPU_011297	SPU_001657	0.03061274136428023
SPU_014418	SPU_007599	0.03061274136428023
SPU_007262	SPU_019508	0.030609553230127422
SPU_012648	SPU_009831	0.030608860157485509
SPU_009048	SPU_015719	0.030605810637861084
SPU_002791	SPU_007262	0.030583355084263079
SPU_002129	SPU_026962	0.030575869899730407
SPU_004217	SPU_018391	0.03056561242463008
SPU_008196	SPU_013140	0.030559374770852854
SPU_026205	SPU_026731	0.030527354814796431
SPU_000739	SPU_006991	0.030520839931962442
SPU_015640	SPU_015362	0.030516265652525812
SPU_002592	SPU_023014	0.030483275394770706
SPU_027472	SPU_020637	0.030478562500805693
SPU_020565	SPU_014802	0.03047329514872715
SPU_017725	SPU_011130	0.030471354545329791
SPU_008752	SPU_020282	0.030432265248325846
SPU_028583	SPU_028120	0.030428661270587895
SPU_001262_2	SPU_005435	0.030427552354360832
SPU_000276	SPU_023894	0.030421176086055223
SPU_008196_1	SPU_010305	0.030413690901522551
SPU_018581	SPU_004287	0.03039996806321266
SPU_011246	SPU_003586	0.030398997761513977
SPU_018355	SPU_024901_1	0.03039553239830441
SPU_017725	SPU_025590	0.030391928420566455
SPU_014802	SPU_009474	0.030382086789051278
SPU_002320	SPU_007315	0.030380700643767453
SPU_021192	SPU_022846	0.030367948107156238
SPU_014332	SPU_010458	0.030362680755077691
SPU_005572	SPU_013086	0.030352700509034134
SPU_000485	SPU_019656	0.030352007436392214
SPU_014401	SPU_023894	0.03031236368127474
SPU_021608	SPU_025590	0.030305987412969131
SPU_013689	SPU_023366	0.030303492351458242
SPU_014576	SPU_006242	0.0303022448207028
SPU_005358	SPU_021557	0.030294482407113361
SPU_006312	SPU_025590	0.030279096194462875
SPU_008117	SPU_011001	0.030268284261249018
SPU_009831	SPU_016250	0.030257056484450012
SPU_019290	SPU_022846	0.030254006964825591
SPU_028148	SPU_016045	0.030242363344441435
SPU_006803	SPU_004287	0.030238343523118334
SPU_004287_1	SPU_010351	0.030220323634428576
SPU_014170	SPU_015719	0.030204521578192936
SPU_004723	SPU_010329_1	0.03019828392441571
SPU_013047	SPU_015108	0.030188165063843773
SPU_015908	SPU_013047	0.030183036326293607
SPU_028827	SPU_023014	0.030175689756289321
SPU_004287_1	SPU_024953	0.030174719454590639
SPU_023386	SPU_024189	0.030174442225533876
SPU_022846	SPU_001628	0.030171254091381074
SPU_012490	SPU_004746	0.030133966783246105
SPU_023090	SPU_026390	0.030132580637962272
SPU_017106	SPU_014461	0.030123986537202541
SPU_017725	SPU_014643	0.030121075632106507
SPU_016443	SPU_001628	0.030108877553608821
SPU_000485	SPU_005955	0.030106936950211459
SPU_008117_1	SPU_011130	0.030104719117757337
SPU_000485	SPU_022846	0.030101669598132916
SPU_023090	SPU_022955	0.030090857664919059
SPU_028827	SPU_007317	0.030083926938499917
SPU_023177	SPU_006242	0.030080045731705203
SPU_019366	SPU_009474	0.030076580368495632
SPU_015772	SPU_012050	0.030061055541316762
SPU_024307	SPU_008752	0.030004639428264972
SPU_008196	SPU_010305	0.030004500813736588
SPU_008112	SPU_006991	0.02999216412071052
SPU_006462	SPU_008196	0.029991886891653757
SPU_016523	SPU_027145	0.029990084902784778
SPU_014401	SPU_019366	0.029983985863535935
SPU_014802	SPU_019366	0.029979272969570921
SPU_003378	SPU_011315	0.029970540254282807
SPU_024093	SPU_007147	0.029965965974846177
SPU_010403	SPU_000437	0.029956817415972909
SPU_007262	SPU_015071_1	0.029946698555400966
SPU_003704	SPU_026390	0.029938797527283151
SPU_001998	SPU_023757	0.029922995471047511
SPU_023177	SPU_012491	0.029918421191610881
SPU_007644	SPU_019332	0.029909965705379529
SPU_028827	SPU_012913	0.029905530040471282
SPU_010305	SPU_008196_1	0.029894718107257426
SPU_014289	SPU_015108	0.029892777503860067
SPU_024139	SPU_009048	0.029881688341589444
SPU_020311	SPU_012912	0.029870737793847201
SPU_028479	SPU_025010	0.029866579357995724
SPU_004287	SPU_018908	0.029861312005917174
SPU_027214	SPU_004746	0.02984204458647197
SPU_014401	SPU_015456	0.029834420787410915
SPU_009048	SPU_011297	0.029827905904576926
SPU_013015	SPU_023140	0.029818895960232045
SPU_004702	SPU_007981	0.029817232585891449
SPU_000975	SPU_013119	0.029782578953795758
SPU_027214	SPU_019089	0.02978022250681325
SPU_028120	SPU_024877	0.029775648227376616
SPU_012253	SPU_017837	0.029773846238507644
SPU_008752	SPU_015605	0.029770103646241306
SPU_000440	SPU_002631	0.029762479847180251
SPU_009876	SPU_001739	0.029750974841324482
SPU_014418	SPU_012008	0.029750558997739335
SPU_001739	SPU_004702	0.029748202550756823
SPU_018056	SPU_026390	0.029735588628673995
SPU_007262	SPU_002707	0.029732816338106337
SPU_013119	SPU_006786	0.029728796516783236
SPU_025590	SPU_006312	0.029719093499796446
SPU_006753	SPU_011130	0.029706618192241994
SPU_014802	SPU_022846	0.029703430058089186
SPU_012772	SPU_023757	0.029693033968460479
SPU_006484	SPU_004024	0.029682637878831769
SPU_006991	SPU_008196	0.029679865588264114
SPU_018954	SPU_027969	0.029676677454111313
SPU_010424	SPU_022049	0.029656578347495809
SPU_004217	SPU_016250	0.029648400090321225
SPU_000424	SPU_014628	0.02963980598956149
SPU_012772	SPU_003586	0.02963966737503311
SPU_022049	SPU_014131	0.029639390145976344
SPU_015829	SPU_010426	0.029637310928050602
SPU_003166	SPU_004287_1	0.029635924782766773
SPU_013015	SPU_017348	0.029622756402570411
SPU_002874	SPU_015605	0.029605152357465799
SPU_004414	SPU_019089	0.02959794440198989
SPU_014289	SPU_009048	0.029592399820854584
SPU_023177	SPU_000310	0.0295882413850031
SPU_019366	SPU_027362	0.029582280960282641
SPU_027235	SPU_008196	0.029574241317636436
SPU_025113	SPU_025346	0.029560657093854928
SPU_024139	SPU_013119	0.029548320400828859
SPU_012491	SPU_002677	0.029536260936859553
SPU_017407	SPU_013967	0.029534597562518961
SPU_013015	SPU_002677	0.029527112377986293
SPU_014836	SPU_013086	0.02952558761817408
SPU_006786	SPU_006637	0.029517547975527879
SPU_026099	SPU_004599	0.029498280556082675
SPU_011576	SPU_004599	0.029497587483440762
SPU_018355_1	SPU_001937	0.029491349829663536
SPU_010351	SPU_012491	0.029487468622868818
SPU_023894	SPU_004599	0.02947970620927938
SPU_014289	SPU_001739	0.029472498253803478
SPU_026763	SPU_023014	0.029470557650406119
SPU_008196_1	SPU_013140	0.029435349560196888
SPU_000948	SPU_015908	0.029430636666231875
SPU_004723	SPU_025346	0.029426062386795244
SPU_022816	SPU_005358	0.029420933649245085
SPU_022163	SPU_002320	0.029413309850184029
SPU_002677	SPU_014802	0.029393626587153675
SPU_022820	SPU_013902	0.029358002653359302
SPU_004287_1	SPU_022242	0.029339428306556007
SPU_000276	SPU_014802	0.029338596619385714
SPU_008117_1	SPU_021044	0.029336101557874819
SPU_023037	SPU_019508	0.029334299569005847
SPU_000739	SPU_022049	0.029306299434272522
SPU_015908	SPU_024307	0.029304636059931933
SPU_017470	SPU_010424	0.029297428104456024
SPU_000276	SPU_024946	0.029285368640486722
SPU_022163	SPU_006312	0.02928273496444745
SPU_012913	SPU_002662_1	0.029260002181792671
SPU_003704	SPU_006420	0.029256259589526341
SPU_004723	SPU_009831	0.029233526806871565
SPU_002129	SPU_026664	0.029232002047059353
SPU_022846	SPU_012050	0.029223685175356385
SPU_017106	SPU_021192	0.029176417621177859
SPU_023037	SPU_012948	0.029175308704950796
SPU_011576	SPU_022846	0.029164358157208557
SPU_007147	SPU_018393	0.029163803699095027
SPU_002129	SPU_008196	0.029159645263243543
SPU_018581	SPU_002025	0.029150773933427045
SPU_028583	SPU_013967	0.029139684771156419
SPU_028120	SPU_013047	0.029134556033606259
SPU_004723	SPU_002309	0.029131367899453458
SPU_022049	SPU_013140	0.029127070849073591
SPU_000756	SPU_014131	0.029126516390960058
SPU_007981	SPU_018391	0.029117783675671943
SPU_009876	SPU_023757	0.029116951988501647
SPU_012491	SPU_024307	0.029107942044156763
SPU_003179	SPU_023140	0.029107942044156763
SPU_016881	SPU_007147	0.029105308368117491
SPU_028120	SPU_021192	0.029104753910003962
SPU_014576	SPU_023757	0.029101704390379544
SPU_009048	SPU_015362	0.029089644926410238
SPU_006808	SPU_022633	0.029070654736021797
SPU_026633	SPU_019089	0.029040436768834353
SPU_000276	SPU_009474	0.029038912009022141
SPU_024189	SPU_025888	0.029029208992035344
SPU_018483	SPU_013810_1	0.029027268388637985
SPU_010295	SPU_002615	0.029023664410900037
SPU_016443	SPU_007599	0.029009109885419843
SPU_001739	SPU_024877	0.029006337594852185
SPU_019002	SPU_015466	0.029001208857302025
SPU_023177	SPU_023757	0.028970852275586198
SPU_006808	SPU_026510	0.028954218532180262
SPU_018126	SPU_024877	0.028948812565573332
SPU_008528	SPU_000922	0.028944515515193468
SPU_004414	SPU_023730	0.028939248163114925
SPU_008703	SPU_024307	0.028935228341791821
SPU_014170	SPU_019656	0.028904317301962461
SPU_004287_1	SPU_000437	0.028900713324224506
SPU_027774	SPU_005435	0.028897386575543322
SPU_000276	SPU_019366	0.028894337055918901
SPU_020637	SPU_022846	0.028889485547425504
SPU_012490	SPU_010635	0.028887544944028145
SPU_025346	SPU_002129	0.028879089457796794
SPU_009771	SPU_009876	0.02887493102194531
SPU_009178	SPU_002677	0.028872297345906038
SPU_001998	SPU_019089	0.028869663669866766
SPU_003179	SPU_023757	0.028830435758334438
SPU_022820	SPU_017811	0.028826277322482954
SPU_011297	SPU_024877	0.028823920875500449
SPU_006753	SPU_015071	0.028823782260972066
SPU_016523	SPU_023757	0.028817960450779986
SPU_028827	SPU_022573	0.028782197902457229
SPU_023090	SPU_019332	0.028775405790566474
SPU_023177	SPU_008936	0.028759187890745688
SPU_020565	SPU_008936	0.028752534393383315
SPU_017725	SPU_015466	0.028746296739606089
SPU_006312	SPU_014643	0.028745880896020943
SPU_018483	SPU_008196	0.028701247017881688
SPU_002129	SPU_005358	0.028700831174296542
SPU_008196_1	SPU_000437	0.028699445029012713
SPU_021557	SPU_002592	0.028697365811086971
SPU_027015	SPU_027935_1	0.028673524112205133
SPU_019290	SPU_015456	0.028669088447296886
SPU_028827	SPU_030148	0.028666732000314377
SPU_001739	SPU_016045	0.028659246815781705
SPU_014332	SPU_002320	0.028658415128611409
SPU_015374	SPU_012772	0.028652593318419333
SPU_025590	SPU_011130	0.02864649427917049
SPU_017725	SPU_008112	0.028621405049533206
SPU_020311	SPU_000739	0.028617523842738486
SPU_027969	SPU_006420	0.028615860468397897
SPU_000129	SPU_002677	0.028585781115738829
SPU_011202	SPU_004599	0.028582592981586028
SPU_012699	SPU_004599	0.028579127618376457
SPU_024918	SPU_006420	0.028551543327228285
SPU_021608	SPU_000739	0.028549602723830926
SPU_016443	SPU_000749	0.028546137360621358
SPU_018581	SPU_023366	0.028536157114577798
SPU_013689	SPU_005435	0.028535602656464269
SPU_000440	SPU_010295	0.02852784024287483
SPU_018483	SPU_004746	0.028515226320791998
SPU_002677	SPU_024307	0.028513562946451403
SPU_010295	SPU_007011	0.028507602521730943
SPU_015719	SPU_004599	0.028506077761918734
SPU_013047	SPU_022846	0.028468929068312148
SPU_023730	SPU_022846	0.028466849850386406
SPU_015908	SPU_012203	0.028457285447927999
SPU_024139	SPU_015362	0.028455760688115787
SPU_000485	SPU_008595_1	0.028454374542831957
SPU_025584	SPU_007108	0.028438711101124704
SPU_015772	SPU_008936	0.028436077425085433
SPU_002603	SPU_030148	0.02843455266527322
SPU_002677	SPU_028120	0.028424433804701277
SPU_007599	SPU_015719	0.028417087234696992
SPU_019366	SPU_024946	0.028402255480160035
SPU_014418	SPU_011297	0.028401839636574881
SPU_000749	SPU_027362	0.028389364329020433
SPU_015358	SPU_015071	0.028382017759016148
SPU_026099	SPU_020637	0.028377166250522751
SPU_028093	SPU_004746	0.028361780037872257
SPU_003470	SPU_026510	0.028348334428619129
SPU_024307	SPU_012203	0.028338076953518802
SPU_016881	SPU_015640	0.028325047187850824
SPU_007262	SPU_011720	0.02832144321011287
SPU_018581	SPU_006427	0.028312987723881518
SPU_015243	SPU_003179	0.028275977644803319
SPU_011297	SPU_026099	0.028270848907253156
SPU_003470	SPU_007644	0.0282439576887469
SPU_014802	SPU_024946	0.028232036839305977
SPU_021557	SPU_005358	0.028224551654773306
SPU_007644	SPU_003595	0.028221640749677267
SPU_024877	SPU_011297	0.028221502135148888
SPU_020565	SPU_009474	0.028203482246459122
SPU_014418	SPU_001628	0.028201957486646917
SPU_009831	SPU_024901_1	0.028195026760227775
SPU_022678	SPU_004217	0.028190036637205994
SPU_009831	SPU_026510	0.028189898022677611
SPU_025584	SPU_002554	0.028186155430411277
SPU_024903	SPU_015243	0.028182135609088176
SPU_002592	SPU_003179	0.028178947474935375
SPU_020123	SPU_019089	0.028176591027952867
SPU_005572	SPU_012490	0.028164254334926798
SPU_002677	SPU_021119	0.028163422647756498
SPU_004414	SPU_023757	0.028153858245298091
SPU_007599	SPU_020637	0.028153303787184562
SPU_027472	SPU_019290	0.028142630468499085
SPU_009831	SPU_018373	0.028140967094158493
SPU_000739	SPU_017511	0.028139858177931427
SPU_018393	SPU_019656	0.028139026490761134
SPU_000424	SPU_015071	0.028138610647175984
SPU_024189	SPU_025125	0.028138472032647601
SPU_016881	SPU_025632	0.028138194803590838
SPU_015243	SPU_008196	0.028117125395276655
SPU_001739	SPU_021726	0.028101600568097782
SPU_017348	SPU_000437	0.028093422310923197
SPU_011635	SPU_010329_1	0.028090234176770396
SPU_018056	SPU_022955	0.028076095494875348
SPU_010295	SPU_002707	0.02807360043336446
SPU_009831	SPU_022955	0.028063481572792516
SPU_003166	SPU_022916	0.028051422108823214
SPU_014576	SPU_000129	0.028041857706364803
SPU_011189	SPU_025346	0.028025085348430488
SPU_003179	SPU_013140	0.028019124923710028
SPU_008117_1	SPU_002707	0.02801621401861399
SPU_015243	SPU_022916	0.028015105102386924
SPU_012490	SPU_013202	0.028011778353705743
SPU_015772	SPU_008595	0.028008174375967788
SPU_024918	SPU_012648	0.028007619917854259
SPU_001998	SPU_018861	0.027989045571050964
SPU_018392	SPU_007611	0.027987936654823898
SPU_022163	SPU_025590	0.027986827738596839
SPU_001998	SPU_008936	0.027980174241234466
SPU_012490	SPU_010305	0.027972966285758561
SPU_014722	SPU_010426	0.027971164296889582
SPU_007644	SPU_022955	0.027970471224247669
SPU_003704	SPU_024901_1	0.02794302554762788
SPU_012913	SPU_007317	0.027935678977623595
SPU_021119	SPU_023894	0.027928886865732836
SPU_008112	SPU_000841	0.027924728429881356
SPU_016523	SPU_014197	0.027909064988174099
SPU_025888	SPU_024610	0.027902272876283343
SPU_001262_1	SPU_024953	0.027899639200244072
SPU_015982	SPU_002677	0.027898530284017009
SPU_002592	SPU_028827	0.027884114373065198
SPU_022846	SPU_014418	0.027883698529480052
SPU_011635	SPU_007262	0.027883144071366522
SPU_014418	SPU_020637	0.027874411356078405
SPU_025010	SPU_000437	0.027873718283436488
SPU_001262_2	SPU_003595	0.027869421233056624
SPU_008936	SPU_022846	0.027863183579279398
SPU_027053	SPU_002467	0.027848906282855974
SPU_009642	SPU_026510	0.027837539891528585
SPU_020637	SPU_005955	0.027810648673022329
SPU_019290	SPU_006004	0.027809539756795263
SPU_022242	SPU_014576	0.027794153544144776
SPU_006462	SPU_004746	0.027793876315088013
SPU_004414	SPU_018861	0.027791519868105501
SPU_023730	SPU_009048	0.027786252516026958
SPU_013689	SPU_003595	0.027785698057913429
SPU_007262	SPU_002615	0.027778074258852373
SPU_007253	SPU_001739	0.027766569252996604
SPU_011174	SPU_003586	0.027761717744503204
SPU_007981	SPU_004702	0.02773205423542929
SPU_007262	SPU_021382	0.027724014592783092
SPU_027472	SPU_008595_1	0.027723875978254705
SPU_020637	SPU_015456	0.027721519531272196
SPU_025346	SPU_002554	0.027712093743342169
SPU_006421	SPU_002320	0.027709044223717744
SPU_020124	SPU_000669	0.027708351151075835
SPU_011297	SPU_019290	0.027697955061447125
SPU_025888	SPU_024307	0.027693380782010495
SPU_014401	SPU_015719	0.027690469876914457
SPU_003595	SPU_004702	0.027688252044460335
SPU_009642	SPU_002554	0.027686311441062973
SPU_018355	SPU_027774	0.027683400535966931
SPU_018355_1	SPU_003595	0.027657618233687738
SPU_027472	SPU_008936	0.027646113227831969
SPU_018355_1	SPU_002554	0.027645420155190049
SPU_011297	SPU_008595	0.027645281540661669
SPU_007644	SPU_005435	0.027634608221976196
SPU_003102	SPU_025590	0.027631281473295011
SPU_021192	SPU_020637	0.027625459663102932
SPU_004723	SPU_015071_1	0.027615340802530988
SPU_000485	SPU_014418	0.027604944712902278
SPU_018483	SPU_009178	0.0275919149472343
SPU_014802	SPU_019290	0.027591776332705917
SPU_013047	SPU_008595_1	0.02759136048912077
SPU_001113	SPU_006786	0.027579439639679848
SPU_013305	SPU_007253	0.027577360421754106
SPU_028120	SPU_014461	0.027566271259483487
SPU_004287	SPU_003084	0.027563360354387445
SPU_024189	SPU_026731	0.02756114252193332
SPU_018581	SPU_016016	0.027560172220234644
SPU_018581	SPU_013689	0.027537439437579865
SPU_004287_1	SPU_013967	0.027532587929086468
SPU_012772	SPU_028120	0.027522053224929378
SPU_007644	SPU_002309	0.027521221537759082
SPU_012772	SPU_018861	0.027504726408881533
SPU_027774	SPU_019332	0.027495716464536649
SPU_007644	SPU_001937	0.027491558028685168
SPU_000757	SPU_006787	0.027463419279423459
SPU_015243	SPU_002662	0.02746328066489508
SPU_022163	SPU_002592	0.027457597469231383
SPU_009831	SPU_011720	0.027453577647908286
SPU_014401	SPU_004599	0.027450112284698715
SPU_022163	SPU_004287	0.027448448910358123
SPU_024189	SPU_014576	0.027425854742231727
SPU_027053	SPU_011635	0.02742183492090863
SPU_001998	SPU_023730	0.027400349669009293
SPU_022678	SPU_007981	0.027396884305799729
SPU_011297	SPU_023894	0.027394250629760451
SPU_008117	SPU_002707	0.027392587255419862
SPU_007981	SPU_011635	0.027374844595786863
SPU_023090	SPU_001937	0.027374012908616571
SPU_024139	SPU_024877	0.027366666338612278
SPU_004723	SPU_010329	0.027360428684835052
SPU_016881	SPU_022846	0.027355022718228129
SPU_023894	SPU_015719	0.027351557355018558
SPU_020124	SPU_018483	0.027335616684254539
SPU_018391	SPU_020282	0.027325775052739362
SPU_008117	SPU_011635	0.027321200773302731
SPU_012490	SPU_026962	0.027279339185731128
SPU_014802	SPU_015767	0.027259240079115628
SPU_018355	SPU_003595	0.027255220257792527
SPU_009831	SPU_011064	0.02724995290571398
SPU_024918	SPU_022487	0.027247319229674709
SPU_015640	SPU_024877	0.027246626157032796
SPU_022846	SPU_005955	0.027246210313447643
SPU_000440	SPU_006991	0.02724551724080573
SPU_007981	SPU_019332	0.027244824168163817
SPU_014461	SPU_012050	0.027230269642683626
SPU_024139	SPU_000975	0.027224447832491547
SPU_000739	SPU_000509	0.027221952770980658
SPU_004217	SPU_007981	0.027203794267762513
SPU_010351	SPU_028120	0.027194922937946016
SPU_013178	SPU_024189	0.02718868528416879
SPU_003102	SPU_025346	0.027180645641522588
SPU_018744	SPU_003649	0.027167338646797844
SPU_014576	SPU_023140	0.027163041596417976
SPU_009831	SPU_009646	0.027161655451134147
SPU_016443	SPU_012050	0.02715735840075428
SPU_016443	SPU_026099	0.027155695026413691
SPU_009831	SPU_026390	0.027132823629230533
SPU_025590	SPU_002592	0.027127279048095219
SPU_009048	SPU_024877	0.027117021572994893
SPU_021172	SPU_026664	0.027114387896955621
SPU_019002	SPU_011687	0.027112308679029879
SPU_028148	SPU_018861	0.027093595717698205
SPU_018056	SPU_007981	0.027083199628069494
SPU_012648	SPU_008377	0.02706393220862429
SPU_002129	SPU_004287	0.027053397504467197
SPU_023177	SPU_012203	0.02704896183955895
SPU_015640	SPU_012008	0.027042446956724957
SPU_022242	SPU_012772	0.027038149906345094
SPU_002791	SPU_015071_1	0.027023456766336516
SPU_007611	SPU_012648_1	0.027023179537279753
SPU_005718	SPU_014461	0.02702304092275137
SPU_000276	SPU_015456	0.02702220923558107
SPU_017725	SPU_002320	0.027021932006524307
SPU_022049	SPU_013140_1	0.027019159715956653
SPU_026205	SPU_023140	0.027018743872371503
SPU_012469	SPU_002008	0.027017773570672823
SPU_002874	SPU_018373	0.027015971581803844
SPU_007253	SPU_028120	0.027008902240856326
SPU_005718	SPU_011297	0.027000169525568211
SPU_014289	SPU_013047	0.026998644765755999
SPU_011202	SPU_015719	0.026993654642734219
SPU_006462	SPU_014628	0.026985892229144784
SPU_012914	SPU_009642	0.026984228854804188
SPU_013047	SPU_024877	0.026980209033481091
SPU_009642	SPU_002025	0.026978129815555352
SPU_015640	SPU_001628	0.026964961435358984
SPU_023090	SPU_007981	0.026963575290075158
SPU_003704	SPU_007981	0.026960664384979117
SPU_013119	SPU_000975	0.026953317814974832
SPU_002320	SPU_006312	0.026950961367992327
SPU_006484	SPU_004340	0.026942367267232592
SPU_013569	SPU_014576	0.026931278104961966
SPU_000440	SPU_015466	0.026924485993071214
SPU_003595_1	SPU_003378	0.026921990931560322
SPU_013047	SPU_009048	0.026917971110237221
SPU_014576	SPU_013570	0.026902584897586734
SPU_017837	SPU_002707	0.026889277902861983
SPU_025346	SPU_002707	0.02688803037210654
SPU_022573	SPU_028120	0.026880961031159022
SPU_002592	SPU_006991	0.02687805012606298
SPU_000276	SPU_027362	0.02687347584662635
SPU_026099	SPU_007599	0.026871535243228991
SPU_012203	SPU_027145	0.02686848572360457
SPU_002320	SPU_021557	0.026860030237373222
SPU_012699	SPU_000749	0.026849079689630979
SPU_018056	SPU_024901_1	0.026847000471705237
SPU_002816	SPU_008595	0.026832030102639896
SPU_016443	SPU_011297	0.026814980515648814
SPU_005718	SPU_007624	0.0268062478003607
SPU_012384	SPU_011687	0.026802782437151135
SPU_006803	SPU_000578	0.026799039844884798
SPU_011174	SPU_012772	0.026771455553736626
SPU_002791	SPU_018373	0.026767990190527054
SPU_020637	SPU_000749	0.026765079285431016
SPU_015772	SPU_024307	0.02676383175467557
SPU_015456	SPU_018954	0.026750108916365676
SPU_006808	SPU_022573	0.026740128670322116
SPU_006753	SPU_017635	0.026739851441265349
SPU_024139	SPU_019290	0.026739712826736969
SPU_004723	SPU_018908	0.026736940536169308
SPU_001262_2	SPU_016250	0.02673389101654489
SPU_003704	SPU_001937	0.026729593966165026
SPU_011315	SPU_004702	0.026728069206352813
SPU_026418	SPU_004746	0.026725296915785159
SPU_001657	SPU_016523	0.026722386010689117
SPU_011576	SPU_024877	0.026713791909929386
SPU_025010	SPU_023065	0.026708247328794076
SPU_002320	SPU_025590	0.02669258388708682
SPU_000440	SPU_014793	0.026691890814444907
SPU_003704	SPU_003595	0.026676920445379566
SPU_007644	SPU_018391	0.026667633271977922
SPU_003179	SPU_017348	0.026651415372157136
SPU_025346	SPU_013611	0.02665113814310037
SPU_012648_1	SPU_002008	0.02664975199781654
SPU_022846	SPU_019656	0.02664573217649344
SPU_001262	SPU_003595	0.026640326209886513
SPU_018744	SPU_004217	0.026632425181768695
SPU_000485	SPU_023894	0.026622306321196752
SPU_006583	SPU_026731	0.026616068667419526
SPU_016443	SPU_014418	0.026611494387982895
SPU_018355	SPU_018391	0.026588622990799737
SPU_007644	SPU_018373	0.026558543638140673
SPU_021119	SPU_016881	0.026542325738319886
SPU_002634	SPU_026877	0.026529989045293818
SPU_005718	SPU_013047	0.02652194940264762
SPU_004414	SPU_008936	0.026515711748870397
SPU_012648	SPU_003470	0.026514325603586564
SPU_019002	SPU_018908	0.026510167167735084
SPU_012914	SPU_011756	0.026502959212259179
SPU_013689	SPU_001262_1	0.026502127525088879
SPU_014197	SPU_024307	0.026499355234521228
SPU_001657	SPU_014802	0.02648064227318955
SPU_003704	SPU_022955	0.026478285826207044
SPU_020311	SPU_025590	0.026469830339975693
SPU_013047	SPU_011297	0.026456800574307715
SPU_011202	SPU_015767	0.026452364909399464
SPU_009642	SPU_013904	0.026442384663355904
SPU_005358	SPU_013305	0.026442246048827521
SPU_007644	SPU_000806	0.026441830205242375
SPU_006676	SPU_019089	0.026440166830901779
SPU_007253	SPU_023757	0.02643420640618132
SPU_014401	SPU_024946	0.02643323610448264
SPU_027053	SPU_019508	0.026420899411456575
SPU_001113	SPU_009048	0.026407037958618294
SPU_024093	SPU_004924	0.026396087410876054
SPU_004723	SPU_006871	0.026389433913513682
SPU_020124	SPU_018908	0.026387631924644706
SPU_015640	SPU_006787	0.026387077466531177
SPU_015243	SPU_022573	0.026371136795767153
SPU_017725	SPU_013086	0.026369889265011711
SPU_014722	SPU_012648_1	0.026369612035954944
SPU_012203	SPU_006786	0.026348819856697528
SPU_026763	SPU_017348	0.026348819856697528
SPU_025584	SPU_013611	0.026348681242169145
SPU_015358	SPU_009053	0.026348542627640765
SPU_028255	SPU_026205	0.026337176236313372
SPU_012253	SPU_008563	0.026334403945745717
SPU_013047	SPU_020637	0.026334126716688954
SPU_000485	SPU_015456	0.02632913659366717
SPU_004021	SPU_015362	0.026315413755357276
SPU_010403	SPU_013140	0.026313611766488301
SPU_010351	SPU_023757	0.026305572123842099
SPU_020637	SPU_007599	0.026296146335912072
SPU_004723	SPU_025848	0.026288522536851017
SPU_011576	SPU_015719	0.026287690849680721
SPU_018056	SPU_001937	0.026282284883073791
SPU_026633	SPU_009876	0.026262878849100203
SPU_004217	SPU_018373	0.026261215474759608
SPU_020722	SPU_000540	0.026251512457772817
SPU_012772	SPU_013570	0.026250680770602518
SPU_024877	SPU_015362	0.026239868837388661
SPU_006808	SPU_027918	0.026239314379275132
SPU_024189	SPU_028148	0.026233353954554669
SPU_003470	SPU_002554	0.026218938043602862
SPU_017470	SPU_012384	0.026217551898319036
SPU_012699	SPU_001657	0.026204522132651051
SPU_024918	SPU_019365	0.026189967607170864
SPU_016449	SPU_003378	0.026180819048297596
SPU_027472	SPU_012203	0.02618040320471245
SPU_015640	SPU_015719	0.026178601215843471
SPU_002874	SPU_005435	0.026170284344140506
SPU_028120	SPU_024139	0.026170145729612123
SPU_002603	SPU_026633	0.026155452589603546
SPU_012490	SPU_026731	0.026145749572616755
SPU_026962	SPU_025010	0.026136462399215108
SPU_008845	SPU_012648_1	0.026133828723175836
SPU_006803	SPU_025125	0.026131333661664945
SPU_002129	SPU_011687	0.026125789080529632
SPU_020722	SPU_010924_1	0.026125650466001252
SPU_012648	SPU_012948	0.026114422689202246
SPU_000424	SPU_012877	0.026112897929390033
SPU_018483	SPU_004287_1	0.026107769191839873
SPU_015908	SPU_026277	0.026103194912403239
SPU_026877	SPU_000437	0.026102501839761327
SPU_028827	SPU_008196	0.026093353280888062
SPU_014802	SPU_023730	0.026086977012582457
SPU_018391	SPU_019652	0.026076996766538893
SPU_005572	SPU_006991	0.026064660073512828
SPU_009831	SPU_002707	0.0260552342855828
SPU_013015	SPU_013305	0.026053155067657058
SPU_018056	SPU_007644	0.026048580788220428
SPU_014289	SPU_022846	0.026044699581425707
SPU_009642	SPU_011720	0.026044006508783791
SPU_012203	SPU_021192	0.026038184698591718
SPU_007262	SPU_026510	0.026032224273871259
SPU_017837	SPU_002320	0.026025154932923737
SPU_023386	SPU_009876	0.026024184631225054
SPU_018908	SPU_006991	0.026016838061220772
SPU_015982	SPU_001739	0.026016144988578852
SPU_026465	SPU_022955	0.026009768720273246
SPU_012469	SPU_012914	0.026008243960461037
SPU_026633	SPU_030148	0.025998263714417477
SPU_024139	SPU_013047	0.02598911515554421
SPU_004723	SPU_019508	0.025962362551566337
SPU_016881	SPU_016792	0.025960144719112212
SPU_012648	SPU_007203	0.025957649657601323
SPU_018355	SPU_005435	0.02594226344495083
SPU_006753	SPU_005522	0.025940322841553471
SPU_011315	SPU_000948	0.025938243623627729
SPU_003166	SPU_003586	0.025938243623627729
SPU_012772	SPU_014289	0.025932976271549186
SPU_003102	SPU_012648_1	0.025924798014374601
SPU_005718	SPU_000437	0.025922718796448859
SPU_002874	SPU_022955	0.025918976204182525
SPU_006753	SPU_015243	0.025904421678702331
SPU_014793	SPU_006427	0.025902481075304972
SPU_015719	SPU_000276	0.02590123354454953
SPU_023090	SPU_007644	0.025887233477182869
SPU_001739	SPU_028120	0.025880579979820496
SPU_022816	SPU_017635	0.025878500761894754
SPU_017635	SPU_002592	0.025873787867929741
SPU_027472	SPU_005955	0.025857431353580571
SPU_009771	SPU_023757	0.025851332314331728
SPU_002874	SPU_019332	0.025851193699803345
SPU_002874	SPU_021382	0.02584842140923569
SPU_022049	SPU_014628	0.025842045140930085
SPU_000129	SPU_028120	0.025835253029039329
SPU_012203	SPU_008595	0.025827352000921507
SPU_011635	SPU_019508	0.025812104402799404
SPU_018126	SPU_016045	0.02580794596694792
SPU_027969	SPU_008752	0.025798104335432739
SPU_012648	SPU_002707	0.025797688491847593
SPU_028583	SPU_013570	0.025795470659393468
SPU_005358	SPU_025590	0.025794361743166405
SPU_016443	SPU_005955	0.025776203239948264
SPU_003704	SPU_007644	0.025775232938249581
SPU_002874	SPU_016250	0.025775232938249581
SPU_025346	SPU_007108	0.025765807150319554
SPU_017837	SPU_027912	0.025749866479555534
SPU_000424	SPU_007862	0.025744183283891841
SPU_018581	SPU_013611	0.02572962875841165
SPU_019332	SPU_004702	0.025728381227656201
SPU_007981	SPU_000806	0.025724500020861484
SPU_026418	SPU_013202	0.025723391104634424
SPU_008117_1	SPU_007011	0.025723252490106041
SPU_015456	SPU_012489	0.025712301942363798
SPU_024139	SPU_021192	0.025695945428014632
SPU_014332	SPU_018581	0.025693311751975357
SPU_022163	SPU_021557	0.025684024578573713
SPU_005718	SPU_021192	0.025661014566862171
SPU_004414	SPU_009178	0.025649648175534785
SPU_023730	SPU_012203	0.025631905515901787
SPU_005572	SPU_021557	0.025599053872675071
SPU_022846	SPU_007599	0.025595311280408733
SPU_002874	SPU_000806	0.025592538989841079
SPU_004723	SPU_010924_1	0.025591984531727549
SPU_026633	SPU_008196_1	0.0255795092241731
SPU_013689_1	SPU_004037	0.025571885425112045
SPU_004217	SPU_005435	0.025568004218317324
SPU_014170	SPU_008595	0.025556083368876409
SPU_006312	SPU_011130	0.025547766497173441
SPU_018954	SPU_016792	0.02552378618376322
SPU_018056	SPU_017441	0.02551339009413451
SPU_020123	SPU_021172	0.025512697021492597
SPU_021557	SPU_026962	0.025510756418095238
SPU_005572	SPU_010458	0.025502023702807124
SPU_026877	SPU_010305	0.025502023702807124
SPU_018355	SPU_001937	0.025501053401108441
SPU_015908	SPU_023730	0.025497172194313727
SPU_007599	SPU_012008	0.025480677065436174
SPU_003470	SPU_011720	0.025477211702226603
SPU_014332	SPU_002592	0.025469310674108785
SPU_016881	SPU_002816	0.025465013623728917
SPU_011297	SPU_025632	0.025461271031462587
SPU_026465	SPU_007644	0.025458221511838162
SPU_012699	SPU_000276	0.025457805668253015
SPU_018355	SPU_012949	0.025450736327305497
SPU_022820	SPU_019384	0.025441171924847083
SPU_014793	SPU_002025_1	0.025432716438615732
SPU_003102	SPU_002707	0.025428280773707485
SPU_006462	SPU_009178	0.025426617399366889
SPU_000861	SPU_012546	0.025414835164454357
SPU_003704	SPU_012949	0.025414142091812437
SPU_016449	SPU_012949	0.02540915196879066
SPU_009642	SPU_008563	0.02540374600218373
SPU_022678	SPU_003595	0.025403607387655347
SPU_018355_1	SPU_005435	0.025402637085956671
SPU_023730	SPU_008936	0.02538822117500486
SPU_012546	SPU_015466	0.025378518158018067
SPU_011189	SPU_026465	0.025373112191411137
SPU_003166	SPU_022573	0.02537269634782599
SPU_014332	SPU_010924_1	0.025370755744428632
SPU_002791	SPU_005435	0.025369369599144802
SPU_020637	SPU_001628	0.025365488392350082
SPU_018392	SPU_012648_1	0.025364656705179789
SPU_006462	SPU_030148	0.025334993196105875
SPU_014802	SPU_018954	0.025323765419306869
SPU_015243	SPU_009079_1	0.025321547586852747
SPU_006787	SPU_022846	0.025321408972324357
SPU_002874	SPU_024901	0.025321131743267594
SPU_011635	SPU_005435	0.025320438670625681
SPU_002320	SPU_015466	0.025308795050241528
SPU_024903	SPU_017635	0.025303250469106215
SPU_021210	SPU_002428	0.025293408837591038
SPU_002603	SPU_004746	0.025293131608534272
SPU_023090	SPU_017441	0.025275804792486426
SPU_018355	SPU_007981	0.02527552756342966
SPU_028827	SPU_015243	0.025269705753237583
SPU_002603	SPU_014131	0.025252101708132971
SPU_002791	SPU_000806	0.025251547250019438
SPU_024918	SPU_018680	0.025215784701696678
SPU_007262	SPU_009685	0.025206220299238271
SPU_012772	SPU_006787	0.025189447941303955
SPU_005022	SPU_011635	0.025187923181491743
SPU_026633	SPU_010305	0.025183210287526729
SPU_006421	SPU_011130	0.025170734979972277
SPU_026763	SPU_026877	0.025166160700535647
SPU_004723	SPU_024901	0.025165190398836971
SPU_025590	SPU_007315	0.02516047750487195
SPU_008117_1	SPU_012648_1	0.02516047750487195
SPU_004702	SPU_003595	0.025152853705810902
SPU_006917	SPU_009178	0.025149804186186477
SPU_023730	SPU_018861	0.025147309124675589
SPU_008528	SPU_011001	0.025147031895618822
SPU_007644	SPU_022242	0.025146477437505293
SPU_011202	SPU_007981	0.025143150688824105
SPU_003704	SPU_017441	0.025138299180330708
SPU_024903	SPU_002592	0.02513039815221289
SPU_022678	SPU_021382	0.025124992185605963
SPU_015640	SPU_014418	0.025121804051453155
SPU_003704	SPU_018391	0.025121110978811246
SPU_009876	SPU_013047	0.025097407894457784
SPU_004723	SPU_012469	0.025087427648414228
SPU_017725	SPU_002592	0.025085348430488486
SPU_020123	SPU_025125	0.025082160296335681
SPU_001998	SPU_013202	0.025081605838222151
SPU_015243	SPU_017511	0.02505762552481193
SPU_014576	SPU_014289	0.025050417569336025
SPU_019290	SPU_019366	0.025038080876309956
SPU_011189	SPU_002707	0.025030595691777287
SPU_028255	SPU_014628	0.025026021412340657
SPU_000757	SPU_006786	0.025011882730445613
SPU_015712	SPU_001739	0.025006892607423833
SPU_009831	SPU_005435	0.024984159824769057
SPU_017106	SPU_024139	0.024960040896830449
SPU_004723	SPU_021757	0.024955882460978965
SPU_012469	SPU_030148	0.024955466617393819
SPU_017579	SPU_023177	0.024953941857581614
SPU_019290	SPU_014802	0.024946872516634088
SPU_008936	SPU_024307	0.024930931845870072
SPU_009048	SPU_006787	0.024924139733979309
SPU_001262_2	SPU_021382	0.024922614974167104
SPU_023730	SPU_001739	0.024901822794909684
SPU_021210	SPU_007253	0.024901545565852921
SPU_005572	SPU_006312	0.024895446526604078
SPU_025346	SPU_006427	0.024890595018110681
SPU_002677	SPU_009474	0.024885743509617281
SPU_023037	SPU_005435	0.024876317721687254
SPU_025888	SPU_000437	0.024873684045647982
SPU_010305	SPU_000437	0.02487215928583577
SPU_008703	SPU_014802	0.024870634526023557
SPU_012384	SPU_010924_1	0.024862872112434122
SPU_020123	SPU_024189	0.024855941386014983
SPU_004414	SPU_026731	0.024855109698844691
SPU_023177	SPU_002677	0.024838060111853608
SPU_012648	SPU_025848	0.024837505653740072
SPU_007262	SPU_026390	0.024835842279399483
SPU_015456	SPU_018861	0.024829050167508724
SPU_008528	SPU_019652	0.024819485765050314
SPU_000757	SPU_009048	0.024815188714670446
SPU_022846	SPU_026099	0.024812139195046025
SPU_016443	SPU_008595_1	0.024811307507875729
SPU_020722	SPU_012648_1	0.024810891664290582
SPU_015712	SPU_006242	0.024810059977120283
SPU_023090	SPU_024901_1	0.024810059977120283
SPU_018483	SPU_004287	0.02479966388749158
SPU_026465	SPU_011720	0.024797030211452301
SPU_026465	SPU_027774	0.024793980691827883
SPU_018355	SPU_022955	0.024768752847662216
SPU_020565	SPU_022846	0.024765980557094561
SPU_018797	SPU_015243	0.02475710922727806
SPU_025590	SPU_014643	0.024751841875199517
SPU_014576	SPU_013810	0.024732574455754313
SPU_002791	SPU_022955	0.024723287282352662
SPU_019290	SPU_020330_1	0.024722871438767516
SPU_004723	SPU_021044	0.024721623908012073
SPU_028255	SPU_022816	0.02471663378499029
SPU_002791	SPU_019332	0.024710396131213064
SPU_011189	SPU_019508	0.024709425829514388
SPU_007262	SPU_006871	0.024684197985348721
SPU_003470	SPU_017441	0.024681841538366212
SPU_025010	SPU_026731	0.024681425694781066
SPU_004021	SPU_006787	0.024677267258929582
SPU_024093	SPU_002320	0.024665900867602192
SPU_011202	SPU_023894	0.02466007905741012
SPU_011297	SPU_024946	0.024652178029292298
SPU_004217	SPU_000806	0.024639425492681083
SPU_022817	SPU_022163	0.024635128442301219
SPU_004021	SPU_006637	0.024626395727013101
SPU_002874	SPU_018391	0.024615445179270858
SPU_022678	SPU_012949	0.024601860955489351
SPU_005572	SPU_025590	0.024595900530768888
SPU_006917	SPU_013140	0.02456152412772996
SPU_003166	SPU_010305	0.024558197379048772
SPU_009048	SPU_012008	0.024548494362061978
SPU_022846	SPU_015456	0.024544890384324027
SPU_023177	SPU_027145	0.024541286406586073
SPU_017642	SPU_002592	0.024532415076769575
SPU_000975	SPU_006786	0.024522850674311165
SPU_000757	SPU_016449	0.024500256506184773
SPU_027053	SPU_005435	0.024499147589957707
SPU_018355	SPU_007644	0.024497345601088731
SPU_024877	SPU_006787	0.024482513846551774
SPU_007981	SPU_022955	0.024481682159381478
SPU_007644	SPU_027774	0.024476137578246165
SPU_006803	SPU_015071	0.024471840527866297
SPU_010351	SPU_001739	0.024470454382582475
SPU_021210	SPU_007862	0.024470038538997325
SPU_027969	SPU_009079_1	0.024444672080303279
SPU_008112	SPU_010403	0.024440513644451795
SPU_009831	SPU_015605	0.024436077979543541
SPU_005435	SPU_010635	0.024429424482181168
SPU_015374	SPU_009876	0.024428592795010872
SPU_014289	SPU_012203	0.024422216526705266
SPU_007644	SPU_025849	0.0244211076104782
SPU_018056	SPU_018391	0.024418889778024078
SPU_002129	SPU_021557	0.02441597887292804
SPU_022678	SPU_005737	0.024414315498587445
SPU_018355	SPU_017441	0.024408909531980522
SPU_002791	SPU_018391	0.02440599862688448
SPU_012913	SPU_010722	0.024403226336316825
SPU_015456	SPU_000948	0.02440045404574917
SPU_018056	SPU_012949	0.024396018380840923
SPU_026418	SPU_006242	0.024380770782718813
SPU_006312	SPU_022633	0.024364691497426413
SPU_002816	SPU_016786	0.024361641977801989
SPU_013689	SPU_023037	0.024356236011195062
SPU_009178	SPU_024139	0.024353463720627404
SPU_003470	SPU_002707	0.024351245888173282
SPU_000757	SPU_002677	0.024347364681378568
SPU_022846	SPU_023894	0.024342929016470314
SPU_020722	SPU_008845	0.024341820100243255
SPU_009048	SPU_013570	0.024340988413072955
SPU_023386	SPU_026731	0.024339740882317513
SPU_024093	SPU_010634	0.024335998290051175
SPU_009876	SPU_028120	0.024328097261933357
SPU_028255	SPU_008196_1	0.024322552680798047
SPU_012203	SPU_023730	0.024317701172304647
SPU_027053	SPU_000806	0.024298988210972976
SPU_020722	SPU_002707	0.024296908993047234
SPU_020637	SPU_026099	0.024295107004178258
SPU_003704	SPU_027774	0.024294968389649875
SPU_008117_1	SPU_007262	0.024294552546064729
SPU_007644	SPU_024901_1	0.024292473328138987
SPU_025113	SPU_002707	0.024289562423042945
SPU_017106	SPU_000437	0.024288176277759116
SPU_016786	SPU_019656	0.024287760434173966
SPU_013047	SPU_006787	0.024287205976060437
SPU_028120	SPU_006786	0.024283186154737336
SPU_019290	SPU_024946	0.024277225730016876
SPU_022678	SPU_003649	0.02427639404284658
SPU_026465	SPU_001937	0.024268215785671995
SPU_026633	SPU_004746	0.024260176143025794
SPU_010424	SPU_012912	0.024254492947362104
SPU_023037	SPU_015071_1	0.024249225595283554
SPU_014576	SPU_020082	0.024248809751698408
SPU_016523	SPU_000757	0.024245067159432074
SPU_014418	SPU_000749	0.024243819628676631
SPU_013689	SPU_007644	0.024237027516785869
SPU_002874	SPU_003595	0.024236888902257489
SPU_016881	SPU_010634	0.024236057215087193
SPU_016443	SPU_020637	0.024221502689606999
SPU_015243	SPU_006991	0.024219284857152877
SPU_005358	SPU_011756	0.024209859069222843
SPU_000276	SPU_018393	0.024202928342803708
SPU_018391	SPU_011001	0.024200294666764436
SPU_001998	SPU_009876	0.024199601594122523
SPU_000739	SPU_012913	0.024197938219781927
SPU_004217	SPU_003595	0.024195165929214269
SPU_019366	SPU_004924	0.024187403515624838
SPU_023894	SPU_012050	0.024185324297699096
SPU_025346	SPU_002320	0.024184492610528796
SPU_001262_2	SPU_022841	0.024163561816743
SPU_014401	SPU_019290	0.024162037056930787
SPU_010424	SPU_023366	0.024156215246738711
SPU_006462	SPU_022816	0.024153304341642673
SPU_020565	SPU_012203	0.024148591447677656
SPU_015908	SPU_016523	0.024147066687865447
SPU_010351	SPU_002677	0.024144294397297789
SPU_002791	SPU_016250	0.02414235379390043
SPU_017348	SPU_026731	0.024129878486345985
SPU_012203	SPU_015767	0.024127106195778326
SPU_000424	SPU_022816	0.024124472519739055
SPU_003166	SPU_002677	0.024114492273695491
SPU_004723	SPU_007011	0.024105205100293847
SPU_024307	SPU_023140	0.024101185278970746
SPU_000424	SPU_017511	0.024097304072176029
SPU_022163	SPU_012912	0.024091620876512333
SPU_017635	SPU_008112	0.024079422798014651
SPU_014197	SPU_014461	0.024065145501591223
SPU_006991	SPU_011130	0.024060987065739742
SPU_006786	SPU_001657	0.024051422663281325
SPU_000861	SPU_015358	0.024048788987242053
SPU_004414	SPU_009876	0.024046432540259548
SPU_005718	SPU_009048	0.024014273969674746
SPU_007253	SPU_024610	0.024012887824390913
SPU_027053	SPU_003490	0.023994174863059239
SPU_002603	SPU_017348	0.023990570885321291
SPU_020637	SPU_012050	0.023984056002487299
SPU_005718	SPU_006787	0.023982808471731853
SPU_017837	SPU_011635	0.02397726389059654
SPU_028479	SPU_017348	0.023964234124928558
SPU_027774	SPU_003595	0.023957719242094569
SPU_004723	SPU_022955	0.023955085566055297
SPU_014793	SPU_013689	0.0239502340575619
SPU_012469	SPU_000739	0.0239453825490685
SPU_020722	SPU_019024_1	0.02393498645943979
SPU_001998	SPU_012203	0.023933045856042431
SPU_002874	SPU_000578	0.023932491397928902
SPU_005572	SPU_022817	0.023923065609998875
SPU_026099	SPU_015719	0.023922233922828575
SPU_027774	SPU_000806	0.023921956693771812
SPU_003595	SPU_019332	0.023911976447728248
SPU_026905	SPU_015605	0.02388938227960186
SPU_000975	SPU_014461	0.023883837698466547
SPU_026763	SPU_008196_1	0.02387399606695137
SPU_002874	SPU_026510	0.023866649496947084
SPU_021192	SPU_019290	0.023862352446567217
SPU_006312	SPU_026962	0.023846827619388347
SPU_000276	SPU_025632	0.023838649362213762
SPU_021557	SPU_002320	0.023838510747685379
SPU_009771	SPU_023730	0.023829639417868878
SPU_002592	SPU_000739	0.023823678993148422
SPU_006917	SPU_013810_1	0.023817441339371196
SPU_020565	SPU_015108	0.023813005674462949
SPU_012203	SPU_027472	0.023808985853139848
SPU_008936	SPU_027145	0.023789441204637871
SPU_007599	SPU_001628	0.023784451081616094
SPU_018355	SPU_004217	0.02377433222104415
SPU_016881	SPU_013178	0.023764074745943824
SPU_005022	SPU_014923	0.023758252935751751
SPU_008196	SPU_013140_1	0.0237538172708435
SPU_018355_1	SPU_006427	0.023746470700839212
SPU_004287_1	SPU_002428	0.023745361784612153
SPU_015772	SPU_004024	0.023741896421402581
SPU_006917	SPU_013140_1	0.023710708152516455
SPU_016449	SPU_003649	0.023705856644023058
SPU_022678	SPU_027774	0.023696015012507881
SPU_022242	SPU_002632	0.023693381336468609
SPU_019366	SPU_018393	0.023683955548538582
SPU_007147	SPU_027362	0.023666490117962347
SPU_020637	SPU_023894	0.023658173246259379
SPU_011635	SPU_011720	0.023654153424936278
SPU_012699	SPU_015719	0.023652767279652456
SPU_007981	SPU_018373	0.023647915771159052
SPU_003704	SPU_006427	0.023642648419080509
SPU_006312	SPU_000739	0.023636965223416816
SPU_026633	SPU_020680	0.023633638474735631
SPU_026465	SPU_005435	0.023631697871338272
SPU_010295	SPU_012648_1	0.023630311726054443
SPU_018056	SPU_006427	0.023619638407368967
SPU_026418	SPU_012772	0.023615757200574249
SPU_001262_2	SPU_023366	0.023599262071696697
SPU_000485	SPU_016786	0.02358969766923829
SPU_017106	SPU_019290	0.023585677847915189
SPU_009642	SPU_013611	0.023580271881308255
SPU_020565	SPU_027145	0.023573202540360737
SPU_023037	SPU_000806	0.023569875791679552
SPU_012490	SPU_008196	0.023569598562622782
SPU_015640	SPU_006786	0.02356821241733896
SPU_005358	SPU_008196_1	0.023568073802810577
SPU_014802	SPU_020330_1	0.023567657959225427
SPU_021192	SPU_009048	0.023566271813941598
SPU_017106	SPU_013047	0.023563499523373947
SPU_028120	SPU_019290	0.023561420305448205
SPU_011189	SPU_007262	0.02355324204827362
SPU_000485	SPU_007599	0.023549222226950519
SPU_015908	SPU_010634	0.023544370718457115
SPU_015772	SPU_007599	0.023540073668077251
SPU_000756	SPU_023140	0.023538964751850192
SPU_004723	SPU_009685	0.023534390472413558
SPU_017106	SPU_009048	0.023528984505806629
SPU_007644	SPU_017441	0.023524826069955145
SPU_014802	SPU_018393	0.023514291365798055
SPU_018391	SPU_012648_1	0.023512073533343929
SPU_026633	SPU_022573	0.02350639033768024
SPU_015772	SPU_026099	0.023505835879566703
SPU_011202	SPU_006004	0.023502093287300369
SPU_012253	SPU_010924_1	0.023476449599549556
SPU_015908	SPU_014289	0.023475479297850876
SPU_006803	SPU_008196_1	0.023461617845012599
SPU_003470	SPU_013904	0.023449142537458147
SPU_008196_1	SPU_013140_1	0.023448726693873
SPU_022573	SPU_008196	0.023444984101606663
SPU_001998	SPU_009178	0.023441102894811949
SPU_023366	SPU_005435	0.023421419631781591
SPU_014332	SPU_021557	0.023415320592532748
SPU_012546	SPU_008112	0.023411439385738034
SPU_015640	SPU_011297	0.023404647273847275
SPU_003704	SPU_013904	0.023395637329502394
SPU_025590	SPU_026962	0.023392171966292823
SPU_007611	SPU_009646	0.023381360033078967
SPU_002816	SPU_001628	0.023379003586096462
SPU_008117_1	SPU_025346	0.023373320390432769
SPU_004414	SPU_013202	0.02337179563062056
SPU_014628	SPU_000310	0.023368746110996135
SPU_004723	SPU_018673	0.023368607496467752
SPU_015982	SPU_000129	0.023358765864952578
SPU_011297	SPU_012203	0.023355300501743007
SPU_024877	SPU_004599	0.023355300501743007
SPU_016443	SPU_006787	0.023350033149664464
SPU_023366	SPU_017470	0.023325775607197476
SPU_017635	SPU_000509	0.023323003316629821
SPU_013047	SPU_015362	0.023318844880778337
SPU_023177	SPU_028120	0.023317874579079655
SPU_000757	SPU_000437	0.023317458735494508
SPU_006991	SPU_002592	0.023315795361153913
SPU_013689	SPU_013904	0.023315102288512
SPU_011297	SPU_019366	0.023314686444926853
SPU_000975	SPU_015719	0.02329943884680475
SPU_009831	SPU_002025	0.023297914086992538
SPU_018355_1	SPU_006420	0.023296112098123559
SPU_002874	SPU_001937	0.023289319986232803
SPU_011297	SPU_015456	0.02328419124868264
SPU_014461	SPU_016881	0.0232740723881107
SPU_028120	SPU_006787	0.023272547628298487
SPU_027472	SPU_024877	0.023266171359992881
SPU_008117_1	SPU_011635	0.023265201058294199
SPU_028093	SPU_014752	0.023257577259233147
SPU_007644	SPU_006427	0.023253557437910046
SPU_004723	SPU_011635	0.023231517727897184
SPU_006991	SPU_018797	0.023230686040726888
SPU_011635	SPU_016250	0.023215438442604784
SPU_002816	SPU_014418	0.023209200788827558
SPU_011635	SPU_018373	0.023207676029015346
SPU_017404_1	SPU_010924	0.023204765123919308
SPU_006787	SPU_008595_1	0.023203240364107099
SPU_017837	SPU_010329_1	0.023200190844482677
SPU_008936	SPU_001657	0.023195893794102813
SPU_018391	SPU_008845	0.023194091805233834
SPU_001113	SPU_028148	0.023193121503535152
SPU_018391	SPU_010329	0.023190765056552647
SPU_023386	SPU_023757	0.023189101682212051
SPU_025346	SPU_027918	0.023188963067683671
SPU_026465	SPU_013904	0.023188547224098521
SPU_006814	SPU_001739	0.023177042218242752
SPU_010295	SPU_019508	0.023171359022579059
SPU_000129	SPU_001739	0.023169141190124934
SPU_020722	SPU_011756	0.023163042150876091
SPU_023090	SPU_018391	0.023159715402194903
SPU_006803	SPU_014752	0.023144745033129563
SPU_011635	SPU_024901_1	0.023135042016142769
SPU_012491	SPU_024610	0.02312367562481538
SPU_011635	SPU_026510	0.023122843937645084
SPU_018355_1	SPU_013611	0.023121457792361255
SPU_013015	SPU_009876	0.023117715200094924
SPU_011635	SPU_000806	0.023110230015562252
SPU_019290	SPU_009474	0.02310815079763651
SPU_018126	SPU_001739	0.023106764652352681
SPU_006421	SPU_012469	0.02310302206008635
SPU_014418	SPU_006786	0.023093596272156316
SPU_023894	SPU_015767	0.023093041814042786
SPU_006676	SPU_023140	0.023086804160265564
SPU_009831	SPU_003595	0.023086804160265564
SPU_007644	SPU_023037	0.023082784338942459
SPU_027935	SPU_013810	0.02307626945610847
SPU_012203	SPU_019290	0.023068922886104182
SPU_006787	SPU_005955	0.023060190170816067
SPU_014793	SPU_027918	0.02304535841627911
SPU_014418	SPU_013119	0.023037873231746442
SPU_018581	SPU_022049	0.023029556360043474
SPU_023090	SPU_000806	0.023018467197772854
SPU_012384	SPU_002632	0.022999615621912793
SPU_021210	SPU_001262_1	0.022992269051908504
SPU_002320	SPU_011130	0.022991853208323358
SPU_006786	SPU_006787	0.02298409079473392
SPU_012491	SPU_026099	0.022983952180205536
SPU_014289	SPU_023757	0.022974526392275509
SPU_008117	SPU_007262	0.022974249163218746
SPU_002874	SPU_011720	0.022972447174349771
SPU_000861	SPU_008377_2	0.022969952112838879
SPU_012008	SPU_020637	0.022969536269253729
SPU_004702	SPU_004217	0.022968843196611816
SPU_007599	SPU_015362	0.022965239218873862
SPU_003102	SPU_014643	0.022964268917175186
SPU_006753	SPU_002592	0.022948051017354396
SPU_021557	SPU_011687	0.022947773788297633
SPU_008117	SPU_024901	0.022944169810559679
SPU_026205	SPU_023757	0.022935714324328331
SPU_006676	SPU_026731	0.022926011307341537
SPU_023090	SPU_006427	0.022920328111677841
SPU_004414	SPU_023065	0.022907852804123392
SPU_018126	SPU_013047	0.022888862613734951
SPU_018797	SPU_014752	0.02287985266939007
SPU_018797	SPU_028827	0.022878882367691394
SPU_002603	SPU_013810_1	0.022876110077123736
SPU_022573	SPU_013140_1	0.0228643278422112
SPU_006991	SPU_015243	0.0228603080208881
SPU_016443	SPU_012203	0.022859199104661037
SPU_027053	SPU_010329_1	0.022856426814093382
SPU_007262	SPU_027918	0.022851991149185132
SPU_008752	SPU_024189	0.022841179215971275
SPU_026877	SPU_013140	0.022834941562194053
SPU_020722	SPU_010329	0.022830783126342569
SPU_001998	SPU_023065	0.022830783126342569
SPU_021192	SPU_021119	0.022827317763132998
SPU_017837	SPU_007262	0.022816921673504287
SPU_012648	SPU_006871	0.022814149382936633
SPU_012203	SPU_013570	0.022805416667648518
SPU_006991	SPU_021557	0.022802782991609247
SPU_018581	SPU_017441	0.022802782991609247
SPU_028479	SPU_024953	0.022793218589150833
SPU_007644	SPU_018392	0.02278711954990199
SPU_000485	SPU_023813	0.022783654186692419
SPU_001998	SPU_027708	0.022782268041408593
SPU_022820	SPU_004723	0.022754822364788804
SPU_002791	SPU_003595	0.022746921336670986
SPU_000861	SPU_015243	0.02274664410761422
SPU_003470	SPU_013611	0.02274664410761422
SPU_023037	SPU_011720	0.022745673805915544
SPU_017837	SPU_025346	0.022744426275160094
SPU_018581	SPU_014588	0.022742069828177589
SPU_013047	SPU_007624	0.022741653984592443
SPU_007644	SPU_018850	0.022736663861570659
SPU_020565	SPU_006787	0.022736248017985509
SPU_000485	SPU_019290	0.022731950967605646
SPU_027235	SPU_009876	0.02273084205137858
SPU_011189	SPU_018373	0.02273028759326505
SPU_002129	SPU_012912	0.022729040062509608
SPU_026962	SPU_009079_1	0.022724465783072974
SPU_008528	SPU_012648_1	0.022722247950618848
SPU_016449	SPU_027145	0.022707554810610275
SPU_012491	SPU_013047	0.022705198363627766
SPU_015772	SPU_005955	0.022702287458531731
SPU_002816	SPU_015767	0.022696742877396418
SPU_017635	SPU_002320	0.022693970586828763
SPU_006917	SPU_000129	0.022691752754374638
SPU_014401	SPU_016792	0.022670821960588838
SPU_018744	SPU_000948	0.022670544731532072
SPU_028583	SPU_000437	0.022669297200776626
SPU_017837	SPU_009685	0.02266333677605617
SPU_000948	SPU_019332	0.022661118943602041
SPU_022817	SPU_017348	0.022651415926615251
SPU_017492	SPU_000948	0.022646287189065084
SPU_017971	SPU_005708	0.022644762429252879
SPU_008117_1	SPU_010924_1	0.022641851524156837
SPU_024877	SPU_001628	0.022637970317362123
SPU_016523	SPU_012645	0.022632980194340339
SPU_006814	SPU_012772	0.022625356395279288
SPU_026465	SPU_017441	0.022610801869799097
SPU_018355_1	SPU_002025	0.022607890964703056
SPU_017579	SPU_000016_1	0.022596940416960816
SPU_015456	SPU_020680	0.022590286919598444
SPU_026099	SPU_000276	0.02258072251714003
SPU_020565	SPU_014418	0.022571573958266769
SPU_023090	SPU_027969	0.02255424714221892
SPU_018056	SPU_000806	0.02254884117561199
SPU_015108	SPU_000948	0.022545375812402423
SPU_027053	SPU_018391	0.022544959968817276
SPU_002816	SPU_023894	0.02253927677315358
SPU_027235	SPU_022573	0.02253872231504005
SPU_012253	SPU_000739	0.022538029242398134
SPU_026763	SPU_013140	0.022535672795415629
SPU_014401	SPU_005955	0.022524999476730152
SPU_023037	SPU_003490	0.022524860862201772
SPU_026418	SPU_017379	0.022521672728048964
SPU_013689	SPU_022841	0.02251238555464732
SPU_008117	SPU_025346	0.022496306269354917
SPU_023090	SPU_012949	0.022492147833503437
SPU_011635	SPU_022955	0.022491316146333137
SPU_003704	SPU_004217	0.022490761688219608
SPU_011174	SPU_020282	0.022489098313879012
SPU_002603	SPU_013810	0.022487989397651953
SPU_002129	SPU_022816	0.022472741799529843
SPU_018581	SPU_022841	0.022470523967075721
SPU_016881	SPU_011315	0.022469276436320278
SPU_008528	SPU_008845	0.022467474447451299
SPU_020565	SPU_017379	0.022462484324429519
SPU_014289	SPU_027145	0.022446959497250649
SPU_008117_1	SPU_006871	0.022426167317993229
SPU_014289	SPU_028120	0.022418959362517327
SPU_021608	SPU_002632	0.022413276166853631
SPU_002874	SPU_024901_1	0.022392622602124598
SPU_004148	SPU_025125	0.022386800791932525
SPU_000739	SPU_022816	0.022385969104762225
SPU_012253	SPU_021557	0.022382087897967504
SPU_024903	SPU_014752	0.022379731450984999
SPU_004148	SPU_012469	0.02235769174097214
SPU_025590	SPU_000739	0.022357553126443757
SPU_018391	SPU_005035	0.022353533305120656
SPU_006991	SPU_014752	0.022349652098325935
SPU_011189	SPU_022955	0.022348404567570489
SPU_023177	SPU_009876	0.022346741193229901
SPU_009876	SPU_009048	0.022344523360775775
SPU_015908	SPU_013570	0.022340919383037821
SPU_016881	SPU_024093	0.022338978779640462
SPU_004217	SPU_015071_1	0.02233676094718634
SPU_018797	SPU_017511	0.022320265818308788
SPU_015640	SPU_013119	0.022319849974723638
SPU_000756	SPU_000437	0.022314166779059945
SPU_022820	SPU_008377	0.022314028164531562
SPU_025590	SPU_010295	0.022306542979998893
SPU_014401	SPU_008752	0.022305018220186681
SPU_008845	SPU_006871	0.022294344901501208
SPU_012008	SPU_027935_1	0.022292265683575466
SPU_018483	SPU_020646	0.022286721102440153
SPU_013119	SPU_001628	0.022274800252999237
SPU_012546	SPU_007315	0.022274245794885704
SPU_017407	SPU_018861	0.022261770487331252
SPU_025346	SPU_013689	0.022261631872802869
SPU_027235	SPU_013810	0.022258166509593304
SPU_018391	SPU_017811	0.022227116855235558
SPU_018355	SPU_006427	0.022208403893903883
SPU_012203	SPU_006787	0.022189552318043825
SPU_002634	SPU_000437	0.022186641412947787
SPU_009831	SPU_018673	0.022183176049738216
SPU_007253	SPU_013047	0.022176661166904227
SPU_004217	SPU_012949	0.02217236411652436
SPU_002816	SPU_023813	0.022170423513127004
SPU_004414	SPU_014289	0.022168067066144496
SPU_004414	SPU_027708	0.022160027423498294
SPU_006753	SPU_002320	0.022158225434629319
SPU_013569	SPU_024901	0.022141453076694999
SPU_001998	SPU_013570	0.022140066931411174
SPU_009876	SPU_002677	0.022138680786127345
SPU_009831	SPU_009685	0.022133967892162331
SPU_013119	SPU_015719	0.022131472830651443
SPU_020722	SPU_010625	0.022128977769140551
SPU_024139	SPU_025632	0.022128561925555405
SPU_000739	SPU_009771	0.022122740115363325
SPU_012253	SPU_002632	0.022122324271778179
SPU_006787	SPU_012050	0.022102225165162675
SPU_013047	SPU_016449	0.022095987511385449
SPU_008117	SPU_012913	0.022095294438743536
SPU_002603	SPU_012772	0.022075888404769945
SPU_018581	SPU_014683	0.022075333946656416
SPU_010295	SPU_006312	0.022075333946656416
SPU_000861	SPU_002592	0.022071729968918461
SPU_004287_1	SPU_020646	0.022068264605708893
SPU_009831	SPU_002554	0.02206771014759536
SPU_021557	SPU_022817	0.022062581410045197
SPU_015358	SPU_028093	0.022043313990599993
SPU_000749	SPU_007147	0.022041096158145868
SPU_009642	SPU_017441	0.022038878325691746
SPU_003704	SPU_018355	0.022034719889840262
SPU_019656	SPU_006004	0.022028898079648185
SPU_014197	SPU_004024	0.022024878258325085
SPU_019656	SPU_016786	0.022011987107185486
SPU_015982	SPU_006484	0.022003670235482518
SPU_009876	SPU_008936	0.021999927643216184
SPU_014628	SPU_005358	0.021999650414159418
SPU_006786	SPU_004024	0.021999234570574268
SPU_008845	SPU_018680	0.021983986972452164
SPU_006991	SPU_007108	0.021983571128867015
SPU_002592	SPU_012913	0.021973036424709925
SPU_009048	SPU_006786	0.021972066123011245
SPU_012546	SPU_011130	0.021944204602806303
SPU_010295	SPU_025590	0.021931867909780238
SPU_019656	SPU_023813	0.021930343149968026
SPU_026465	SPU_018355	0.021925214412417862
SPU_004217	SPU_017441	0.021923273809020507
SPU_022049	SPU_023014	0.021920917362037998
SPU_024918	SPU_000540	0.021919947060339319
SPU_024877	SPU_012050	0.021910382657880905
SPU_007981	SPU_003595	0.021907055909199721
SPU_015374	SPU_023140	0.021889036020509959
SPU_012648	SPU_012648_1	0.021886818188055834
SPU_018056	SPU_027774	0.021886125115413921
SPU_017106	SPU_001739	0.021879194388994782
SPU_000739	SPU_008196	0.021877253785597423
SPU_025590	SPU_021557	0.02186658046691195
SPU_002791	SPU_021382	0.021856600220868386
SPU_014793	SPU_010458	0.021856461606340003
SPU_020565	SPU_024946	0.021840520935575983
SPU_017725	SPU_000739	0.021834006052741994
SPU_024139	SPU_014588	0.021824718879340347
SPU_025346	SPU_009756	0.021824718879340347
SPU_011297	SPU_012008	0.021813213873484578
SPU_025632	SPU_019656	0.021812382186314282
SPU_013689	SPU_018355	0.021811689113672369
SPU_007262	SPU_024901	0.021806421761593822
SPU_017635	SPU_012912	0.021805451459895143
SPU_022846	SPU_019290	0.021794223683096137
SPU_023177	SPU_012772	0.021783688978939043
SPU_015767	SPU_018393	0.021780916688371392
SPU_009876	SPU_023730	0.021778283012332117
SPU_023386	SPU_023140	0.021777728554218587
SPU_012203	SPU_004924	0.021773847347423866
SPU_020722	SPU_006871	0.02177301566025357
SPU_019656	SPU_015767	0.021771629514969745
SPU_026099	SPU_001657	0.021750560106655561
SPU_012546	SPU_009053	0.021747787816087903
SPU_006917	SPU_025584	0.021745154140048632
SPU_018391	SPU_004723	0.021740857089668768
SPU_007644	SPU_010329_1	0.021736282810232137
SPU_006808	SPU_014836	0.021735035279476688
SPU_013047	SPU_002677	0.021733094676079333
SPU_019290	SPU_025632	0.021733094676079333
SPU_022049	SPU_022916	0.021719787681354585
SPU_017642	SPU_026962	0.021719094608712668
SPU_006814	SPU_006242	0.021713965871162505
SPU_024877	SPU_027145	0.021713550027577359
SPU_020637	SPU_019656	0.02171105496606647
SPU_028255	SPU_018797	0.021710916351538087
SPU_017837	SPU_006871	0.021698302429455255
SPU_018355	SPU_000806	0.021691648932092879
SPU_016881	SPU_005955_1	0.02168513404925889
SPU_004414	SPU_016523	0.021682223144162849
SPU_012648	SPU_009685	0.021680005311708727
SPU_007262	SPU_014836	0.021675569646800476
SPU_011315	SPU_004217	0.021671133981892229
SPU_012648	SPU_027912	0.021667530004154278
SPU_004723	SPU_001937	0.021656163612826889
SPU_018797	SPU_017348	0.021655609154713356
SPU_008117	SPU_006871	0.021655331925656593
SPU_008117	SPU_009685	0.021653252707730851
SPU_011189	SPU_024901	0.021651589333390255
SPU_004702	SPU_003649	0.02163329221564373
SPU_021210	SPU_023140	0.021628995165263863
SPU_014793	SPU_012384	0.021622203053373108
SPU_003102	SPU_010924_1	0.021620955522617662
SPU_019332	SPU_005435	0.021618737690163536
SPU_018126	SPU_009048	0.021608618829591596
SPU_000485	SPU_026099	0.021603767321098196
SPU_012648	SPU_000806	0.021601826717700837
SPU_023730	SPU_019290	0.021564955253151018
SPU_004723	SPU_026390	0.021563569107867192
SPU_008117	SPU_019508	0.021558578984845408
SPU_023090	SPU_011720	0.021552618560124952
SPU_027214	SPU_014752	0.021542776928609772
SPU_000948	SPU_020680	0.021535014515020337
SPU_004148	SPU_011130	0.02152558872709031
SPU_014332	SPU_011130	0.021524202581806481
SPU_007599	SPU_014418	0.021523509509164568
SPU_006991	SPU_026962	0.021522400592937505
SPU_002791	SPU_024901	0.021522261978409122
SPU_001998	SPU_000129	0.02150964805632629
SPU_013047	SPU_008936	0.021505905464059956
SPU_015982	SPU_015362	0.021503826246134214
SPU_006312	SPU_021557	0.021500776726509793
SPU_004287_1	SPU_005708	0.021491628167636528
SPU_000276	SPU_004924	0.021488162804426961
SPU_004148	SPU_019033	0.021487053888199898
SPU_026877	SPU_024044	0.021486083586501219
SPU_003704	SPU_000806	0.021482340994234881
SPU_007981	SPU_005737	0.021474855809702213
SPU_018056	SPU_018355	0.021471944904606171
SPU_009048	SPU_012050	0.021468063697811457
SPU_020722	SPU_021044	0.021466954781584394
SPU_006991	SPU_007957	0.021462934960261294
SPU_017407	SPU_016523	0.021457528993654364
SPU_026633	SPU_009178	0.021447687362139187
SPU_012645	SPU_021726	0.021444083384401236
SPU_004217	SPU_005737	0.021436459585340181
SPU_026099	SPU_015362	0.021432578378545463
SPU_012648	SPU_027912_1	0.021430083317034575
SPU_004414	SPU_000129	0.021421489216274844
SPU_000485	SPU_004024	0.021419271383820718
SPU_027053	SPU_018373	0.02141691493683821
SPU_000975	SPU_001628	0.021415944635139531
SPU_018056	SPU_004217	0.021408182221550096
SPU_016449	SPU_000948	0.021398063360978152
SPU_007253	SPU_006242	0.02139542968493888
SPU_020722	SPU_025856	0.021393350467013138
SPU_025113	SPU_007262	0.021388498958519738
SPU_003548	SPU_000437	0.021382538533799282
SPU_027053	SPU_022955	0.021378241483419415
SPU_021608	SPU_011687	0.021377687025305882
SPU_023386	SPU_024610	0.021372142444170572
SPU_015772	SPU_025632	0.021371449371528656
SPU_007981	SPU_001937	0.021359944365672887
SPU_011202	SPU_008752	0.021352736410196985
SPU_005358	SPU_026633	0.02134414230943725
SPU_017725	SPU_021557	0.021342063091511508
SPU_026962	SPU_022242	0.021322379828481154
SPU_014793	SPU_009053	0.021321686755839238
SPU_008117_1	SPU_025590	0.021311845124324064
SPU_022163	SPU_022817	0.021310043135455085
SPU_019366	SPU_014401	0.021301171805638588
SPU_014628	SPU_001262_1	0.021299369816769612
SPU_004723	SPU_011270	0.021294795537332982
SPU_018581	SPU_014684	0.02127136968203629
SPU_028255	SPU_026633	0.021270399380337611
SPU_004702	SPU_012949	0.02126637955901451
SPU_022049	SPU_025584	0.021264716184673918
SPU_017837	SPU_010924_1	0.02125085473183564
SPU_009771	SPU_000129	0.021240735871263697
SPU_011189	SPU_011720	0.021238518038809572
SPU_027053	SPU_019332	0.021237686351639275
SPU_019290	SPU_002816	0.021233805144844558
SPU_014289	SPU_016045	0.021230339781634987
SPU_018355_1	SPU_017441	0.021230339781634987
SPU_006808	SPU_004037	0.021225626887669973
SPU_011315	SPU_003649	0.021222438753517169
SPU_008703	SPU_013570	0.021213151580115521
SPU_015640	SPU_000276	0.021210795133133016
SPU_020124	SPU_006583	0.021206220853696386
SPU_017106	SPU_006787	0.021203309948600344
SPU_009048	SPU_021119	0.021195547535010909
SPU_012384	SPU_000739	0.021191527713687808
SPU_009642	SPU_006427	0.021189309881233687
SPU_025346	SPU_014836	0.021178082104434681
SPU_002815	SPU_024610	0.021177943489906297
SPU_000739	SPU_007317	0.021176418730094088
SPU_010351	SPU_000437	0.021167963243862737
SPU_008112	SPU_002631	0.021150220584229742
SPU_008117_1	SPU_009685	0.021150081969701359
SPU_005572	SPU_008563	0.021141626483470007
SPU_000485	SPU_006787	0.021139408651015885
SPU_010295	SPU_015466	0.021138299734788823
SPU_024877	SPU_019290	0.02113774527667529
SPU_018355_1	SPU_022242	0.021136220516863081
SPU_022816	SPU_004287_1	0.0211263788853479
SPU_002631	SPU_003470	0.021125408583649221
SPU_011297	SPU_009474	0.021120002617042295
SPU_004723	SPU_009646	0.021112794661566389
SPU_000756	SPU_026731	0.021109606527413585
SPU_025584	SPU_011583	0.021107111465902696
SPU_013689	SPU_022242	0.02109588368910369
SPU_018126	SPU_028120	0.02109047772249676
SPU_000757	SPU_001739	0.021089091577212934
SPU_022846	SPU_016786	0.021087844046457489
SPU_010295	SPU_009646	0.02105942806813902
SPU_022163	SPU_015466	0.021059012224553874
SPU_012645	SPU_020637	0.021056378548514599
SPU_019089	SPU_000129	0.021052913185305031
SPU_003470	SPU_006427	0.021046121073414272
SPU_012384	SPU_012648_1	0.021044596313602063
SPU_004723	SPU_011720	0.021041824023034405
SPU_012491	SPU_001739	0.021040576492278962
SPU_022049	SPU_013810_1	0.021040160648693813
SPU_022049	SPU_013810	0.021040022034165433
SPU_006676	SPU_004746	0.021026021966798768
SPU_024903	SPU_026633	0.021012437743017257
SPU_001262_2	SPU_005708	0.021011744670375344
SPU_020565	SPU_025125	0.021000101049991192
SPU_012699	SPU_026099	0.020996081228668088
SPU_000861	SPU_025590	0.020993308938100433
SPU_018393	SPU_015456	0.02099317032357205
SPU_015243	SPU_000739	0.020993031709043666
SPU_003102	SPU_006871	0.020990398033004395
SPU_022678	SPU_017441	0.020989011887720566
SPU_020722	SPU_005035	0.020988041586021886
SPU_001262	SPU_024953	0.020979447485262155
SPU_028827	SPU_009178	0.020968081093934766
SPU_010305	SPU_026731	0.020964892959781961
SPU_025346	SPU_000509	0.020947288914677353
SPU_009831	SPU_014836	0.020946457227507053
SPU_021557	SPU_005522	0.02094534831127999
SPU_001262_2	SPU_004217	0.020942576020712336
SPU_000276	SPU_014401	0.020937863126747322
SPU_024139	SPU_006787	0.020931902702026862
SPU_012490	SPU_007862	0.020927051193533466
SPU_023386	SPU_002677	0.020924694746550957
SPU_002791	SPU_001937	0.020923031372210365
SPU_009642	SPU_006421	0.020919566009000797
SPU_027935	SPU_001262_1	0.020918595707302114
SPU_023177	SPU_023730	0.020917209562018285
SPU_004599	SPU_000749	0.020913328355223571
SPU_003166	SPU_008196	0.020912773897110038
SPU_021192	SPU_006787	0.020910694679184296
SPU_025010	SPU_023140	0.020908615461258554
SPU_028479	SPU_005435	0.020898496600686614
SPU_013047	SPU_006242	0.020898219371629844
SPU_015243	SPU_022816	0.020895308466533809
SPU_011202	SPU_019290	0.020895169852005423
SPU_008752	SPU_016792	0.020885466835018629
SPU_009048	SPU_013119	0.02088449653331995
SPU_021608	SPU_006991	0.020871743996708735
SPU_012384	SPU_010458	0.020863565739534153
SPU_022816	SPU_008196_1	0.020861070678023261
SPU_001113	SPU_004599	0.020859130074625903
SPU_028255	SPU_024044	0.020856080555001481
SPU_026099	SPU_000749	0.020854971638774419
SPU_013689	SPU_017441	0.020847209225184984
SPU_014170	SPU_023894	0.020828912107438455
SPU_025632	SPU_004599	0.020826139816870801
SPU_024918	SPU_007611	0.020824060598945059
SPU_000757	SPU_007624	0.020823506140831529
SPU_025346	SPU_009685	0.020815050654600178
SPU_013047	SPU_012203	0.020810060531578398
SPU_014576	SPU_012203	0.020795506006098207
SPU_011189	SPU_009685	0.020791486184775106
SPU_018797	SPU_002836	0.020784001000242434
SPU_008845	SPU_000540	0.020783307927600522
SPU_010351	SPU_021119	0.020769307860233861
SPU_017635	SPU_026664	0.020758773156076767
SPU_006312	SPU_005522	0.020746020619465552
SPU_023090	SPU_013904	0.020741169110972159
SPU_011189	SPU_015071_1	0.020730357177758299
SPU_012253	SPU_012469	0.02072897103247447
SPU_022163	SPU_014643	0.02072883241794609
SPU_012253	SPU_016272	0.020722733378697247
SPU_013047	SPU_001739	0.020721070004356655
SPU_002592	SPU_017511	0.020715248194164575
SPU_023037	SPU_003595	0.020709010540387349
SPU_012253	SPU_012648_1	0.02070804023868867
SPU_022846	SPU_004024	0.020704574875479102
SPU_024877	SPU_014418	0.02070291150113851
SPU_013015	SPU_019089	0.020701109512269535
SPU_000424	SPU_022892	0.020699584752457322
SPU_027235	SPU_020646	0.020699446137928939
SPU_001998	SPU_014289	0.020695842160190988
SPU_017635	SPU_021557	0.020687663903016403
SPU_002874	SPU_026390	0.020676158897160631
SPU_023730	SPU_024139	0.02066160437168044
SPU_025590	SPU_005522	0.020657584550357343
SPU_002592	SPU_015243	0.020648435991484075
SPU_022846	SPU_023813	0.020641921108650086
SPU_027053	SPU_003595	0.02063651514204316
SPU_002603	SPU_010305	0.020633742851475501
SPU_021192	SPU_015362	0.020627505197698275
SPU_008117_1	SPU_011001	0.020614198202973531
SPU_002791	SPU_026510	0.020606990247497625
SPU_017837	SPU_011720	0.020603940727873204
SPU_016443	SPU_015456	0.020597841688624361
SPU_023730	SPU_013047	0.020585504995598292
SPU_009831	SPU_001937	0.020579960414462983
SPU_028093	SPU_019089	0.020566653419738238
SPU_014418	SPU_000276	0.020566376190681471
SPU_014289	SPU_004340	0.020566098961624705
SPU_005718	SPU_024139	0.020565405888982792
SPU_000424	SPU_013810	0.020561524682188075
SPU_007262	SPU_022697	0.020549187989162006
SPU_021172	SPU_026633	0.0205419800336861
SPU_025346	SPU_022817	0.020539762201231975
SPU_000424	SPU_014752	0.020526593821035614
SPU_026205	SPU_020646	0.020517029418577203
SPU_003102	SPU_000424	0.020508296703289085
SPU_023037	SPU_018391	0.02050607887083496
SPU_018797	SPU_008196_1	0.020504831340079518
SPU_006991	SPU_018908	0.020497623384603612
SPU_011189	SPU_024901_1	0.020484732233464014
SPU_006786	SPU_020637	0.020471148009682499
SPU_001262_1	SPU_005708	0.02047059355156897
SPU_008117	SPU_012648_1	0.020467959875529698
SPU_006676	SPU_009876	0.020466712344774252
SPU_023366	SPU_002603	0.020466435115717486
SPU_018581	SPU_027144	0.020450355830425083
SPU_001113	SPU_027935_1	0.020448415227027728
SPU_012253	SPU_006991	0.020443147874949181
SPU_021608	SPU_030148	0.020440098355324759
SPU_005572	SPU_026664	0.020436078534001659
SPU_025584	SPU_022916	0.02043427654513268
SPU_008112	SPU_022816	0.020431781483621791
SPU_011297	SPU_014588	0.020431504254565025
SPU_002603	SPU_022817	0.020423464611918823
SPU_001657	SPU_013178	0.020422632924748527
SPU_011635	SPU_015071_1	0.020420969550407935
SPU_008845	SPU_000922	0.020420553706822785
SPU_023037	SPU_022955	0.020410434846250845
SPU_011189	SPU_016250	0.020391721884919167
SPU_028827	SPU_000739	0.020382711940574286
SPU_013015	SPU_024044	0.020374256454342935
SPU_008117_1	SPU_014643	0.020363583135657462
SPU_002129	SPU_006991	0.020362612833958783
SPU_026099	SPU_012008	0.02036233560490202
SPU_013015	SPU_020646	0.020357206867351856
SPU_013015	SPU_008196_1	0.020354711805840964
SPU_009876	SPU_024139	0.020354573191312585
SPU_018744	SPU_027598	0.020354573191312585
SPU_017635	SPU_025590	0.020343622643570342
SPU_018954	SPU_018861	0.020341266196587836
SPU_002592	SPU_012786	0.020335721615452523
SPU_006312	SPU_018908	0.020321582933557483
SPU_027598	SPU_007981	0.020321444319029096
SPU_010351	SPU_026731	0.020312295760155835
SPU_025010	SPU_023757	0.020311464072985539
SPU_020565	SPU_013570	0.020298295692789174
SPU_028583	SPU_025888	0.020288176832217231
SPU_028148	SPU_016523	0.020287345145046935
SPU_002816	SPU_006004	0.020282216407496771
SPU_008117	SPU_010924_1	0.020281107491269709
SPU_003166	SPU_014628	0.020279028273343967
SPU_021557	SPU_025590	0.020274592608435719
SPU_017837	SPU_024901	0.020264335133335393
SPU_022820	SPU_007203	0.02026322621710833
SPU_000485	SPU_008595	0.020261701457296121
SPU_000440	SPU_011064	0.020251998440309327
SPU_012648	SPU_007262	0.020249919222383585
SPU_003548	SPU_020646	0.020247008317287544
SPU_012645	SPU_012491	0.020244651870305039
SPU_002874	SPU_018673	0.020231483490108674
SPU_024189	SPU_011246	0.020231206261051907
SPU_002791	SPU_011720	0.020230235959353228
SPU_012203	SPU_002950	0.020214433903117592
SPU_015908	SPU_016045	0.020213740830475679
SPU_013569	SPU_022242	0.020209166551039045
SPU_006803	SPU_007108	0.020209027936510665
SPU_022820	SPU_012648_1	0.020195027869144004
SPU_000424	SPU_026877	0.020193641723860175
SPU_013689_1	SPU_018888	0.020189067444423541
SPU_006753	SPU_022817	0.020187681299139715
SPU_011635	SPU_013611	0.020185740695742357
SPU_018391	SPU_013902	0.020184077321401761
SPU_008936	SPU_024139	0.020140690974017952
SPU_024918	SPU_025848	0.02013902759967736
SPU_015374	SPU_026731	0.020138888985148977
SPU_006814	SPU_013047	0.020132235487786601
SPU_026099	SPU_001628	0.02012863151004865
SPU_014401	SPU_002816	0.020106314570979025
SPU_004148	SPU_002632	0.020104235353053283
SPU_007644	SPU_015605	0.020101185833428861
SPU_014461	SPU_013119	0.020092037274555597
SPU_024877	SPU_006786	0.020088710525874409
SPU_010424	SPU_004287	0.020084829319079692
SPU_023894	SPU_023813	0.020083997631909396
SPU_021192	SPU_013119	0.020068056961145376
SPU_011635	SPU_024901	0.020064175754350658
SPU_015982	SPU_013047	0.020050314301512381
SPU_019290	SPU_007599	0.020049205385285318
SPU_007644	SPU_022697	0.020048373698115022
SPU_011246	SPU_002677	0.020041442971695883
SPU_012914	SPU_025590	0.020036591463202486
SPU_015982	SPU_023140	0.020035759776032187
SPU_007644	SPU_005737	0.020023145853949355
SPU_004723	SPU_002025	0.020021205250551996
SPU_004148	SPU_000016_1	0.020006512110543422
SPU_007253	SPU_009048	0.020002353674691938
SPU_017725	SPU_007315	0.020000967529408109
SPU_006991	SPU_009178	0.020000413071294579
SPU_027935	SPU_013810_1	0.01999902692601075
SPU_012648_1	SPU_014055	0.019995977406386329
SPU_016443	SPU_019290	0.019995145719216036
SPU_012699	SPU_020637	0.019988630836382044
SPU_012469	SPU_014332	0.019986690232984685
SPU_022573	SPU_000437	0.019983363484303497
SPU_006787	SPU_014418	0.019977541674111421
SPU_014802	SPU_015456	0.019976571372412742
SPU_010295	SPU_006871	0.019972967394674791
SPU_027472	SPU_006787	0.019969779260521986
SPU_002815	SPU_006242	0.019961601003347401
SPU_024918	SPU_026385	0.019959799014478426
SPU_026205	SPU_002677	0.019955086120513412
SPU_018391	SPU_022487	0.019952036600888991
SPU_014418	SPU_025632	0.019941224667675134
SPU_017407	SPU_027598	0.019934987013897908
SPU_000861	SPU_006312	0.019932907795972166
SPU_015908	SPU_004924	0.019924729538797582
SPU_012648	SPU_011635	0.019922788935400223
SPU_007599	SPU_000749	0.019912531460299896
SPU_010305	SPU_026877	0.019909066097090328
SPU_011576	SPU_023894	0.019901303683500893
SPU_002320	SPU_026664	0.019900887839915744
SPU_028255	SPU_012912	0.019899640309160298
SPU_018355_1	SPU_022841	0.019880372889715094
SPU_011297	SPU_014802	0.019877461984619052
SPU_023090	SPU_004217	0.019876491682920373
SPU_027053	SPU_011720	0.01987482830857978
SPU_011246	SPU_013047	0.019873442163295951
SPU_020722	SPU_009685	0.019859996554042823
SPU_013689_1	SPU_002025_1	0.019858887637815761
SPU_024877	SPU_021119	0.019841838050824678
SPU_019366	SPU_007147	0.019840867749125999
SPU_020124	SPU_012469	0.01983934298931379
SPU_002874	SPU_018392	0.019829639972326993
SPU_023090	SPU_018355	0.019828531056099934
SPU_000424	SPU_013810_1	0.019825758765532275
SPU_008703	SPU_012203	0.019818273580999607
SPU_006787	SPU_007599	0.019808293334956047
SPU_018392	SPU_002791	0.019807738876842514
SPU_003179	SPU_028583	0.019806907189672218
SPU_015243	SPU_012913	0.019806491346087071
SPU_013689_1	SPU_009847	0.019790966518908198
SPU_021608	SPU_009053	0.019790273446266285
SPU_027053	SPU_018392	0.019787916999283776
SPU_018056	SPU_013904	0.019786669468528331
SPU_025113	SPU_009685	0.019785699166829651
SPU_025888	SPU_006787	0.019785560552301271
SPU_011174	SPU_016523	0.019772392172104906
SPU_014576	SPU_006484	0.019768649579838572
SPU_023037	SPU_024901	0.019768649579838572
SPU_025632	SPU_023894	0.019762966384174876
SPU_023730	SPU_021192	0.019758669333795012
SPU_006917	SPU_017348	0.01975659011586927
SPU_009831	SPU_015071	0.019753401981716465
SPU_028255	SPU_022817	0.019752570294546169
SPU_000424	SPU_018797	0.01975076830567719
SPU_004217	SPU_021382	0.019748827702279832
SPU_024877	SPU_015719	0.019748134629637919
SPU_001739	SPU_009048	0.019746471255297326
SPU_022846	SPU_008595	0.019740788059633634
SPU_008196_1	SPU_024044	0.019726926606795356
SPU_018797	SPU_008196	0.019723461243585785
SPU_022820	SPU_000806	0.019716253288109883
SPU_018581	SPU_028093	0.019699896773760713
SPU_012648_1	SPU_013202	0.019699896773760713
SPU_003179	SPU_019089	0.019697817555834971
SPU_021557	SPU_014628	0.019695322494324079
SPU_012772	SPU_016523	0.019683956102996693
SPU_014289	SPU_006787	0.019671619409970625
SPU_012699	SPU_023894	0.01966330253826766
SPU_003548	SPU_017348	0.019651936146940271
SPU_028255	SPU_017511	0.019645559878634661
SPU_002874	SPU_005737	0.019633223185608596
SPU_018391	SPU_009685	0.019626846917302987
SPU_016443	SPU_023894	0.019618668660128402
SPU_003179	SPU_013810	0.019612431006351176
SPU_007262	SPU_018908	0.01960605473804557
SPU_010403	SPU_002677	0.019605361665403657
SPU_014802	SPU_014401	0.01960161907313732
SPU_016881	SPU_000948	0.019598708168041282
SPU_026205	SPU_013305	0.019596767564643926
SPU_014170	SPU_001628	0.019580272435766374
SPU_020565	SPU_006786	0.019579302134067694
SPU_019002	SPU_012469	0.019571816949535022
SPU_009048	SPU_003378	0.019566133753871329
SPU_014628	SPU_020646	0.019565024837644267
SPU_006583	SPU_017348	0.019563084234246908
SPU_009048	SPU_027145	0.019551856457447902
SPU_002632	SPU_001739	0.019551717842919522
SPU_014793	SPU_002707	0.019546450490840975
SPU_025888	SPU_013047	0.019540351451592133
SPU_014289	SPU_024139	0.019523440479129434
SPU_017348	SPU_027145	0.019523163250072667
SPU_004287	SPU_026664	0.019519975115919862
SPU_003166	SPU_022816	0.019517480054408971
SPU_024139	SPU_006786	0.019516093909125145
SPU_027053	SPU_015071_1	0.019514846378369699
SPU_014289	SPU_013570	0.019506668121195118
SPU_014802	SPU_004924	0.019505004746854526
SPU_007981	SPU_018392	0.019498628478548916
SPU_006583	SPU_008752	0.01949779679137862
SPU_024093	SPU_000948	0.01949197498118654
SPU_023037	SPU_024901_1	0.019485044254767405
SPU_011297	SPU_004024	0.019481717506086217
SPU_018391	SPU_000806	0.019472153103627807
SPU_007262	SPU_024901_1	0.019461618399470713
SPU_010295	SPU_009685	0.019454826287579958
SPU_023037	SPU_018673	0.01945094508078524
SPU_018744	SPU_017492	0.019448865862859498
SPU_017635	SPU_004287_1	0.019446648030405373
SPU_009771	SPU_027708	0.019434034108322541
SPU_011189	SPU_026510	0.019428350912658845
SPU_014289	SPU_021192	0.019421420186239709
SPU_014722	SPU_000669	0.019419479582842347
SPU_022049	SPU_000129	0.0194150439179341
SPU_002791	SPU_005737	0.019414073616235421
SPU_001262_1	SPU_002428	0.019407420118873045
SPU_012384	SPU_021557	0.019397855716414635
SPU_019656	SPU_018393	0.019397578487357868
SPU_012699	SPU_015456	0.019385103179803419
SPU_007644	SPU_007981	0.019382192274707378
SPU_005572	SPU_002025	0.019379281369611343
SPU_008528	SPU_000806	0.019360013950166136
SPU_003102	SPU_009685	0.019355023827144355
SPU_002815	SPU_012772	0.019350588162236108
SPU_009642	SPU_010458	0.01934837032978198
SPU_006676	SPU_002677	0.019346291111856238
SPU_009831	SPU_022697	0.019335617793170765
SPU_018797	SPU_006484	0.019335063335057235
SPU_003470	SPU_027918	0.019335063335057235
SPU_002791	SPU_024901_1	0.01933270688807473
SPU_021192	SPU_000975	0.01933242965901796
SPU_006753	SPU_021557	0.019323003871087933
SPU_025584	SPU_028093	0.01931732067542424
SPU_009831	SPU_027918	0.019310944407118631
SPU_000424	SPU_010305	0.019306231513153617
SPU_009831	SPU_007644	0.019292508674843722
SPU_017837	SPU_022955	0.019289320540690918
SPU_006787	SPU_026099	0.019280310596346037
SPU_009178	SPU_000437	0.01928003336728927
SPU_026465	SPU_006427	0.019278369992948678
SPU_008845	SPU_010924	0.019269914506717327
SPU_019366	SPU_020330_1	0.019258270886333174
SPU_018581	SPU_004037	0.019252864919726245
SPU_015712	SPU_027145	0.01925009262915859
SPU_014461	SPU_023813	0.019248429254817997
SPU_021608	SPU_010924_1	0.019247181724062552
SPU_023177	SPU_017379	0.019234706416508103
SPU_015712	SPU_013047	0.019221399421783355
SPU_009048	SPU_008595_1	0.019217379600460254
SPU_014332	SPU_002707	0.019213498393665537
SPU_013047	SPU_006786	0.019208785499700523
SPU_025113	SPU_008112	0.019203518147621976
SPU_009771	SPU_026731	0.019198389410071813
SPU_006753	SPU_025590	0.019194646817805479
SPU_001739	SPU_012203	0.019180369521382051
SPU_000739	SPU_009911	0.019177874459871163
SPU_023177	SPU_002950	0.019174963554775121
SPU_006484	SPU_027145	0.019173022951377763
SPU_008196	SPU_020646	0.01917219126420747
SPU_023730	SPU_027145	0.019166646683072157
SPU_007611	SPU_012913	0.019147102034570186
SPU_015772	SPU_019290	0.019143913900417382
SPU_024918	SPU_027912	0.019133933654373821
SPU_017837	SPU_012648_1	0.019132824738146759
SPU_024093	SPU_011315	0.019127696000596595
SPU_025010	SPU_025888	0.019123398950216728
SPU_000485	SPU_024946	0.019114804849456997
SPU_006462	SPU_020646	0.019104824603413437
SPU_026465	SPU_006420	0.01909955725133489
SPU_025010	SPU_020646	0.019092626524915751
SPU_015982	SPU_004340	0.019089854234348096
SPU_027214	SPU_004287	0.019088606703592654
SPU_007262	SPU_023366	0.019085695798496612
SPU_003470	SPU_015605	0.019081398748116749
SPU_015243	SPU_025584	0.019072111574715101
SPU_016443	SPU_012008	0.019068784826033913
SPU_009642	SPU_018355	0.01905852735093359
SPU_009831	SPU_023366	0.019052982769798277
SPU_008936	SPU_006786	0.019052289697156364
SPU_005572	SPU_009646	0.019045636199793992
SPU_021210	SPU_005708	0.019041616378470891
SPU_017470	SPU_004217	0.019036626255449107
SPU_012490	SPU_014752	0.019036487640920727
SPU_024139	SPU_012699	0.019015834076191694
SPU_017837	SPU_019508	0.019008764735244172
SPU_008936	SPU_023730	0.019007517204488726
SPU_022163	SPU_000739	0.018998368645615462
SPU_007599	SPU_023894	0.018992408220895002
SPU_010295	SPU_010924_1	0.018980487371454084
SPU_025590	SPU_012912	0.018971893270694352
SPU_020637	SPU_016786	0.018968705136541548
SPU_000739	SPU_015466	0.018956229828987096
SPU_015712	SPU_012772	0.018942229761620435
SPU_012203	SPU_015362	0.018941120845393372
SPU_012546	SPU_025125	0.018940566387279843
SPU_023177	SPU_021192	0.018912704867074904
SPU_013305	SPU_030139	0.018911457336319458
SPU_018355	SPU_005737	0.018901615704804281
SPU_021210	SPU_030139	0.018899675101406922
SPU_023037	SPU_018392	0.018885397804983495
SPU_009831	SPU_013611	0.018875001715354788
SPU_002634	SPU_023140	0.018874308642712875
SPU_002603	SPU_026205	0.018872368039315517
SPU_017106	SPU_003378	0.018871813581201984
SPU_017725	SPU_025125	0.018870011592333008
SPU_018908	SPU_022242	0.018868070988935649
SPU_005718	SPU_003378	0.018864189782140932
SPU_009831	SPU_002662_1	0.018858367971948856
SPU_011189	SPU_006871	0.018848942184018825
SPU_017837	SPU_014836	0.018838407479861735
SPU_026633	SPU_008196	0.018829813379102001
SPU_002634	SPU_002677	0.018819971747586824
SPU_007644	SPU_012949	0.018817338071547552
SPU_000276	SPU_020330_1	0.018810545959656793
SPU_004287_1	SPU_026731	0.018807635054560758
SPU_018355_1	SPU_018355	0.018799040953801024
SPU_014793	SPU_014836	0.018787258718888488
SPU_012648_1	SPU_021757	0.018778248774543607
SPU_021557	SPU_015466	0.018775060640390803
SPU_007611	SPU_004148	0.018775060640390803
SPU_023366	SPU_000440	0.01877339726605021
SPU_027015	SPU_024877	0.018768684372085197
SPU_004414	SPU_012772	0.018766743768687838
SPU_000485	SPU_002816	0.018765912081517538
SPU_006808	SPU_007262	0.018761337802080908
SPU_022846	SPU_020637	0.018755100148303682
SPU_022846	SPU_012008	0.01875343677396309
SPU_004723	SPU_027918	0.018750664483395435
SPU_018581	SPU_011272_1	0.018746921891129097
SPU_008936	SPU_026099	0.018746506047543951
SPU_022816	SPU_010305	0.018721694046963434
SPU_000485	SPU_014802	0.018714070247902378
SPU_027472	SPU_015362	0.018709634582994131
SPU_012648	SPU_019508	0.018705614761671031
SPU_026099	SPU_015456	0.018701733554876313
SPU_011635	SPU_018392	0.0186970206609113
SPU_015243	SPU_009178	0.018693971141286878
SPU_019332	SPU_003595	0.01869064439260569
SPU_014418	SPU_000975	0.018688842403736715
SPU_014332	SPU_011711	0.018669852213348274
SPU_021172	SPU_008112	0.018666941308252232
SPU_026633	SPU_013810_1	0.018663891788627814
SPU_018483	SPU_024044	0.01866014919636148
SPU_013047	SPU_009474	0.018655159073339696
SPU_002791	SPU_018392	0.018652941240885575
SPU_018355_1	SPU_013689	0.018652525397300425
SPU_000276	SPU_007147	0.018642683765785248
SPU_026205	SPU_009876	0.018638386715405381
SPU_006786	SPU_012203	0.018633535206911984
SPU_001262	SPU_005708	0.018633257977855221
SPU_012648	SPU_010329_1	0.018631178759929479
SPU_008845	SPU_011001	0.018622307430112978
SPU_012490	SPU_018797	0.018619257910488556
SPU_015908	SPU_017379	0.018618010379733114
SPU_012253	SPU_010458	0.018616347005392522
SPU_020565	SPU_008752	0.018615376703693842
SPU_022049	SPU_017348	0.018613990558410013
SPU_018581	SPU_022817	0.018604287541423219
SPU_012203	SPU_005955_1	0.018603733083309686
SPU_000861	SPU_014643	0.018599574647458206
SPU_025590	SPU_007957	0.018587237954432137
SPU_020124	SPU_009079_1	0.018574346803292539
SPU_003470	SPU_009685	0.018570742825554584
SPU_014793	SPU_018355	0.018569079451213992
SPU_004723	SPU_009847	0.018564505171777358
SPU_009048	SPU_019290	0.018558821976113665
SPU_017470	SPU_027935_1	0.018537198109685953
SPU_006814	SPU_002677	0.018526524791000479
SPU_025346	SPU_023366	0.018510861349293226
SPU_008528	SPU_017811	0.018501296946834812
SPU_000861	SPU_012469	0.018498940499852304
SPU_007644	SPU_004037	0.018498108812682008
SPU_001657	SPU_010634	0.018489098868337127
SPU_001998	SPU_016523	0.018473989884743407
SPU_012384	SPU_012469	0.018466227471153968
SPU_018056	SPU_008698	0.018461930420774101
SPU_027472	SPU_024139	0.018461237348132188
SPU_008703	SPU_008936	0.018458049213979387
SPU_020123	SPU_014686	0.018457356141337471
SPU_021119	SPU_019656	0.018455415537940112
SPU_018393	SPU_027969	0.018451118487560245
SPU_026465	SPU_018391	0.018442247157743747
SPU_003166	SPU_009876	0.018441692699630217
SPU_013119	SPU_001113	0.018435039202267845
SPU_011297	SPU_027145	0.018434900587739462
SPU_023090	SPU_008698	0.01843240552622857
SPU_001739	SPU_013047	0.018429494621132532
SPU_009048	SPU_008936	0.018423395581883689
SPU_006312	SPU_007315	0.018419098531503825
SPU_022846	SPU_025632	0.018414524252067192
SPU_027472	SPU_025632	0.018403573704324952
SPU_021192	SPU_024946	0.018396781592434196
SPU_018355_1	SPU_005708	0.018392345927525949
SPU_020637	SPU_012008	0.01839095978224212
SPU_012203	SPU_010634	0.018389435022429908
SPU_006814	SPU_006786	0.018385969659220337
SPU_022846	SPU_024877	0.018382365681482386
SPU_008703	SPU_008752	0.018380840921670177
SPU_014170	SPU_023813	0.018378623089216051
SPU_007599	SPU_015456	0.018361712116753352
SPU_006786	SPU_026099	0.018357969524487018
SPU_022816	SPU_008196	0.018348820965613754
SPU_003704	SPU_008698	0.018340642708439173
SPU_006462	SPU_013810	0.018329830775225313
SPU_005358	SPU_022817	0.018329553546168546
SPU_008117	SPU_011720	0.018325672339373829
SPU_003166	SPU_007862	0.018313612875404527
SPU_012491	SPU_007599	0.018311672272007168
SPU_021192	SPU_019656	0.018310701970308488
SPU_025346	SPU_011270	0.018305434618229942
SPU_006991	SPU_009048	0.01830321678577582
SPU_002677	SPU_001739	0.018301830640491991
SPU_011635	SPU_018673	0.018296979131998594
SPU_019290	SPU_014401	0.018293652383317406
SPU_028255	SPU_003548	0.018279790930479128
SPU_013047	SPU_027145	0.018274939421985732
SPU_009642	SPU_028093	0.018273414662173523
SPU_015908	SPU_008752	0.018266622550282767
SPU_000440	SPU_015243	0.018264404717828642
SPU_003595_1	SPU_028120	0.018260939354619071
SPU_004723	SPU_025849	0.018249711577820068
SPU_022678	SPU_007644	0.018248602661593002
SPU_021557	SPU_010295	0.018247632359894326
SPU_020722	SPU_013902	0.018245414527440201
SPU_002631	SPU_000861	0.018242919465929309
SPU_006803	SPU_008196	0.018233493677999282
SPU_006808	SPU_005667	0.018229196627619414
SPU_010295	SPU_002025	0.018229058013091031
SPU_019002	SPU_026633	0.018226562951580143
SPU_015982	SPU_027145	0.018222820359313809
SPU_018581	SPU_021210	0.018222681744785425
SPU_008528	SPU_005035	0.018217830236292025
SPU_006462	SPU_013810_1	0.018208681677418764
SPU_017837	SPU_026510	0.018207849990248468
SPU_013015	SPU_026205	0.018197869744204904
SPU_012491	SPU_006484	0.01819454299552372
SPU_018483	SPU_026633	0.01818359244778148
SPU_006312	SPU_012912	0.018183315218724714
SPU_018483	SPU_013810	0.018176661721362342
SPU_003179	SPU_013810_1	0.01817416665985145
SPU_004723	SPU_026510	0.018173473587209537
SPU_026633	SPU_013810	0.018170978525698649
SPU_003470	SPU_022697	0.018165988402676865
SPU_007253	SPU_000437	0.018165018100978186
SPU_005572	SPU_007108	0.018160998279655088
SPU_000485	SPU_019366	0.018149909117384466
SPU_012699	SPU_007599	0.018149493273799316
SPU_023090	SPU_027774	0.018147275441345194
SPU_003179	SPU_006242	0.018147136826816807
SPU_007262	SPU_004037	0.018146859597760044
SPU_028479	SPU_013689	0.018136879351716484
SPU_003179	SPU_013967	0.018132443686808237
SPU_008196_1	SPU_008196	0.018128146636428366
SPU_005572	SPU_002592	0.018127037720201303
SPU_016523	SPU_011348	0.018126206033031011
SPU_009831	SPU_006871	0.018118998077555105
SPU_025632	SPU_015719	0.018111928736607583
SPU_003595_1	SPU_025888	0.018108047529812862
SPU_008936	SPU_013570	0.018106106926415507
SPU_008936	SPU_012203	0.018102087105092406
SPU_003179	SPU_014289	0.018101116803393727
SPU_021557	SPU_006312	0.018099176199996368
SPU_000485	SPU_015767	0.01808171076942014
SPU_011315	SPU_017492	0.018075195886586147
SPU_018391	SPU_007203	0.018067156243939946
SPU_000424	SPU_002025_1	0.018063968109787141
SPU_004723	SPU_014836	0.01806050274657757
SPU_009048	SPU_025632	0.018059116601293744
SPU_009771	SPU_013967	0.018051076958647543
SPU_002129	SPU_022817	0.018042621472416195
SPU_014332	SPU_012469	0.018031116466560422
SPU_027214	SPU_011174	0.018029314477691447
SPU_013015	SPU_010305	0.018025294656368346
SPU_015982	SPU_023757	0.018019334231647886
SPU_000129	SPU_021192	0.018007967840320497
SPU_008528	SPU_025848	0.018005334164281225
SPU_012384	SPU_014923	0.018004779706167696
SPU_000485	SPU_025632	0.018001452957486508
SPU_013015	SPU_028148	0.018001314342958125
SPU_023090	SPU_005737	0.017997710365220174
SPU_001262_2	SPU_012949	0.017988284577290143
SPU_015828	SPU_007611	0.017977056800491137
SPU_003166	SPU_002615	0.017975393426150545
SPU_027053	SPU_021382	0.01797275975011127
SPU_012469	SPU_012877	0.017963195347652859
SPU_010351	SPU_020082	0.017958066610102696
SPU_006814	SPU_006787	0.0179572349229324
SPU_012648	SPU_022955	0.017956403235762104
SPU_018355	SPU_008698	0.017955432934063424
SPU_027053	SPU_005737	0.017947254676888839
SPU_025632	SPU_016786	0.017938521961600725
SPU_019332	SPU_007981	0.017935611056504687
SPU_014461	SPU_019656	0.017933531838578945
SPU_000757	SPU_028120	0.017933254609522178
SPU_002791	SPU_018673	0.017925353581404364
SPU_008528	SPU_005435	0.017909551525168724
SPU_007644	SPU_028746	0.017908442608941665
SPU_027472	SPU_021192	0.017908303994413278
SPU_012772	SPU_013202	0.017907610921771365
SPU_009642	SPU_009053	0.017895828686858829
SPU_024877	SPU_008595	0.017894303927046617
SPU_009048	SPU_000975	0.017889175189496453
SPU_001262	SPU_002428	0.017882937535719231
SPU_014793	SPU_014684	0.017876699881942005
SPU_016443	SPU_019656	0.017866442406841682
SPU_018392	SPU_000922	0.017859650294950923
SPU_006991	SPU_017725	0.017859234451365776
SPU_025113	SPU_006871	0.017857432462496797
SPU_018391	SPU_025848	0.017851749266833104
SPU_022820	SPU_018391	0.017850640350606042
SPU_003595_1	SPU_023757	0.017849531434378983
SPU_008703	SPU_016523	0.017846343300226178
SPU_027053	SPU_001937	0.017838996730221889
SPU_007611	SPU_002631	0.01783262046191628
SPU_023894	SPU_019290	0.017829848171348625
SPU_003704	SPU_005737	0.017829709556820242
SPU_026465	SPU_013689	0.017815016416811668
SPU_023386	SPU_013810	0.017813491656999459
SPU_013569	SPU_014628	0.01781252135530078
SPU_000861	SPU_008112	0.017811412439073717
SPU_026763	SPU_010305	0.017810164908318271
SPU_009642	SPU_002707	0.017810164908318271
SPU_013569	SPU_027774	0.017807947075864146
SPU_003166	SPU_026633	0.017803927254541045
SPU_007253	SPU_002677	0.017800461891331474
SPU_001113	SPU_021726	0.017796857913593523
SPU_004723	SPU_022697	0.017793808393969102
SPU_014802	SPU_007147	0.017789234114532471
SPU_012648_1	SPU_000016_1	0.017780501399244353
SPU_006421	SPU_002632	0.017774679589052281
SPU_017348	SPU_027935_1	0.017768441935275055
SPU_003166	SPU_013305	0.017763035968668125
SPU_012914	SPU_010924_1	0.017759293376401791
SPU_022049	SPU_026962	0.017758323074703111
SPU_003704	SPU_023037	0.017751392348283972
SPU_026099	SPU_014418	0.017746540839790576
SPU_010351	SPU_023140	0.017744461621864834
SPU_022820	SPU_002707	0.017740857644126883
SPU_018797	SPU_003548	0.017729214023742727
SPU_002791	SPU_026390	0.017725055587891243
SPU_004217	SPU_007644	0.017721728839210058
SPU_027598	SPU_007611	0.017719649621284316
SPU_026905	SPU_010924	0.017719511006755933
SPU_001113	SPU_004021	0.017715213956376066
SPU_018483	SPU_030148	0.017710778291467815
SPU_015772	SPU_006786	0.017708699073542073
SPU_023037	SPU_021382	0.017701352503537788
SPU_002816	SPU_005955	0.017696500995044391
SPU_008845	SPU_004723	0.017691372257494228
SPU_017407	SPU_011348	0.017681253396922284
SPU_007253	SPU_027145	0.017674738514088295
SPU_006753	SPU_006312	0.017671411765407107
SPU_017379	SPU_027145	0.017669748391066515
SPU_009178	SPU_020646	0.017667807787669156
SPU_008117_1	SPU_015466	0.017665589955215031
SPU_004287_1	SPU_003179	0.017664481038987968
SPU_026099	SPU_023894	0.017663926580874439
SPU_018744	SPU_008953_1	0.01766115429030678
SPU_027214	SPU_027708	0.017653946334830879
SPU_004217	SPU_018392	0.017650065128036161
SPU_012203	SPU_015772	0.017649372055394245
SPU_016881	SPU_020803	0.017647708681053653
SPU_002634	SPU_028120	0.017644936390485998
SPU_018056	SPU_005737	0.017644104703315698
SPU_013689	SPU_006427	0.017644104703315698
SPU_021210	SPU_017971	0.01764063934010613
SPU_009876	SPU_018861	0.017630797708590953
SPU_014576	SPU_003586	0.017629272948778741
SPU_012648_1	SPU_008112	0.017628857105193595
SPU_007644	SPU_013904	0.017613055048957958
SPU_008936	SPU_025632	0.017608619384049708
SPU_019290	SPU_013178	0.017606956009709115
SPU_014802	SPU_024307	0.017605154020840137
SPU_022846	SPU_024946	0.01758879750649097
SPU_004217	SPU_028746	0.017583391539884044
SPU_019656	SPU_019366	0.017582698467242128
SPU_012772	SPU_017379	0.017567312254591641
SPU_019366	SPU_010634	0.017565371651194282
SPU_018126	SPU_027145	0.017561906287984711
SPU_022846	SPU_014802	0.017557193394019698
SPU_028827	SPU_015466	0.017548599293259966
SPU_014628	SPU_017635	0.017545411159107162
SPU_002634	SPU_026731	0.017510618912483084
SPU_015640	SPU_000749	0.017479292029068574
SPU_022049	SPU_009178	0.01747055931378046
SPU_018581	SPU_025849	0.017467648408684422
SPU_004021	SPU_014418	0.017456697860942182
SPU_003179	SPU_025888	0.017452678039619082
SPU_026465	SPU_008698	0.01744976713452304
SPU_000440	SPU_002592	0.01744976713452304
SPU_007599	SPU_005955	0.017448519603767598
SPU_022846	SPU_002816	0.017447549302068918
SPU_018355_1	SPU_014683	0.017446440385841856
SPU_015640	SPU_000975	0.017438539357724037
SPU_009642	SPU_027918	0.017438539357724037
SPU_009048	SPU_021192	0.01743368784923064
SPU_006814	SPU_027145	0.017430776944134599
SPU_024139	SPU_012203	0.017411786753746158
SPU_018393	SPU_011315	0.017399727289776859
SPU_018392	SPU_000540	0.017387667825807557
SPU_007599	SPU_000276	0.017381846015615481
SPU_015358	SPU_009646	0.017379628183161355
SPU_016443	SPU_015362	0.01737741035070723
SPU_000424	SPU_025849	0.017375608361838255
SPU_021172	SPU_009876	0.017369509322589412
SPU_022678	SPU_008698	0.017368400406362349
SPU_018355_1	SPU_013861	0.017366598417493374
SPU_008936	SPU_019366	0.017362439981641893
SPU_007147	SPU_011315	0.017360915221829681
SPU_002603	SPU_028148	0.017360776607301297
SPU_020722	SPU_011001	0.017344281478423748
SPU_010295	SPU_026962	0.017342618104083152
SPU_017407	SPU_023757	0.017340261657100647
SPU_002816	SPU_025632	0.017339152740873585
SPU_021119	SPU_002816	0.017336796293891076
SPU_023037	SPU_018373	0.017331944785397679
SPU_004217	SPU_008698	0.017326538818790753
SPU_027774	SPU_015828	0.017324598215393391
SPU_013119	SPU_025632	0.017322934841052798
SPU_011202	SPU_005955	0.017321132852183823
SPU_028827	SPU_022816	0.017312261522367325
SPU_016443	SPU_008595	0.017310875377083496
SPU_020123	SPU_013576	0.017309627846328054
SPU_020311	SPU_021557	0.017308380315572608
SPU_015829	SPU_007611	0.01730463772330627
SPU_018744	SPU_013861	0.017299370371227727
SPU_011297	SPU_005955_1	0.017296875309716835
SPU_014802	SPU_015772	0.017295627778961389
SPU_013047	SPU_028120	0.017295211935376243
SPU_004287	SPU_007862	0.017291053499524759
SPU_025346	SPU_006871	0.017284954460275916
SPU_012648	SPU_011720	0.017284261387634003
SPU_012772	SPU_015772	0.017268043487813217
SPU_016443	SPU_023813	0.017261667219507608
SPU_014461	SPU_016786	0.017259865230638636
SPU_011576	SPU_001628	0.017248082995726097
SPU_011576	SPU_015767	0.017243924559874616
SPU_025113	SPU_014836	0.017229092805337659
SPU_007262	SPU_023037	0.017225627442128088
SPU_009771	SPU_002677	0.017218558101180566
SPU_016443	SPU_004024	0.017213706592687169
SPU_022817	SPU_004746	0.017213567978158786
SPU_027214	SPU_026418	0.017205944179097734
SPU_015640	SPU_025632	0.017205251106455818
SPU_001739	SPU_027145	0.017200815441547571
SPU_005572	SPU_009685	0.017185983687010613
SPU_024093	SPU_014588	0.017157013250578609
SPU_004217	SPU_001937	0.017155349876238016
SPU_018581	SPU_006058	0.01715507264718125
SPU_024877	SPU_004024	0.017152438971141978
SPU_012008	SPU_026099	0.017151330054914916
SPU_020124	SPU_011174	0.017139686434530763
SPU_003704	SPU_013861	0.017139686434530763
SPU_008117	SPU_014836	0.017136498300377959
SPU_014289	SPU_027472	0.017135805227736046
SPU_007981	SPU_026510	0.017129706188487203
SPU_009048	SPU_012203	0.01712346853470998
SPU_026465	SPU_013861	0.017099904064884906
SPU_000485	SPU_020330_1	0.017092696109409
SPU_018056	SPU_023037	0.017091448578653554
SPU_024918	SPU_018391	0.017090478276954875
SPU_008117_1	SPU_019508	0.017089092131671049
SPU_027598	SPU_004217	0.01708271586336544
SPU_008752	SPU_025125	0.017081468332609998
SPU_014793	SPU_018888	0.017061923684108023
SPU_014722	SPU_007611	0.017057072175614627
SPU_019089	SPU_027708	0.0170516662090077
SPU_011635	SPU_009646	0.017050280063723871
SPU_015772	SPU_024946	0.017050141449195488
SPU_002677	SPU_014588	0.017043903795418262
SPU_011297	SPU_006787	0.017043210722776349
SPU_021608	SPU_012469	0.017039606745038394
SPU_009876	SPU_021192	0.017038636443339715
SPU_012645	SPU_024610	0.01703087402975028
SPU_016881	SPU_012489	0.01703087402975028
SPU_019366	SPU_011315	0.017017428420497152
SPU_015908	SPU_015772	0.017012854141060518
SPU_013569	SPU_028093	0.017012438297475369
SPU_026418	SPU_006484	0.017011052152191543
SPU_018355	SPU_018392	0.017008002632567121
SPU_017348	SPU_020646	0.017003705582187254
SPU_013689	SPU_011272_1	0.016998576844637091
SPU_005572	SPU_012912	0.016986101537082646
SPU_022820	SPU_011174	0.016984299548213667
SPU_012469	SPU_013202	0.016977230207266145
SPU_021192	SPU_008595	0.016976398520095849
SPU_018744	SPU_022717	0.016974457916698486
SPU_013689_1	SPU_021666	0.016968913335563177
SPU_003704	SPU_028746	0.016963368754427867
SPU_018355	SPU_013861	0.016962675681785951
SPU_027598	SPU_012949	0.016957962787820937
SPU_011189	SPU_009646	0.016953804351969456
SPU_006991	SPU_006637	0.01694271518969883
SPU_018355_1	SPU_008698	0.016931626027428211
SPU_006786	SPU_008936	0.016928299278747023
SPU_017837	SPU_000578	0.016926497289878047
SPU_014576	SPU_025888	0.016920398250629205
SPU_009642	SPU_013689	0.016917348731004783
SPU_002874	SPU_027774	0.016916932887419637
SPU_006786	SPU_015362	0.016916932887419637
SPU_006583	SPU_024189	0.016915130898550658
SPU_006753	SPU_015466	0.016907922943074756
SPU_015712	SPU_009048	0.01690667541231931
SPU_015640	SPU_019290	0.016902516976467826
SPU_014170	SPU_005955	0.016895863479105454
SPU_018391	SPU_004807	0.01689073474155529
SPU_017407	SPU_017492	0.016888239680044399
SPU_004599	SPU_012008	0.016884912931363214
SPU_000276	SPU_011315	0.016879922808341434
SPU_015908	SPU_025125	0.016873546540035825
SPU_016443	SPU_025632	0.01687035840588302
SPU_008528	SPU_022487	0.016870081176826257
SPU_018355_1	SPU_022717	0.016869526718712724
SPU_008528	SPU_007203	0.016860932617952993
SPU_003470	SPU_028093	0.016858714785498868
SPU_018581	SPU_002025_1	0.016854279120590621
SPU_014576	SPU_024953	0.016840417667752343
SPU_018483	SPU_022816	0.016840140438695573
SPU_012648	SPU_018391	0.016836952304542772
SPU_004217	SPU_027774	0.01683528893020218
SPU_021210	SPU_002025_1	0.016831130494350695
SPU_002874	SPU_017441	0.016830714650765546
SPU_013305	SPU_028148	0.016827803745669508
SPU_002815	SPU_006484	0.016825863142272149
SPU_002677	SPU_013047	0.016825585913215386
SPU_020123	SPU_028583	0.016823090851704494
SPU_002677	SPU_006787	0.016816437354342122
SPU_016617	SPU_028583	0.016815189823586676
SPU_014802	SPU_010634	0.016814635365473143
SPU_014576	SPU_011246	0.016812694762075784
SPU_000440	SPU_002615	0.016811031387735192
SPU_002677	SPU_021192	0.016808120482639154
SPU_010305	SPU_013140_1	0.016794674873386022
SPU_001739	SPU_023730	0.016792041197346751
SPU_009831	SPU_017441	0.016788298605080416
SPU_028120	SPU_001113	0.01678746691791012
SPU_020722	SPU_009831	0.016786219387154674
SPU_010351	SPU_021192	0.01678247679488834
SPU_026465	SPU_023037	0.016776932213753027
SPU_027472	SPU_027145	0.016773605465071839
SPU_028583	SPU_028148	0.016763763833556662
SPU_023090	SPU_018673	0.016759466783176798
SPU_015982	SPU_009048	0.016750318224303534
SPU_026418	SPU_020282	0.016732436950142156
SPU_015358	SPU_015466	0.016731050804858327
SPU_015456	SPU_003649	0.01673063496127318
SPU_002791	SPU_028746	0.016726753754478459
SPU_026465	SPU_022717	0.0167256448382514
SPU_026877	SPU_008196_1	0.016720654715229617
SPU_027015	SPU_017511	0.016714694290509161
SPU_000757	SPU_027145	0.016710535854657677
SPU_021119	SPU_016786	0.016709426938430614
SPU_007599	SPU_025632	0.016708456636731935
SPU_002874	SPU_028746	0.016693763496723361
SPU_002874	SPU_007981	0.01668516939596363
SPU_027053	SPU_024901_1	0.016676713909732278
SPU_001262	SPU_022717	0.016668535652557694
SPU_003166	SPU_026205	0.016667842579915777
SPU_001262	SPU_008953_1	0.016667149507273868
SPU_015640	SPU_008936	0.016660218780854726
SPU_018581	SPU_003548	0.016650931607453078
SPU_018355_1	SPU_008953_1	0.016647050400658364
SPU_000485	SPU_006004	0.016641089975937905
SPU_023037	SPU_026390	0.016637763227256717
SPU_015772	SPU_023894	0.016634020634990379
SPU_026099	SPU_005955	0.016630278042724048
SPU_008528	SPU_018391	0.01662750575215639
SPU_000485	SPU_012008	0.016626258221400944
SPU_005358	SPU_010924_1	0.016624872076117118
SPU_009831	SPU_027774	0.016623485930833289
SPU_006462	SPU_024044	0.016621129483850784
SPU_018056	SPU_013861	0.01661752550611283
SPU_012699	SPU_001628	0.016615723517243854
SPU_003704	SPU_022717	0.016599782846479835
SPU_008117	SPU_009646	0.016598535315724389
SPU_015982	SPU_022846	0.016582040186846839
SPU_012914	SPU_000016_1	0.016572614398916809
SPU_005572	SPU_002554	0.016572337169860046
SPU_027053	SPU_024901	0.016569703493820771
SPU_002874	SPU_022697	0.01656069354947589
SPU_015374	SPU_023757	0.016558752946078531
SPU_020637	SPU_023813	0.016555564811925726
SPU_014332	SPU_006871	0.016553901437585134
SPU_023037	SPU_027774	0.016549604387205267
SPU_008752	SPU_000578	0.016548495470978204
SPU_012469	SPU_011130	0.016547802398336291
SPU_028120	SPU_005955_1	0.016540733057388769
SPU_018797	SPU_000129	0.016536436007008905
SPU_014461	SPU_000975	0.016534495403611543
SPU_000975	SPU_025632	0.016521881481528711
SPU_027235	SPU_026205	0.016514812140581189
SPU_013569	SPU_007862	0.016508020028690434
SPU_012469	SPU_020123	0.016505524967179545
SPU_016449	SPU_027598	0.016497346710004961
SPU_012648	SPU_018392	0.016497346710004961
SPU_021210	SPU_027144	0.016491940743398031
SPU_015640	SPU_021119	0.016486396162262721
SPU_016786	SPU_023813	0.016479742664900345
SPU_008936	SPU_024946	0.016479742664900345
SPU_006676	SPU_006484	0.016473920854708272
SPU_001739	SPU_008936	0.01647198025131091
SPU_002677	SPU_000437	0.016468930731686489
SPU_005358	SPU_007011	0.016468792117158109
SPU_025010	SPU_009876	0.016468514888101343
SPU_005358	SPU_023366	0.016465465368476921
SPU_014418	SPU_023894	0.016459920787341608
SPU_015719	SPU_008595	0.016459643558284845
SPU_000739	SPU_008112	0.016456039580546891
SPU_011576	SPU_014418	0.016450633613939964
SPU_018355	SPU_022841	0.016449108854127752
SPU_018581	SPU_024555	0.016426653300529743
SPU_015243	SPU_001262_1	0.016423187937320172
SPU_018483	SPU_014752	0.016419999803167371
SPU_025632	SPU_015767	0.016419168115997071
SPU_025010	SPU_002428	0.016414455222032057
SPU_012645	SPU_016045	0.016411544316936019
SPU_022846	SPU_019366	0.016411267087879253
SPU_008528	SPU_018392	0.016410019557123807
SPU_014628	SPU_005708	0.016407247266556155
SPU_003470	SPU_023366	0.016406692808442622
SPU_018355	SPU_022717	0.016399900696551867
SPU_014170	SPU_015767	0.016396851176927445
SPU_014793	SPU_011272_1	0.016390613523150219
SPU_015719	SPU_001628	0.016381880807862105
SPU_015719	SPU_012008	0.01638007881899313
SPU_009831	SPU_023037	0.016361504472189835
SPU_023037	SPU_004037	0.016358039108980267
SPU_020722	SPU_012948	0.016357484650866738
SPU_015772	SPU_012203	0.016356514349168058
SPU_008117_1	SPU_011720	0.016356514349168058
SPU_004287_1	SPU_017971	0.016347365790294791
SPU_012913	SPU_002815	0.016333920181041663
SPU_017725	SPU_010924_1	0.0163328112648146
SPU_011174	SPU_023463_1	0.016328375599906349
SPU_014332	SPU_009685	0.016316316135937051
SPU_012490	SPU_017511	0.016305088359138045
SPU_015772	SPU_019366	0.016296494258378313
SPU_008703	SPU_025125	0.016294969498566101
SPU_020637	SPU_020330_1	0.016293583353282272
SPU_016786	SPU_015767	0.016290672448186234
SPU_000440	SPU_025590	0.016284712023465778
SPU_014628	SPU_021210	0.016280553587614294
SPU_017837	SPU_022697	0.016278335755160168
SPU_008117_1	SPU_014836	0.016264751531378657
SPU_027774	SPU_004037	0.016260593095527173
SPU_012648	SPU_004806	0.016258513877601431
SPU_023177	SPU_014289	0.016253246525522885
SPU_011315	SPU_027598	0.016237721698344011
SPU_002129	SPU_026633	0.016232592960793848
SPU_012491	SPU_004340	0.016229543441169426
SPU_007644	SPU_014683	0.0162241374745625
SPU_025113	SPU_009646	0.016218038435313661
SPU_012648_1	SPU_011226	0.016202929451719934
SPU_012469	SPU_010924	0.016201959150021254
SPU_016881	SPU_030073	0.016200157161152279
SPU_025346	SPU_014684	0.016195167038130499
SPU_011635	SPU_018391	0.016190038300580335
SPU_006787	SPU_023894	0.016186850166427534
SPU_001113	SPU_000975	0.016184632333973409
SPU_008936	SPU_007599	0.016184355104916642
SPU_024189	SPU_004551	0.01618324618868958
SPU_011576	SPU_023813	0.01617728576396912
SPU_018744	SPU_003937	0.01617728576396912
SPU_012490	SPU_020646	0.016173681786231169
SPU_007981	SPU_028746	0.016168691663209389
SPU_011202	SPU_002816	0.016157879729995533
SPU_016523	SPU_007360_1	0.016150255930934478
SPU_012772	SPU_027708	0.016147483640366823
SPU_007644	SPU_008698	0.01614138460111798
SPU_023090	SPU_028746	0.016140552913947684
SPU_001262_2	SPU_018355	0.016112136935629212
SPU_024918	SPU_013902	0.016097721024677405
SPU_005435	SPU_020282	0.016097305181092255
SPU_018581	SPU_022916	0.016088711080332524
SPU_028827	SPU_005522	0.016085107102594573
SPU_012469	SPU_017750	0.016081780353913385
SPU_018126	SPU_000437	0.016078869448817347
SPU_000424	SPU_013140	0.016076651616363222
SPU_012648_1	SPU_020726	0.016074295169380713
SPU_026905	SPU_006421	0.016069305046358937
SPU_008117	SPU_026510	0.016067780286546724
SPU_016449	SPU_022678	0.016067641672018341
SPU_013305	SPU_017971	0.016067503057489958
SPU_015358	SPU_010458	0.016065839683149365
SPU_003166	SPU_014752	0.016064314923337156
SPU_000756	SPU_013810	0.016061958476354648
SPU_015374	SPU_013810	0.016045463347477095
SPU_008936	SPU_014802	0.016044354431250036
SPU_002592	SPU_015466	0.016044077202193269
SPU_024877	SPU_004340	0.01603811677747281
SPU_022817	SPU_003548	0.016037423704830897
SPU_006814	SPU_023757	0.016034651414263239
SPU_013047	SPU_000437	0.016029245447656312
SPU_003166	SPU_022817	0.016026889000673804
SPU_011174	SPU_019089	0.01601718598368701
SPU_003166	SPU_013810	0.016015799838403181
SPU_010635	SPU_004021	0.016015106765761268
SPU_004287_1	SPU_012877_1	0.016011086944438167
SPU_007262	SPU_016250	0.016008314653870512
SPU_000948	SPU_023730	0.016008037424813746
SPU_014332	SPU_000739	0.016004710676132562
SPU_009876	SPU_012491	0.015998888865940482
SPU_002874	SPU_007644	0.015983918496875141
SPU_011189	SPU_018392	0.015981146206307487
SPU_025584	SPU_023366	0.015979066988381745
SPU_012203	SPU_016523	0.015978235301211448
SPU_012648_1	SPU_000016	0.015977680843097919
SPU_024877	SPU_012008	0.015975740239700557
SPU_000757	SPU_012203	0.015972274876490989
SPU_005358	SPU_017656	0.015963819390259641
SPU_022846	SPU_020330_1	0.015962017401390662
SPU_013689	SPU_007862	0.015955502518556673
SPU_018581	SPU_018888	0.015944551970814434
SPU_009642	SPU_022697	0.015940670764019716
SPU_015358	SPU_000739	0.0159399776913778
SPU_023090	SPU_013861	0.015934017266657344
SPU_006462	SPU_012912	0.015928334070993647
SPU_002603	SPU_020646	0.015921403344574508
SPU_018392	SPU_000806	0.015916829065137875
SPU_008117_1	SPU_026390	0.015911838942116098
SPU_019290	SPU_026099	0.01588716555606396
SPU_005572	SPU_003166	0.015885502181723368
SPU_012469	SPU_012632	0.015877878382662317
SPU_027053	SPU_018673	0.015874413019452745
SPU_011202	SPU_001628	0.015874274404924362
SPU_000276	SPU_010634	0.015871640728885091
SPU_018391	SPU_018392	0.015869422896430969
SPU_020124	SPU_008752	0.015865403075107865
SPU_005435	SPU_019332	0.015863739700767272
SPU_003166	SPU_027708	0.015860135723029321
SPU_024877	SPU_024139	0.015853898069252095
SPU_020565	SPU_016523	0.01583573956603395
SPU_006991	SPU_000739	0.015831165286597317
SPU_020637	SPU_014802	0.015828115766972895
SPU_025346	SPU_013569	0.015827977152444515
SPU_018056	SPU_028746	0.015825482090933624
SPU_024093	SPU_030073	0.015825482090933624
SPU_018392	SPU_008845	0.015822709800365969
SPU_028255	SPU_011246	0.015819798895269931
SPU_023894	SPU_014418	0.015818412749986101
SPU_028255	SPU_013810	0.015817996906400955
SPU_025346	SPU_006808	0.015815917688475213
SPU_025113	SPU_012648_1	0.015810927565453433
SPU_003179	SPU_028148	0.015808016660357395
SPU_000739	SPU_015243	0.015799006716012514
SPU_014170	SPU_025632	0.015797620570728688
SPU_014793	SPU_006058	0.015796373039973239
SPU_018581	SPU_021666	0.015782234358078198
SPU_007981	SPU_011720	0.015781264056379519
SPU_003470	SPU_023037	0.01577946206751054
SPU_009048	SPU_008595	0.015779184838453777
SPU_002791	SPU_007981	0.015775996704300972
SPU_019290	SPU_004924	0.015773778871846847
SPU_003102	SPU_006991	0.0157484124131528
SPU_003166	SPU_007108	0.015747026267868971
SPU_015772	SPU_006787	0.015738154938052473
SPU_012648_1	SPU_025346	0.015735937105598348
SPU_023894	SPU_001628	0.015731778669746864
SPU_009642	SPU_013861	0.015723184568987133
SPU_004148	SPU_014055	0.015722214267288454
SPU_023037	SPU_001937	0.015721659809174924
SPU_019290	SPU_007147	0.015720966736533008
SPU_006462	SPU_014752	0.015714451853699019
SPU_020722	SPU_010329_1	0.015713481552000339
SPU_013689	SPU_018888	0.015710432032375918
SPU_027053	SPU_016250	0.015708907272563709
SPU_025010	SPU_024953	0.015693936903498365
SPU_014197	SPU_000975	0.015691303227459093
SPU_002320	SPU_000739	0.015690610154817181
SPU_007611	SPU_020282	0.015685481417267017
SPU_023090	SPU_023037	0.015681045752358767
SPU_003595_1	SPU_003937	0.015677441774620816
SPU_006787	SPU_004024	0.01567605562933699
SPU_006753	SPU_000440	0.015669124902917848
SPU_022049	SPU_012912	0.015645421818564393
SPU_008752	SPU_004723	0.015634055427237007
SPU_003102	SPU_021557	0.015633916812708624
SPU_022820	SPU_009685	0.015633085125538328
SPU_015374	SPU_019089	0.015632946511009944
SPU_006917	SPU_026731	0.015631283136669349
SPU_008528	SPU_004723	0.015627679158931398
SPU_009771	SPU_014289	0.015626431628175952
SPU_001262_1	SPU_017470	0.015607441437787513
SPU_012648	SPU_003595	0.015598015649857484
SPU_011189	SPU_000578	0.015592609683250555
SPU_024903	SPU_012469	0.015592193839665406
SPU_006676	SPU_013810_1	0.015588312632870686
SPU_006312	SPU_012877	0.015579025459469042
SPU_013689	SPU_013861	0.015564332319460467
SPU_011297	SPU_020637	0.01556156002889281
SPU_021192	SPU_016786	0.015555183760587203
SPU_020637	SPU_025632	0.015549777793980275
SPU_002632	SPU_015712	0.015544094598316582
SPU_027235	SPU_022816	0.015543401525674667
SPU_007262	SPU_006808	0.015537441100954208
SPU_011635	SPU_014628	0.015528015313024177
SPU_016523	SPU_015772	0.015523441033587547
SPU_008703	SPU_017379	0.015519975670377977
SPU_002791	SPU_027774	0.015516371692640024
SPU_023037	SPU_005737	0.015512490485845309
SPU_023177	SPU_016523	0.015508193435465441
SPU_017492	SPU_011348	0.015505282530369403
SPU_015772	SPU_016786	0.015499876563762475
SPU_009831	SPU_004037	0.01549959933470571
SPU_003595	SPU_003490	0.015496688429609671
SPU_012469	SPU_009053	0.015496411200552906
SPU_027235	SPU_013810_1	0.015489896317718913
SPU_018581	SPU_018355_1	0.015481995289601097
SPU_016786	SPU_018393	0.015472846730727831
SPU_014576	SPU_024610	0.015465222931666779
SPU_028583	SPU_019089	0.015463836786382952
SPU_004723	SPU_011226	0.015461618953928828
SPU_001998	SPU_012772	0.015447480272033782
SPU_026099	SPU_019290	0.015443044607125535
SPU_001657	SPU_016792	0.015440549545614645
SPU_000424	SPU_007087	0.015439717858444347
SPU_012546	SPU_021044	0.015420034595413992
SPU_021210	SPU_013967	0.015419757366357227
SPU_015828	SPU_004621	0.015417539533903103
SPU_003166	SPU_013810_1	0.015400489946912021
SPU_021119	SPU_000749	0.015400212717855254
SPU_019290	SPU_018393	0.015388153253885954
SPU_021192	SPU_005955_1	0.01538149975652358
SPU_002677	SPU_009048	0.015380113611239751
SPU_014628	SPU_030139	0.015373737342934143
SPU_004702	SPU_008698	0.015369163063497513
SPU_004021	SPU_008595_1	0.015365836314816327
SPU_028827	SPU_021557	0.015362232337078376
SPU_008117_1	SPU_009646	0.015361955108021607
SPU_024877	SPU_021192	0.01534712335348465
SPU_005572	SPU_014836	0.015346707509899502
SPU_015456	SPU_017492	0.015333261900646373
SPU_014170	SPU_011315	0.015321063822148689
SPU_019089	SPU_014289	0.015319261833279712
SPU_008117_1	SPU_020282	0.015313440023087634
SPU_011297	SPU_002816	0.015302350860817012
SPU_020565	SPU_010634	0.015293895374585663
SPU_003166	SPU_017511	0.015291954771188304
SPU_008703	SPU_014289	0.01529070724043286
SPU_003179	SPU_000129	0.015283360670428571
SPU_016443	SPU_016786	0.015278647776463556
SPU_021192	SPU_019366	0.015278093318350026
SPU_027214	SPU_001262_1	0.015257855597206141
SPU_008196	SPU_024044	0.015257855597206141
SPU_006808	SPU_009847	0.015252865474184359
SPU_003470	SPU_006808	0.015251063485315384
SPU_002677	SPU_004340	0.015250924870787001
SPU_000749	SPU_016792	0.015247182278520666
SPU_014802	SPU_005955_1	0.01524593474776522
SPU_016443	SPU_024877	0.015245657518708456
SPU_003470	SPU_006871	0.015242607999084034
SPU_003166	SPU_009178	0.015242192155498886
SPU_018392	SPU_011001	0.015239835708516379
SPU_014576	SPU_023730	0.015232627753040474
SPU_003166	SPU_003084	0.015229301004359288
SPU_014802	SPU_012489	0.015229162389830906
SPU_016449	SPU_003937	0.015223756423223975
SPU_007644	SPU_022841	0.015223201965110445
SPU_016881	SPU_011202	0.015218073227560282
SPU_005718	SPU_001113	0.015215578166049393
SPU_010295	SPU_014836	0.015214885093407479
SPU_025888	SPU_028120	0.015211142501141141
SPU_000485	SPU_020637	0.015201439484154347
SPU_000424	SPU_013140_1	0.015195894903019038
SPU_006676	SPU_014131	0.015192013696224319
SPU_022817	SPU_014643	0.015191043394525639
SPU_026763	SPU_008196	0.01519048893641211
SPU_002677	SPU_016449	0.015181894835652377
SPU_013178	SPU_013305	0.015181617606595612
SPU_001262_2	SPU_013689	0.015179399774141485
SPU_011635	SPU_022816	0.015177181941687361
SPU_005358	SPU_006333	0.015174964109233236
SPU_016881	SPU_017492	0.015173162120364262
SPU_012699	SPU_012008	0.015172330433193965
SPU_018126	SPU_021192	0.015166231393945122
SPU_026962	SPU_012632	0.015165261092246442
SPU_023037	SPU_000578	0.015152785784691992
SPU_000756	SPU_020646	0.015150013494124337
SPU_016881	SPU_020803_1	0.015146963974499916
SPU_006421	SPU_000016_1	0.015142112466006519
SPU_022846	SPU_009474	0.015132548063548107
SPU_014628	SPU_003179	0.015126726253356031
SPU_028479	SPU_022717	0.015125894566185735
SPU_006753	SPU_000861	0.015121458901277486
SPU_025346	SPU_011226	0.015120765828635571
SPU_013689	SPU_002025_1	0.01511023112447848
SPU_020123	SPU_022242	0.015105656845041848
SPU_019002	SPU_006991	0.015104270699758018
SPU_006787	SPU_008595	0.015093181537487397
SPU_003470	SPU_011270	0.01508333990597222
SPU_003179	SPU_012772	0.015079458699177503
SPU_009048	SPU_014461	0.015076409179553081
SPU_021192	SPU_012699	0.015076409179553081
SPU_012699	SPU_005955	0.015075577492382784
SPU_014802	SPU_024093	0.015072943816343512
SPU_014289	SPU_006484	0.015062547726714804
SPU_026205	SPU_007863	0.015060745737845826
SPU_006787	SPU_020637	0.015059775436147147
SPU_026465	SPU_018673	0.015058666519920084
SPU_023177	SPU_013570	0.01505838929086332
SPU_004702	SPU_028746	0.015052983324256392
SPU_007981	SPU_015828	0.015052983324256392
SPU_009642	SPU_011272_1	0.015050765491802268
SPU_011202	SPU_014418	0.015045082296138572
SPU_012648	SPU_026510	0.015041478318400621
SPU_008936	SPU_027472	0.015040230787645176
SPU_012490	SPU_026633	0.015038012955191051
SPU_018126	SPU_004340	0.01503648819537884
SPU_023386	SPU_000129	0.015035379279151778
SPU_004723	SPU_023463_1	0.015032191144998973
SPU_020311	SPU_012469	0.015019577222916141
SPU_010305	SPU_008196	0.015019438608387758
SPU_015640	SPU_021192	0.01501694354687687
SPU_006676	SPU_028148	0.015016111859706572
SPU_024093	SPU_012489	0.015015696016121424
SPU_002791	SPU_000578	0.015013200954610532
SPU_026205	SPU_025888	0.015013062340082151
SPU_008196_1	SPU_002677	0.015010705893099644
SPU_011202	SPU_014401	0.014999478116300638
SPU_025584	SPU_014684	0.014988666183086781
SPU_009831	SPU_018391	0.014988111724973248
SPU_008752	SPU_020123	0.014971200752510549
SPU_008528	SPU_015828	0.014957062070615507
SPU_004287_1	SPU_030139	0.014956091768916827
SPU_008112	SPU_026633	0.014952487791178876
SPU_008752	SPU_012648_1	0.014941537243436635
SPU_012648	SPU_018673	0.014940289712681191
SPU_001262_2	SPU_008698	0.014937517422113536
SPU_008528	SPU_013902	0.014935576818716177
SPU_015243	SPU_015466	0.014934745131545879
SPU_015719	SPU_025632	0.014931556997393076
SPU_027235	SPU_026633	0.014929339164938951
SPU_015829	SPU_004621	0.01492587380172938
SPU_025113	SPU_010924_1	0.014922547053048194
SPU_011297	SPU_015772	0.014921022293235985
SPU_022678	SPU_013861	0.01492074506417922
SPU_018797	SPU_013810	0.014916032170214203
SPU_000424	SPU_022473	0.014913675723231698
SPU_013015	SPU_013810	0.014906467767755793
SPU_012490	SPU_013810	0.014903141019074606
SPU_013689_1	SPU_018355_1	0.0149007845720921
SPU_027935	SPU_004037	0.014899121197751504
SPU_020637	SPU_027362	0.014893438002087811
SPU_009876	SPU_016523	0.014892051856803982
SPU_007262	SPU_005667	0.014882764683402338
SPU_028148	SPU_012491	0.014879160705664383
SPU_009831	SPU_018850	0.014876249800568347
SPU_025113	SPU_012913	0.014868071543393762
SPU_009831	SPU_013904	0.014867239856223466
SPU_012648	SPU_018373	0.014866130939996404
SPU_006808	SPU_008196_1	0.014865576481882871
SPU_012203	SPU_008752	0.014857814068293437
SPU_003166	SPU_004287	0.014857675453765054
SPU_018355	SPU_028746	0.014848804123948556
SPU_017635	SPU_028093	0.014847417978664727
SPU_002129	SPU_007108	0.014842982313756478
SPU_002791	SPU_017441	0.014824962425066718
SPU_011635	SPU_005737	0.014821081218271999
SPU_000485	SPU_024877	0.014817754469590813
SPU_023090	SPU_018392	0.01481664555336375
SPU_022678	SPU_028746	0.014807219765433722
SPU_027053	SPU_015828	0.014795576145049567
SPU_025590	SPU_002008	0.014794605843350888
SPU_002874	SPU_023037	0.014790586022027787
SPU_004021	SPU_024610	0.014788090960516899
SPU_028827	SPU_014752	0.014787952345988516
SPU_028255	SPU_004551	0.014785734513534392
SPU_020637	SPU_015362	0.014782130535796438
SPU_021608	SPU_013510	0.014780605775984229
SPU_026633	SPU_000129	0.014779774088813931
SPU_015640	SPU_012203	0.014779358245228783
SPU_013689	SPU_014683	0.014779081016172018
SPU_006484	SPU_021192	0.014777972099944954
SPU_003595_1	SPU_002677	0.014767853239373012
SPU_008117_1	SPU_015071_1	0.014767021552202716
SPU_006786	SPU_007599	0.014766882937674333
SPU_015719	SPU_023894	0.014762447272766084
SPU_014332	SPU_026633	0.014754684859176647
SPU_011635	SPU_027918	0.014752605641250905
SPU_008112	SPU_004551	0.014752467026722524
SPU_010403	SPU_027708	0.014750249194268398
SPU_025632	SPU_027362	0.01473278376369217
SPU_012384	SPU_014055	0.014727516411613625
SPU_000757	SPU_024610	0.014725714422744647
SPU_000440	SPU_006312	0.014725575808216264
SPU_011635	SPU_004037	0.014721417372364782
SPU_015243	SPU_014752	0.014712268813491516
SPU_015374	SPU_024044	0.014712130198963135
SPU_023090	SPU_006063	0.014711437126321222
SPU_026099	SPU_006786	0.014707555919526504
SPU_000975	SPU_024877	0.014707140075941354
SPU_022820	SPU_005737	0.01470395194178855
SPU_004723	SPU_014055	0.014701318265749278
SPU_012491	SPU_028120	0.014697159829897794
SPU_008936	SPU_009474	0.014693555852159843
SPU_006421	SPU_021557	0.014692585550461164
SPU_011189	SPU_026390	0.014689951874421889
SPU_011635	SPU_001937	0.014688842958194828
SPU_014793	SPU_009685	0.0146834369915879
SPU_000424	SPU_020123	0.014682743918945985
SPU_007253	SPU_014628	0.014680803315548628
SPU_018126	SPU_008936	0.014670823069505066
SPU_014170	SPU_006004	0.014657654689308703
SPU_026763	SPU_002836	0.01465502101326943
SPU_017379	SPU_004340	0.014650308119304416
SPU_000757	SPU_001113	0.014646842756094845
SPU_001262	SPU_003378	0.014642129862129831
SPU_013305	SPU_023065	0.014642129862129831
SPU_025346	SPU_011272_1	0.014640882331374387
SPU_002874	SPU_008698	0.014640189258732471
SPU_015908	SPU_013576	0.014627159493064491
SPU_028120	SPU_008595	0.014624941660610367
SPU_014802	SPU_011315	0.014609555447959877
SPU_018056	SPU_018392	0.014597080140405427
SPU_012253	SPU_030148	0.01458779296700378
SPU_028120	SPU_027145	0.014570466150955932
SPU_004287_1	SPU_028479	0.014566030486047685
SPU_000424	SPU_026763	0.014563674039065179
SPU_028255	SPU_008196	0.014558961145100162
SPU_023894	SPU_005955	0.014557436385287953
SPU_018391	SPU_015828	0.014547456139244391
SPU_023037	SPU_022697	0.014546901681130861
SPU_011297	SPU_012699	0.014544406619619969
SPU_000485	SPU_027362	0.014529574865083012
SPU_017404_1	SPU_021757	0.014522089680550342
SPU_007262	SPU_011270	0.014521673836965196
SPU_026205	SPU_013810	0.014519733233567835
SPU_003470	SPU_011272_1	0.014513772808847376
SPU_014289	SPU_008353_1	0.014512941121677081
SPU_011246	SPU_023140	0.014512525278091932
SPU_006312	SPU_002008	0.014508644071297214
SPU_020637	SPU_015767	0.014507673769598535
SPU_021172	SPU_026205	0.014502545032048371
SPU_006421	SPU_014055	0.01450240641751999
SPU_009831	SPU_024745	0.01449395093128864
SPU_012491	SPU_025888	0.0144870202048695
SPU_019089	SPU_022573	0.014480366707507127
SPU_001262_2	SPU_013861	0.014477594416939471
SPU_001998	SPU_023140	0.014467752785424294
SPU_024093	SPU_022892	0.014467336941839144
SPU_025346	SPU_014683	0.014464010193157958
SPU_012648_1	SPU_009756	0.014454861634284695
SPU_013569	SPU_014683	0.014449871511262915
SPU_021608	SPU_000016_1	0.014446960606166875
SPU_014418	SPU_008595	0.01444210909767348
SPU_012490	SPU_009178	0.014434762527669193
SPU_002592	SPU_014752	0.014432821924271833
SPU_023730	SPU_027472	0.014431574393516389
SPU_027015	SPU_011271	0.014424920896154013
SPU_027472	SPU_015456	0.014422564449171506
SPU_021210	SPU_028479	0.014412306974071181
SPU_015374	SPU_028148	0.014408564381804847
SPU_025590	SPU_022817	0.014406623778407488
SPU_017837	SPU_015243	0.014406346549350722
SPU_018483	SPU_026205	0.01440579209123719
SPU_003704	SPU_018392	0.014405099018595277
SPU_015640	SPU_012699	0.01439830690670452
SPU_000739	SPU_026205	0.014398168292176139
SPU_020722	SPU_014055	0.014392346481984061
SPU_024139	SPU_027145	0.014390128649529935
SPU_024189	SPU_017379	0.014389158347831256
SPU_011635	SPU_022697	0.014378069185560635
SPU_028255	SPU_022573	0.014377930571032252
SPU_022820	SPU_015828	0.014374742436879449
SPU_020124	SPU_028479	0.014372108760840174
SPU_022816	SPU_003548	0.014367257252346778
SPU_014836	SPU_005667	0.01436698002329001
SPU_004723	SPU_028746	0.014365455263477801
SPU_011635	SPU_023037	0.014355613631962624
SPU_011189	SPU_018391	0.014355613631962624
SPU_024877	SPU_008595_1	0.014339672961198605
SPU_000485	SPU_009474	0.014332880849307847
SPU_026465	SPU_006063	0.014331494704024022
SPU_006787	SPU_012008	0.014322761988735905
SPU_012914	SPU_011130	0.014322207530622374
SPU_015712	SPU_017379	0.01431846493835604
SPU_024189	SPU_013810	0.014314306502504556
SPU_017106	SPU_004340	0.014308207463255713
SPU_003102	SPU_010924	0.01430210842400687
SPU_020722	SPU_010924	0.014298920289854068
SPU_000757	SPU_015108	0.014296563842871561
SPU_028255	SPU_014752	0.01429004896003757
SPU_011315	SPU_026385	0.014269395395308535
SPU_004723	SPU_018373	0.01426870232266662
SPU_017635	SPU_013140_1	0.014265514188513816
SPU_011315	SPU_027362	0.014265514188513816
SPU_011189	SPU_018673	0.014260939909077185
SPU_022678	SPU_022841	0.014257613160395999
SPU_001262_1	SPU_030139	0.014255811171527022
SPU_007262	SPU_006427	0.014250821048505244
SPU_004414	SPU_025125	0.014250543819448477
SPU_012699	SPU_019656	0.014243335863972572
SPU_011297	SPU_004924	0.014241672489631979
SPU_026877	SPU_013140_1	0.014235296221326372
SPU_020311	SPU_013510	0.014233494232457395
SPU_022678	SPU_006427	0.014231692243588417
SPU_013047	SPU_024139	0.014221573383016476
SPU_003704	SPU_022841	0.014221434768488094
SPU_003548	SPU_015199	0.014220880310374561
SPU_025010	SPU_013305	0.01421727633263661
SPU_017404	SPU_010924	0.014216999103579845
SPU_002791	SPU_022697	0.014213533740370274
SPU_014793	SPU_018355_1	0.014205494097724074
SPU_025888	SPU_004340	0.014197593069606254
SPU_005022	SPU_005708	0.014189692041488438
SPU_026099	SPU_025632	0.014179295951859728
SPU_017106	SPU_001113	0.014174167214309565
SPU_026465	SPU_005737	0.0141738899852528
SPU_011297	SPU_020803	0.014170563236571614
SPU_001262_1	SPU_008953_1	0.014154761180335977
SPU_012384	SPU_000016_1	0.014142563101838292
SPU_006676	SPU_017348	0.014138127436930043
SPU_017837	SPU_002025	0.014131751168624435
SPU_024918	SPU_028746	0.014131751168624435
SPU_017837	SPU_026390	0.014125929358432357
SPU_008703	SPU_023757	0.014123572911449851
SPU_026633	SPU_014752	0.014123572911449851
SPU_026763	SPU_022654	0.014116226341445562
SPU_006787	SPU_023813	0.014115533268803647
SPU_022678	SPU_008953_1	0.014112622363707611
SPU_022242	SPU_014289	0.014110404531253487
SPU_006786	SPU_008595	0.014109850073139954
SPU_025584	SPU_013689	0.01410402826294788
SPU_027053	SPU_026390	0.01410070151426669
SPU_018908	SPU_000739	0.014088364821240625
SPU_002816	SPU_018393	0.014071038005192776
SPU_010295	SPU_014643	0.014069513245380567
SPU_008528	SPU_004807	0.014066602340284527
SPU_002634	SPU_020082	0.014066602340284527
SPU_024918	SPU_007203	0.014061473602734364
SPU_017837	SPU_015071_1	0.014059117155751857
SPU_011576	SPU_025632	0.014046919077254173
SPU_010295	SPU_011270	0.014046503233669023
SPU_023730	SPU_004340	0.014042760641402691
SPU_022678	SPU_006063	0.014042622026874306
SPU_008703	SPU_016045	0.014030978406490152
SPU_019366	SPU_016792	0.014029592261206324
SPU_015772	SPU_001657	0.014020027858747914
SPU_027774	SPU_010873	0.014012681288743625
SPU_012648	SPU_005737	0.014005889176852871
SPU_013569	SPU_010625	0.014002285199114917
SPU_006787	SPU_015362	0.013992304953071358
SPU_016523	SPU_020082	0.013989532662503702
SPU_026465	SPU_014683	0.013988285131748256
SPU_001262	SPU_030139	0.013984819768538688
SPU_017837	SPU_024901_1	0.01398038410363044
SPU_022820	SPU_018392	0.013975255366080276
SPU_027214	SPU_008752	0.01396652265079216
SPU_008936	SPU_006787	0.013964166203809653
SPU_028583	SPU_012772	0.013961671142298763
SPU_002791	SPU_015828	0.01395099782361329
SPU_015982	SPU_026099	0.013949750292857844
SPU_011635	SPU_026390	0.013943235410023852
SPU_023894	SPU_025632	0.013943235410023852
SPU_008936	SPU_019290	0.013942265108325172
SPU_003378	SPU_022678	0.013934641309264121
SPU_019002	SPU_017656	0.013932146247753231
SPU_002791	SPU_008698	0.013930067029827489
SPU_016449	SPU_003685	0.013927987811901748
SPU_000861	SPU_005522	0.013925769979447623
SPU_027015	SPU_004551	0.013915512504347296
SPU_017837	SPU_009646	0.013911354068495814
SPU_015772	SPU_027472	0.013908997621513307
SPU_026465	SPU_022678	0.013903314425849614
SPU_019002	SPU_014687	0.013903175811321229
SPU_025888	SPU_014461	0.01389971044811166
SPU_023177	SPU_004340	0.013899017375469747
SPU_027472	SPU_004024	0.013898878760941362
SPU_013047	SPU_013570	0.013896522313958855
SPU_000739	SPU_002662_1	0.01389416586697635
SPU_025888	SPU_008595	0.013892363878107373
SPU_012253	SPU_002008	0.013890423274710012
SPU_012384	SPU_002707	0.013881967788478663
SPU_007981	SPU_008698	0.013859789463937419
SPU_008117	SPU_022697	0.013859096391295506
SPU_000757	SPU_021192	0.013857710246011677
SPU_025632	SPU_014802	0.013849116145251944
SPU_027935	SPU_005358	0.01384828445808165
SPU_025632	SPU_005955	0.013840106200907065
SPU_024903	SPU_013569	0.013839274513736769
SPU_026099	SPU_012050	0.013829571496749973
SPU_002816	SPU_014401	0.013825551675426873
SPU_011576	SPU_005955	0.013824581373728193
SPU_027935	SPU_017348	0.013824165530143045
SPU_012648	SPU_015828	0.013820145708819944
SPU_027214	SPU_004551	0.013817234803723906
SPU_000757	SPU_013570	0.013814878356741399
SPU_017837	SPU_023366	0.013812937753344039
SPU_021210	SPU_006197	0.013809333775606088
SPU_003102	SPU_021757	0.013803789194470775
SPU_018797	SPU_010305	0.013802403049186949
SPU_007644	SPU_019365	0.013795195093711044
SPU_007644	SPU_018355	0.013792145574086622
SPU_015984	SPU_013689_1	0.01378757129464999
SPU_011576	SPU_019366	0.013787294065593226
SPU_005435	SPU_004702	0.01378258117162821
SPU_024918	SPU_010329_1	0.013780086110117322
SPU_005358	SPU_014836	0.013778284121248345
SPU_007262	SPU_010329_1	0.01377551183068069
SPU_027053	SPU_028746	0.013774957372567159
SPU_006583	SPU_026205	0.01377454152898201
SPU_011189	SPU_008196_1	0.013768719718789933
SPU_018126	SPU_024139	0.013768719718789933
SPU_006787	SPU_002816	0.013764977126523598
SPU_015984	SPU_021666	0.013762482065012707
SPU_026465	SPU_018355_1	0.013760818690672116
SPU_005572	SPU_010924	0.013759016701803139
SPU_028827	SPU_022817	0.013751392902742085
SPU_020637	SPU_024946	0.013750977059156936
SPU_007253	SPU_020082	0.013748481997646047
SPU_002631	SPU_008112	0.013745986936135157
SPU_019002	SPU_002008	0.013741689885755292
SPU_007644	SPU_010873	0.013737808678960572
SPU_014332	SPU_014055	0.01373462054480777
SPU_015374	SPU_000437	0.013734343315751005
SPU_019332	SPU_000948	0.013733373014052325
SPU_017407	SPU_018744	0.013727273974803483
SPU_015640	SPU_014461	0.013726026444048037
SPU_001113	SPU_003548	0.013725333371406122
SPU_017106	SPU_005955_1	0.013715491739890945
SPU_007599	SPU_011297	0.013711333304039463
SPU_012203	SPU_008353_1	0.013708976857056956
SPU_017837	SPU_018673	0.013706759024602831
SPU_009771	SPU_007360_1	0.013703155046864878
SPU_006676	SPU_020646	0.013698442152899865
SPU_000739	SPU_022817	0.013695947091388973
SPU_008936	SPU_002950	0.013695947091388973
SPU_009771	SPU_023140	0.013694560946105145
SPU_006312	SPU_017750	0.013691650041009107
SPU_012469	SPU_015358	0.013686937147044094
SPU_017635	SPU_010924_1	0.013683055940249374
SPU_000749	SPU_000948	0.01366129345929328
SPU_008117_1	SPU_002025	0.013656857794385028
SPU_020637	SPU_002816	0.013655887492686349
SPU_002592	SPU_026633	0.013653253816647077
SPU_008528	SPU_005737	0.013651313213249718
SPU_014289	SPU_020082	0.013648263693625297
SPU_008936	SPU_015772	0.013644659715887346
SPU_024918	SPU_005035	0.013641610196262925
SPU_027053	SPU_022697	0.01363842206211012
SPU_005022	SPU_003937	0.013636342844184378
SPU_023090	SPU_014683	0.013635788386070847
SPU_017837	SPU_018373	0.013634402240787019
SPU_020722	SPU_007011	0.013633570553616721
SPU_002592	SPU_002662	0.013631907179276129
SPU_018581	SPU_014752	0.013631907179276129
SPU_015374	SPU_010305	0.013631629950219363
SPU_006803	SPU_026633	0.013628164587009793
SPU_014289	SPU_023730	0.013614718977756663
SPU_023037	SPU_015828	0.01361250114530254
SPU_012491	SPU_021192	0.013609867469263267
SPU_025346	SPU_022473	0.013605986262468549
SPU_019290	SPU_015772	0.013605847647940166
SPU_014802	SPU_000948	0.013596283245481755
SPU_007262	SPU_007644	0.013595312943783074
SPU_026205	SPU_013810_1	0.013594204027556013
SPU_012253	SPU_014055	0.013587827759250406
SPU_024903	SPU_022473	0.013583669323398922
SPU_019366	SPU_024093	0.013583114865285392
SPU_026099	SPU_011297	0.013578956429433908
SPU_012648	SPU_022697	0.013563154373198272
SPU_006808	SPU_006865	0.013560936540744147
SPU_028255	SPU_010305	0.013558302864704873
SPU_009178	SPU_024044	0.013541669121298939
SPU_021172	SPU_028255	0.013540144361486728
SPU_001998	SPU_025125	0.013535847311106863
SPU_003102	SPU_011270	0.013535154238464948
SPU_021210	SPU_007721	0.013531273031670229
SPU_025590	SPU_012877	0.013531134417141847
SPU_028120	SPU_000749	0.013530164115443168
SPU_017470	SPU_022678	0.013526560137705217
SPU_013305	SPU_001262_1	0.01352628290864845
SPU_017348	SPU_007863	0.013518659109587399
SPU_004723	SPU_005522	0.013516164048076507
SPU_007253	SPU_021192	0.013512975913923704
SPU_021557	SPU_007108	0.013511728383168258
SPU_019290	SPU_012008	0.013507569947316776
SPU_015243	SPU_021557	0.013502718438823377
SPU_027935	SPU_023386	0.013501193679011167
SPU_020565	SPU_005955_1	0.01350077783542602
SPU_015108	SPU_003937	0.01349675801410292
SPU_004287_1	SPU_007863	0.013495094639762324
SPU_012203	SPU_024093	0.013494817410705559
SPU_027472	SPU_023894	0.013492322349194671
SPU_006787	SPU_015456	0.013491074818439223
SPU_026962	SPU_019089	0.013484698550133616
SPU_018483	SPU_003548	0.013472500471635932
SPU_008117_1	SPU_026510	0.01347000541012504
SPU_023177	SPU_013810	0.01347000541012504
SPU_027053	SPU_027774	0.013464599443518112
SPU_013305	SPU_002025_1	0.013459193476911184
SPU_001739	SPU_004340	0.013456282571815147
SPU_028120	SPU_004021	0.013455728113701616
SPU_023894	SPU_014401	0.013453233052190726
SPU_017635	SPU_000739	0.013453094437662341
SPU_027935	SPU_027144	0.013453094437662341
SPU_002874	SPU_015828	0.013447549856527031
SPU_012699	SPU_025632	0.013446302325771587
SPU_006814	SPU_023140	0.013443114191618782
SPU_023730	SPU_004024	0.013433965632745518
SPU_015243	SPU_021608	0.013433411174631989
SPU_018392	SPU_015828	0.01341608435858414
SPU_002791	SPU_007644	0.013411371464619126
SPU_011315	SPU_003937	0.013404579352728371
SPU_002592	SPU_007863	0.013402638749331012
SPU_006991	SPU_003548	0.013401668447632333
SPU_028583	SPU_014687	0.013400698145933651
SPU_018392	SPU_019652	0.013400282302348502
SPU_013689_1	SPU_015682	0.0133930743468726
SPU_011189	SPU_004037	0.013392519888759068
SPU_028827	SPU_003586	0.013383232715357421
SPU_006991	SPU_012632	0.013382955486300656
SPU_006312	SPU_022817	0.013380599039318149
SPU_002677	SPU_024139	0.013380044581204616
SPU_016786	SPU_006004	0.013376579217995049
SPU_008117_1	SPU_010924	0.013376440603466665
SPU_008936	SPU_012489	0.013375331687239603
SPU_027053	SPU_000578	0.013367292044593401
SPU_004702	SPU_003685	0.013360084089117496
SPU_028479	SPU_013305	0.013357727642134989
SPU_002603	SPU_020123	0.013357589027606608
SPU_018392	SPU_010625	0.01335620288232278
SPU_022678	SPU_003685	0.01335329197722674
SPU_018581	SPU_000310	0.013349965228545554
SPU_018483	SPU_020565	0.013348856312318493
SPU_013689	SPU_018355_1	0.013345390949108924
SPU_008117	SPU_025590	0.013337767150047869
SPU_024139	SPU_001113	0.013337074077405957
SPU_026962	SPU_000739	0.013330836423628731
SPU_014289	SPU_002950	0.013330004736458434
SPU_022049	SPU_020646	0.013323767082681209
SPU_002815	SPU_020082	0.013323628468152826
SPU_018581	SPU_013689_1	0.013317529428903983
SPU_019366	SPU_000948	0.013316559127205304
SPU_013015	SPU_013810_1	0.013316004669091774
SPU_009642	SPU_018355_1	0.013312262076825438
SPU_004723	SPU_005667	0.013303529361537324
SPU_003595	SPU_010873	0.013295628333419504
SPU_022049	SPU_022816	0.013287172847188155
SPU_027969	SPU_020123	0.013282598567751523
SPU_013305	SPU_007721	0.013273865852463408
SPU_012648	SPU_001937	0.013267212355101036
SPU_017837	SPU_005667	0.013266935126044268
SPU_028120	SPU_024044	0.013249746924524804
SPU_011202	SPU_025632	0.013248222164712595
SPU_002815	SPU_017379	0.013245172645088173
SPU_002815	SPU_004340	0.013243786499804344
SPU_006583	SPU_030148	0.013243647885275961
SPU_015828	SPU_012648	0.013239766678481245
SPU_012490	SPU_013810_1	0.013230479505079598
SPU_006808	SPU_001483	0.013229647817909302
SPU_028120	SPU_002950	0.013223410164132076
SPU_011189	SPU_022697	0.013220776488092804
SPU_012699	SPU_016786	0.013219944800922506
SPU_012203	SPU_020330_1	0.013209410096765416
SPU_009771	SPU_013576	0.013207608107896439
SPU_012253	SPU_013510	0.01320705364978291
SPU_022049	SPU_004287_1	0.013206083348084229
SPU_006808	SPU_024745	0.013205390275442314
SPU_028120	SPU_008353_1	0.013204697202800399
SPU_012648	SPU_020282	0.013200815996005684
SPU_016443	SPU_019366	0.013190558520905357
SPU_015712	SPU_004340	0.013184182252599749
SPU_012253	SPU_014923	0.013183073336372687
SPU_014332	SPU_002008	0.013181409962032093
SPU_006753	SPU_026962	0.013178360442407671
SPU_004021	SPU_019290	0.013176419839010314
SPU_007262	SPU_024745	0.013172677246743978
SPU_015108	SPU_020565	0.01317226140315883
SPU_014418	SPU_005955	0.01316228115711527
SPU_000129	SPU_024139	0.013157152419565107
SPU_008117	SPU_018673	0.013150637536731116
SPU_006991	SPU_005358	0.013149944464089203
SPU_014332	SPU_000016	0.013149528620504053
SPU_015358	SPU_011226	0.013147726631635078
SPU_006991	SPU_002008	0.013144122653897125
SPU_000424	SPU_016617	0.013138716687290197
SPU_000739	SPU_004551	0.013137191927477986
SPU_004148	SPU_010924	0.013134696865967096
SPU_005435	SPU_003595	0.013133033491626504
SPU_020637	SPU_008595	0.013125686921622217
SPU_017106	SPU_008353_1	0.013116676977277334
SPU_027235	SPU_021210	0.013114181915766446
SPU_017971	SPU_006197	0.013113488843124532
SPU_010295	SPU_013611	0.013107667032932455
SPU_017492	SPU_003937	0.013104756127836417
SPU_018483	SPU_028583	0.013103508597080973
SPU_023090	SPU_022697	0.013101013535570081
SPU_009048	SPU_001113	0.013090201602356225
SPU_013015	SPU_028583	0.013086181781033124
SPU_026099	SPU_024877	0.013085488708391211
SPU_014793	SPU_027235	0.013081746116124875
SPU_013305	SPU_024189	0.013079666898199133
SPU_019366	SPU_012489	0.013075231233290885
SPU_007644	SPU_022955_1	0.013074399546120587
SPU_000739	SPU_026633	0.013072181713666463
SPU_000757	SPU_024139	0.013061785624037755
SPU_017404	SPU_019332	0.013061647009509372
SPU_024877	SPU_025632	0.013055686584788912
SPU_011576	SPU_004217	0.013054993512146999
SPU_018391	SPU_005737	0.013050419232710365
SPU_014802	SPU_027362	0.013049310316483303
SPU_015640	SPU_008595	0.013045706338745352
SPU_023037	SPU_005667	0.013044597422518291
SPU_014461	SPU_000749	0.013039191455911363
SPU_006991	SPU_006333	0.013037528081570767
SPU_023386	SPU_012772	0.013021310181749983
SPU_015772	SPU_015362	0.013021310181749983
SPU_023730	SPU_007624	0.013015904215143054
SPU_005718	SPU_008353_1	0.01301521114250114
SPU_000129	SPU_004340	0.013012023008348337
SPU_006676	SPU_013810	0.013011052706649658
SPU_006787	SPU_019656	0.013005923969099494
SPU_002874	SPU_012949	0.013003151678531839
SPU_019290	SPU_020803	0.013002597220418308
SPU_015640	SPU_001113	0.013002042762304777
SPU_009831	SPU_011272_1	0.01299719125381138
SPU_023090	SPU_022955_1	0.012992616974374748
SPU_015984	SPU_028093	0.012992478359846366
SPU_019656	SPU_014401	0.012990121912863856
SPU_001739	SPU_021192	0.012987626851352968
SPU_016449	SPU_018744	0.012983052571916336
SPU_016443	SPU_002816	0.012981527812104125
SPU_004287	SPU_012632	0.012976814918139111
SPU_013119	SPU_012912	0.012975983230968813
SPU_007147	SPU_024093	0.012974735700213369
SPU_015243	SPU_027708	0.012964616839641426
SPU_023386	SPU_014289	0.01295782472775067
SPU_013689_1	SPU_014686	0.01295491382265463
SPU_004217	SPU_015828	0.012944794962082687
SPU_021192	SPU_001113	0.012940497911702821
SPU_012699	SPU_012050	0.012938834537362229
SPU_027472	SPU_006786	0.012933567185283684
SPU_027015	SPU_027145	0.012926913687921308
SPU_006421	SPU_002008	0.012922755252069828
SPU_000424	SPU_007721	0.012918458201689959
SPU_024093	SPU_002309	0.012917210670934515
SPU_016786	SPU_019366	0.012913190849611412
SPU_000276	SPU_000948	0.012912081933384351
SPU_024918	SPU_005737	0.012904458134323298
SPU_000861	SPU_025346	0.012897111564319011
SPU_025888	SPU_003378	0.012896834335262246
SPU_019332	SPU_003490	0.012896002648091948
SPU_006991	SPU_014793	0.012892260055825616
SPU_013689_1	SPU_013861	0.012890873910541785
SPU_019290	SPU_011315	0.01288851746355928
SPU_017348	SPU_002428	0.012887685776388982
SPU_020637	SPU_019366	0.012886854089218688
SPU_025590	SPU_017750	0.012883804569594266
SPU_007981	SPU_000578	0.012879784748271164
SPU_003166	SPU_012912	0.012878953061100868
SPU_004723	SPU_002008	0.01287853721751572
SPU_004021	SPU_012050	0.01287354709449394
SPU_014401	SPU_020803_1	0.012873408479965556
SPU_004702	SPU_008953_1	0.0128706361893979
SPU_011635	SPU_017441	0.012867170826188332
SPU_021192	SPU_024877	0.012860655943354341
SPU_021210	SPU_003179	0.012855804434860943
SPU_013689	SPU_003685	0.012852754915236521
SPU_014332	SPU_020726	0.012848873708441805
SPU_019290	SPU_000948	0.012845685574289001
SPU_018391	SPU_023090	0.012842913283721344
SPU_000757	SPU_004021	0.012832655808621019
SPU_007981	SPU_022955_1	0.012822952791634224
SPU_028120	SPU_027472	0.012821150802765247
SPU_017106	SPU_020082	0.012815606221629937
SPU_000861	SPU_021557	0.012803408143132253
SPU_004217	SPU_022955_1	0.012799665550865917
SPU_000757	SPU_025888	0.012796061573127966
SPU_003470	SPU_011226	0.012795229885957668
SPU_003595_1	SPU_012877_1	0.012794952656900904
SPU_002129	SPU_008752	0.012793427897088691
SPU_012384	SPU_006871	0.01279328928256031
SPU_012699	SPU_005955_1	0.012779011986136882
SPU_018391	SPU_008377	0.01277637831009761
SPU_003470	SPU_014683	0.012770695114433918
SPU_026465	SPU_022841	0.012770279270848768
SPU_005022	SPU_024953	0.012760714868390356
SPU_018908	SPU_017750	0.01275641781801049
SPU_013119	SPU_012699	0.012754615829141513
SPU_023366	SPU_024953	0.012753784141971218
SPU_006808	SPU_024555	0.012751011851403562
SPU_006786	SPU_027935_1	0.012748655404421055
SPU_014401	SPU_001628	0.012744774197626336
SPU_007599	SPU_019290	0.012743110823285742
SPU_017837	SPU_027918	0.012742694979700594
SPU_006991	SPU_025590	0.012742556365172212
SPU_017725	SPU_002008	0.012739506845547791
SPU_011297	SPU_000975	0.012736734554980134
SPU_000739	SPU_014752	0.01273354642082733
SPU_007644	SPU_013861	0.012728833526862316
SPU_010635	SPU_004746	0.012727031537993341
SPU_002874	SPU_018850	0.012725645392709513
SPU_002592	SPU_022816	0.012720655269687731
SPU_022049	SPU_008196_1	0.012717744364591693
SPU_014802	SPU_017492	0.012715803761194336
SPU_003102	SPU_007315	0.012714556230438889
SPU_002592	SPU_008112	0.012713447314211828
SPU_000757	SPU_011297	0.012711922554399617
SPU_015982	SPU_024139	0.012708734420246814
SPU_002634	SPU_020646	0.012702912610054736
SPU_013305	SPU_026205	0.012695150196465301
SPU_015358	SPU_021757	0.012694179894766622
SPU_025346	SPU_024555	0.012687526397404248
SPU_010305	SPU_024044	0.012682259045325703
SPU_006803	SPU_007087	0.012669922352299634
SPU_006808	SPU_000016	0.012661605480596668
SPU_014418	SPU_001113	0.01266118963701152
SPU_020565	SPU_002950	0.012657308430216802
SPU_018126	SPU_023730	0.012652872765308553
SPU_000757	SPU_008353_1	0.012651902463609874
SPU_017470	SPU_026664	0.012651763849081491
SPU_000424	SPU_023014	0.012650239089269282
SPU_018056	SPU_022955_1	0.012646773726059711
SPU_023386	SPU_020646	0.012636932094544534
SPU_003102	SPU_004148	0.012634991491147175
SPU_009048	SPU_004021	0.012626258775859059
SPU_011297	SPU_013119	0.012623902328876552
SPU_004723	SPU_020726	0.012623486485291402
SPU_022163	SPU_012632	0.012623347870763021
SPU_000485	SPU_014401	0.012619882507553451
SPU_002320	SPU_017656	0.01261877359132639
SPU_000276	SPU_024093	0.012617664675099328
SPU_008117_1	SPU_024901_1	0.012611427021322102
SPU_005572	SPU_012632	0.012611149792265337
SPU_004723	SPU_006427	0.012609625032453125
SPU_018355_1	SPU_014763	0.012609209188867978
SPU_000276	SPU_013178	0.01260837750169768
SPU_017407	SPU_030139	0.012602832920562371
SPU_002874	SPU_022955_1	0.012602001233392073
SPU_011297	SPU_012489	0.012597426953955443
SPU_007262	SPU_011226	0.012596595266785145
SPU_015640	SPU_028120	0.01259590219414323
SPU_000276	SPU_012489	0.0125913279147066
SPU_006814	SPU_006484	0.012586199177156436
SPU_001998	SPU_017379	0.012585090260929374
SPU_012253	SPU_020726	0.012584951646400992
SPU_015243	SPU_026205	0.012581347668663038
SPU_024139	SPU_027472	0.012576496160169641
SPU_006991	SPU_022163	0.012574416942243901
SPU_002874	SPU_004217	0.012572892182431688
SPU_025113	SPU_015071_1	0.012572753567903305
SPU_026633	SPU_026205	0.012572614953374923
SPU_018391	SPU_022955	0.012567070372239612
SPU_002816	SPU_011315	0.01256000103129209
SPU_002129	SPU_020124	0.012544476204113218
SPU_000757	SPU_008936	0.012543090058829391
SPU_013047	SPU_021192	0.012533387041842597
SPU_027774	SPU_022841	0.012526872159008606
SPU_018355_1	SPU_006063	0.012526179086366692
SPU_021210	SPU_024044	0.012519248359947555
SPU_015982	SPU_027472	0.012515228538624452
SPU_014289	SPU_008936	0.012513981007869008
SPU_015772	SPU_020637	0.01251107010277297
SPU_008528	SPU_005667	0.012504971063524127
SPU_015982	SPU_020646	0.012503862147297064
SPU_005572	SPU_022473	0.012503723532768681
SPU_017837	SPU_002129	0.012493604672196738
SPU_012772	SPU_007360_1	0.012481683822755819
SPU_007981	SPU_007644	0.012481545208227437
SPU_008117_1	SPU_011226	0.012478357074074633
SPU_012648	SPU_005667	0.012470178816900048
SPU_006786	SPU_008595_1	0.012469624358786518
SPU_011635	SPU_005667	0.012465604537463417
SPU_012772	SPU_013576	0.012463109475952526
SPU_024139	SPU_014461	0.012462970861424144
SPU_027774	SPU_028746	0.012458951040101045
SPU_003166	SPU_000129	0.012452990615380584
SPU_000739	SPU_003548	0.012450495553869696
SPU_001113	SPU_001628	0.012429980603669042
SPU_006808	SPU_002554	0.01242734692762977
SPU_028255	SPU_007721	0.012426931084044621
SPU_012469	SPU_020726	0.012414039932905022
SPU_017407	SPU_008953_1	0.012410020111581922
SPU_002791	SPU_004217	0.012409604267996775
SPU_014418	SPU_021192	0.012404891374031758
SPU_004148	SPU_020726	0.012403782457804697
SPU_001657	SPU_004924	0.012397267574970706
SPU_026465	SPU_014763	0.012396990345913942
SPU_006583	SPU_028583	0.012395465586101729
SPU_007253	SPU_017379	0.012394356669874667
SPU_015640	SPU_027935_1	0.012392277451948925
SPU_024918	SPU_017811	0.012390614077608334
SPU_004414	SPU_013576	0.012388534859682592
SPU_012699	SPU_019290	0.012385901183643317
SPU_009048	SPU_002950	0.012383406122132429
SPU_008117_1	SPU_011756	0.01237952491533771
SPU_002791	SPU_022955_1	0.012370376356464447
SPU_017725	SPU_028093	0.012369544669294151
SPU_012546	SPU_009831	0.012369406054765768
SPU_027472	SPU_024946	0.012364138702687223
SPU_012384	SPU_000016	0.012350831707962475
SPU_010295	SPU_010924	0.012348613875508351
SPU_011315	SPU_018744	0.012347920802866437
SPU_003102	SPU_011226	0.012341960378145977
SPU_019002	SPU_000016	0.012332811819272713
SPU_027214	SPU_028148	0.012332257361159183
SPU_005718	SPU_004021	0.012329485070591527
SPU_001739	SPU_000437	0.012323663260399449
SPU_004723	SPU_000669	0.012321306813416942
SPU_006991	SPU_002025	0.012315623617753249
SPU_027472	SPU_012489	0.012314930545111335
SPU_022163	SPU_002008	0.012314514701526186
SPU_026633	SPU_020123	0.012310494880203086
SPU_002603	SPU_027708	0.012310079036617939
SPU_028583	SPU_000129	0.012303148310198799
SPU_012384	SPU_020726	0.012302455237556884
SPU_018391	SPU_018673	0.01230162355038659
SPU_013015	SPU_014289	0.012295247282080981
SPU_011635	SPU_007644	0.0122902571590592
SPU_012648	SPU_024901	0.012289009628303756
SPU_021608	SPU_014055	0.012288039326605077
SPU_018391	SPU_010329_1	0.012287346253963162
SPU_008112	SPU_000509	0.012275702633579008
SPU_007981	SPU_012949	0.012267247147347659
SPU_024903	SPU_012877	0.012252276778282318
SPU_012490	SPU_026205	0.012243959906579352
SPU_014332	SPU_010924	0.01224132623054008
SPU_004148	SPU_000016	0.012239524241671103
SPU_013689	SPU_006063	0.012237583638273744
SPU_026205	SPU_028148	0.012233009358837112
SPU_008528	SPU_003595	0.012232177671666816
SPU_025010	SPU_007863	0.012232039057138433
SPU_015243	SPU_008112	0.012231623213553283
SPU_026877	SPU_012912	0.012231068755439754
SPU_011635	SPU_006808	0.012225108330719292
SPU_004287	SPU_026763	0.012219286520527218
SPU_013047	SPU_001113	0.01221388055392029
SPU_011635	SPU_000578	0.012211385492409398
SPU_023177	SPU_023140	0.012209999347125571
SPU_008117_1	SPU_014055	0.012208474587313358
SPU_001262	SPU_014763	0.012207781514671447
SPU_015829	SPU_012648	0.01220597952580247
SPU_008196_1	SPU_007863	0.012202236933536136
SPU_014332	SPU_000016_1	0.012198632955798183
SPU_006814	SPU_017379	0.012196553737872441
SPU_006484	SPU_027472	0.012191840843907427
SPU_020722	SPU_022955	0.012189345782396535
SPU_018391	SPU_003595	0.012187127949942412
SPU_004414	SPU_023140	0.012186019033715349
SPU_007147	SPU_016792	0.012182276441449015
SPU_019290	SPU_005955_1	0.012168692217667502
SPU_003704	SPU_018355_1	0.012164949625401166
SPU_007644	SPU_006058	0.012160236731436153
SPU_016449	SPU_023366	0.012159682273322621
SPU_015640	SPU_005955	0.012158711971623942
SPU_015772	SPU_012489	0.01215316739048863
SPU_011576	SPU_006004	0.012145820820484344
SPU_012648	SPU_000578	0.012143741602558602
SPU_007253	SPU_025888	0.012143187144445072
SPU_015640	SPU_008353_1	0.012135979188969167
SPU_003470	SPU_013569	0.012135008887270487
SPU_023037	SPU_010329_1	0.012128771233493261
SPU_012699	SPU_015767	0.012126276171982373
SPU_010305	SPU_024139	0.012118652372921318
SPU_004414	SPU_017379	0.012112830562729241
SPU_013569	SPU_005435	0.01210978104310482
SPU_002791	SPU_023037	0.012109365199519674
SPU_007262	SPU_013689	0.012108117668764226
SPU_004723	SPU_006808	0.012105345378196571
SPU_006462	SPU_028583	0.012105068149139806
SPU_006787	SPU_019290	0.012099662182532877
SPU_025888	SPU_027145	0.012097028506493605
SPU_006462	SPU_026205	0.012092038383471825
SPU_025590	SPU_012632	0.01208926609290417
SPU_020565	SPU_027472	0.012079147232332227
SPU_021172	SPU_013810	0.01207582048365104
SPU_009831	SPU_006427	0.012071939276856321
SPU_012384	SPU_013510	0.012061959030812763
SPU_022846	SPU_005955_1	0.0120608501145857
SPU_006676	SPU_000129	0.012054473846280092
SPU_004723	SPU_017404_1	0.012049206494201546
SPU_001262_1	SPU_020646	0.012048652036088014
SPU_008117	SPU_020282	0.012044354985708147
SPU_008528	SPU_004148	0.012040057935328282
SPU_012546	SPU_010924_1	0.012039226248157986
SPU_004217	SPU_027362	0.012039226248157986
SPU_009831	SPU_024555	0.012034790583249737
SPU_026633	SPU_028583	0.012028968773057661
SPU_018355	SPU_018355_1	0.012028691544000894
SPU_027053	SPU_005667	0.012027721242302215
SPU_004287_1	SPU_008953_1	0.012024810337206177
SPU_025888	SPU_021192	0.01202203804663852
SPU_015640	SPU_012050	0.012017879610787038
SPU_002874	SPU_006427	0.012017602381730273
SPU_003166	SPU_028255	0.012013721174935554
SPU_025632	SPU_023813	0.012013721174935554
SPU_021557	SPU_012632	0.012012889487765256
SPU_021557	SPU_012877	0.012006235990402883
SPU_018392	SPU_004148	0.012004295387005525
SPU_028827	SPU_026633	0.012003186470778462
SPU_009048	SPU_012699	0.012001800325494635
SPU_015243	SPU_022817	0.011999721107568893
SPU_023894	SPU_010634	0.011992928995678135
SPU_009876	SPU_002950	0.011990433934167247
SPU_012203	SPU_001113	0.011978790313783093
SPU_008117_1	SPU_022697	0.011978513084726328
SPU_013689_1	SPU_006865	0.011977542783027649
SPU_000739	SPU_025346	0.011972552660005869
SPU_006991	SPU_026633	0.011964097173774519
SPU_025632	SPU_002816	0.011959107050752737
SPU_004217	SPU_026385	0.011955087229429638
SPU_021172	SPU_014752	0.011952314938861982
SPU_024877	SPU_008353_1	0.01194760204489697
SPU_015712	SPU_004702	0.011937899027910173
SPU_005718	SPU_004340	0.011935265351870901
SPU_011297	SPU_027472	0.011933879206587074
SPU_009048	SPU_008353_1	0.011929720770735589
SPU_022163	SPU_002025	0.011927225709224698
SPU_006786	SPU_024877	0.011925562334884107
SPU_013305	SPU_006197	0.011925423720355724
SPU_018355	SPU_022955_1	0.011922374200731303
SPU_005718	SPU_024946	0.011922096971674536
SPU_019002	SPU_020124	0.011921819742617771
SPU_003704	SPU_022955_1	0.011921681128089388
SPU_014170	SPU_014401	0.011919324681106881
SPU_006753	SPU_012877	0.011912255340159359
SPU_007599	SPU_000975	0.011910591965818765
SPU_012253	SPU_000016	0.01190878997694979
SPU_014576	SPU_017379	0.01190740383166596
SPU_004414	SPU_022892	0.011905185999211837
SPU_027053	SPU_023037	0.011903661239399626
SPU_004217	SPU_022841	0.011903106781286095
SPU_006991	SPU_007087	0.011901997865059032
SPU_017470	SPU_002025	0.011901582021473884
SPU_024877	SPU_004021	0.011901443406945503
SPU_022816	SPU_017656	0.011898671116377846
SPU_015828	SPU_027053	0.011897562200150784
SPU_000276	SPU_016792	0.011897007742037254
SPU_019290	SPU_011202	0.011896730512980487
SPU_016443	SPU_020330_1	0.011894512680526362
SPU_012253	SPU_006871	0.01189243346260062
SPU_015243	SPU_026633	0.011890215630146497
SPU_018355	SPU_014763	0.011877740322592046
SPU_007253	SPU_013570	0.0118764927918366
SPU_015908	SPU_023065	0.011871086825229672
SPU_003166	SPU_018797	0.011862908568055087
SPU_021172	SPU_017511	0.011861938266356408
SPU_013047	SPU_004340	0.011859997662959051
SPU_012253	SPU_017656	0.011859165975788755
SPU_014418	SPU_012699	0.011855284768994036
SPU_003179	SPU_014687	0.011852373863897998
SPU_019002	SPU_000016_1	0.011849878802387108
SPU_011189	SPU_012648_1	0.011848215428046514
SPU_006991	SPU_012469	0.011847522355404601
SPU_015374	SPU_013810_1	0.011844195606723415
SPU_023037	SPU_016250	0.011839482712758399
SPU_014793	SPU_013689_1	0.011839205483701635
SPU_020311	SPU_011130	0.011837819338417807
SPU_015772	SPU_000975	0.011835185662378532
SPU_006814	SPU_024610	0.011830749997470285
SPU_018391	SPU_011720	0.011826175718033653
SPU_014836	SPU_003179	0.011826175718033653
SPU_009831	SPU_022955_1	0.011820353907841575
SPU_014332	SPU_014836	0.011819106377086131
SPU_006312	SPU_012632	0.011818829148029366
SPU_006787	SPU_016786	0.011818551918972598
SPU_010424	SPU_014684	0.011818413304444216
SPU_026962	SPU_013810_1	0.011817027159160389
SPU_008845	SPU_019652	0.011810650890854781
SPU_021172	SPU_012912	0.011807046913116827
SPU_023730	SPU_015772	0.011806215225946532
SPU_024139	SPU_008353_1	0.011804274622549174
SPU_024877	SPU_005955	0.011803581549907259
SPU_020123	SPU_013810_1	0.011802888477265346
SPU_013015	SPU_013967	0.011802334019151815
SPU_002816	SPU_007147	0.01179623497990297
SPU_013689	SPU_014763	0.011796096365374589
SPU_017379	SPU_006484	0.011789304253483833
SPU_013015	SPU_006242	0.011788749795370302
SPU_004217	SPU_022678	0.011783205214234991
SPU_002320	SPU_013611	0.011782512141593076
SPU_015456	SPU_003937	0.01177863093479836
SPU_014418	SPU_015456	0.011770591292152157
SPU_011189	SPU_005667	0.011765878398187143
SPU_018581	SPU_011272	0.011756175381200348
SPU_008845	SPU_004148	0.011754512006859756
SPU_017407	SPU_014684	0.011744808989872962
SPU_022846	SPU_012699	0.01173981886685118
SPU_018392	SPU_014722	0.01173025446439277
SPU_015829	SPU_015828	0.011725402955899371
SPU_021172	SPU_013810_1	0.01171486825174228
SPU_011202	SPU_018393	0.011709739514192116
SPU_021557	SPU_022654	0.011702670173244596
SPU_014461	SPU_019366	0.011701699871545916
SPU_007599	SPU_001657	0.011701422642489152
SPU_018056	SPU_022841	0.011698788966449877
SPU_008117_1	SPU_000016	0.01169837312286473
SPU_019332	SPU_019825	0.011690749323803675
SPU_015243	SPU_021210	0.011689779022104996
SPU_017971	SPU_030139	0.011680907692288498
SPU_007253	SPU_016045	0.011677580943607312
SPU_018126	SPU_027472	0.011674531423982891
SPU_012384	SPU_017656	0.011673976965869361
SPU_002874	SPU_018355	0.011672868049642297
SPU_006421	SPU_020726	0.011663303647183884
SPU_005572	SPU_013569	0.011654848160952535
SPU_018392	SPU_018391	0.011651937255856499
SPU_006786	SPU_011297	0.01164653128924957
SPU_014197	SPU_023757	0.011645283758494123
SPU_019002	SPU_006333	0.011644590685852212
SPU_019332	SPU_028746	0.011641957009812937
SPU_023366	SPU_013810	0.011641957009812937
SPU_012253	SPU_002707	0.011641679780756172
SPU_024139	SPU_002950	0.011638075803018221
SPU_004148	SPU_002008	0.011637105501319541
SPU_009876	SPU_017379	0.011636273814149244
SPU_015640	SPU_004024	0.011635303512450564
SPU_004021	SPU_028148	0.011633917367166737
SPU_022846	SPU_004924	0.011630590618485549
SPU_021608	SPU_002320	0.011624352964708326
SPU_024139	SPU_005955_1	0.011621303445083905
SPU_016881	SPU_012699	0.011614511333193146
SPU_000739	SPU_018797	0.011614372718664764
SPU_008528	SPU_019332	0.011614234104136381
SPU_024877	SPU_002950	0.011610352897341664
SPU_007644	SPU_026385	0.011606471690546946
SPU_006991	SPU_012877	0.011599818193184572
SPU_014401	SPU_014418	0.011591917165066754
SPU_002592	SPU_021557	0.011588590416385568
SPU_026763	SPU_001262_1	0.011585125053175997
SPU_006917	SPU_010305	0.011584986438647615
SPU_009876	SPU_007360_1	0.011583045835250255
SPU_012648	SPU_021382	0.011579303242983922
SPU_009831	SPU_006058	0.011569877455053891
SPU_007253	SPU_014289	0.011562530885049604
SPU_026465	SPU_018392	0.011560867510709011
SPU_008528	SPU_022955	0.011550332806551921
SPU_020565	SPU_015772	0.011546728828813968
SPU_007262	SPU_022654	0.011546174370700438
SPU_018744	SPU_022678	0.011543540694661163
SPU_003704	SPU_022678	0.01154132286220704
SPU_022049	SPU_008196	0.011540907018621892
SPU_007644	SPU_005667	0.011534392135787899
SPU_008703	SPU_023730	0.011533699063145986
SPU_000276	SPU_020803	0.01153286737597569
SPU_012384	SPU_009685	0.011529263398237738
SPU_008117	SPU_005667	0.011519283152194177
SPU_011189	SPU_015828	0.011512629654831805
SPU_006421	SPU_000016	0.011506392001054579
SPU_005572	SPU_006808	0.011506392001054579
SPU_006753	SPU_012632	0.011505005855770752
SPU_024189	SPU_015199	0.011502649408788243
SPU_001262	SPU_022678	0.011490451330290559
SPU_020565	SPU_021726	0.011490035486705409
SPU_028479	SPU_014763	0.01148948102859188
SPU_009048	SPU_004340	0.011489342414063497
SPU_005572	SPU_010924_1	0.011488094883308052
SPU_007981	SPU_004217	0.01148657012349584
SPU_022816	SPU_022800	0.01148601566538231
SPU_009831	SPU_002309	0.011485183978212014
SPU_007262	SPU_015682	0.011484629520098481
SPU_027774	SPU_018673	0.01148199584405921
SPU_022049	SPU_026205	0.011476589877452282
SPU_027774	SPU_005708	0.01147312451424271
SPU_006991	SPU_006312	0.011469520536504759
SPU_012648	SPU_004148	0.011466332402351955
SPU_015719	SPU_019656	0.011465223486124894
SPU_007262	SPU_024555	0.011463698726312683
SPU_021172	SPU_028583	0.01145856998876252
SPU_001998	SPU_013576	0.011455381854609717
SPU_000749	SPU_030073	0.011446787753849982
SPU_009876	SPU_001113	0.011440827329129525
SPU_014576	SPU_013576	0.011440688714601141
SPU_007262	SPU_027774	0.011435282747994213
SPU_018393	SPU_013305	0.011434866904409063
SPU_000757	SPU_004340	0.011432510457426557
SPU_011635	SPU_022955_1	0.011430708468557579
SPU_004021	SPU_015456	0.011429599552330518
SPU_005718	SPU_023730	0.011424470814780355
SPU_008196_1	SPU_012877_1	0.01142419358572359
SPU_008196	SPU_007863	0.011420312378928871
SPU_004723	SPU_024745	0.011418233161003129
SPU_002320	SPU_017750	0.011413520267038115
SPU_006753	SPU_018797	0.011408807373073102
SPU_019002	SPU_005667	0.011405342009863531
SPU_008112	SPU_022817	0.011403124177409407
SPU_027472	SPU_000975	0.011400906344955282
SPU_011297	SPU_015362	0.011397025138160564
SPU_003470	SPU_024555	0.011394114233064528
SPU_023730	SPU_020082	0.011393559774950995
SPU_004414	SPU_005522	0.011390787484383338
SPU_017407	SPU_003378	0.011386629048531858
SPU_013119	SPU_021119	0.011385104288719645
SPU_014197	SPU_004021	0.011381916154566843
SPU_023894	SPU_002816	0.011379698322112717
SPU_003595	SPU_000948	0.011377203260601829
SPU_020722	SPU_011720	0.011375539886261233
SPU_010295	SPU_026465	0.011375124042676087
SPU_012384	SPU_006991	0.011365975483802823
SPU_007262	SPU_024903	0.011362232891536487
SPU_024918	SPU_018392	0.011353222947191606
SPU_009642	SPU_014763	0.011350866500209099
SPU_004021	SPU_012203	0.011350866500209099
SPU_012546	SPU_010458	0.011346569449829234
SPU_006803	SPU_015071_1	0.011346292220772467
SPU_018391	SPU_007262	0.011338807036239797
SPU_025584	SPU_013569	0.011338668421711414
SPU_014722	SPU_012648	0.011337282276427588
SPU_012490	SPU_002836	0.011336589203785672
SPU_020123	SPU_014687	0.011336173360200525
SPU_001113	SPU_015719	0.011335618902086992
SPU_004021	SPU_001113	0.011334094142274783
SPU_026099	SPU_002816	0.011331183237178744
SPU_009831	SPU_005667	0.011319816845851356
SPU_018126	SPU_008353_1	0.011318985158681062
SPU_027472	SPU_004217	0.011314549493772811
SPU_018056	SPU_018355_1	0.011302767258860274
SPU_007644	SPU_022717	0.011299301895650706
SPU_000739	SPU_020311	0.011298192979423643
SPU_006753	SPU_002008	0.011293895929043778
SPU_013569	SPU_022841	0.011286687973567872
SPU_014332	SPU_019033	0.011286272129982724
SPU_002592	SPU_012877	0.011279341403563585
SPU_002603	SPU_014752	0.011277955258279758
SPU_002816	SPU_027362	0.011272272062616061
SPU_026763	SPU_021210	0.011271301760917382
SPU_017407	SPU_005708	0.011268390855821346
SPU_017837	SPU_002554	0.011268252241292964
SPU_008845	SPU_011720	0.011262984889214418
SPU_024918	SPU_014722	0.011258549224306167
SPU_007147	SPU_020330_1	0.011257717537135873
SPU_003166	SPU_026465	0.011255499704681746
SPU_021210	SPU_005435	0.011254252173926301
SPU_004217	SPU_024901_1	0.011244549156939506
SPU_006484	SPU_000437	0.01124413331335436
SPU_000424	SPU_016490	0.011242469939013766
SPU_011174	SPU_020123	0.011241499637315085
SPU_002592	SPU_028255	0.011238172888633899
SPU_007599	SPU_012699	0.011232351078441824
SPU_007262	SPU_002008	0.011218905469188693
SPU_008528	SPU_008377	0.011218628240131928
SPU_014576	SPU_009178	0.011216687636734569
SPU_017725	SPU_013510	0.011216133178621036
SPU_011635	SPU_011272_1	0.011214192575223677
SPU_000739	SPU_021666	0.011207400463332922
SPU_015243	SPU_007317	0.011206152932577478
SPU_020722	SPU_022487	0.011201162809555697
SPU_002320	SPU_001483	0.011192430094267583
SPU_015243	SPU_003548	0.011189241960114778
SPU_004148	SPU_010698	0.011186746898603887
SPU_028255	SPU_014687	0.011185915211433592
SPU_012648	SPU_024901_1	0.011174687434634586
SPU_011635	SPU_024555	0.011169142853499275
SPU_006991	SPU_002836	0.011168033937272214
SPU_015772	SPU_013119	0.011167618093687064
SPU_000440	SPU_021557	0.011167479479158681
SPU_025632	SPU_019366	0.011165123032176174
SPU_021172	SPU_020124	0.011164984417647792
SPU_005572	SPU_006871	0.011163043814250432
SPU_004217	SPU_014722	0.011156806160473208
SPU_005358	SPU_002320	0.011153618026320403
SPU_026205	SPU_002428	0.011149875434054067
SPU_012546	SPU_006871	0.011149459590468919
SPU_022242	SPU_028583	0.011148627903298623
SPU_015712	SPU_023730	0.011143360551220076
SPU_022846	SPU_014401	0.011139479344425361
SPU_014461	SPU_021119	0.011135320908573876
SPU_014170	SPU_018393	0.01113199415989269
SPU_008845	SPU_005035	0.01112506343347355
SPU_006462	SPU_021210	0.011122291142905895
SPU_008528	SPU_018673	0.011121182226678832
SPU_025888	SPU_004021	0.011102192036290391
SPU_014628	SPU_001262_2	0.011095399924399636
SPU_023386	SPU_006484	0.011094568237229339
SPU_012648	SPU_011270	0.011091518717604916
SPU_000756	SPU_024044	0.011091241488548152
SPU_019656	SPU_024946	0.011089993957792707
SPU_001262_2	SPU_022678	0.011083063231373567
SPU_021172	SPU_014687	0.011080429555334295
SPU_002791	SPU_012949	0.01108015232627753
SPU_014793	SPU_011272	0.01107821172288017
SPU_008936	SPU_015362	0.011076825577596344
SPU_014722	SPU_015828	0.011075993890426046
SPU_008845	SPU_018673	0.011067399789666314
SPU_002603	SPU_014687	0.011067261175137932
SPU_019290	SPU_024093	0.011061993823059385
SPU_004217	SPU_006063	0.011061577979474237
SPU_019332	SPU_010873	0.011061439364945856
SPU_007644	SPU_006063	0.011057558158151137
SPU_027053	SPU_022955_1	0.011055478940225395
SPU_003378	SPU_009756	0.011052429420600973
SPU_027214	SPU_016523	0.011040924414745204
SPU_007262	SPU_022955_1	0.01103926104040461
SPU_012914	SPU_014055	0.011038429353234312
SPU_002129	SPU_028255	0.011037043207950485
SPU_009831	SPU_018355	0.011034825375496361
SPU_023037	SPU_010873	0.011034409531911211
SPU_001262_2	SPU_017441	0.011029835252474581
SPU_019332	SPU_023839	0.0110208253081297
SPU_003102	SPU_014055	0.011016528257749835
SPU_023177	SPU_003586	0.011015696570579537
SPU_002816	SPU_010634	0.011005023251894064
SPU_027214	SPU_017348	0.011002528190383172
SPU_013015	SPU_014687	0.011002250961326407
SPU_017106	SPU_004021	0.010999478670758751
SPU_000440	SPU_008377_2	0.010993518246038293
SPU_024139	SPU_023894	0.010992686558867995
SPU_027235	SPU_022654	0.010991300413584168
SPU_008117	SPU_011226	0.010988250893959746
SPU_009831	SPU_013689	0.010987696435846215
SPU_027053	SPU_008698	0.010984646916221794
SPU_021557	SPU_002025	0.010982844927352818
SPU_023730	SPU_002950	0.010981181553012226
SPU_007262	SPU_022817	0.010975359742820148
SPU_025590	SPU_010924_1	0.010970785463383516
SPU_002874	SPU_012648_1	0.010962607206208931
SPU_006786	SPU_015456	0.01096246859168055
SPU_006312	SPU_020124	0.010960527988283189
SPU_003595	SPU_019825	0.010957062625073621
SPU_015108	SPU_017492	0.010954706178091113
SPU_024903	SPU_028255	0.010954151719977582
SPU_016443	SPU_006786	0.01095359726186405
SPU_014802	SPU_020803	0.010952349731108606
SPU_017106	SPU_002950	0.010949300211484185
SPU_004702	SPU_010873	0.010948745753370653
SPU_007262	SPU_013904	0.010948607138842272
SPU_000975	SPU_012699	0.01094652792091653
SPU_012384	SPU_020124	0.010940983339781218
SPU_012253	SPU_009079_1	0.010936686289401351
SPU_010424	SPU_013689	0.010932389239021486
SPU_000485	SPU_020803	0.010927814959584855
SPU_001262_2	SPU_014683	0.01091561688108717
SPU_028479	SPU_010305	0.010912012903349217
SPU_005358	SPU_026205	0.010909379227309945
SPU_004723	SPU_015682	0.010909101998253179
SPU_006814	SPU_013570	0.010905082176930078
SPU_025584	SPU_008563	0.010897596992397408
SPU_004414	SPU_007360_1	0.010897319763340643
SPU_003704	SPU_006063	0.010896349461641964
SPU_005572	SPU_000739	0.010891359338620184
SPU_007253	SPU_013140_1	0.010886091986541639
SPU_006312	SPU_013510	0.010884567226729428
SPU_026099	SPU_008595_1	0.010883458310502366
SPU_014802	SPU_030073	0.010882349394275301
SPU_020124	SPU_007087	0.010875141438799397
SPU_015358	SPU_009685	0.010867517639738344
SPU_017348	SPU_003378	0.010866963181624813
SPU_006991	SPU_002309	0.010866685952568048
SPU_006808	SPU_002025	0.010864468120113924
SPU_027598	SPU_003937	0.010864190891057158
SPU_015828	SPU_014722	0.010857676008223167
SPU_018391	SPU_012948	0.010857537393694786
SPU_002677	SPU_027145	0.010853656186900066
SPU_024139	SPU_020082	0.010853378957843302
SPU_004021	SPU_006786	0.010850190823690499
SPU_000424	SPU_021172	0.010847972991236373
SPU_003166	SPU_028583	0.010846864075009311
SPU_015828	SPU_000806	0.010846032387839015
SPU_000485	SPU_015772	0.010839378890476641
SPU_015358	SPU_011270	0.01083535906915354
SPU_012384	SPU_010924	0.010826071895751894
SPU_013015	SPU_013202	0.010810962912158171
SPU_014401	SPU_025632	0.010809299537817577
SPU_024139	SPU_004021	0.010807774778005366
SPU_027472	SPU_015772	0.01080694309083507
SPU_019656	SPU_007147	0.010803754956682267
SPU_017635	SPU_026633	0.010801537124228142
SPU_015828	SPU_018392	0.01079890344818887
SPU_000756	SPU_013810_1	0.010794467783280619
SPU_000757	SPU_018861	0.010783101391953232
SPU_005572	SPU_014684	0.010780606330442342
SPU_018391	SPU_019384	0.010777002352704389
SPU_001739	SPU_024139	0.010770210240813633
SPU_015712	SPU_013570	0.010765635961377001
SPU_015358	SPU_010924_1	0.010761893369110665
SPU_015358	SPU_021557	0.010758705234957863
SPU_012253	SPU_020124	0.010758705234957863
SPU_000861	SPU_002008	0.010746645770988562
SPU_015243	SPU_007721	0.010740962575324867
SPU_015772	SPU_012699	0.010736526910416617
SPU_012490	SPU_018908	0.01073458630701926
SPU_018126	SPU_013570	0.010732922932678666
SPU_025632	SPU_020330_1	0.010731536787394838
SPU_006814	SPU_016523	0.010727794195128502
SPU_022163	SPU_012877	0.01072571497720276
SPU_026905	SPU_012648_1	0.010725299133617612
SPU_013689	SPU_025010	0.010719893167010684
SPU_017725	SPU_012632	0.010717120876443029
SPU_020565	SPU_001113	0.010714625814932139
SPU_018581	SPU_022800	0.010707833703041382
SPU_008528	SPU_014722	0.010706863401342703
SPU_018355	SPU_010873	0.010703813881718283
SPU_008703	SPU_015772	0.010702150507377687
SPU_011297	SPU_020330_1	0.010694526708316636
SPU_027472	SPU_002816	0.010687873210954262
SPU_022846	SPU_011202	0.010679694953779678
SPU_019332	SPU_009847	0.010678308808495849
SPU_024903	SPU_007087	0.010676229590570107
SPU_018391	SPU_011635	0.010675813746984961
SPU_015829	SPU_014722	0.010674982059814663
SPU_006753	SPU_002025	0.010673734529059219
SPU_024877	SPU_012489	0.010665694886413018
SPU_002874	SPU_010873	0.010663754283015659
SPU_001262_1	SPU_022678	0.010662506752260213
SPU_028255	SPU_013689	0.010660427534334471
SPU_013569	SPU_024901_1	0.010658209701880347
SPU_024189	SPU_009876	0.010649615601120615
SPU_008117	SPU_010924	0.010646981925081341
SPU_020637	SPU_009474	0.010643793790928538
SPU_012648	SPU_014722	0.010642407645644709
SPU_018483	SPU_020123	0.01063838782432161
SPU_024877	SPU_000437	0.01063838782432161
SPU_025590	SPU_013510	0.010631595712430853
SPU_025584	SPU_018355	0.010630348181675407
SPU_028120	SPU_012877_1	0.010626466974880689
SPU_027235	SPU_020123	0.010624526371483331
SPU_010351	SPU_024139	0.010613853052797858
SPU_018355	SPU_022678	0.010612051063928882
SPU_006991	SPU_013689_1	0.010607199555435485
SPU_022816	SPU_004340	0.01060553618109489
SPU_011297	SPU_024093	0.010598605454675751
SPU_013015	SPU_006484	0.010596110393164862
SPU_015719	SPU_015767	0.010592367800898526
SPU_012772	SPU_023140	0.010591951957313378
SPU_016443	SPU_014802	0.010591813342784995
SPU_012469	SPU_000016	0.01059153611372823
SPU_010305	SPU_012491	0.010587377677876746
SPU_006991	SPU_022654	0.010580031107872459
SPU_015829	SPU_000806	0.01057961526428731
SPU_002592	SPU_028583	0.010572823152396556
SPU_004414	SPU_011348	0.010569773632772134
SPU_022846	SPU_006786	0.010565753811449032
SPU_006312	SPU_010924_1	0.010565476582392267
SPU_013047	SPU_008353_1	0.010565060738807119
SPU_028120	SPU_013570	0.010564644895221971
SPU_019290	SPU_012699	0.010560763688427253
SPU_005718	SPU_002950	0.010560209230313722
SPU_028827	SPU_006312	0.010547733922759272
SPU_023037	SPU_024745	0.010547595308230889
SPU_000757	SPU_009474	0.010543852715964554
SPU_011576	SPU_005955_1	0.010543852715964554
SPU_009771	SPU_022573	0.010542466570680725
SPU_018581	SPU_005667	0.010540387352754983
SPU_009642	SPU_013569	0.010540248738226602
SPU_009831	SPU_006063	0.010539001207471158
SPU_027774	SPU_023839	0.010538446749357624
SPU_002874	SPU_005667	0.010534842771619674
SPU_002592	SPU_020124	0.010534011084449376
SPU_014332	SPU_015682	0.010533872469920994
SPU_005572	SPU_011270	0.010531377408410102
SPU_017635	SPU_002554	0.010530822950296573
SPU_012469	SPU_028255	0.010526387285388324
SPU_015243	SPU_011687	0.010522783307650371
SPU_004217	SPU_000603	0.010510169385567538
SPU_027472	SPU_002950	0.010501020826694275
SPU_022163	SPU_010924	0.010497971307069854
SPU_011297	SPU_006786	0.010493951485746751
SPU_012490	SPU_003548	0.010484802926873489
SPU_015772	SPU_002816	0.01048286232347613
SPU_000757	SPU_027472	0.010477733585925969
SPU_023386	SPU_007863	0.010474684066301546
SPU_014170	SPU_012489	0.010471773161205507
SPU_014461	SPU_015767	0.010470109786864914
SPU_003102	SPU_000016_1	0.010467337496297259
SPU_024918	SPU_023090	0.010467337496297259
SPU_018056	SPU_022678	0.010464149362144456
SPU_002320	SPU_022654	0.010464149362144456
SPU_005718	SPU_020082	0.010456664177611786
SPU_003166	SPU_014687	0.010454723574214425
SPU_000485	SPU_005955_1	0.010454307730629277
SPU_007981	SPU_023839	0.010452644356288685
SPU_028827	SPU_002631	0.010451258211004856
SPU_018393	SPU_012489	0.010443357182887037
SPU_017404_1	SPU_019332	0.010442109652131593
SPU_011635	SPU_024745	0.01044197103760321
SPU_027053	SPU_015829	0.010439337361563937
SPU_006991	SPU_022473	0.010439337361563937
SPU_012253	SPU_012877	0.010439337361563937
SPU_024877	SPU_027935_1	0.010438505674393641
SPU_015374	SPU_014687	0.010438228445336876
SPU_000757	SPU_002950	0.010437673987223344
SPU_013047	SPU_004021	0.01043698091458143
SPU_006803	SPU_021757	0.01043448585307054
SPU_020722	SPU_022697	0.010422980847214769
SPU_018056	SPU_006063	0.010422565003629621
SPU_010295	SPU_014055	0.010419515484005199
SPU_006808	SPU_007108	0.010418822411363285
SPU_025584	SPU_007863	0.010418267953249755
SPU_000485	SPU_015362	0.010413693673813123
SPU_027935	SPU_022473	0.010409396623433256
SPU_018391	SPU_004148	0.010408287707206195
SPU_014170	SPU_007147	0.010399139148332931
SPU_009831	SPU_011226	0.010395812399651743
SPU_003102	SPU_015682	0.010395257941538212
SPU_025584	SPU_004983	0.01039511932700983
SPU_003102	SPU_012469	0.010392901494555707
SPU_003166	SPU_020124	0.010385832153608185
SPU_021192	SPU_004024	0.010380010343416108
SPU_001739	SPU_027472	0.010371139013599609
SPU_015358	SPU_014643	0.010371000399071227
SPU_007253	SPU_002950	0.010370307326429313
SPU_006484	SPU_020082	0.010369059795673869
SPU_006786	SPU_012008	0.010364346901708853
SPU_008936	SPU_002816	0.01036212906925473
SPU_005572	SPU_015466	0.010356861717176183
SPU_006803	SPU_002025_1	0.010344386409621733
SPU_005718	SPU_024610	0.010339396286599953
SPU_019366	SPU_020803	0.010337039839617446
SPU_014418	SPU_019290	0.010325396219233292
SPU_021192	SPU_012489	0.010313059526207225
SPU_005358	SPU_004037	0.010305990185259703
SPU_020311	SPU_014055	0.01029642578280129
SPU_009831	SPU_014683	0.010291574274307894
SPU_014332	SPU_013510	0.010290603972609214
SPU_002634	SPU_021119	0.010289079212797004
SPU_011202	SPU_016792	0.01028741583845641
SPU_002816	SPU_012008	0.010282841559019779
SPU_013047	SPU_002950	0.010278405894111529
SPU_006753	SPU_007087	0.010277851435997997
SPU_002874	SPU_013861	0.010277296977884468
SPU_017379	SPU_014289	0.010275356374487107
SPU_017837	SPU_013611	0.010273554385618132
SPU_004723	SPU_007644	0.010272306854862688
SPU_008117_1	SPU_000016_1	0.010263574139574572
SPU_000861	SPU_018908	0.01025054437390659
SPU_006991	SPU_021210	0.010249435457679527
SPU_000739	SPU_013510	0.010244168105600982
SPU_006787	SPU_005955_1	0.010243613647487451
SPU_007981	SPU_001415	0.010243475032959068
SPU_010295	SPU_000016	0.010236682921068312
SPU_015829	SPU_018392	0.010236267077483164
SPU_012546	SPU_000016_1	0.01023307894333036
SPU_018355	SPU_006063	0.010228366049365346
SPU_007599	SPU_012050	0.010224900686155777
SPU_027053	SPU_001415	0.010222128395588122
SPU_021608	SPU_017656	0.010218524417850169
SPU_015908	SPU_000310	0.010217969959736638
SPU_024877	SPU_001113	0.010211732305959412
SPU_022163	SPU_022473	0.010209375858976905
SPU_013047	SPU_027472	0.010205910495767335
SPU_014418	SPU_008353_1	0.010205494652182187
SPU_009831	SPU_020480_1	0.010198148082177899
SPU_010424	SPU_021666	0.010197039165950838
SPU_027015	SPU_013570	0.010195930249723775
SPU_003470	SPU_002320	0.010195514406138627
SPU_026465	SPU_022955_1	0.010191910428400675
SPU_015640	SPU_015456	0.010190108439531699
SPU_002129	SPU_012877	0.010186227232736982
SPU_011576	SPU_014401	0.010184841087453152
SPU_013689	SPU_027235	0.010181652953300349
SPU_027053	SPU_023839	0.010180959880658435
SPU_022163	SPU_006333	0.010173890539710913
SPU_004702	SPU_026385	0.010165850897064711
SPU_005358	SPU_015682	0.010162385533855144
SPU_012645	SPU_028148	0.010156563723663066
SPU_014628	SPU_006197	0.010151296371584521
SPU_018908	SPU_009079_1	0.010151157757056137
SPU_023386	SPU_028148	0.010149078539130395
SPU_004287_1	SPU_007253	0.010143395343466702
SPU_017837	SPU_011226	0.010142840885353171
SPU_007981	SPU_014722	0.010136603231575945
SPU_002632	SPU_002815	0.010130920035912252
SPU_016443	SPU_001113	0.010130226963270338
SPU_010635	SPU_025888	0.010127731901759448
SPU_027053	SPU_007981	0.010126622985532385
SPU_006462	SPU_017511	0.010123712080436347
SPU_006917	SPU_020646	0.010119692259113246
SPU_025010	SPU_030139	0.010117751655715887
SPU_028827	SPU_008112	0.010116781354017208
SPU_015243	SPU_009911	0.010114702136091466
SPU_027053	SPU_010873	0.010113454605336022
SPU_014802	SPU_012699	0.0101104050857116
SPU_011189	SPU_014722	0.010107494180615562
SPU_003166	SPU_003548	0.010105553577218202
SPU_002129	SPU_026205	0.010104583275519522
SPU_000975	SPU_023894	0.010103474359292462
SPU_025113	SPU_011226	0.010098900079855829
SPU_022846	SPU_020803	0.010098761465327446
SPU_014722	SPU_000806	0.010097791163628767
SPU_023037	SPU_015829	0.010097652549100384
SPU_012772	SPU_028148	0.010088503990227121
SPU_017837	SPU_023014	0.010082127721921514
SPU_015358	SPU_022473	0.010080602962109303
SPU_016617	SPU_013967	0.010080325733052536
SPU_011246	SPU_016045	0.010078800973240326
SPU_026633	SPU_014687	0.010078107900598413
SPU_000485	SPU_010634	0.010076444526257819
SPU_008117	SPU_014055	0.010075751453615906
SPU_012253	SPU_006333	0.01007408807927531
SPU_021557	SPU_006333	0.010071731632292804
SPU_021192	SPU_009474	0.010071038559650891
SPU_008117	SPU_000016	0.010070206872480593
SPU_002874	SPU_013904	0.010068127654554853
SPU_022820	SPU_014722	0.010066325665685875
SPU_020124	SPU_011635	0.010063691989646604
SPU_006484	SPU_028120	0.010060781084550564
SPU_013569	SPU_013015	0.010060503855493799
SPU_002791	SPU_013904	0.01005856325209644
SPU_004287	SPU_022916	0.010047474089825818
SPU_023037	SPU_008698	0.010045256257371694
SPU_007262	SPU_014683	0.010044701799258163
SPU_000276	SPU_030073	0.010043177039445952
SPU_023730	SPU_013570	0.010036800771140345
SPU_005572	SPU_015682	0.010036246313026813
SPU_000485	SPU_007147	0.01003610769849843
SPU_001657	SPU_000948	0.010035553240384899
SPU_018391	SPU_018373	0.010035414625856515
SPU_027235	SPU_007721	0.010029870044721206
SPU_008528	SPU_001415	0.010024325463585892
SPU_015719	SPU_016786	0.010023077932830448
SPU_023037	SPU_023839	0.010022107631131769
SPU_027214	SPU_007863	0.010015454133769395
SPU_022049	SPU_028120	0.010014345217542332
SPU_000861	SPU_026962	0.010008800636407023
SPU_023037	SPU_022955_1	0.010007275876594812
SPU_024918	SPU_007644	0.010004364971498772
SPU_022163	SPU_007862	0.0099989590048918438
SPU_002634	SPU_021192	0.0099970184014944868
SPU_025888	SPU_008353_1	0.0099910579767740256
SPU_016786	SPU_015456	0.0099907807477172608
SPU_025113	SPU_028093	0.0099873153845076914
SPU_027774	SPU_015829	0.009982186646957528
SPU_015712	SPU_014289	0.0099785826692195771
SPU_017404_1	SPU_014055	0.0099780282111060457
SPU_002320	SPU_002554	0.0099771965239357479
SPU_014722	SPU_010698	0.0099762262222370685
SPU_008117_1	SPU_020726	0.0099752559205383892
SPU_027015	SPU_028148	0.0099738697752545617
SPU_021192	SPU_006786	0.0099735925461977952
SPU_023730	SPU_008353_1	0.0099710974846869051
SPU_008845	SPU_011270	0.009961533082228493
SPU_001998	SPU_007360_1	0.0099587607916608381
SPU_004723	SPU_019365	0.0099493350037308092
SPU_008112	SPU_028255	0.0099483647020321298
SPU_021608	SPU_017750	0.0099443448807090291
SPU_017725	SPU_014055	0.0099424042773116703
SPU_003704	SPU_010873	0.0099388002995737176
SPU_025590	SPU_007862	0.0099358893944776795
SPU_006676	SPU_011246	0.009935750779949298
SPU_021608	SPU_020726	0.0099346418637222336
SPU_000485	SPU_000948	0.0099339487910803208
SPU_019002	SPU_014836	0.0099290972825869239
SPU_026763	SPU_013140_1	0.0099236913159799958
SPU_009876	SPU_023140	0.0099231368578664644
SPU_012491	SPU_004021	0.0099106615503120141
SPU_027053	SPU_017441	0.0099040080529496401
SPU_019290	SPU_012489	0.0098997110025697745
SPU_023037	SPU_001415	0.0098990179299278599
SPU_019366	SPU_020803_1	0.0098965228684169699
SPU_007262	SPU_012469	0.0098804435831245686
SPU_028827	SPU_007087	0.0098775326780285288
SPU_021557	SPU_021666	0.0098775326780285288
SPU_028827	SPU_007863	0.0098773940635001473
SPU_028583	SPU_006484	0.0098746217729324907
SPU_005358	SPU_028255	0.0098742059293473426
SPU_005358	SPU_001483	0.0098736514712338113
SPU_000485	SPU_012699	0.0098721267114216006
SPU_025590	SPU_020124	0.0098696316499107106
SPU_028120	SPU_020082	0.0098663049012295244
SPU_006787	SPU_019366	0.0098650573704740802
SPU_007611	SPU_007981	0.0098627009234915717
SPU_006753	SPU_022473	0.0098610375491509777
SPU_011189	SPU_024555	0.0098592355602820023
SPU_016881	SPU_024307	0.0098582652585833229
SPU_017470	SPU_013611	0.0098545226663169887
SPU_015108	SPU_027598	0.0098541068227318389
SPU_012645	SPU_025888	0.0098535523646183076
SPU_001262_1	SPU_012877_1	0.009851334532164184
SPU_002816	SPU_018954	0.0098338691015879536
SPU_012490	SPU_007721	0.0098287403640377902
SPU_024877	SPU_027472	0.0098274928332823461
SPU_006991	SPU_020646	0.009827076989697198
SPU_009048	SPU_027472	0.0098237502410160119
SPU_025113	SPU_013611	0.0098195918051645278
SPU_024918	SPU_022697	0.0098136313804440666
SPU_002791	SPU_023839	0.0098122452351602409
SPU_026099	SPU_016786	0.0098116907770467096
SPU_021210	SPU_028148	0.0098112749334615598
SPU_000739	SPU_028255	0.0098080867993087569
SPU_019089	SPU_006484	0.0098006016147760867
SPU_012008	SPU_007599	0.0097996313130774074
SPU_024918	SPU_000603	0.009798661011378728
SPU_024877	SPU_000975	0.0097981065532651967
SPU_018483	SPU_028255	0.0097753737706104196
SPU_020722	SPU_011635	0.0097724628655143815
SPU_021119	SPU_015767	0.0097721856364576167
SPU_005572	SPU_024555	0.0097645618373965633
SPU_012648	SPU_011226	0.0097630370775843526
SPU_014722	SPU_018392	0.0097622053904140565
SPU_020722	SPU_007262	0.0097616509323005252
SPU_002791	SPU_018355	0.0097592944853180184
SPU_015456	SPU_018744	0.0097567994238071283
SPU_018391	SPU_003470	0.0097479280939906307
SPU_015640	SPU_023894	0.0097466805632351848
SPU_001113	SPU_025632	0.0097444627307810595
SPU_006803	SPU_004551	0.0097411359820998734
SPU_018392	SPU_005737	0.0097382250770038353
SPU_012648_1	SPU_009646	0.0097372547753051559
SPU_018908	SPU_019089	0.009729908205300869
SPU_012008	SPU_023894	0.0097268586856764476
SPU_027053	SPU_014722	0.0097247794677507056
SPU_013689_1	SPU_025590	0.009723670551523643
SPU_007644	SPU_001415	0.0097232547079384949
SPU_009642	SPU_011272	0.0097211754900127529
SPU_005572	SPU_014643	0.0097188190430302461
SPU_012699	SPU_023813	0.0097170170541612706
SPU_012253	SPU_009685	0.009715908137934208
SPU_002874	SPU_023839	0.0097106407858556613
SPU_006484	SPU_007360_1	0.0097077298807596232
SPU_017635	SPU_002025	0.0097052348192487332
SPU_002791	SPU_010873	0.0097009377688688676
SPU_018391	SPU_001415	0.0096985813218863608
SPU_001262_2	SPU_006063	0.0096973337911309149
SPU_015712	SPU_027472	0.0096959476458470875
SPU_009178	SPU_022892	0.0096940070424497288
SPU_015374	SPU_020646	0.0096933139698078142
SPU_018483	SPU_021210	0.0096924822826375181
SPU_015358	SPU_010924	0.0096916505954672202
SPU_006462	SPU_028148	0.0096877693886725028
SPU_012008	SPU_000276	0.0096876307741441212
SPU_024918	SPU_008117_1	0.0096861060143319105
SPU_017837	SPU_006808	0.0096786208297992404
SPU_000485	SPU_012489	0.0096762643828167318
SPU_012648	SPU_001415	0.0096752940811180542
SPU_004702	SPU_023839	0.0096665613658299381
SPU_006991	SPU_002320	0.009659492024882416
SPU_025346	SPU_002309	0.0096572741924282907
SPU_023730	SPU_005955_1	0.0096495117788388558
SPU_002874	SPU_006058	0.0096463236446860529
SPU_014722	SPU_004148	0.0096436899686467795
SPU_001113	SPU_024877	0.0096411949071358895
SPU_026099	SPU_012699	0.0096405018344939749
SPU_000485	SPU_011315	0.0096402246054372101
SPU_020637	SPU_001113	0.0096395315327952955
SPU_009831	SPU_011270	0.0096305215884504147
SPU_006786	SPU_014418	0.0096151353757999262
SPU_004021	SPU_000975	0.0096120858561755049
SPU_025888	SPU_028148	0.0096115313980619753
SPU_013015	SPU_008196	0.0096058482023982806
SPU_003378	SPU_000948	0.0095960065708831019
SPU_017837	SPU_024555	0.0095946204255992745
SPU_007644	SPU_011226	0.009586996626538221
SPU_000276	SPU_012008	0.009585056023140864
SPU_004599	SPU_000975	0.0095817292744596761
SPU_009831	SPU_010924_1	0.009576739151437896
SPU_005572	SPU_006333	0.0095739668608702411
SPU_006421	SPU_007262	0.0095682836652065464
SPU_004723	SPU_004148	0.0095634321567131496
SPU_001262_1	SPU_006197	0.0095605212516171115
SPU_006753	SPU_010295	0.0095601054080319617
SPU_002791	SPU_001415	0.0095599667935035802
SPU_023177	SPU_004702	0.0095520657653857619
SPU_027472	SPU_008353_1	0.0095490162457613405
SPU_006786	SPU_019290	0.0095488776312329573
SPU_017407	SPU_003595_1	0.0095477687150058946
SPU_003166	SPU_007721	0.0095437488936827956
SPU_015984	SPU_023463_1	0.0095373726253771864
SPU_013047	SPU_014588	0.0095359864800933589
SPU_007644	SPU_023839	0.0095340458766960002
SPU_018056	SPU_010873	0.0095326597314121728
SPU_015108	SPU_003378	0.0095322438878270247
SPU_008936	SPU_013119	0.0095266993066917133
SPU_011189	SPU_013305	0.0095230953289537606
SPU_017642	SPU_025125	0.009522402256311846
SPU_017971	SPU_019825	0.0095214319546131666
SPU_016523	SPU_017492	0.0095207388819712538
SPU_001262_2	SPU_030139	0.0095133923119669651
SPU_003179	SPU_013576	0.0095110358649844583
SPU_007262	SPU_020480_1	0.0095108972504560751
SPU_019002	SPU_001483	0.0095108972504560751
SPU_028255	SPU_000129	0.0095092338761154829
SPU_018391	SPU_014722	0.0094946793506352906
SPU_015829	SPU_027053	0.0094941248925217592
SPU_008196	SPU_002428	0.0094891347694999791
SPU_017642	SPU_012912	0.0094871941661026204
SPU_006991	SPU_012912	0.0094845604900633471
SPU_018483	SPU_007190	0.0094810951268537776
SPU_002874	SPU_001415	0.0094688970483560939
SPU_003704	SPU_000603	0.0094650158415613746
SPU_012490	SPU_024044	0.0094643227689194618
SPU_013305	SPU_022717	0.0094641841543910785
SPU_013569	SPU_019652	0.009464045539862697
SPU_007599	SPU_013119	0.0094627980091072511
SPU_016443	SPU_005955_1	0.0094580851151422358
SPU_006991	SPU_013569	0.0094561445117448788
SPU_011189	SPU_024745	0.0094558672826881122
SPU_008528	SPU_023839	0.0094553128245745809
SPU_020565	SPU_004924	0.0094550355955178161
SPU_000757	SPU_020082	0.0094548969809894329
SPU_005022	SPU_014588	0.0094521246904217763
SPU_005718	SPU_025888	0.0094469959528716146
SPU_016443	SPU_012489	0.0094451939640026374
SPU_021608	SPU_000016	0.0094408969136227719
SPU_015772	SPU_027935_1	0.0094371543213564377
SPU_022816	SPU_022892	0.0094334117290901017
SPU_004702	SPU_022678	0.0094332731145617185
SPU_002592	SPU_026205	0.0094327186564481871
SPU_004148	SPU_008117	0.0094291146787102344
SPU_000485	SPU_011202	0.0094264810026709629
SPU_028827	SPU_012877	0.0094221839522910956
SPU_006808	SPU_023386	0.0094160849130422546
SPU_007981	SPU_022697	0.0094069363541689922
SPU_000424	SPU_022654	0.0093982036388808761
SPU_008528	SPU_011635	0.0093961244209551341
SPU_000756	SPU_002677	0.0093939065885010088
SPU_006803	SPU_003548	0.0093923818286887981
SPU_025346	SPU_006991	0.00938697586208187
SPU_025632	SPU_009474	0.0093850352586845112
SPU_018391	SPU_023839	0.0093835104988723005
SPU_021192	SPU_004021	0.0093781045322653724
SPU_015772	SPU_001113	0.0093779659177369908
SPU_005572	SPU_009847	0.0093731144092435922
SPU_016443	SPU_012699	0.0093713124203746168
SPU_002874	SPU_014683	0.00936895597339211
SPU_021557	SPU_022473	0.0093681242862218121
SPU_002874	SPU_015829	0.0093621638615013526
SPU_015640	SPU_008595_1	0.009357450967536339
SPU_011189	SPU_023037	0.0093566192803660412
SPU_021557	SPU_007087	0.0093519063864010259
SPU_010424	SPU_020480_1	0.009350797470173965
SPU_007644	SPU_017404_1	0.0093480251796063084
SPU_019656	SPU_001657	0.0093410944531871695
SPU_002603	SPU_028583	0.0093385993916762795
SPU_019002	SPU_022817	0.0093291736037462505
SPU_011174	SPU_027708	0.0093279260729908064
SPU_017579	SPU_019825	0.009324460709781237
SPU_002592	SPU_007087	0.0093240448661960889
SPU_023177	SPU_007360_1	0.0093219656482703469
SPU_012648	SPU_022955_1	0.0093205795029865195
SPU_002320	SPU_012632	0.0093201636594013697
SPU_008936	SPU_008353_1	0.0093200250448729881
SPU_020637	SPU_020803	0.0093143418492092935
SPU_006803	SPU_007262	0.0093130943184538493
SPU_006917	SPU_022892	0.0093128170893970828
SPU_028827	SPU_011687	0.0093117081731700201
SPU_027472	SPU_005955_1	0.0093117081731700201
SPU_007262	SPU_006865	0.0093082428099604524
SPU_009876	SPU_009178	0.0093078269663753026
SPU_027053	SPU_024745	0.009306302206563092
SPU_028255	SPU_021210	0.0093056091339211791
SPU_002320	SPU_013178	0.0093040843741089684
SPU_014401	SPU_020803	0.009292856597309964
SPU_026633	SPU_004287_1	0.0092921635246680477
SPU_024918	SPU_011001	0.0092914704520261349
SPU_025632	SPU_008595_1	0.0092814902059825746
SPU_025584	SPU_011272	0.0092810743623974266
SPU_006803	SPU_020124	0.0092796882171135991
SPU_000739	SPU_022573	0.0092785793008865365
SPU_002816	SPU_012489	0.0092785793008865365
SPU_027774	SPU_012949	0.0092744208650350542
SPU_017725	SPU_017750	0.0092728961052228418
SPU_014332	SPU_001483	0.0092727574906944603
SPU_016443	SPU_015772	0.0092715099599390144
SPU_022820	SPU_023839	0.0092710941163538663
SPU_022846	SPU_011315	0.0092681832112578282
SPU_007981	SPU_018850	0.0092674901386159154
SPU_015374	SPU_028583	0.0092552920601182281
SPU_021557	SPU_007863	0.009238519702183914
SPU_002592	SPU_005522	0.0092382424731271475
SPU_019366	SPU_030073	0.0092347771099175781
SPU_002791	SPU_013861	0.0092317275902931567
SPU_011246	SPU_026731	0.0092313117467080087
SPU_024903	SPU_004551	0.0092177275229264957
SPU_000485	SPU_004924	0.0092074700478261707
SPU_003102	SPU_022473	0.0092044205282017493
SPU_017725	SPU_002025	0.009202202695747624
SPU_006808	SPU_014683	0.0092020640812192425
SPU_027472	SPU_001113	0.0091904204608350883
SPU_022163	SPU_013510	0.0091880640138525815
SPU_019290	SPU_030073	0.0091868164830971356
SPU_011635	SPU_001415	0.009185291723284925
SPU_022678	SPU_010873	0.0091837669634727143
SPU_016523	SPU_027935_1	0.0091829352763024182
SPU_008112	SPU_011756	0.0091804402147915281
SPU_018392	SPU_004723	0.0091771134661103402
SPU_022846	SPU_012489	0.0091769748515819587
SPU_012491	SPU_027472	0.0091768362370535754
SPU_007644	SPU_023463_1	0.0091764203934684273
SPU_011297	SPU_004340	0.0091660243038397191
SPU_012546	SPU_007011	0.0091638064713855938
SPU_017348	SPU_017971	0.0091613114098747055
SPU_008528	SPU_018373	0.0091592321919489635
SPU_026418	SPU_019089	0.0091565985159096901
SPU_017725	SPU_000016	0.0091532717672285022
SPU_026763	SPU_007721	0.0091502222476040826
SPU_001657	SPU_017492	0.0091492519459054032
SPU_008703	SPU_013576	0.0091407964596740537
SPU_015640	SPU_027472	0.0091405192306172871
SPU_007253	SPU_024139	0.009135529107595507
SPU_016786	SPU_014401	0.0091353904930671238
SPU_018355	SPU_000603	0.0091327568170278504
SPU_015243	SPU_028255	0.0091308162136304934
SPU_002603	SPU_008196	0.0091308162136304934
SPU_022163	SPU_014836	0.0091301231409885789
SPU_016523	SPU_003937	0.0091248557889100339
SPU_012699	SPU_008595_1	0.0091238854872113546
SPU_010424	SPU_021726	0.0091227765709842919
SPU_023386	SPU_017379	0.0091202815094734019
SPU_017579	SPU_014055	0.0091161230736219179
SPU_007981	SPU_010873	0.0091145983138097072
SPU_013015	SPU_003548	0.0091145983138097072
SPU_020311	SPU_002008	0.0091139052411677943
SPU_014289	SPU_004021	0.0091111329506001378
SPU_014802	SPU_020803_1	0.0091104398779582232
SPU_006787	SPU_001113	0.0091073903583338018
SPU_018581	SPU_022473	0.0091055883694648263
SPU_021172	SPU_011756	0.009105033911351295
SPU_008117_1	SPU_011270	0.0091028160788971715
SPU_024903	SPU_013689_1	0.0091026774643687882
SPU_007981	SPU_006063	0.0091024002353120234
SPU_023386	SPU_013305	0.0091014299336133423
SPU_012203	SPU_012489	0.0090999051738011316
SPU_004702	SPU_018744	0.0090958853524780326
SPU_015772	SPU_017492	0.0090928358328536112
SPU_001739	SPU_004024	0.0090915883020981671
SPU_026205	SPU_013967	0.0090904793858711027
SPU_014332	SPU_012632	0.0090846575756790265
SPU_009178	SPU_025888	0.0090842417320938784
SPU_026905	SPU_015358	0.0090838258885087304
SPU_018391	SPU_019508	0.0090814694415262218
SPU_006808	SPU_013689	0.0090755090168057641
SPU_009771	SPU_002428	0.0090749545586922328
SPU_006808	SPU_020480_1	0.009070518893783984
SPU_018355	SPU_015828	0.0090655287707622038
SPU_025632	SPU_010634	0.0090635881673648451
SPU_018126	SPU_002950	0.009063033709251312
SPU_020722	SPU_009847	0.0090619247930242511
SPU_006803	SPU_002309	0.0090455682786750816
SPU_018908	SPU_013510	0.0090375286360288819
SPU_008196_1	SPU_002428	0.0090357266471599064
SPU_000948	SPU_003937	0.0090278256190420882
SPU_008845	SPU_022697	0.0090260236301731109
SPU_012546	SPU_009646	0.0090232513396054544
SPU_000276	SPU_020803_1	0.0090210335071513308
SPU_009048	SPU_015772	0.0090177067584701447
SPU_006462	SPU_003548	0.0090154889260160194
SPU_008528	SPU_028746	0.0090035680765751004
SPU_020637	SPU_014401	0.0090023205458196563
SPU_003595	SPU_007981	0.0089983007244965555
SPU_007644	SPU_000603	0.0089892907801516746
SPU_011635	SPU_000016_1	0.0089856868024137219
SPU_011576	SPU_010634	0.0089802808358067938
SPU_025346	SPU_010924	0.0089750134837282489
SPU_000485	SPU_018954	0.0089733501093876549
SPU_013047	SPU_015772	0.0089658649248549847
SPU_000975	SPU_005955	0.0089651718522130702
SPU_014332	SPU_006333	0.0089533896173005344
SPU_002791	SPU_006427	0.0089418846114447635
SPU_004599	SPU_001628	0.0089417459969163803
SPU_022049	SPU_010305	0.0089395281644622567
SPU_006583	SPU_023463_1	0.0089386964772919589
SPU_028827	SPU_003548	0.0089249736389820644
SPU_022242	SPU_019825	0.0089183201416196921
SPU_025346	SPU_011272	0.0089170726108642462
SPU_028479	SPU_011272	0.0089165181527507149
SPU_015908	SPU_011246	0.0089115280297289347
SPU_018392	SPU_025848	0.0089091715827464262
SPU_015772	SPU_008353_1	0.0089065379067071546
SPU_008117	SPU_013904	0.0089058448340652401
SPU_009831	SPU_013569	0.0089039042306678813
SPU_002791	SPU_006063	0.008903765616139498
SPU_009831	SPU_018888	0.0088953101299081485
SPU_026205	SPU_021210	0.0088928150683972584
SPU_000739	SPU_007087	0.0088907358504715164
SPU_017725	SPU_020726	0.0088901813923579869
SPU_020565	SPU_008353_1	0.0088847754257510587
SPU_008117_1	SPU_013611	0.008881171448013106
SPU_016523	SPU_003595_1	0.0088810328334847227
SPU_000756	SPU_028148	0.0088789536155589807
SPU_016443	SPU_024946	0.0088788150010305992
SPU_015243	SPU_007087	0.0088785377719738327
SPU_014461	SPU_014401	0.0088725773472533732
SPU_012253	SPU_017750	0.0088720228891398419
SPU_011189	SPU_011226	0.0088639832464936421
SPU_012384	SPU_002008	0.0088564980619609719
SPU_018392	SPU_001415	0.0088551119166771428
SPU_016443	SPU_020803	0.0088544188440352299
SPU_020722	SPU_025848	0.0088494287210134481
SPU_006787	SPU_012489	0.0088483198047863872
SPU_017635	SPU_017656	0.0088476267321444726
SPU_012490	SPU_014687	0.008839171245913123
SPU_013569	SPU_004414	0.0088351514245900223
SPU_005572	SPU_012877	0.008834596966476491
SPU_002603	SPU_003548	0.0088312702177953048
SPU_017837	SPU_024745	0.0088283593126992667
SPU_020722	SPU_011226	0.0088250325640180805
SPU_023386	SPU_007360_1	0.0088151909325029018
SPU_023386	SPU_011246	0.0088150523179745203
SPU_014332	SPU_021044	0.0088036859266471326
SPU_009771	SPU_008936	0.0087991116472105006
SPU_002592	SPU_026962	0.0087986958036253508
SPU_012008	SPU_004599	0.0087856660379573692
SPU_005572	SPU_020480_1	0.0087833095909748624
SPU_002815	SPU_014289	0.0087813689875775036
SPU_007981	SPU_013861	0.008780260071350441
SPU_002320	SPU_006333	0.0087792897696517616
SPU_006787	SPU_024877	0.0087787353115382303
SPU_004723	SPU_024555	0.0087779036243679342
SPU_018391	SPU_028746	0.0087747154902151313
SPU_001739	SPU_008353_1	0.0087693095236082014
SPU_011635	SPU_028479	0.0087645966296431878
SPU_028120	SPU_012203	0.0087629332553025938
SPU_021119	SPU_008595	0.0087586362049227283
SPU_011315	SPU_022678	0.0087558639143550717
SPU_022163	SPU_002025_1	0.0087415866179316459
SPU_004723	SPU_006865	0.0087396460145342872
SPU_015772	SPU_015456	0.0087367351094382491
SPU_005358	SPU_006808	0.0087310519137745544
SPU_020637	SPU_017492	0.0087286954667920476
SPU_015243	SPU_013810	0.00871982413697555
SPU_028827	SPU_021210	0.0087189924498052521
SPU_027214	SPU_014289	0.0087189924498052521
SPU_022049	SPU_022892	0.0087113686507442004
SPU_006676	SPU_024044	0.0087101211199887545
SPU_002592	SPU_013810	0.0087080419020630125
SPU_027214	SPU_000578	0.0087040220807399135
SPU_015719	SPU_013119	0.0087036062371547637
SPU_011189	SPU_004148	0.0087027745499844676
SPU_010295	SPU_004037	0.0086994478013032814
SPU_021557	SPU_002554	0.0086973685833775394
SPU_023090	SPU_022841	0.0086962596671504768
SPU_008117_1	SPU_002632	0.0086950121363950326
SPU_017470	SPU_003685	0.0086930715329976722
SPU_002592	SPU_013510	0.0086866952646920646
SPU_006786	SPU_012489	0.0086842002031811746
SPU_000756	SPU_000129	0.0086825368288405824
SPU_026962	SPU_013510	0.0086811506835567549
SPU_018392	SPU_018680	0.0086768536331768877
SPU_027935	SPU_026763	0.0086739427280808495
SPU_018126	SPU_007624	0.0086702001358145153
SPU_028120	SPU_012912	0.0086575862137316818
SPU_021557	SPU_017750	0.0086545366941072604
SPU_011189	SPU_000016_1	0.0086512099454260742
SPU_025632	SPU_011315	0.0086481604258016528
SPU_004217	SPU_023839	0.0086435861463650208
SPU_006787	SPU_011202	0.0086427544591947247
SPU_001998	SPU_028148	0.0086417841574960436
SPU_011576	SPU_002816	0.0086392890959851535
SPU_002791	SPU_018850	0.0086362395763607339
SPU_023366	SPU_006197	0.0086320811405092499
SPU_011202	SPU_004217	0.0086304177661686576
SPU_011246	SPU_013570	0.0086212692072953935
SPU_012648	SPU_016250	0.0086157246261600821
SPU_026099	SPU_019656	0.0086130909501208087
SPU_014170	SPU_012008	0.0086115661903085981
SPU_012469	SPU_015682	0.0086105958886099187
SPU_015772	SPU_014401	0.0086089325142693265
SPU_002815	SPU_027935_1	0.0086064374527584347
SPU_009048	SPU_004024	0.0086056057655881386
SPU_012648	SPU_015071_1	0.0086036651621907798
SPU_021557	SPU_027918	0.0086020017878501876
SPU_003470	SPU_011272	0.008600892871623125
SPU_026633	SPU_011246	0.0085997839553960623
SPU_021608	SPU_002008	0.008592575999920157
SPU_011576	SPU_007147	0.0085921601563350089
SPU_024139	SPU_013570	0.0085910512401079463
SPU_012546	SPU_009685	0.0085895264802957356
SPU_012253	SPU_015682	0.0085881403350119099
SPU_012490	SPU_021210	0.008586892804256464
SPU_015456	SPU_015908	0.0085867541897280807
SPU_002874	SPU_022717	0.0085841205136888074
SPU_015982	SPU_002950	0.0085816254521779173
SPU_004217	SPU_001415	0.0085814868376495358
SPU_027053	SPU_007644	0.0085782987034967312
SPU_017971	SPU_017492	0.0085760808710426076
SPU_027472	SPU_012699	0.0085734471950033343
SPU_020722	SPU_018673	0.0085720610497195052
SPU_025632	SPU_024946	0.0085659620104706641
SPU_024139	SPU_004340	0.0085636055634881556
SPU_013015	SPU_011246	0.0085557045353703374
SPU_024918	SPU_000806	0.0085537639319729786
SPU_021557	SPU_013689	0.008548496579894432
SPU_018483	SPU_022800	0.0085468332055538398
SPU_013015	SPU_000129	0.0085464173619686917
SPU_015719	SPU_002816	0.0085462787474403085
SPU_018126	SPU_004021	0.0085436450714010351
SPU_015772	SPU_020803	0.0085344965125277727
SPU_017837	SPU_023037	0.0085324172946020307
SPU_019290	SPU_020803_1	0.0085253479536545104
SPU_002320	SPU_007108	0.0085231301212003834
SPU_007599	SPU_016786	0.0085224370485584705
SPU_007147	SPU_020803_1	0.0085218825904449392
SPU_002632	SPU_017379	0.0085203578306327285
SPU_023177	SPU_013576	0.008518139998178605
SPU_026763	SPU_014686	0.0085098231264756369
SPU_016443	SPU_006004	0.0085009517966591393
SPU_025632	SPU_014401	0.0084994270368469304
SPU_008117	SPU_024745	0.0084985953496766325
SPU_021172	SPU_018797	0.0084952686009954464
SPU_014836	SPU_024901_1	0.0084913873942007272
SPU_015243	SPU_013810_1	0.0084912487796723456
SPU_010295	SPU_001262_1	0.0084905557070304311
SPU_026633	SPU_006333	0.0084881992600479243
SPU_002320	SPU_013510	0.0084870903438208616
SPU_012490	SPU_022654	0.0084857041985370342
SPU_014332	SPU_012877	0.0084844566677815883
SPU_012008	SPU_011202	0.0084825160643842313
SPU_023386	SPU_027708	0.0084780803994759808
SPU_011174	SPU_016792	0.0084779417849475992
SPU_008936	SPU_001113	0.0084676843098472725
SPU_028255	SPU_002025_1	0.0084667140081485931
SPU_017725	SPU_022473	0.0084620011141835795
SPU_003166	SPU_021210	0.0084603377398429856
SPU_022846	SPU_007147	0.0084597832817294542
SPU_015984	SPU_014686	0.0084583971364456268
SPU_008528	SPU_019508	0.0084578426783320955
SPU_025590	SPU_022473	0.0084561793039915015
SPU_027235	SPU_017656	0.0084513277954981047
SPU_012491	SPU_020082	0.0084499416502142773
SPU_002791	SPU_006058	0.0084486941194588331
SPU_006421	SPU_003470	0.0084461990579479413
SPU_007644	SPU_014763	0.0084453673707776452
SPU_026099	SPU_023813	0.0084428723092667551
SPU_000739	SPU_005522	0.0084371891136030604
SPU_013689	SPU_005667	0.0084363574264327643
SPU_002791	SPU_014722	0.0084348326666205536
SPU_012490	SPU_001262_1	0.0084348326666205536
SPU_017971	SPU_005022	0.0084330306777515782
SPU_028827	SPU_020124	0.0084265157949175874
SPU_003179	SPU_011246	0.0084252682641621415
SPU_007262	SPU_006058	0.0084233276607647827
SPU_002634	SPU_025888	0.0084204167556687446
SPU_007262	SPU_011272_1	0.0084200009120835966
SPU_012253	SPU_028255	0.0084194464539700652
SPU_023037	SPU_022841	0.0084181989232146211
SPU_006786	SPU_017492	0.0084152880181185812
SPU_023037	SPU_007644	0.0084093275933981217
SPU_017407	SPU_013576	0.0084090503643413552
SPU_020311	SPU_011711	0.0084066939173588501
SPU_002677	SPU_008353_1	0.0083918621628218913
SPU_005572	SPU_006865	0.0083895057158393845
SPU_004217	SPU_014684	0.0083840997492324564
SPU_026633	SPU_017511	0.0083811888441364182
SPU_026205	SPU_028583	0.0083811888441364182
SPU_011635	SPU_011226	0.0083802185424377389
SPU_022163	SPU_015682	0.0083785551680971449
SPU_006462	SPU_007721	0.0083763373356430214
SPU_008196_1	SPU_024139	0.0083724561288483022
SPU_012203	SPU_004021	0.0083721788997915374
SPU_001739	SPU_002950	0.0083720402852631541
SPU_022816	SPU_017511	0.0083655254024291633
SPU_017725	SPU_014793	0.0083605352794073832
SPU_011576	SPU_027472	0.008358871905066791
SPU_011576	SPU_012008	0.0083566540726126657
SPU_026205	SPU_011246	0.0083545748546869237
SPU_003166	SPU_020123	0.0083540203965733924
SPU_020311	SPU_020726	0.0083508322624205895
SPU_003166	SPU_007087	0.0083487530444948475
SPU_018483	SPU_014687	0.0083484758154380827
SPU_023177	SPU_020123	0.0083468124410974887
SPU_009048	SPU_005955_1	0.0083461193684555741
SPU_018391	SPU_001937	0.0083368321950539285
SPU_004217	SPU_010873	0.0083350302061849513
SPU_000129	SPU_020082	0.0083310103848618523
SPU_023366	SPU_001483	0.0083268519490103683
SPU_017470	SPU_002025_1	0.0083235252003291821
SPU_023386	SPU_013576	0.0083228321276872675
SPU_006803	SPU_013569	0.0083218618259885881
SPU_015640	SPU_000485	0.0083182578482506354
SPU_000861	SPU_022817	0.0082994062723905776
SPU_002129	SPU_017656	0.0082942775348404142
SPU_006583	SPU_016792	0.0082920597023862907
SPU_010424	SPU_011502	0.0082879012665348067
SPU_003166	SPU_001262_1	0.008286792350307744
SPU_024918	SPU_022955	0.0082841586742684725
SPU_012469	SPU_006865	0.0082831883725697913
SPU_002603	SPU_008196_1	0.0082812477691724343
SPU_006803	SPU_014289	0.0082804160820021365
SPU_006787	SPU_006786	0.0082795843948318387
SPU_004599	SPU_013119	0.0082739011991681457
SPU_015243	SPU_012912	0.0082726536684126998
SPU_012253	SPU_012632	0.0082718219812424054
SPU_022163	SPU_013611	0.0082662774001070922
SPU_000129	SPU_000310	0.0082587922155744221
SPU_018056	SPU_015828	0.0082575446848189779
SPU_024918	SPU_024901	0.0082574060702905946
SPU_014289	SPU_007360_1	0.008256297154063532
SPU_027214	SPU_003179	0.0082478416678321825
SPU_000861	SPU_012877	0.008246455522548355
SPU_018483	SPU_006333	0.008241881243111723
SPU_024903	SPU_022800	0.0082395247961292162
SPU_018797	SPU_021666	0.0082366138910331781
SPU_013305	SPU_013967	0.0082287128629153598
SPU_017837	SPU_015682	0.0082271881031031491
SPU_007253	SPU_003378	0.008226356415932853
SPU_003548	SPU_002428	0.0082234455108368132
SPU_018393	SPU_007147	0.0082224752091381338
SPU_007253	SPU_012877_1	0.0082219207510246025
SPU_002320	SPU_015682	0.0082188712314001811
SPU_008112	SPU_000861	0.0082188712314001811
SPU_023037	SPU_028746	0.0082156830972473782
SPU_012648	SPU_028746	0.0082144355664919341
SPU_021608	SPU_014923	0.0082142969519635508
SPU_021608	SPU_009155	0.0082136038793216379
SPU_023366	SPU_026205	0.0082108315887539814
SPU_001998	SPU_011246	0.00821027713064045
SPU_022678	SPU_023839	0.0082087523708282394
SPU_011576	SPU_018393	0.0082054256221470532
SPU_023386	SPU_025888	0.0082043167059199906
SPU_010295	SPU_005667	0.0081973859795008517
SPU_002791	SPU_015829	0.0081964156778021723
SPU_021192	SPU_004340	0.0081933661581777509
SPU_024307	SPU_011755	0.0081867126608153786
SPU_008936	SPU_010634	0.0081860195881734623
SPU_008752	SPU_002674	0.0081847720574180181
SPU_002320	SPU_024555	0.0081785344036407939
SPU_024903	SPU_021666	0.0081750690404312244
SPU_015374	SPU_013576	0.0081599600568375008
SPU_018391	SPU_011226	0.0081587125260820566
SPU_002816	SPU_000948	0.0081539996321170413
SPU_002129	SPU_013510	0.0081519204141912993
SPU_011189	SPU_028479	0.0081510887270210032
SPU_002129	SPU_007863	0.0081506728834358534
SPU_025010	SPU_027144	0.0081494253526804093
SPU_002874	SPU_022841	0.0081462372185276063
SPU_008117	SPU_000016_1	0.0081448510732437772
SPU_008752	SPU_027214	0.0081441580006018643
SPU_018581	SPU_004746	0.0081418015536193575
SPU_017404_1	SPU_006865	0.0081380589613530216
SPU_025632	SPU_007147	0.0081362569724840444
SPU_002129	SPU_003548	0.0081358411288988963
SPU_005718	SPU_015772	0.008135286670785365
SPU_016443	SPU_017492	0.0081233658213444478
SPU_009876	SPU_004021	0.0081228113632309164
SPU_012648	SPU_010873	0.0081165737094536904
SPU_008845	SPU_009831	0.0081139400334144171
SPU_020722	SPU_026510	0.0081138014188860356
SPU_027015	SPU_024307	0.008111029128318379
SPU_004217	SPU_026390	0.0081103360556764661
SPU_015719	SPU_012050	0.0081086726813358722
SPU_020722	SPU_024901	0.0081002171951045226
SPU_013047	SPU_025888	0.0080995241224626098
SPU_011202	SPU_005955_1	0.008091345865288025
SPU_027598	SPU_003685	0.0080898211054758144
SPU_005572	SPU_001483	0.0080881577311352204
SPU_022163	SPU_013569	0.0080859398986810969
SPU_018581	SPU_026763	0.0080835834516985883
SPU_011174	SPU_027214	0.0080819200773579944
SPU_003595_1	SPU_000757	0.0080817814628296129
SPU_015358	SPU_013569	0.0080659794065939764
SPU_004723	SPU_023037	0.0080658407920655931
SPU_020311	SPU_000016	0.0080657021775372116
SPU_028120	SPU_004340	0.0080645932613101472
SPU_015243	SPU_005522	0.0080641774177250009
SPU_013047	SPU_020082	0.0080639001886682344
SPU_015243	SPU_021666	0.0080576625348910084
SPU_026633	SPU_014628	0.0080573853058342436
SPU_025346	SPU_000424	0.0080533654845111428
SPU_018483	SPU_017511	0.0080532268699827596
SPU_008845	SPU_022955	0.0080523951828124635
SPU_018392	SPU_007203	0.0080496228922448069
SPU_006787	SPU_017492	0.0080462961435636207
SPU_023090	SPU_019365	0.0080444941546946452
SPU_003470	SPU_012648_1	0.0080442169256378787
SPU_023090	SPU_015828	0.0080440783111094972
SPU_017837	SPU_011756	0.0080439396965811139
SPU_016443	SPU_009474	0.0080354842103497644
SPU_028583	SPU_002428	0.0080332663778956391
SPU_020565	SPU_004021	0.0080327119197821078
SPU_007253	SPU_013576	0.0080314643890266636
SPU_014628	SPU_026205	0.0080300782437428362
SPU_021119	SPU_018393	0.0080264742660048835
SPU_020124	SPU_005522	0.0080249495061926728
SPU_015640	SPU_015772	0.0080230089027953141
SPU_015829	SPU_004148	0.0080182960088303005
SPU_026962	SPU_028583	0.0080166326344897065
SPU_011189	SPU_001415	0.0080144148020355813
SPU_001262_2	SPU_012877_1	0.0080115038969395432
SPU_008845	SPU_011226	0.0080059593158042317
SPU_009831	SPU_012648_1	0.0080048503995771691
SPU_012491	SPU_024139	0.0080044345559920228
SPU_020722	SPU_015682	0.0080013850363676014
SPU_002592	SPU_018797	0.0079984741312715615
SPU_016786	SPU_008752	0.0079951473825903754
SPU_015374	SPU_017348	0.0079915434048524227
SPU_022163	SPU_002554	0.0079902958740969785
SPU_027472	SPU_013119	0.0079901572595685953
SPU_011635	SPU_012648_1	0.007982256231450777
SPU_006462	SPU_022654	0.0079817017733372457
SPU_019332	SPU_008698	0.0079808700861669496
SPU_000861	SPU_012632	0.007978097795599293
SPU_008528	SPU_012948	0.0079757413486167862
SPU_017635	SPU_015682	0.0079690878512544121
SPU_013178	SPU_016792	0.0079638204991758672
SPU_015719	SPU_023813	0.0079611868231365939
SPU_006676	SPU_013576	0.007955919471058049
SPU_028583	SPU_011246	0.0079528699514336276
SPU_020637	SPU_000948	0.0079507907335078856
SPU_022163	SPU_017656	0.0079484342865253788
SPU_022820	SPU_015829	0.0079405332584075606
SPU_012699	SPU_002816	0.0079405332584075606
SPU_028827	SPU_014643	0.007939840185765646
SPU_021119	SPU_006004	0.0079397015712372628
SPU_005358	SPU_024555	0.0079370678951979894
SPU_016443	SPU_000948	0.0079352659063290139
SPU_018954	SPU_024189	0.0079347114482154844
SPU_004723	SPU_020480_1	0.0079337411465168033
SPU_006991	SPU_016617	0.0079315233140626797
SPU_015108	SPU_020680	0.0079261173474557498
SPU_010424	SPU_026633	0.0079240381295300078
SPU_023366	SPU_026633	0.0079232064423597117
SPU_024918	SPU_027053	0.0079147509561283622
SPU_021210	SPU_003595	0.0079108697493336447
SPU_017635	SPU_012632	0.0079104539057484966
SPU_004723	SPU_006058	0.0079104539057484966
SPU_008117	SPU_020726	0.0079096222185782005
SPU_021192	SPU_002950	0.0079046320955564204
SPU_020124	SPU_028255	0.0079031073357442097
SPU_003179	SPU_006484	0.0079021370340455303
SPU_017106	SPU_024610	0.0079007508887617012
SPU_002129	SPU_022654	0.0078992261289494905
SPU_017837	SPU_020480_1	0.007895344922154773
SPU_006753	SPU_014643	0.0078943746204560936
SPU_015772	SPU_030073	0.0078927112461155014
SPU_008936	SPU_017492	0.0078916023298884388
SPU_002320	SPU_023366	0.0078864735923382754
SPU_021557	SPU_013510	0.0078837013017706205
SPU_025346	SPU_018797	0.0078820379274300266
SPU_012699	SPU_019366	0.0078820379274300266
SPU_006814	SPU_007360_1	0.0078812062402597288
SPU_012648	SPU_023037	0.0078770478044082465
SPU_003102	SPU_002632	0.0078724735249716144
SPU_025113	SPU_004148	0.0078709487651594037
SPU_010295	SPU_020480_1	0.0078706715361026389
SPU_004414	SPU_027144	0.007864988340438946
SPU_025113	SPU_020480_1	0.0078633249660983503
SPU_002631	SPU_005522	0.0078624932789280542
SPU_008528	SPU_023090	0.0078615229772293748
SPU_015712	SPU_002950	0.0078579189994914221
SPU_008196	SPU_016617	0.0078498793568452224
SPU_024189	SPU_017511	0.0078412852560854895
SPU_003704	SPU_015828	0.0078392060381597475
SPU_024903	SPU_020124	0.0078387901945745995
SPU_026763	SPU_016617	0.0078379585074043016
SPU_020637	SPU_011315	0.007836988205705624
SPU_014332	SPU_009847	0.0078333842279676713
SPU_016786	SPU_005955	0.0078308891664567813
SPU_002603	SPU_007862	0.0078253445853214698
SPU_018391	SPU_027912_1	0.0078214633785267506
SPU_004723	SPU_014683	0.0078152257247495263
SPU_024877	SPU_015772	0.0078145326521076117
SPU_026205	SPU_014687	0.0078098197581425981
SPU_013569	SPU_019089	0.0078085722273871531
SPU_000485	SPU_018393	0.0078078791547452385
SPU_013119	SPU_015456	0.0078049682496492013
SPU_000739	SPU_019089	0.007802334573609928
SPU_008117_1	SPU_024745	0.0077999781266274212
SPU_017407	SPU_024953	0.0077999781266274212
SPU_015712	SPU_007360_1	0.0077951266181340234
SPU_022049	SPU_017656	0.0077886117353000326
SPU_017635	SPU_022473	0.007788334506243267
SPU_027969	SPU_015828	0.0077826513105795731
SPU_020565	SPU_004217	0.0077815423943525114
SPU_019332	SPU_003649	0.0077779384166145587
SPU_012648	SPU_026390	0.0077717007628373335
SPU_024189	SPU_020480	0.0077712849192521846
SPU_015358	SPU_002008	0.0077675423269858504
SPU_020722	SPU_003470	0.0077661561817020221
SPU_008196	SPU_024139	0.0077646314218898123
SPU_010351	SPU_024044	0.0077626908184924527
SPU_028120	SPU_000485	0.0077575620809422902
SPU_028583	SPU_024953	0.0077484135220690269
SPU_026633	SPU_007087	0.0077391263486673795
SPU_012645	SPU_014802	0.0077334431530036865
SPU_025113	SPU_024745	0.0077290074880954369
SPU_002677	SPU_001113	0.0077284530299819064
SPU_015243	SPU_013510	0.0077240173650736576
SPU_020565	SPU_017492	0.0077209678454492362
SPU_015719	SPU_005955	0.0077169480241261346
SPU_017725	SPU_006333	0.007713898504501715
SPU_017348	SPU_024044	0.0077104331412921447
SPU_014793	SPU_006871	0.007710155912235379
SPU_011189	SPU_006058	0.0077077994652528722
SPU_006484	SPU_024610	0.0077077994652528722
SPU_008528	SPU_019384	0.0077018390405324128
SPU_017492	SPU_018954	0.0076993439790215227
SPU_015828	SPU_004148	0.0076989281354363738
SPU_014401	SPU_011202	0.0076969875320390159
SPU_006787	SPU_020803	0.0076956013867551876
SPU_008845	SPU_025856	0.0076943538559997426
SPU_019656	SPU_008752	0.0076918587944888525
SPU_023730	SPU_014588	0.0076896409620347281
SPU_009771	SPU_014686	0.0076890865039211968
SPU_015828	SPU_028030	0.0076879775876941342
SPU_015982	SPU_004021	0.0076842349954277991
SPU_000756	SPU_011246	0.0076836805373142678
SPU_014170	SPU_010634	0.0076766111963667465
SPU_008528	SPU_011226	0.0076757795091964495
SPU_014628	SPU_017971	0.0076721755314584977
SPU_004021	SPU_004024	0.0076684329391921617
SPU_002592	SPU_001262_1	0.0076648289614542108
SPU_006814	SPU_023730	0.0076542942572971192
SPU_028827	SPU_013510	0.0076515219667294626
SPU_023090	SPU_014722	0.0076509675086159313
SPU_006991	SPU_002554	0.0076499972069172528
SPU_015719	SPU_001657	0.0076477793744631276
SPU_023730	SPU_000437	0.0076462546146509186
SPU_015828	SPU_001415	0.0076459773855941521
SPU_022820	SPU_028746	0.0076391852737033956
SPU_012491	SPU_002950	0.0076389080446466308
SPU_015772	SPU_004021	0.0076332248489829361
SPU_013569	SPU_022955	0.0076328090053977881
SPU_019332	SPU_024315	0.0076328090053977881
SPU_025346	SPU_026962	0.0076304525584152813
SPU_027472	SPU_004340	0.0076289277986030706
SPU_013178	SPU_018861	0.0076240762901096737
SPU_006462	SPU_017656	0.007613402971424198
SPU_005572	SPU_017656	0.0076122940551971363
SPU_017470	SPU_002554	0.0076104920663281608
SPU_008528	SPU_010329_1	0.0076053633287779974
SPU_008528	SPU_015829	0.0075994029040575379
SPU_008117_1	SPU_004148	0.0075934424793370793
SPU_014418	SPU_014461	0.0075909474178261884
SPU_014332	SPU_017750	0.0075903929597126571
SPU_002603	SPU_024953	0.0075885909708436807
SPU_011635	SPU_006058	0.0075869275965030876
SPU_017837	SPU_002309	0.0075862345238611739
SPU_000948	SPU_019825	0.0075826305461232212
SPU_008528	SPU_010873	0.0075824919315948388
SPU_014418	SPU_012050	0.0075752839761189343
SPU_004021	SPU_012489	0.0075743136744202541
SPU_026099	SPU_020330_1	0.0075741750598918717
SPU_012546	SPU_014055	0.0075708483112106855
SPU_023730	SPU_001113	0.0075635017412063977
SPU_007262	SPU_013569	0.0075618383668658046
SPU_027235	SPU_023366	0.0075607294506387429
SPU_013305	SPU_005435	0.0075587888472413833
SPU_004702	SPU_006063	0.0075560165566737284
SPU_003595	SPU_005708	0.0075549076404466658
SPU_004021	SPU_005955_1	0.0075539373387479864
SPU_017725	SPU_015682	0.0075501947464816513
SPU_006991	SPU_026763	0.007549224444782972
SPU_009048	SPU_002816	0.0075485313721410582
SPU_001739	SPU_005955_1	0.0075481155285559093
SPU_001262_2	SPU_003685	0.0075446501653463399
SPU_009048	SPU_000485	0.0075397986568529422
SPU_015243	SPU_003586	0.0075361946791149903
SPU_010351	SPU_004021	0.007534392690246014
SPU_018483	SPU_000739	0.0075241352151456881
SPU_015719	SPU_000975	0.0075238579860889233
SPU_023386	SPU_028583	0.0075216401536347989
SPU_020637	SPU_010634	0.0075208084664645019
SPU_012546	SPU_021557	0.0075169272596697844
SPU_002874	SPU_014722	0.0075155411143859562
SPU_012490	SPU_016490	0.0075145708126872759
SPU_006753	SPU_013510	0.0075098579187222615
SPU_018391	SPU_022955_1	0.007507224242682989
SPU_011202	SPU_020803_1	0.007507224242682989
SPU_025632	SPU_007599	0.0075041747230585685
SPU_008936	SPU_004924	0.0075032044213598891
SPU_020722	SPU_001483	0.0075032044213598891
SPU_006676	SPU_017379	0.0075008479743773806
SPU_006312	SPU_022473	0.0074993232145651699
SPU_004702	SPU_000603	0.0074989073709800227
SPU_014461	SPU_011755	0.0074982142983381081
SPU_004702	SPU_019825	0.007494471706071773
SPU_008117	SPU_002309	0.0074912835719189693
SPU_025113	SPU_013569	0.0074904518847486732
SPU_017404_1	SPU_007981	0.0074897588121067586
SPU_007599	SPU_000485	0.0074886498958796959
SPU_002791	SPU_022717	0.0074872637505958694
SPU_000424	SPU_021666	0.0074861548343688059
SPU_019002	SPU_028255	0.0074779765771942229
SPU_024877	SPU_000485	0.0074778379626658405
SPU_007599	SPU_023813	0.0074768676609671602
SPU_009642	SPU_006871	0.0074734022977575908
SPU_011246	SPU_016523	0.0074731250687008251
SPU_008117_1	SPU_013904	0.0074717389234169969
SPU_000129	SPU_002950	0.0074707686217183175
SPU_023386	SPU_002428	0.0074607883756747572
SPU_015829	SPU_001415	0.0074600953030328435
SPU_027015	SPU_015640	0.0074585705432206328
SPU_014461	SPU_020330_1	0.0074577388560503367
SPU_023037	SPU_006058	0.007455798252652978
SPU_021557	SPU_018797	0.0074523328894434077
SPU_007644	SPU_015829	0.0074499764424609009
SPU_006808	SPU_000756	0.0074411051126444024
SPU_020637	SPU_006004	0.0074398575818889583
SPU_021172	SPU_022816	0.0074362536041510056
SPU_012648	SPU_008698	0.0074311248666008422
SPU_008528	SPU_022955_1	0.0074268278162209767
SPU_007262	SPU_002309	0.0074229466094262592
SPU_026205	SPU_007721	0.0074142138941381431
SPU_017635	SPU_001483	0.0074132435924394637
SPU_006991	SPU_014684	0.0074111643745137217
SPU_016443	SPU_008353_1	0.0074089465420595973
SPU_022678	SPU_026385	0.0074011841284701632
SPU_008703	SPU_027935_1	0.0074007682848850143
SPU_010351	SPU_017379	0.0074003524412998654
SPU_001113	SPU_012699	0.0073984118379025066
SPU_006787	SPU_015772	0.0073970256926186792
SPU_021210	SPU_007190	0.0073950850892213196
SPU_005572	SPU_011272_1	0.0073921741841252823
SPU_018483	SPU_014628	0.0073869068320467366
SPU_013119	SPU_011755	0.0073827483961952526
SPU_017725	SPU_014836	0.0073806691782695114
SPU_026099	SPU_000485	0.0073806691782695114
SPU_015772	SPU_000948	0.0073794216475140655
SPU_005572	SPU_011502	0.0073770652005315587
SPU_003470	SPU_017404_1	0.0073754018261909656
SPU_008528	SPU_001937	0.007374292909963903
SPU_014418	SPU_023813	0.0073681938707150603
SPU_005572	SPU_021666	0.0073673621835447642
SPU_023386	SPU_024044	0.0073670849544879985
SPU_004021	SPU_008353_1	0.0073669463399596161
SPU_008845	SPU_018391	0.0073645898929771076
SPU_008196_1	SPU_016617	0.0073620948314662184
SPU_024918	SPU_008845	0.0073615403733526879
SPU_006787	SPU_014802	0.0073564116358025245
SPU_008117	SPU_020480_1	0.0073544710324051649
SPU_023730	SPU_022049	0.0073537779597632521
SPU_006753	SPU_020124	0.0073487878367414711
SPU_003102	SPU_020480_1	0.0073480947640995574
SPU_012699	SPU_011315	0.0073472630769292613
SPU_007644	SPU_009427	0.0073461541607021978
SPU_020565	SPU_012489	0.0073439363282480742
SPU_024093	SPU_012911	0.0073428274120210116
SPU_023090	SPU_017404_1	0.0073418571103223322
SPU_008117_1	SPU_009847	0.0073317382497503896
SPU_014332	SPU_030148	0.0073286887301259682
SPU_025888	SPU_020082	0.0073284115010692026
SPU_011202	SPU_020803	0.0073200946293662354
SPU_010295	SPU_006991	0.0073182926404972599
SPU_012008	SPU_015719	0.0073178767969121119
SPU_003166	SPU_002025_1	0.0073162134225715188
SPU_023037	SPU_013904	0.0073157975789863699
SPU_025113	SPU_000016	0.0073152431208728386
SPU_023037	SPU_017441	0.0073151045063444562
SPU_002320	SPU_002025	0.0073056787184144273
SPU_022846	SPU_027472	0.0073048470312441294
SPU_006803	SPU_026205	0.007304292573130599
SPU_021557	SPU_002707	0.0073023519697332393
SPU_014628	SPU_002025_1	0.0073002727518074991
SPU_016443	SPU_014401	0.0072983321484101395
SPU_002874	SPU_006063	0.0072976390757682258
SPU_017635	SPU_015199	0.0072955598578424846
SPU_015772	SPU_005955_1	0.0072862726844408372
SPU_010635	SPU_004551	0.0072787874999081679
SPU_022163	SPU_001483	0.0072755993657553633
SPU_015772	SPU_011202	0.0072725498461309419
SPU_009048	SPU_011202	0.0072685300248078412
SPU_018392	SPU_022955	0.0072678369521659274
SPU_028255	SPU_027015	0.0072622923710306169
SPU_000485	SPU_006786	0.0072620151419738512
SPU_000485	SPU_013178	0.0072586883932926642
SPU_006462	SPU_001262_1	0.0072584111642358985
SPU_021192	SPU_027472	0.0072535596557425017
SPU_017635	SPU_000016	0.0072510645942316107
SPU_017470	SPU_017404_1	0.0072494012198910177
SPU_018355	SPU_014722	0.0072482923036639559
SPU_027969	SPU_014722	0.0072437180242273238
SPU_008117_1	SPU_015682	0.0072377575995068643
SPU_012490	SPU_026763	0.0072369259123365682
SPU_027935	SPU_010403	0.0072345694653540606
SPU_020637	SPU_012489	0.0072327674764850851
SPU_022846	SPU_018393	0.0072287476551619835
SPU_003704	SPU_014722	0.0072265298227078591
SPU_003595_1	SPU_018126	0.0072258367500659462
SPU_023386	SPU_009178	0.0072154406604372371
SPU_028583	SPU_019825	0.007214193129681792
SPU_024189	SPU_020680	0.0072125297553411981
SPU_017837	SPU_011272_1	0.0071961732409920303
SPU_002791	SPU_022841	0.0071935395649527578
SPU_017837	SPU_004148	0.0071921534196689304
SPU_012648	SPU_027774	0.0071917375760837815
SPU_014722	SPU_001415	0.0071913217324986326
SPU_013047	SPU_023730	0.0071896583581580395
SPU_003470	SPU_025959	0.0071895197436296571
SPU_007981	SPU_024315	0.007184945464193025
SPU_017404	SPU_012772	0.0071848068496646426
SPU_024877	SPU_014461	0.0071848068496646426
SPU_026633	SPU_002309	0.0071823117881537526
SPU_006991	SPU_026510	0.0071812028719266899
SPU_014836	SPU_014686	0.0071788464249441832
SPU_006808	SPU_011502	0.0071774602796603549
SPU_028827	SPU_018797	0.0071774602796603549
SPU_015374	SPU_000129	0.0071742721455075511
SPU_009178	SPU_016617	0.0071741335309791687
SPU_006583	SPU_020282	0.0071738563019224022
SPU_002592	SPU_017750	0.0071710840113547473
SPU_014802	SPU_026099	0.0071667869609748809
SPU_018744	SPU_000603	0.0071626285251233978
SPU_008845	SPU_025848	0.0071623512960666312
SPU_008703	SPU_007360_1	0.0071620740670098665
SPU_015908	SPU_017492	0.007161519608896336
SPU_024918	SPU_002791	0.0071580542456867657
SPU_023090	SPU_009427	0.0071577770166300009
SPU_026763	SPU_021666	0.0071570839439880855
SPU_006786	SPU_008353_1	0.0071563908713461726
SPU_017635	SPU_006333	0.0071563908713461726
SPU_015712	SPU_006484	0.00715528195511911
SPU_018355_1	SPU_009427	0.0071515393628527749
SPU_002634	SPU_004021	0.007144608636433636
SPU_005022	SPU_014763	0.0071422521894511284
SPU_020637	SPU_006786	0.0071386482117131774
SPU_013015	SPU_007862	0.0071371234519009667
SPU_009771	SPU_015772	0.0071360145356739041
SPU_010295	SPU_009847	0.0071308857981237416
SPU_018391	SPU_010873	0.0071299154964250613
SPU_005358	SPU_020726	0.0071229847700059225
SPU_012648	SPU_024745	0.0071222916973640088
SPU_001262	SPU_006197	0.0071210441666085637
SPU_025632	SPU_006004	0.0071123114513204485
SPU_027935	SPU_019857	0.0071102322333947074
SPU_002603	SPU_007190	0.0071082916299973478
SPU_006484	SPU_011348	0.0071081530154689654
SPU_026962	SPU_027708	0.0070995589147092334
SPU_014793	SPU_022473	0.0070967866241415769
SPU_023037	SPU_014722	0.0070930440318752418
SPU_009876	SPU_013967	0.0070904103558359693
SPU_003704	SPU_009427	0.0070893014396089067
SPU_009048	SPU_015456	0.0070873608362115488
SPU_027053	SPU_004217	0.0070865291490412518
SPU_000739	SPU_026962	0.0070865291490412518
SPU_008117_1	SPU_020480_1	0.0070840340875303609
SPU_005718	SPU_000485	0.007079598422622113
SPU_015829	SPU_001998	0.0070743310705435672
SPU_002791	SPU_014683	0.0070739152269584183
SPU_017106	SPU_002816	0.0070696181765785527
SPU_006676	SPU_023730	0.0070654597407270687
SPU_021192	SPU_008353_1	0.0070631032937445619
SPU_002129	SPU_007721	0.0070619943775174984
SPU_002634	SPU_024044	0.0070558953382686574
SPU_013689	SPU_009427	0.0070535388912861489
SPU_008112	SPU_000016_1	0.0070513210588320245
SPU_001739	SPU_013570	0.0070424497290155269
SPU_012648	SPU_006063	0.00703759822052213
SPU_004723	SPU_012877	0.0070367665333518339
SPU_024903	SPU_014643	0.0070352417735396232
SPU_028255	SPU_007190	0.0070338556282557949
SPU_001262	SPU_011348	0.0070316377958016705
SPU_026418	SPU_007087	0.0070301130359894598
SPU_012384	SPU_028255	0.0070227664659851721
SPU_027472	SPU_003378	0.0070215189352297279
SPU_020124	SPU_018850	0.0070197169463607507
SPU_012491	SPU_015199	0.0070156971250376508
SPU_007981	SPU_022717	0.0070126476054132294
SPU_025346	SPU_015682	0.0070120931472996981
SPU_008117	SPU_011756	0.0070105683874874874
SPU_001113	SPU_011755	0.0070080733259765974
SPU_010351	SPU_025888	0.0070065485661643875
SPU_028255	SPU_028479	0.0070054396499373249
SPU_002631	SPU_007087	0.0070026673593696692
SPU_002592	SPU_013810_1	0.0070019742867277555
SPU_016786	SPU_007147	0.0070007267559723113
SPU_020637	SPU_007147	0.0069976772363478899
SPU_022163	SPU_000016	0.0069939346440815548
SPU_005572	SPU_000016	0.0069922712697409618
SPU_000440	SPU_022473	0.00698326132539608
SPU_009771	SPU_027144	0.0069831227108676968
SPU_008936	SPU_020637	0.0069759147553917931
SPU_006583	SPU_027214	0.006970924632370013
SPU_007599	SPU_015767	0.0069666275819901466
SPU_000861	SPU_028255	0.0069649642076495535
SPU_022163	SPU_017750	0.0069645483640644046
SPU_007599	SPU_005955_1	0.0069472215480165574
SPU_026205	SPU_030139	0.0069455581736759635
SPU_006991	SPU_016490	0.0069451423300908154
SPU_018056	SPU_014722	0.0069376571455581452
SPU_016881	SPU_015071	0.0069364096148027011
SPU_026099	SPU_015772	0.0069323897934795995
SPU_015828	SPU_018391	0.0069316967208376866
SPU_022820	SPU_026385	0.0069310036481957729
SPU_012469	SPU_010458	0.006930587804610624
SPU_006991	SPU_027918	0.0069293402738551781
SPU_024139	SPU_012877_1	0.0069267065978159056
SPU_013015	SPU_002428	0.0069203303295102972
SPU_027053	SPU_006058	0.0069161718936588141
SPU_027774	SPU_024315	0.0069131223740343936
SPU_024918	SPU_011720	0.0069059144185584891
SPU_018581	SPU_007862	0.006904251044217896
SPU_000129	SPU_009756	0.0069018945972353874
SPU_017837	SPU_002615	0.0069014787536502403
SPU_015908	SPU_020282	0.0068970430887419906
SPU_001657	SPU_012489	0.0068967658596852258
SPU_006462	SPU_002025_1	0.0068910826640215311
SPU_007599	SPU_002816	0.0068896965187377028
SPU_018126	SPU_025888	0.0068812410325063533
SPU_028827	SPU_017750	0.0068759736804278083
SPU_003179	SPU_002428	0.0068748647642007457
SPU_018393	SPU_030073	0.0068701518702357313
SPU_017837	SPU_009847	0.0068694587975938175
SPU_006808	SPU_006058	0.0068671023506113107
SPU_004723	SPU_025825	0.0068578151772096642
SPU_010295	SPU_001483	0.0068504686072053764
SPU_008845	SPU_013902	0.0068475577021093392
SPU_008936	SPU_000948	0.006846587400410659
SPU_020722	SPU_004148	0.0068449240260700659
SPU_017407	SPU_012911	0.0068406269756901986
SPU_018797	SPU_007721	0.0068378546851225437
SPU_023386	SPU_013967	0.0068327259475723804
SPU_020124	SPU_015605	0.0068318942604020843
SPU_020311	SPU_006333	0.0068187258802057202
SPU_023730	SPU_017470	0.0068180328075638065
SPU_007981	SPU_000603	0.0068176169639786585
SPU_003102	SPU_006808	0.0068138743717123234
SPU_010424	SPU_001483	0.0068043099692539112
SPU_027053	SPU_024315	0.0068019535222714035
SPU_006991	SPU_017635	0.0067959930975509441
SPU_010351	SPU_002428	0.0067937752650968197
SPU_025346	SPU_021557	0.0067926663488697579
SPU_000485	SPU_024093	0.0067916960471710785
SPU_018392	SPU_018673	0.0067867059241492975
SPU_016443	SPU_011315	0.0067867059241492975
SPU_020311	SPU_012632	0.0067860128515073838
SPU_012203	SPU_017492	0.0067858742369790014
SPU_000975	SPU_011755	0.0067846267062235555
SPU_002816	SPU_020803	0.0067824088737694311
SPU_025346	SPU_028827	0.0067749236892367618
SPU_003166	SPU_027015	0.0067710424824420443
SPU_026465	SPU_009427	0.0067685474209311534
SPU_024877	SPU_013119	0.0067602305492281863
SPU_017837	SPU_000016_1	0.0067592602475295069
SPU_017837	SPU_011270	0.0067580127167740627
SPU_015358	SPU_004551	0.0067538542809225787
SPU_010295	SPU_000739	0.0067527453646955169
SPU_023177	SPU_020082	0.0067516364484684543
SPU_009771	SPU_028583	0.0067490027724291819
SPU_020722	SPU_019024	0.0067463690963899085
SPU_019002	SPU_023366	0.0067448443365776978
SPU_015640	SPU_012489	0.0067438740348790185
SPU_008117	SPU_011270	0.0067427651186519567
SPU_028255	SPU_020124	0.00673500270506252
SPU_000757	SPU_003378	0.0067312601127961858
SPU_006462	SPU_022800	0.0067305670401542721
SPU_028583	SPU_012877_1	0.0067304284256258897
SPU_020565	SPU_004551	0.0067273789060014683
SPU_002874	SPU_009427	0.0067081114865562624
SPU_004702	SPU_024315	0.006702982749006099
SPU_011189	SPU_015829	0.0067025669054209501
SPU_021192	SPU_014802	0.0067014579891938883
SPU_021608	SPU_001483	0.0066966064807004915
SPU_024139	SPU_000485	0.0066946658773031319
SPU_010295	SPU_015682	0.0066945272627747495
SPU_013569	SPU_023463_1	0.0066839925586176579
SPU_022163	SPU_014752	0.0066839925586176579
SPU_009831	SPU_009427	0.0066828836423905962
SPU_020124	SPU_016490	0.0066773390612552838
SPU_016881	SPU_012911	0.0066742895416308642
SPU_002592	SPU_027015	0.0066735964689889488
SPU_022163	SPU_022654	0.0066730420108754183
SPU_004021	SPU_006242	0.006671240022006442
SPU_010295	SPU_006865	0.0066688835750239343
SPU_026099	SPU_019366	0.0066669429716265764
SPU_008845	SPU_026510	0.0066654182118143657
SPU_004414	SPU_028148	0.0066615370050196474
SPU_006814	SPU_002950	0.0066566854965262497
SPU_020123	SPU_027214	0.0066534973623734459
SPU_028120	SPU_017971	0.0066500319991638773
SPU_012203	SPU_000485	0.006648645853880049
SPU_015358	SPU_014055	0.0066464280214259246
SPU_015772	SPU_014588	0.00663422994292824
SPU_001262	SPU_012877_1	0.0066320121104741156
SPU_004148	SPU_021044	0.006629239819906459
SPU_017635	SPU_006865	0.0066284081327361638
SPU_006583	SPU_026390	0.0066268833729239531
SPU_005358	SPU_022816	0.0066175961995223057
SPU_002791	SPU_024315	0.0066156555961249478
SPU_014170	SPU_011202	0.0066142694508411195
SPU_015829	SPU_018391	0.0066123288474437599
SPU_007262	SPU_019365	0.0066092793278193385
SPU_004414	SPU_011246	0.00660830902612066
SPU_004723	SPU_007315	0.0066080317970638944
SPU_007253	SPU_006484	0.0066073387244219807
SPU_004217	SPU_017404_1	0.0066047050483827082
SPU_024918	SPU_019652	0.0066031802885704975
SPU_012008	SPU_000485	0.0065977743219635693
SPU_006814	SPU_004021	0.0065970812493216539
SPU_002815	SPU_011348	0.0065963881766797411
SPU_024877	SPU_014802	0.0065938931151688501
SPU_025590	SPU_000016	0.006593061427998554
SPU_008196_1	SPU_017971	0.006592645584413406
SPU_012490	SPU_002025_1	0.006590566366487664
SPU_002816	SPU_020330_1	0.0065886257630903044
SPU_006676	SPU_016523	0.0065855762434658847
SPU_028583	SPU_020480	0.0065818336511995496
SPU_006808	SPU_008196	0.0065816950366711655
SPU_000739	SPU_020124	0.0065801702768589548
SPU_008117	SPU_004148	0.0065761504555358549
SPU_005358	SPU_002008	0.0065699128017586298
SPU_006808	SPU_017348	0.006566724667605826
SPU_002603	SPU_022816	0.006561734544584045
SPU_012699	SPU_000485	0.0065614573155272802
SPU_022816	SPU_015199	0.006556467192505501
SPU_020123	SPU_016617	0.0065553582762784375
SPU_006786	SPU_005955_1	0.0065553582762784375
SPU_002634	SPU_002428	0.006552308756654017
SPU_003378	SPU_003937	0.0065513384549553376
SPU_003102	SPU_005522	0.0065446849575929635
SPU_022163	SPU_009847	0.0065430215832523704
SPU_006312	SPU_020726	0.0065390017619292697
SPU_028093	SPU_018888	0.0065369225440035286
SPU_015243	SPU_007957	0.0065363680858899964
SPU_002592	SPU_018908	0.0065344274824926385
SPU_022820	SPU_019825	0.0065342888679642561
SPU_017348	SPU_012877_1	0.0065258333817329066
SPU_020311	SPU_017750	0.006524724465505843
SPU_004287	SPU_021666	0.0065200115715408295
SPU_009831	SPU_018355_1	0.0065175165100299394
SPU_006808	SPU_006917	0.0065161303647461111
SPU_008117_1	SPU_001483	0.0065139125322919867
SPU_012490	SPU_022800	0.0065130808451216897
SPU_017106	SPU_000485	0.0065085065656850585
SPU_000485	SPU_030073	0.0065076748785147616
SPU_012008	SPU_025632	0.0065049025879471058
SPU_000757	SPU_015772	0.006504209515305193
SPU_000861	SPU_020124	0.006499219392283412
SPU_000129	SPU_011246	0.0064917342077507418
SPU_015243	SPU_015199	0.0064878530009560243
SPU_017971	SPU_024044	0.0064861896266154304
SPU_002874	SPU_024315	0.0064850807103883678
SPU_015772	SPU_010634	0.0064835559505761571
SPU_004021	SPU_003378	0.0064823084198207129
SPU_018954	SPU_007981	0.0064795361292530572
SPU_020722	SPU_006865	0.0064795361292530572
SPU_013689	SPU_007721	0.0064795361292530572
SPU_018392	SPU_005035	0.0064755163079299564
SPU_002874	SPU_014763	0.0064726054028339183
SPU_007262	SPU_014684	0.006466644978113458
SPU_015767	SPU_016792	0.0064658132909431619
SPU_020637	SPU_004924	0.0064513973799913537
SPU_027935	SPU_007087	0.0064500112347075254
SPU_015243	SPU_027144	0.0064433577373451513
SPU_000440	SPU_012632	0.0064425260501748552
SPU_008703	SPU_004551	0.0064385062288517536
SPU_016443	SPU_000485	0.0064378131562098408
SPU_006786	SPU_023813	0.0064375359271530742
SPU_012699	SPU_008353_1	0.0064368428545111605
SPU_015243	SPU_022654	0.0064336547203583568
SPU_021557	SPU_014684	0.006432961647716443
SPU_020637	SPU_000485	0.0064290804409217247
SPU_006753	SPU_002707	0.0064290804409217247
SPU_017725	SPU_001483	0.0064282487537514286
SPU_021192	SPU_011315	0.0064238130888431789
SPU_014802	SPU_006786	0.0064228427871445004
SPU_003179	SPU_027708	0.0064220110999742034
SPU_008117_1	SPU_002309	0.0064214566418606721
SPU_013178	SPU_028583	0.0064209021837471417
SPU_025590	SPU_020726	0.0064189615803497821
SPU_017407	SPU_012111	0.0064163279043105096
SPU_004702	SPU_009427	0.0064109219377035814
SPU_004021	SPU_008595	0.0064105060941184325
SPU_025632	SPU_012489	0.0064078724180791592
SPU_012648	SPU_025849	0.0064071793454372463
SPU_017379	SPU_027472	0.0064059318146818013
SPU_025590	SPU_006865	0.0064039912112844426
SPU_018483	SPU_026510	0.0064019119933587006
SPU_010424	SPU_014752	0.0064013575352451692
SPU_025590	SPU_002025	0.0063960901831666235
SPU_021557	SPU_026763	0.0063931792780705845
SPU_003102	SPU_009847	0.0063923475909002884
SPU_022820	SPU_008698	0.0063859713225946808
SPU_008196	SPU_022816	0.0063843079482540878
SPU_027235	SPU_022817	0.0063841693337257036
SPU_001262_1	SPU_013967	0.0063825059593851105
SPU_001998	SPU_003595_1	0.0063729415569266992
SPU_002791	SPU_009427	0.0063700306518306611
SPU_008936	SPU_004021	0.0063671197467346221
SPU_004217	SPU_003685	0.006365456372394029
SPU_020637	SPU_011755	0.006365040528808881
SPU_006803	SPU_016490	0.0063640702271102008
SPU_000424	SPU_004037	0.0063579711878613597
SPU_013119	SPU_023894	0.0063525652212544316
SPU_008845	SPU_007203	0.0063490998580448613
SPU_001262	SPU_001262_2	0.0063478523272894162
SPU_026465	SPU_001262_2	0.0063464661820055879
SPU_021192	SPU_024093	0.006344109735023082
SPU_000948	SPU_003378	0.0063385651538877697
SPU_022846	SPU_000485	0.0063369017795471766
SPU_013015	SPU_007721	0.0063273373770887653
SPU_006312	SPU_000016	0.0063265056899184675
SPU_017642	SPU_027214	0.006324703701049492
SPU_017106	SPU_025888	0.0063176343601019699
SPU_016443	SPU_027472	0.0063120897789666593
SPU_014332	SPU_010329	0.0063118125499098928
SPU_024918	SPU_022955_1	0.0063116739353815104
SPU_016523	SPU_027598	0.006310703633682831
SPU_026633	SPU_002615	0.0063057135106610509
SPU_007599	SPU_019656	0.0063048818234907539
SPU_022163	SPU_020726	0.0063041887508488402
SPU_014836	SPU_000756	0.0063026639910366295
SPU_004217	SPU_009427	0.0062986441697135288
SPU_009831	SPU_011272	0.0062982283261283816
SPU_004021	SPU_000485	0.0062961491082026396
SPU_010295	SPU_011272_1	0.0062919906723511556
SPU_027053	SPU_013904	0.0062886639236699694
SPU_023037	SPU_014683	0.0062871391638577587
SPU_002603	SPU_027214	0.0062853371749887815
SPU_011297	SPU_008953_1	0.0062782678340412602
SPU_000975	SPU_026664	0.0062777133759277298
SPU_017635	SPU_014684	0.0062761886161155191
SPU_027472	SPU_000485	0.0062739707836613947
SPU_017837	SPU_001483	0.0062714757221505038
SPU_014576	SPU_020480	0.0062705054204518244
SPU_023730	SPU_004021	0.006265376682901661
SPU_017635	SPU_013510	0.0062588618000676711
SPU_026205	SPU_027708	0.0062426439002468857
SPU_013305	SPU_008953_1	0.006235435944770982
SPU_007611	SPU_005737	0.006231277508919498
SPU_000440	SPU_002008	0.0062310002798627315
SPU_018391	SPU_027912	0.0062296141345789049
SPU_018391	SPU_015829	0.0062255943132558042
SPU_002129	SPU_007087	0.0062204655757056408
SPU_018392	SPU_025856	0.0062193566594785782
SPU_015719	SPU_019366	0.0062170002124960714
SPU_010295	SPU_013569	0.0062142279219284165
SPU_011246	SPU_024610	0.006205772435697067
SPU_008117_1	SPU_006058	0.0062041090613564722
SPU_002603	SPU_009178	0.0062038318322997074
SPU_020311	SPU_017656	0.0061999506255049899
SPU_024918	SPU_015828	0.0061966238768238029
SPU_007262	SPU_018888	0.0061960694187102715
SPU_005022	SPU_007262	0.0061916337538020227
SPU_003595_1	SPU_006197	0.0061910792956884923
SPU_020722	SPU_018373	0.0061831782675706732
SPU_021119	SPU_027362	0.0061808218205881655
SPU_026962	SPU_013967	0.0061745841668109413
SPU_026633	SPU_022892	0.006174445552282558
SPU_013015	SPU_020123	0.0061729207924703473
SPU_017635	SPU_014055	0.0061641880771822321
SPU_000424	SPU_026205	0.0061622474737848734
SPU_025113	SPU_014055	0.006153514758496759
SPU_003102	SPU_006333	0.0061533761439683749
SPU_021557	SPU_014643	0.0061517127696277818
SPU_009831	SPU_004148	0.006151435540571017
SPU_002677	SPU_004021	0.0061486632500033613
SPU_018483	SPU_000578	0.0061468612611343849
SPU_013015	SPU_024953	0.0061436731269815812
SPU_025346	SPU_012632	0.0061417325235842216
SPU_015828	SPU_005737	0.0061395146911300972
SPU_013047	SPU_024610	0.0061386830039598011
SPU_009642	SPU_001262_2	0.0061370196296192071
SPU_008528	SPU_003470	0.0061360493279205286
SPU_008845	SPU_001937	0.0061348017971650827
SPU_026099	SPU_000975	0.0061334156518812553
SPU_002592	SPU_021210	0.0061321681211258102
SPU_024903	SPU_013510	0.0061300889032000682
SPU_017725	SPU_000016_1	0.0061299502886716858
SPU_002320	SPU_022473	0.0061291186015013897
SPU_013047	SPU_004924	0.0061287027579162408
SPU_022846	SPU_000975	0.0061284255288594752
SPU_012008	SPU_016786	0.0061284255288594752
SPU_012008	SPU_015767	0.0061235740203660774
SPU_000424	SPU_022800	0.0061228809477241646
SPU_003470	SPU_004148	0.0061169205230037042
SPU_028827	SPU_000440	0.0061159502213050257
SPU_026205	SPU_017971	0.0061131779307373691
SPU_007981	SPU_026385	0.0061106828692264799
SPU_020722	SPU_011270	0.00610527690261955
SPU_014576	SPU_020123	0.0061038907573357235
SPU_028827	SPU_000861	0.0060944649694056937
SPU_007981	SPU_009427	0.0060918312933664212
SPU_023090	SPU_025959	0.0060916926788380388
SPU_015712	SPU_025125	0.0060914154497812723
SPU_006583	SPU_014687	0.0060883659301568509
SPU_022678	SPU_000603	0.0060875342429865548
SPU_002129	SPU_014686	0.0060861480977027265
SPU_018744	SPU_016523	0.006081851047322861
SPU_015243	SPU_016617	0.0060778312259997603
SPU_006676	SPU_015199	0.0060754747790172535
SPU_019290	SPU_022678	0.006071593572222536
SPU_022049	SPU_027144	0.0060692371252400274
SPU_014461	SPU_008595	0.006067435136371052
SPU_008936	SPU_027935_1	0.0060589796501397024
SPU_026099	SPU_011202	0.006058009348441023
SPU_000424	SPU_002674	0.0060562073595720476
SPU_002677	SPU_002950	0.0060553756724017497
SPU_022846	SPU_030073	0.0060553756724017497
SPU_024877	SPU_023894	0.0060544053707030704
SPU_002634	SPU_009048	0.0060520489237205636
SPU_019332	SPU_012949	0.0060517716946637979
SPU_009831	SPU_017404_1	0.0060449795827730414
SPU_016443	SPU_010634	0.0060444251246595101
SPU_028120	SPU_003937	0.0060394350016377309
SPU_015772	SPU_014802	0.0060387419289958154
SPU_017837	SPU_006058	0.0060387419289958154
SPU_025888	SPU_027935_1	0.0060372171691836065
SPU_016443	SPU_030073	0.0060359696384281606
SPU_028583	SPU_017971	0.0060270983086116621
SPU_022163	SPU_014055	0.0060266824650265149
SPU_014418	SPU_011315	0.0060207220403060546
SPU_008845	SPU_011635	0.0060093556489786669
SPU_015712	SPU_027935_1	0.0060074150455813081
SPU_011635	SPU_013904	0.0060071378165245434
SPU_028583	SPU_013576	0.0060057516712407151
SPU_028255	SPU_018581	0.0059993754029351067
SPU_021119	SPU_011202	0.0059956328106687716
SPU_024903	SPU_002631	0.0059950783525552411
SPU_021172	SPU_012877	0.0059927219055727326
SPU_026099	SPU_005955_1	0.0059882862406644847
SPU_012699	SPU_014401	0.0059862070227387426
SPU_023090	SPU_001415	0.0059857911791535937
SPU_012491	SPU_014418	0.0059852367210400633
SPU_007599	SPU_011755	0.005984266419341383
SPU_006421	SPU_025346	0.0059834347321710878
SPU_001739	SPU_020082	0.0059823258159440252
SPU_002815	SPU_028093	0.0059810782851885793
SPU_020722	SPU_024555	0.0059745634023545893
SPU_021192	SPU_000485	0.0059702663519747229
SPU_025632	SPU_012008	0.0059670782178219191
SPU_014802	SPU_007599	0.0059655534580097085
SPU_018483	SPU_022697	0.0059648603853677947
SPU_021557	SPU_002836	0.0059641673127258802
SPU_023037	SPU_006063	0.0059612564076298429
SPU_023894	SPU_016792	0.0059458701949793545
SPU_015243	SPU_018797	0.0059433751334684636
SPU_018483	SPU_007087	0.0059432365189400812
SPU_022163	SPU_018797	0.0059421276027130194
SPU_002320	SPU_020726	0.0059386622395034491
SPU_021557	SPU_001483	0.0059386622395034491
SPU_008117_1	SPU_006865	0.0059336721164816699
SPU_008752	SPU_019365	0.005932424585726224
SPU_026099	SPU_020803	0.0059278503062895928
SPU_020124	SPU_026763	0.00591925620552986
SPU_007253	SPU_020480	0.0059182859038311797
SPU_025010	SPU_011348	0.0059178700602460325
SPU_013015	SPU_021210	0.0059178700602460325
SPU_006814	SPU_020082	0.005915097769678376
SPU_012469	SPU_027214	0.0059101076466565967
SPU_013689	SPU_028479	0.0059084442723160036
SPU_014793	SPU_001262_2	0.0059006818587265669
SPU_002129	SPU_001483	0.0059005432441981845
SPU_002592	SPU_004551	0.0058952758921196387
SPU_000739	SPU_027015	0.005892087757966835
SPU_019002	SPU_000310	0.0058890382383424136
SPU_002320	SPU_000016_1	0.0058879293221153518
SPU_001262_1	SPU_011348	0.0058837708862638678
SPU_005358	SPU_006865	0.005883077813621955
SPU_018056	SPU_001415	0.005878087690600174
SPU_003166	SPU_002836	0.0058740678692770741
SPU_012469	SPU_006871	0.0058725431094648634
SPU_018355	SPU_001415	0.0058714341932378008
SPU_027053	SPU_013861	0.0058707411205958862
SPU_018744	SPU_026385	0.0058608994890807101
SPU_012648	SPU_002309	0.0058603450309671788
SPU_007599	SPU_020803	0.0058582658130414368
SPU_011189	SPU_013904	0.0058579885839846711
SPU_006462	SPU_016617	0.0058567410532292261
SPU_000975	SPU_021119	0.0058534143045480399
SPU_011635	SPU_011270	0.0058518895447358292
SPU_012913	SPU_000440	0.0058516123156790627
SPU_003548	SPU_022892	0.0058507806285087666
SPU_000861	SPU_010924_1	0.0058502261703952362
SPU_013047	SPU_000485	0.0058405231534084407
SPU_006312	SPU_017656	0.0058403845388800583
SPU_023894	SPU_020803_1	0.0058401073098232918
SPU_011189	SPU_011270	0.0058395528517097605
SPU_017635	SPU_020726	0.0058385825500110828
SPU_003102	SPU_002309	0.0058352558013298949
SPU_015374	SPU_011246	0.0058342854996312156
SPU_015829	SPU_005737	0.0058301270637797333
SPU_004217	SPU_024315	0.0058280478458539913
SPU_022820	SPU_004217	0.005827077544155311
SPU_024189	SPU_007190	0.0058248597117011875
SPU_025346	SPU_010924_1	0.0058226418792470614
SPU_006312	SPU_006865	0.0058211171194348507
SPU_007599	SPU_011315	0.005815988381884689
SPU_007611	SPU_025959	0.0058155725382995401
SPU_000739	SPU_007957	0.0058128002477318853
SPU_006814	SPU_011348	0.0058115527169764394
SPU_013569	SPU_006058	0.0058080873537668708
SPU_006462	SPU_026763	0.0058064239794262777
SPU_015772	SPU_009474	0.0058060081358411288
SPU_001262_1	SPU_028479	0.0058057309067843623
SPU_017635	SPU_013611	0.0058047606050856838
SPU_012490	SPU_016617	0.0057997704820639037
SPU_022820	SPU_026418	0.0057975526496097793
SPU_008117	SPU_015682	0.0057972754205530127
SPU_020565	SPU_023730	0.005788404090736516
SPU_002603	SPU_017511	0.0057864634873391564
SPU_005358	SPU_027918	0.0057823050514876732
SPU_015456	SPU_022678	0.0057785624592213381
SPU_002129	SPU_015199	0.0057778693865794244
SPU_000440	SPU_012877	0.0057768990848807451
SPU_027472	SPU_020082	0.0057767604703523627
SPU_024189	SPU_013810_1	0.0057737109507279413
SPU_026205	SPU_009178	0.0057617901012870214
SPU_027969	SPU_018392	0.0057615128722302567
SPU_008112	SPU_021666	0.0057609584141167253
SPU_017837	SPU_007644	0.0057602653414748108
SPU_014461	SPU_006004	0.0057563841346800933
SPU_000440	SPU_000016_1	0.0057545821458111178
SPU_006786	SPU_000485	0.0057502850954312505
SPU_014793	SPU_002836	0.0057495920227893368
SPU_013305	SPU_007190	0.0057487603356190407
SPU_018126	SPU_007360_1	0.0057455722014662361
SPU_000739	SPU_011687	0.00574474051429594
SPU_024189	SPU_027015	0.0057446018997675576
SPU_004414	SPU_027214	0.0057415523801431362
SPU_008196	SPU_022892	0.0057409979220296049
SPU_027598	SPU_024315	0.0057405820784444559
SPU_023386	SPU_016523	0.0057405820784444559
SPU_014332	SPU_023366	0.0057389187041038629
SPU_003470	SPU_012198	0.005736146413536208
SPU_008703	SPU_017492	0.0057326810503266377
SPU_026099	SPU_011315	0.0057274136982480919
SPU_010424	SPU_006786	0.0057269978546629439
SPU_008845	SPU_007262	0.0057195126701302737
SPU_006991	SPU_013510	0.0057192354410735089
SPU_026633	SPU_007721	0.0057087007369164174
SPU_006808	SPU_014684	0.0057080076642745028
SPU_002816	SPU_024093	0.0057080076642745028
SPU_015456	SPU_003685	0.0057049581446500823
SPU_007262	SPU_009847	0.0057030175412527227
SPU_009048	SPU_004551	0.005701492781440512
SPU_006753	SPU_013689_1	0.0056962254293619662
SPU_005572	SPU_017750	0.0056905422336982724
SPU_018483	SPU_022892	0.0056837501218075159
SPU_028827	SPU_015199	0.0056773738535019084
SPU_017837	SPU_006865	0.0056716906578382154
SPU_027969	SPU_010426	0.0056716906578382154
SPU_001739	SPU_003685	0.0056704431270827695
SPU_023894	SPU_012699	0.0056693342108557069
SPU_004148	SPU_021757	0.005665730233117755
SPU_002320	SPU_002008	0.0056640668587771611
SPU_006484	SPU_004021	0.0056593539648121466
SPU_000756	SPU_018861	0.0056550569144322811
SPU_024139	SPU_002816	0.0056546410708471322
SPU_025113	SPU_020726	0.005651314322165946
SPU_008117	SPU_002632	0.0056495123332969705
SPU_006484	SPU_002950	0.0056435519085765102
SPU_001998	SPU_027015	0.005640641003480472
SPU_025590	SPU_009847	0.005638977629139879
SPU_011174	SPU_002674	0.0056378687129128163
SPU_016443	SPU_000975	0.0056375914838560507
SPU_018581	SPU_007721	0.0056362053385722224
SPU_024877	SPU_012699	0.0056338488915897156
SPU_002603	SPU_007863	0.0056310766010220607
SPU_015640	SPU_023813	0.0056296904557382324
SPU_021119	SPU_011315	0.0056281656959260217
SPU_027472	SPU_003937	0.0056235914164893906
SPU_015908	SPU_028148	0.005623314187432624
SPU_006803	SPU_006808	0.0056219280421487957
SPU_022242	SPU_025125	0.0056212349695068829
SPU_015829	SPU_008845	0.0056192943661095233
SPU_018056	SPU_001262_2	0.0056180468353540782
SPU_012491	SPU_012877_1	0.0056165220755418676
SPU_028827	SPU_002008	0.0056156903883715723
SPU_014576	SPU_008936	0.0056148587012012745
SPU_025010	SPU_010635	0.005612225025162002
SPU_022163	SPU_007108	0.0056119477961052372
SPU_009178	SPU_003595_1	0.0056116705670484707
SPU_024139	SPU_024044	0.0056094527345943463
SPU_002129	SPU_009847	0.005608066589310518
SPU_012772	SPU_003595_1	0.0056079279747821356
SPU_002791	SPU_014763	0.0056065418294983073
SPU_000485	SPU_020803_1	0.0056051556842144808
SPU_024903	SPU_014332	0.0056048784551577142
SPU_006803	SPU_027918	0.0056044626115725662
SPU_008117	SPU_001483	0.0056036309244022701
SPU_004414	SPU_027015	0.0056008586338346144
SPU_027053	SPU_009427	0.005599056644965638
SPU_002129	SPU_002554	0.0055972546560966617
SPU_003595_1	SPU_028093	0.005595729896284451
SPU_024877	SPU_030073	0.0055930962202451785
SPU_011246	SPU_025888	0.0055878288681666327
SPU_015374	SPU_027214	0.0055774327785379236
SPU_020722	SPU_001937	0.0055725812700445267
SPU_025590	SPU_017656	0.005571056510232316
SPU_008845	SPU_012948	0.0055707792811755513
SPU_006787	SPU_024946	0.0055630168675861154
SPU_022820	SPU_016792	0.0055616307223022871
SPU_014836	SPU_026205	0.0055612148787171382
SPU_002320	SPU_015199	0.0055559475266385942
SPU_002634	SPU_024139	0.0055553930685250611
SPU_012645	SPU_000276	0.0055546999958831483
SPU_006787	SPU_008353_1	0.0055509574036168132
SPU_018126	SPU_003937	0.0055501257164465162
SPU_019332	SPU_003685	0.0055400068558745736
SPU_000948	SPU_015772	0.0055394523977610423
SPU_016881	SPU_018744	0.0055376504088920668
SPU_015772	SPU_024093	0.0055201849783158364
SPU_001657	SPU_011315	0.0055174126877481806
SPU_009831	SPU_002025_1	0.0055095116596303615
SPU_022846	SPU_024093	0.0055092344305735959
SPU_020722	SPU_027912	0.0055086799724600654
SPU_006786	SPU_015772	0.0055079868998181509
SPU_018355_1	SPU_001262_2	0.0055047987656653471
SPU_000739	SPU_028479	0.0054999472571719502
SPU_027935	SPU_015772	0.0054949571341501701
SPU_027053	SPU_012949	0.0054935709888663418
SPU_022678	SPU_024315	0.0054917689999973663
SPU_008845	SPU_010329_1	0.0054867788769755862
SPU_027235	SPU_003548	0.0054846996590498442
SPU_000440	SPU_007863	0.0054774917035739397
SPU_018744	SPU_023839	0.0054752738711198153
SPU_006814	SPU_025888	0.0054749966420630496
SPU_004702	SPU_008377_1	0.0054712540497967145
SPU_014418	SPU_012489	0.0054673728430019971
SPU_028255	SPU_026465	0.0054664025413033168
SPU_015374	SPU_007360_1	0.00546404609432081
SPU_024093	SPU_012490	0.0054616896473383024
SPU_011315	SPU_012911	0.0054596104294125612
SPU_014289	SPU_003378	0.0054566995243165222
SPU_005358	SPU_008196	0.0054512935577095941
SPU_009771	SPU_003595_1	0.0054453331329891346
SPU_010424	SPU_011272	0.0054446400603472209
SPU_006462	SPU_023366	0.0054371548758145507
SPU_006583	SPU_011246	0.0054366004177010194
SPU_021557	SPU_017656	0.0054316102946792393
SPU_023037	SPU_009427	0.0054239864956181867
SPU_004414	SPU_003595_1	0.0054226003503343584
SPU_014802	SPU_013178	0.0054223231212775927
SPU_022163	SPU_024555	0.005421214205050531
SPU_003179	SPU_024953	0.0054127587188191814
SPU_013015	SPU_003586	0.0054123428752340325
SPU_020311	SPU_028093	0.0054116498025921196
SPU_012699	SPU_011755	0.0054090161265528463
SPU_002129	SPU_022800	0.0054047190761729799
SPU_014802	SPU_012008	0.0054022240146620899
SPU_025113	SPU_000016_1	0.005399451724094435
SPU_015772	SPU_022892	0.005397372506168693
SPU_000739	SPU_022654	0.0053948774446578029
SPU_028583	SPU_007360	0.0053922437686185296
SPU_007611	SPU_023839	0.0053897487071076396
SPU_010403	SPU_016617	0.0053872536455967495
SPU_014802	SPU_027935_1	0.0053804615337059939
SPU_005435	SPU_012772	0.0053750555670990649
SPU_004287	SPU_021843	0.0053726991201165581
SPU_003179	SPU_007190	0.0053696496004921367
SPU_011315	SPU_024315	0.0053678476116231603
SPU_025346	SPU_025590	0.005366877309924481
SPU_003704	SPU_001415	0.0053611941142607871
SPU_005572	SPU_020726	0.0053610554997324039
SPU_025584	SPU_028479	0.0053607782706756391
SPU_021557	SPU_014686	0.0053588376672782803
SPU_003102	SPU_001483	0.0053588376672782803
SPU_014418	SPU_016786	0.0053567584493525383
SPU_025010	SPU_005708	0.0053560653767106238
SPU_027053	SPU_018355	0.0053552336895403277
SPU_018392	SPU_010873	0.0053534317006713513
SPU_013015	SPU_028479	0.0053419266948155813
SPU_006676	SPU_030139	0.0053394316333046903
SPU_014802	SPU_027598	0.0053284810855624507
SPU_012699	SPU_012489	0.0053268177112218576
SPU_015374	SPU_013305	0.0053227978898987569
SPU_017971	SPU_020480	0.0053225206608419912
SPU_007262	SPU_023510	0.0053222434317852256
SPU_014197	SPU_003937	0.0053215503591433119
SPU_016881	SPU_012008	0.0053201642138594836
SPU_017837	SPU_025849	0.0053180849959337424
SPU_012648	SPU_015829	0.0053140651746106417
SPU_009831	SPU_009847	0.0053092136661172448
SPU_025010	SPU_003595_1	0.0053063027610212058
SPU_021192	SPU_020330_1	0.0053047780012089952
SPU_013119	SPU_005955	0.0053021443251697227
SPU_027015	SPU_013047	0.0053020057106413403
SPU_006676	SPU_027015	0.005299787878187215
SPU_002816	SPU_020803_1	0.0052920254645977801
SPU_026099	SPU_011755	0.0052906393193139526
SPU_027053	SPU_014683	0.0052906393193139526
SPU_014628	SPU_013810	0.005284540280065109
SPU_018581	SPU_022195	0.0052814907604406885
SPU_018392	SPU_022955_1	0.0052806590732703924
SPU_015712	SPU_021192	0.0052788570844014161
SPU_011297	SPU_000485	0.005275530335720229
SPU_014722	SPU_019857	0.0052637481008076924
SPU_025113	SPU_011756	0.0052600055085413582
SPU_022163	SPU_014684	0.0052583421342007643
SPU_008528	SPU_023037	0.0052405994745677682
SPU_012469	SPU_014686	0.0052399064019258545
SPU_027774	SPU_022717	0.0052392133292839408
SPU_025113	SPU_015682	0.0052371341113581988
SPU_012699	SPU_020803	0.0052361638096595194
SPU_017837	SPU_017656	0.0052345004353189263
SPU_020637	SPU_024877	0.0052289558541836149
SPU_010305	SPU_002428	0.0052274310943714042
SPU_006676	SPU_002428	0.005219530066253586
SPU_009048	SPU_024946	0.0052181439209697577
SPU_000440	SPU_026465	0.0052181439209697577
SPU_022573	SPU_002428	0.0052146785577601882
SPU_007611	SPU_018392	0.0052125993398344471
SPU_003179	SPU_020480	0.0052102428928519394
SPU_006787	SPU_000485	0.00520677752964237
SPU_014461	SPU_011315	0.0052052527698301593
SPU_012384	SPU_019857	0.0052022032502057388
SPU_014836	SPU_019857	0.0052008171049219105
SPU_017635	SPU_017750	0.0051931933058608579
SPU_006786	SPU_011202	0.0051916685460486472
SPU_021557	SPU_006865	0.0051898665571796709
SPU_025010	SPU_013576	0.0051887576409526091
SPU_022678	SPU_008377_1	0.0051819655290618527
SPU_006917	SPU_027144	0.0051807179983064068
SPU_017725	SPU_013569	0.0051773912496252206
SPU_011576	SPU_020803	0.0051760051043413932
SPU_019366	SPU_012008	0.0051750348026427138
SPU_018483	SPU_001262_1	0.0051718466684899092
SPU_005358	SPU_000016_1	0.0051717080539615268
SPU_028255	SPU_002615	0.0051704605232060817
SPU_000948	SPU_017492	0.0051696288360357848
SPU_021608	SPU_017837	0.005167688232638426
SPU_005358	SPU_020480_1	0.0051620050369747322
SPU_020722	SPU_000578	0.0051586782882935452
SPU_016523	SPU_006484	0.0051554901541407414
SPU_027969	SPU_001415	0.0051550743105555925
SPU_013305	SPU_005022	0.0051549356960272101
SPU_011246	SPU_020082	0.0051517475618744063
SPU_025010	SPU_006197	0.0051514703328176406
SPU_020637	SPU_008353_1	0.0051475891260229232
SPU_027015	SPU_004340	0.0051475891260229232
SPU_011189	SPU_013569	0.0051432920756430568
SPU_005572	SPU_013510	0.00514093562866055
SPU_005435	SPU_019825	0.0051398267124334873
SPU_014332	SPU_026510	0.0051367771928090659
SPU_017470	SPU_025959	0.0051315098407305202
SPU_006814	SPU_021192	0.0051312326116737545
SPU_017470	SPU_008595_1	0.005127351404879037
SPU_020722	SPU_019508	0.0051209751365734286
SPU_022820	SPU_007981	0.0051198662203463668
SPU_008112	SPU_014643	0.0051162622426084142
SPU_028148	SPU_017492	0.00511501471185297
SPU_007644	SPU_028045	0.0051139057956259074
SPU_005358	SPU_014055	0.0051125196503420791
SPU_013305	SPU_011246	0.0051068364546783861
SPU_007262	SPU_025849	0.0051040641641107295
SPU_015719	SPU_014401	0.0050911730129711312
SPU_016449	SPU_008936	0.0050875690352331793
SPU_026905	SPU_019857	0.0050827175267397816
SPU_027774	SPU_028045	0.0050781432473031504
SPU_004217	SPU_008377_1	0.0050773115601328534
SPU_013689	SPU_004746	0.0050735689678665184
SPU_015719	SPU_012699	0.0050723214371110733
SPU_022846	SPU_013119	0.0050688560739015039
SPU_026905	SPU_011270	0.0050648362525784031
SPU_021557	SPU_009847	0.0050634501072945749
SPU_026633	SPU_018797	0.0050622025765391307
SPU_021210	SPU_003595_1	0.0050559649227619055
SPU_018483	SPU_006808	0.0050549946210632253
SPU_025346	SPU_006312	0.0050530540176658666
SPU_001262_1	SPU_023757	0.0050529154031374842
SPU_013689	SPU_022195	0.0050513906433252735
SPU_012469	SPU_022473	0.0050494500399279147
SPU_022573	SPU_007863	0.0050491728108711491
SPU_000485	SPU_011755	0.005044182687849369
SPU_028148	SPU_023140	0.0050422420844520102
SPU_010635	SPU_007360	0.0050411331682249476
SPU_012699	SPU_010634	0.0050373905759586125
SPU_015640	SPU_024044	0.005030182620482708
SPU_017837	SPU_013569	0.0050292123187840286
SPU_016443	SPU_007147	0.0050264400282163729
SPU_023894	SPU_020803	0.0050247766538757798
SPU_021608	SPU_015682	0.0050247766538757798
SPU_017470	SPU_011272_1	0.0050244994248190141
SPU_027969	SPU_007611	0.0050243608102906309
SPU_017837	SPU_018483	0.0050225588214216554
SPU_006991	SPU_022800	0.0050199251453823829
SPU_024903	SPU_022654	0.005019509301797234
SPU_006786	SPU_019366	0.0050159053240592813
SPU_008117	SPU_006865	0.0050153508659457509
SPU_021172	SPU_012786	0.0050146577933038372
SPU_024918	SPU_001415	0.0050100835138672051
SPU_026633	SPU_021210	0.005007588452356315
SPU_017971	SPU_007360	0.0050006577259371762
SPU_017492	SPU_012911	0.0050006577259371762
SPU_002634	SPU_011348	0.0049995488097101136
SPU_025584	SPU_011502	0.0049970537481992235
SPU_009831	SPU_014131	0.0049940042285748021
SPU_023037	SPU_013861	0.0049915091670639121
SPU_007644	SPU_022195	0.0049883210329111083
SPU_023177	SPU_027015	0.0049840239825312427
SPU_003166	SPU_016490	0.0049827764517757977
SPU_004414	SPU_002674	0.0049813903064919694
SPU_021557	SPU_013689_1	0.0049811130774352038
SPU_021172	SPU_007862	0.0049794497030946107
SPU_015358	SPU_002592	0.0049765387979985717
SPU_012772	SPU_012877_1	0.0049698853006361985
SPU_018391	SPU_024901	0.0049694694570510504
SPU_008528	SPU_024901_1	0.0049691922279942848
SPU_027214	SPU_013576	0.0049691922279942848
SPU_013015	SPU_013576	0.0049535287862870307
SPU_008528	SPU_027912_1	0.0049525584845883514
SPU_007262	SPU_009427	0.0049490931213787819
SPU_014332	SPU_028255	0.0049488158923220163
SPU_012648_1	SPU_007087	0.0049456277581692125
SPU_018391	SPU_024901_1	0.0049452119145840644
SPU_017348	SPU_003595_1	0.0049429940821299392
SPU_007611	SPU_012198	0.0049420237804312598
SPU_006803	SPU_002674	0.0049373108864662453
SPU_001262	SPU_003595_1	0.0049348158249553553
SPU_017404_1	SPU_003685	0.0049338455232566759
SPU_022846	SPU_011755	0.0049330138360863798
SPU_012469	SPU_023463_1	0.004923172204571202
SPU_012648	SPU_006058	0.0049215088302306089
SPU_020722	SPU_009646	0.0049188751541913356
SPU_017635	SPU_011502	0.0049187365396629532
SPU_014418	SPU_011755	0.0049172117798507425
SPU_027472	SPU_004924	0.0049165187072088288
SPU_003704	SPU_001262_2	0.0049154097909817661
SPU_002874	SPU_028045	0.0049149939473966181
SPU_027053	SPU_006427	0.004908340450034244
SPU_018355_1	SPU_022195	0.0049057067739949715
SPU_000749	SPU_012911	0.0049051523158814402
SPU_025632	SPU_011755	0.0049043206287111441
SPU_019332	SPU_003937	0.0049040433996543785
SPU_007981	SPU_028045	0.0049033503270124639
SPU_018581	SPU_001262_2	0.0048991918911609816
SPU_026905	SPU_021757	0.0048953106843662633
SPU_028120	SPU_002428	0.0048875482707768274
SPU_020565	SPU_000310	0.004885330438322703
SPU_009831	SPU_019365	0.0048685580803883872
SPU_007611	SPU_022678	0.0048638451864233719
SPU_009178	SPU_007360	0.0048613501249124818
SPU_004723	SPU_013904	0.0048613501249124818
SPU_000749	SPU_003649	0.0048603798232138024
SPU_003179	SPU_012877_1	0.0048576075326461467
SPU_027598	SPU_018861	0.0048574689181177643
SPU_019656	SPU_030073	0.0048559441583055536
SPU_014722	SPU_005737	0.0048545580130217262
SPU_012491	SPU_007624	0.0048542807839649597
SPU_006991	SPU_024745	0.0048523401805676009
SPU_003595	SPU_012877_1	0.0048523401805676009
SPU_001262_1	SPU_003595_1	0.0048476272866025865
SPU_009831	SPU_022841	0.0048458252977336101
SPU_019332	SPU_028045	0.0048440233088646346
SPU_022049	SPU_003548	0.0048412510182969789
SPU_015772	SPU_000485	0.0048362608952751988
SPU_015358	SPU_015682	0.0048355678226332851
SPU_025346	SPU_023510	0.0048347361354629881
SPU_028827	SPU_013689_1	0.0048319638448953324
SPU_006312	SPU_018797	0.0048287757107425286
SPU_001739	SPU_003595_1	0.0048276667945154669
SPU_014418	SPU_015767	0.0048272509509303179
SPU_012469	SPU_004287	0.0048265578782884042
SPU_004287_1	SPU_028583	0.0048236469731923661
SPU_009831	SPU_025959	0.0048208746826247104
SPU_008845	SPU_019508	0.0048160231741313127
SPU_018797	SPU_016617	0.0048147756433758676
SPU_002791	SPU_028045	0.0048135281126204226
SPU_007253	SPU_003685	0.0048102013639392364
SPU_026205	SPU_027144	0.0048056270845026044
SPU_018126	SPU_020082	0.0048036864811052456
SPU_021608	SPU_004148	0.0048020231067646526
SPU_023386	SPU_011348	0.0047891319556250533
SPU_011635	SPU_014683	0.0047884388829831396
SPU_015829	SPU_028030	0.004787329966756077
SPU_023386	SPU_008196_1	0.0047863596650573976
SPU_017407	SPU_023177	0.004781646771092384
SPU_005572	SPU_002836	0.00477499327373001
SPU_014576	SPU_003595_1	0.0047712506814636749
SPU_017837	SPU_027774	0.0047640427259877704
SPU_015908	SPU_002674	0.0047623793516471773
SPU_012648	SPU_017441	0.0047604387482498177
SPU_001739	SPU_022678	0.0047562803123983345
SPU_007611	SPU_004217	0.0047548941671145071
SPU_023894	SPU_012008	0.00474907235692243
SPU_010424	SPU_014686	0.004744913921070946
SPU_025632	SPU_020803	0.0047388148818221041
SPU_000739	SPU_013611	0.0047327158425732622
SPU_012384	SPU_021757	0.0047278643340798645
SPU_003166	SPU_013510	0.0047264781887960371
SPU_006814	SPU_027935_1	0.0047207949931323432
SPU_008528	SPU_027774	0.0047196860769052806
SPU_024877	SPU_002816	0.0047163593282240936
SPU_027015	SPU_006787	0.0047160820991673279
SPU_006312	SPU_014686	0.0047145573393551172
SPU_027053	SPU_028045	0.0047113692052023134
SPU_000440	SPU_014055	0.0047108147470887821
SPU_000440	SPU_011270	0.0047088741436914243
SPU_014722	SPU_027053	0.004705824624067002
SPU_006803	SPU_013810_1	0.0047047157078399402
SPU_006753	SPU_026763	0.0047000028138749258
SPU_017379	SPU_014418	0.0046982008250059503
SPU_007262	SPU_007862	0.0046923790148138732
SPU_023037	SPU_028045	0.0046875275063204755
SPU_004287_1	SPU_005022	0.0046869730482069442
SPU_027774	SPU_003685	0.0046869730482069442
SPU_015358	SPU_000016_1	0.0046850324448095854
SPU_026465	SPU_015828	0.0046833690704689923
SPU_006753	SPU_002836	0.0046808740089581023
SPU_019332	SPU_009427	0.0046793492491458916
SPU_000739	SPU_002008	0.0046735274389538145
SPU_017106	SPU_004924	0.0046724185227267527
SPU_007599	SPU_019366	0.0046722799081983695
SPU_007981	SPU_008377_1	0.0046697848466874794
SPU_018797	SPU_015199	0.0046656264108359963
SPU_008703	SPU_002674	0.0046566164664911154
SPU_019089	SPU_013202	0.004656062008377585
SPU_018393	SPU_003649	0.0046557847793208193
SPU_016449	SPU_019825	0.0046549530921505223
SPU_022820	SPU_010873	0.004654398634036991
SPU_020123	SPU_003595_1	0.0046517649579977186
SPU_024189	SPU_027214	0.0046501015836571246
SPU_013047	SPU_017492	0.0046460817623340239
SPU_013569	SPU_014722	0.0046410916393122437
SPU_013119	SPU_011202	0.0046403985666703309
SPU_012253	SPU_019857	0.0046385965778013545
SPU_003166	SPU_013689	0.0046381807342162056
SPU_026099	SPU_014461	0.0046342995274214881
SPU_006462	SPU_007862	0.0046342995274214881
SPU_002320	SPU_006808	0.0046315272368538324
SPU_003595_1	SPU_020082	0.0046312500077970668
SPU_009771	SPU_020646	0.0046311113932686844
SPU_018908	SPU_013967	0.0046309727787403011
SPU_009831	SPU_015682	0.0046273688010023493
SPU_017348	SPU_030139	0.0046257054266617553
SPU_018355	SPU_008377_1	0.0046241806668495446
SPU_018056	SPU_008377_1	0.0046236262087360142
SPU_007981	SPU_022678	0.0046208539181683585
SPU_003595	SPU_012949	0.0046207153036399752
SPU_008117_1	SPU_021757	0.0046178043985439371
SPU_008528	SPU_021382	0.0046176657840155547
SPU_028827	SPU_016617	0.0046117053592950952
SPU_014576	SPU_007360	0.0046108736721247982
SPU_018391	SPU_008698	0.0046103192140112669
SPU_010635	SPU_020082	0.0046044974038191907
SPU_021210	SPU_008953_1	0.004599645895325793
SPU_027015	SPU_016443	0.0045920220962647404
SPU_003470	SPU_022841	0.0045846755262604526
SPU_010295	SPU_021666	0.0045835666100333908
SPU_018483	SPU_007011	0.0045825963083347115
SPU_002874	SPU_008377_1	0.0045807943194657351
SPU_006753	SPU_027918	0.0045723388332343856
SPU_003470	SPU_010924	0.0045708140734221749
SPU_008196_1	SPU_005708	0.0045677645537977535
SPU_004723	SPU_023510	0.0045631902743611214
SPU_004723	SPU_009427	0.0045557050898284521
SPU_002791	SPU_008377_1	0.0045509921958634368
SPU_003704	SPU_008377_1	0.0045504377377499064
SPU_019366	SPU_018744	0.0045458634583132743
SPU_006803	SPU_022800	0.0045447545420862125
SPU_000424	SPU_028255	0.0045443386985010636
SPU_001998	SPU_020480	0.0045328336926452927
SPU_018126	SPU_016449	0.0045317247764182309
SPU_003595	SPU_003685	0.0045314475473614653
SPU_004599	SPU_012699	0.0045277049550951302
SPU_002129	SPU_022473	0.0045272891115099812
SPU_019332	SPU_026385	0.0045211900722611394
SPU_001998	SPU_006484	0.0045192494688637806
SPU_009178	SPU_022654	0.0045157841056542112
SPU_018392	SPU_013902	0.0045152296475406799
SPU_000424	SPU_027015	0.0045130118150865555
SPU_013015	SPU_017971	0.0045102395245188998
SPU_007611	SPU_024555	0.004507467233951244
SPU_005358	SPU_026664	0.0045071900048944784
SPU_013047	SPU_007360_1	0.0045030315690429952
SPU_017725	SPU_007862	0.0045023384964010815
SPU_014722	SPU_018391	0.0045003978930037228
SPU_004702	SPU_017404_1	0.0044999820494185739
SPU_002631	SPU_014289	0.0044985959041347464
SPU_022163	SPU_011502	0.0044955463845103251
SPU_021557	SPU_014836	0.0044915265631872243
SPU_014289	SPU_027935_1	0.0044909721050736939
SPU_003595	SPU_017579	0.0044904176469601625
SPU_007644	SPU_008377_1	0.0044816849316720473
SPU_011635	SPU_003548	0.004481130473558516
SPU_008703	SPU_020480	0.0044681007078905344
SPU_014418	SPU_020803	0.0044624175122268406
SPU_006787	SPU_012699	0.0044600610652443338
SPU_006753	SPU_009847	0.0044595066071308025
SPU_020565	SPU_000485	0.0044586749199605055
SPU_011189	SPU_022816	0.00445687293109153
SPU_026633	SPU_003548	0.0044521600371265147
SPU_018861	SPU_012911	0.004451882808069749
SPU_002632	SPU_014289	0.0044475857576898835
SPU_026099	SPU_000948	0.0044471699141047346
SPU_002874	SPU_004148	0.0044455065397641415
SPU_006917	SPU_024139	0.0044453679252357582
SPU_006814	SPU_015772	0.0044442590090086964
SPU_005572	SPU_011272	0.0044423184056113377
SPU_022846	SPU_020803_1	0.0044417639474978064
SPU_012699	SPU_007147	0.0044360807518341126
SPU_023386	SPU_022892	0.0044360807518341126
SPU_022820	SPU_004148	0.0044359421373057302
SPU_024093	SPU_018744	0.0044341401484367538
SPU_015719	SPU_018393	0.0044341401484367538
SPU_027214	SPU_002674	0.0044320609305110118
SPU_023386	SPU_027015	0.0044205559246552409
SPU_009831	SPU_022195	0.0044169519469172891
SPU_017579	SPU_003685	0.004414456885406399
SPU_000276	SPU_018744	0.0044129321255941883
SPU_014332	SPU_011270	0.0044121004384238913
SPU_011315	SPU_022654	0.0043987934436991449
SPU_012699	SPU_011202	0.0043925557899219189
SPU_003102	SPU_025825	0.0043900607284110297
SPU_026465	SPU_022195	0.0043863181361446946
SPU_014170	SPU_030073	0.0043806349404809999
SPU_015358	SPU_018797	0.0043745359012321581
SPU_023894	SPU_011202	0.0043725952978347993
SPU_006676	SPU_007360_1	0.0043719022251928856
SPU_014170	SPU_020803	0.0043719022251928856
SPU_002129	SPU_005522	0.0043681596329265505
SPU_026905	SPU_006242	0.0043681596329265505
SPU_004217	SPU_012198	0.0043676051748130192
SPU_016443	SPU_024093	0.0043671893312278703
SPU_003166	SPU_009642	0.0043651101133021291
SPU_014332	SPU_021757	0.0043623378227344734
SPU_019089	SPU_020480	0.004360951677450646
SPU_014793	SPU_021843	0.004359704146695201
SPU_011202	SPU_012699	0.004359288303110052
SPU_022049	SPU_024044	0.0043558229399004826
SPU_017379	SPU_008953_1	0.0043534664929179749
SPU_003179	SPU_017971	0.0043530506493328278
SPU_014722	SPU_011189	0.0043470902246123674
SPU_020637	SPU_012699	0.0043441793195163293
SPU_013178	SPU_005522	0.0043432090178176499
SPU_017106	SPU_007360	0.0043418228725338216
SPU_018126	SPU_000485	0.0043373872076255737
SPU_004723	SPU_015071	0.004332951542717324
SPU_026205	SPU_024953	0.004331704011961879
SPU_012491	SPU_000485	0.0043282386487523096
SPU_012648	SPU_009427	0.0043246346710143569
SPU_013689_1	SPU_006312	0.0043233871402589127
SPU_014170	SPU_020803_1	0.0043204762351628737
SPU_025632	SPU_020803_1	0.0043186742462938982
SPU_004723	SPU_025959	0.0043171494864816876
SPU_018392	SPU_010329_1	0.0043145158104424142
SPU_025590	SPU_014686	0.0043009315866609013
SPU_015108	SPU_027145	0.0042966345362810358
SPU_022678	SPU_028045	0.004290119653447045
SPU_027774	SPU_008377_1	0.0042860998321239442
SPU_028827	SPU_002836	0.004279446334761571
SPU_002592	SPU_009642	0.004279446334761571
SPU_002816	SPU_030073	0.0042740403681546428
SPU_015243	SPU_020311	0.0042691888596612451
SPU_002874	SPU_022195	0.0042683571724909481
SPU_027969	SPU_023839	0.0042669710272071207
SPU_022242	SPU_010873	0.00426544626739491
SPU_000756	SPU_030139	0.0042560204794648811
SPU_006462	SPU_022892	0.0042542184905959056
SPU_027774	SPU_014763	0.0042525551162553117
SPU_016443	SPU_011755	0.0042521392726701636
SPU_015243	SPU_017750	0.004251030356443101
SPU_017404_1	SPU_000948	0.0042495055966308903
SPU_007599	SPU_011202	0.0042482580658754453
SPU_021557	SPU_001262_2	0.0042443768590807278
SPU_002631	SPU_022817	0.0042442382445523445
SPU_012546	SPU_013569	0.0042425748702117514
SPU_020722	SPU_025849	0.004240357037757627
SPU_003166	SPU_007190	0.0042393867360589468
SPU_004148	SPU_003470	0.0042360599873777606
SPU_012253	SPU_006865	0.0042320401660546608
SPU_020637	SPU_011202	0.0042299609481289187
SPU_010424	SPU_013689_1	0.0042291292609586218
SPU_007253	SPU_007360	0.0042274658866180278
SPU_004217	SPU_015829	0.0042263569703909661
SPU_008845	SPU_023463_1	0.0042262183558625837
SPU_013015	SPU_006197	0.0042215054618975692
SPU_018483	SPU_007721	0.0042201193166137418
SPU_003179	SPU_007360	0.0042112479867972433
SPU_009876	SPU_013570	0.0042100004560417983
SPU_008936	SPU_007147	0.0042100004560417983
SPU_018797	SPU_014289	0.0042069509364173769
SPU_010351	SPU_012877_1	0.0042048717184916358
SPU_001262_1	SPU_026731	0.0042030697296226594
SPU_003179	SPU_006197	0.0042011291262253007
SPU_004021	SPU_000948	0.0042001588245266204
SPU_006808	SPU_002836	0.0041991885228279411
SPU_025010	SPU_013967	0.0041972479194305823
SPU_022049	SPU_021210	0.0041972479194305823
SPU_012546	SPU_011270	0.0041948914724480747
SPU_006421	SPU_006865	0.0041923964109371855
SPU_026877	SPU_004287_1	0.004187683516972171
SPU_006991	SPU_000129	0.0041826933939503909
SPU_026633	SPU_016490	0.0041792280307408215
SPU_014802	SPU_018744	0.0041729903769635954
SPU_001998	SPU_002674	0.0041688319411121123
SPU_021608	SPU_019857	0.0041685547120553466
SPU_006787	SPU_011755	0.0041578813933698727
SPU_009876	SPU_020082	0.0041537229575183895
SPU_026099	SPU_014401	0.0041519209686494132
SPU_009831	SPU_010924	0.0041436040969464469
SPU_006753	SPU_016490	0.004143188253361298
SPU_007253	SPU_022892	0.0041395842756233462
SPU_024307	SPU_004551	0.0041370892141124552
SPU_008528	SPU_008698	0.004127108968068895
SPU_000129	SPU_012877_1	0.0041266931244837469
SPU_000739	SPU_011756	0.0041208713142916707
SPU_014722	SPU_008845	0.0041201782416497561
SPU_023730	SPU_003685	0.00411685149296857
SPU_020637	SPU_030073	0.0041157425767415073
SPU_000757	SPU_007360_1	0.0041136633588157653
SPU_010424	SPU_026205	0.0041103366101345792
SPU_000739	SPU_015199	0.0040967523863530662
SPU_027053	SPU_006063	0.0040948117829557075
SPU_006484	SPU_014588	0.0040914850342745213
SPU_024903	SPU_026763	0.0040912078052177557
SPU_020637	SPU_020803_1	0.0040885741291784832
SPU_014628	SPU_005022	0.0040878810565365686
SPU_005572	SPU_018888	0.0040867721403095069
SPU_017725	SPU_007011	0.0040826137044580229
SPU_006786	SPU_014802	0.0040821978608728748
SPU_017470	SPU_018744	0.0040810889446458122
SPU_025113	SPU_009847	0.004079009726720071
SPU_015908	SPU_020480	0.004079009726720071
SPU_001262	SPU_005022	0.004075682978038884
SPU_012648_1	SPU_025959	0.004075682978038884
SPU_019290	SPU_011755	0.0040751285199253535
SPU_014802	SPU_012911	0.0040742968327550557
SPU_018056	SPU_028045	0.0040697225533184245
SPU_012648	SPU_028045	0.0040691680952048932
SPU_027214	SPU_020123	0.0040690294806765108
SPU_006803	SPU_007957	0.0040679205644494482
SPU_013015	SPU_007190	0.0040677819499210658
SPU_006753	SPU_021666	0.0040640393576547307
SPU_021608	SPU_010924	0.0040626532123709024
SPU_007611	SPU_015828	0.0040619601397289895
SPU_012648	SPU_018908	0.0040583561619910368
SPU_018581	SPU_006865	0.0040572472457639742
SPU_019332	SPU_017579	0.0040562769440652948
SPU_008112	SPU_015199	0.0040540591116111704
SPU_014836	SPU_027774	0.0040475442287771796
SPU_015719	SPU_011755	0.0040468511561352659
SPU_025346	SPU_000016	0.0040454650108514376
SPU_003166	SPU_022892	0.0040440788655676102
SPU_026633	SPU_007190	0.0040419996476418682
SPU_024093	SPU_007087	0.0040397818151877447
SPU_015456	SPU_012911	0.0040389501280174477
SPU_007611	SPU_018391	0.004038672898960682
SPU_000440	SPU_013569	0.0040359006083930263
SPU_018355	SPU_028045	0.0040270292785765278
SPU_023177	SPU_007360	0.0040257817478210837
SPU_027935	SPU_002025_1	0.0040249500606507867
SPU_023037	SPU_023463_1	0.004022177770083131
SPU_016449	SPU_018393	0.0040105341496989777
SPU_000756	SPU_027708	0.0040095638480002974
SPU_016443	SPU_018393	0.0040085935463016189
SPU_012008	SPU_011755	0.0040044351104501349
SPU_008703	SPU_027214	0.0040027717361095418
SPU_007981	SPU_015829	0.0040016628198824792
SPU_018391	SPU_021382	0.0039977816130877617
SPU_011635	SPU_023510	0.0039926528755375983
SPU_012648	SPU_003490	0.0039900191994983259
SPU_005358	SPU_014686	0.0039884944396861161
SPU_027053	SPU_008377_1	0.0039878013670442015
SPU_025888	SPU_014588	0.0039871082944022878
SPU_025584	SPU_021843	0.0039835043166643359
SPU_015640	SPU_005955_1	0.0039819795568521252
SPU_022049	SPU_007721	0.0039808706406250626
SPU_019332	SPU_000603	0.0039807320260966794
SPU_000739	SPU_022473	0.0039764349757168138
SPU_027214	SPU_017379	0.0039744943723194551
SPU_018391	SPU_023037	0.0039717220817517994
SPU_006991	SPU_015682	0.0039717220817517994
SPU_001998	SPU_007190	0.0039693656347692917
SPU_017837	SPU_023510	0.0039638210536339803
SPU_017725	SPU_013611	0.0039632665955204498
SPU_002592	SPU_003548	0.0039606329194811765
SPU_000948	SPU_027598	0.0039598012323108804
SPU_005358	SPU_009847	0.0039537021930620376
SPU_024903	SPU_000841	0.003953424964005272
SPU_014461	SPU_007147	0.0039437219470184774
SPU_003102	SPU_012877	0.0039405338128656736
SPU_027053	SPU_022717	0.003940256583808908
SPU_002320	SPU_014684	0.0039401179692805247
SPU_013689	SPU_005022	0.0039380387513547836
SPU_023037	SPU_019365	0.0039373456787128698
SPU_002791	SPU_022195	0.0039369298351277209
SPU_019332	SPU_008377_1	0.0039338803155033004
SPU_027969	SPU_000806	0.0039323555556910897
SPU_014401	SPU_000603	0.0039255634438003333
SPU_005358	SPU_022800	0.0039247317566300363
SPU_016523	SPU_024610	0.0039236228404029745
SPU_005572	SPU_018797	0.0039233456113462089
SPU_003704	SPU_028045	0.0039187713319095777
SPU_014332	SPU_020480_1	0.0039176624156825142
SPU_017492	SPU_012111	0.0039107316892633753
SPU_005718	SPU_013570	0.0039094841585079303
SPU_018355_1	SPU_021843	0.0039069890969970411
SPU_018392	SPU_023463_1	0.0039056029517132132
SPU_005718	SPU_007360	0.0039029692756739403
SPU_028583	SPU_006197	0.0039001969851062842
SPU_000861	SPU_020726	0.0038970088509534804
SPU_008703	SPU_027015	0.0038943751749142075
SPU_007644	SPU_025959	0.0038899395100059587
SPU_026205	SPU_020480	0.0038891078228356617
SPU_007147	SPU_012911	0.0038866127613247721
SPU_018908	SPU_027708	0.0038861969177396236
SPU_011576	SPU_020803_1	0.0038735829956567909
SPU_016523	SPU_007360	0.003867622570936331
SPU_002592	SPU_016490	0.0038658205820673551
SPU_019332	SPU_004217	0.0038648502803686753
SPU_024877	SPU_012877_1	0.0038638799786699964
SPU_012469	SPU_011270	0.0038631869060280822
SPU_014332	SPU_009831	0.0038605532299888093
SPU_008845	SPU_024901	0.0038566720231940918
SPU_014418	SPU_019366	0.0038514046711155461
SPU_005022	SPU_026390	0.0038408699669584549
SPU_014722	SPU_028030	0.0038332461678974019
SPU_003470	SPU_021757	0.0038321372516703397
SPU_026633	SPU_027144	0.003828533273932387
SPU_006803	SPU_022697	0.003820909474871334
SPU_018355_1	SPU_028045	0.0038182757988320616
SPU_022816	SPU_016617	0.0038181371843036787
SPU_008528	SPU_024745	0.0038177213407185303
SPU_011315	SPU_018954	0.0038177213407185303
SPU_002816	SPU_016792	0.0038175827261901479
SPU_002815	SPU_020480	0.0038123153741116021
SPU_011246	SPU_023730	0.00380774109467497
SPU_015908	SPU_027015	0.0038048301895789315
SPU_015982	SPU_024044	0.0038044143459937839
SPU_021557	SPU_020480_1	0.0038026123571248075
SPU_017470	SPU_008112	0.0037994242229720037
SPU_024918	SPU_015829	0.0037942954854218404
SPU_002129	SPU_016490	0.0037887509042865289
SPU_018392	SPU_028746	0.0037875033735310843
SPU_002874	SPU_025959	0.0037832063231512179
SPU_003378	SPU_006787	0.0037823746359809214
SPU_008936	SPU_027598	0.0037816815633390077
SPU_003102	SPU_023510	0.0037778003565442897
SPU_007611	SPU_002632	0.0037776617420159065
SPU_026465	SPU_028479	0.0037759983676753134
SPU_017725	SPU_020480_1	0.0037748894514482512
SPU_007981	SPU_016792	0.0037729488480508925
SPU_006753	SPU_006865	0.0037685131831426437
SPU_007611	SPU_024315	0.0037660181216317532
SPU_015640	SPU_019366	0.0037650478199330742
SPU_000276	SPU_012911	0.0037604735404964422
SPU_011635	SPU_022195	0.0037581170935139345
SPU_004702	SPU_027362	0.0037547903448327483
SPU_006787	SPU_020330_1	0.0037531269704921544
SPU_013178	SPU_014687	0.003752988355963772
SPU_024918	SPU_018373	0.0037499388363393506
SPU_008117_1	SPU_013569	0.0037468893167149297
SPU_012699	SPU_027362	0.0037461962440730155
SPU_000975	SPU_016881	0.0037457804004878675
SPU_001262_1	SPU_005022	0.0037438397970905083
SPU_017404_1	SPU_000603	0.0037407902774660873
SPU_027969	SPU_015829	0.003737740757841666
SPU_018392	SPU_000669	0.0037359387689726896
SPU_018392	SPU_015829	0.0037346912382172455
SPU_027774	SPU_008953_1	0.0037313644895360584
SPU_023177	SPU_020480	0.003731225875007676
SPU_018392	SPU_018373	0.0037283149699116375
SPU_011635	SPU_006427	0.0037218000870776467
SPU_023366	SPU_011502	0.0037204139417938188
SPU_022678	SPU_012198	0.0037193050255667562
SPU_025346	SPU_004148	0.0037125129136760006
SPU_019366	SPU_012911	0.0037104336957502586
SPU_008936	SPU_004551	0.0037098792376367277
SPU_020565	SPU_019089	0.0037068297180123063
SPU_017837	SPU_019365	0.0037057208017852441
SPU_014576	SPU_007360_1	0.0037053049582000952
SPU_020722	SPU_009642	0.0037018395949905258
SPU_012203	SPU_003937	0.0037011465223486125
SPU_023037	SPU_022195	0.0036992059189512533
SPU_014289	SPU_020480	0.003694354410457856
SPU_014332	SPU_007011	0.0036915821198902003
SPU_013569	SPU_018888	0.0036907504327199038
SPU_017579	SPU_019857	0.0036886712147941618
SPU_015640	SPU_020803	0.0036882553712090137
SPU_023037	SPU_012949	0.0036788295832789844
SPU_002631	SPU_019033	0.0036775820525235393
SPU_027774	SPU_000578	0.0036774434379951569
SPU_006808	SPU_018888	0.0036720374713882283
SPU_004414	SPU_020480	0.0036695424098773383
SPU_002592	SPU_002662_1	0.0036655225885542379
SPU_001262_1	SPU_012111	0.0036645522868555581
SPU_012469	SPU_021757	0.0036570671023228884
SPU_018391	SPU_028045	0.003654017582698467
SPU_009642	SPU_021843	0.0036493046887334521
SPU_015772	SPU_027598	0.0036445917947684381
SPU_023037	SPU_008377_1	0.0036430670349562274
SPU_000440	SPU_000016	0.0036401561298601893
SPU_027935	SPU_010305	0.0036364135375938542
SPU_017635	SPU_002632	0.0036359976940087057
SPU_000739	SPU_006312	0.0036282352804192703
SPU_017837	SPU_014684	0.0036272649787205905
SPU_010295	SPU_012469	0.0036239382300394035
SPU_008528	SPU_028045	0.0036196411796595375
SPU_008845	SPU_018373	0.0036190867215460066
SPU_007599	SPU_027472	0.0036190867215460066
SPU_015767	SPU_002674	0.0036164530455067337
SPU_019656	SPU_020803_1	0.0036131262968255467
SPU_026205	SPU_026763	0.0036053638832361113
SPU_000948	SPU_012911	0.0035994034585156514
SPU_018581	SPU_021843	0.0035989876149305033
SPU_015772	SPU_003937	0.0035966311679479961
SPU_008196_1	SPU_022816	0.0035957994807776996
SPU_015374	SPU_016523	0.0035906707432275362
SPU_027774	SPU_017579	0.003589561827000474
SPU_023177	SPU_022892	0.0035863736928476702
SPU_028827	SPU_016490	0.0035854033911489904
SPU_028255	SPU_011756	0.0035844330894503115
SPU_012384	SPU_004148	0.0035833241732232493
SPU_000440	SPU_017750	0.0035833241732232493
SPU_012008	SPU_012050	0.0035823538715245699
SPU_010305	SPU_022892	0.0035820766424678042
SPU_014418	SPU_019656	0.003581938027939421
SPU_006676	SPU_027708	0.0035812449552975077
SPU_000861	SPU_000016	0.0035811063407691244
SPU_020123	SPU_026277	0.0035806904971839764
SPU_021210	SPU_005022	0.0035779182066163207
SPU_025632	SPU_011202	0.0035759776032189619
SPU_023386	SPU_020480	0.0035704330220836509
SPU_027053	SPU_022195	0.0035696013349133539
SPU_013015	SPU_027708	0.0035672448879308467
SPU_009876	SPU_024610	0.0035658587426470184
SPU_000739	SPU_016490	0.0035618389213239181
SPU_026418	SPU_002674	0.0035617003067955357
SPU_002816	SPU_018744	0.0035529675915074205
SPU_017837	SPU_028479	0.0035510269881100613
SPU_021210	SPU_028583	0.0035492249992410854
SPU_006991	SPU_015199	0.0035486705411275541
SPU_010351	SPU_003595_1	0.0035483933120707884
SPU_006803	SPU_024901	0.003544927948861219
SPU_010424	SPU_007862	0.0035443734907476877
SPU_024918	SPU_019033	0.0035439576471625401
SPU_028148	SPU_004021	0.0035375813788569316
SPU_000861	SPU_011270	0.0035300961943242615
SPU_026633	SPU_002674	0.0035263536020579264
SPU_018483	SPU_019002	0.0035216407080929119
SPU_007599	SPU_014401	0.003521086249979381
SPU_019332	SPU_013861	0.0035144327526170074
SPU_013689_1	SPU_017579	0.0035102743167655238
SPU_008117_1	SPU_025959	0.0035088881714816964
SPU_002791	SPU_025959	0.0035083337133681651
SPU_026205	SPU_007190	0.0035070861826127201
SPU_014289	SPU_007624	0.0035062544954424235
SPU_011635	SPU_022573	0.0035016802160057914
SPU_008936	SPU_000485	0.0035008485288354949
SPU_012648	SPU_002467	0.0035000168416651984
SPU_015640	SPU_026877	0.0034897593665648725
SPU_001657	SPU_012911	0.0034892049084513412
SPU_011576	SPU_011755	0.0034872643050539824
SPU_005358	SPU_003548	0.0034871256905255996
SPU_019002	SPU_006808	0.003485878159770155
SPU_000948	SPU_018744	0.0034818583384470538
SPU_000756	SPU_020480	0.0034804721931632264
SPU_002874	SPU_000603	0.0034776999025955707
SPU_013569	SPU_026763	0.0034763137573117428
SPU_014332	SPU_027918	0.0034760365282549771
SPU_019002	SPU_026205	0.0034713236342899631
SPU_008528	SPU_027912	0.0034671651984384795
SPU_021192	SPU_011348	0.003459957242962575
SPU_014836	SPU_023386	0.0034574621814516845
SPU_000129	SPU_003595_1	0.0034562146506962395
SPU_015712	SPU_020480	0.0034552443489975606
SPU_012648_1	SPU_019857	0.003449838382390632
SPU_016881	SPU_003649	0.0034390264491767747
SPU_019332	SPU_008953_1	0.0034369472312510332
SPU_020565	SPU_020480	0.0034262739125655592
SPU_006808	SPU_001262_2	0.0034237788510546696
SPU_012648	SPU_007644	0.0034237788510546696
SPU_001262	SPU_007360_1	0.0034214224040721624
SPU_016881	SPU_007599	0.003420867945958631
SPU_006786	SPU_015199	0.0034203134878450993
SPU_011189	SPU_023510	0.0034192045716180375
SPU_010295	SPU_018888	0.003417541197277444
SPU_015719	SPU_010634	0.0034121352306705154
SPU_025888	SPU_002950	0.0034115807725569845
SPU_012469	SPU_002707	0.0034083926384041803
SPU_006786	SPU_020803	0.0034064520350068216
SPU_008752	SPU_013178	0.003405620347836525
SPU_028255	SPU_016490	0.0034049272751946109
SPU_018581	SPU_004983	0.0033978579342470892
SPU_020722	SPU_021757	0.0033925905821685434
SPU_006462	SPU_018797	0.0033912044368847156
SPU_024093	SPU_002674	0.0033889866044305916
SPU_003166	SPU_017656	0.0033888479899022083
SPU_015358	SPU_012877	0.0033841350959371939
SPU_006787	SPU_030073	0.0033821944925398351
SPU_015374	SPU_014686	0.0033813628053695386
SPU_015829	SPU_010873	0.0033766499114045237
SPU_015640	SPU_030073	0.003375125151592313
SPU_025113	SPU_015071	0.0033736003917801032
SPU_007262	SPU_022195	0.0033726300900814234
SPU_015108	SPU_012911	0.0033693033414002363
SPU_006421	SPU_006333	0.0033693033414002363
SPU_018392	SPU_001937	0.0033693033414002363
SPU_006808	SPU_013810_1	0.0033690261123434711
SPU_003470	SPU_024903	0.0033625112295094808
SPU_003166	SPU_016617	0.0033622340004527151
SPU_000756	SPU_026763	0.0033571052629025517
SPU_006803	SPU_025849	0.0033536398996929823
SPU_017348	SPU_007360	0.0033523923689375373
SPU_013569	SPU_027144	0.0033521151398807716
SPU_017470	SPU_008377_1	0.0033474022459157571
SPU_006803	SPU_022654	0.0033454616425183984
SPU_012699	SPU_000975	0.0033446299553481018
SPU_015767	SPU_027362	0.0033435210391210396
SPU_008117	SPU_025959	0.003343243810064274
SPU_021210	SPU_027708	0.0033426893519507431
SPU_021608	SPU_011130	0.0033415804357236805
SPU_006991	SPU_006808	0.0033390853742127904
SPU_002874	SPU_012198	0.0033316001896801207
SPU_023177	SPU_014588	0.003331322960623355
SPU_002592	SPU_012469	0.0033309071170382065
SPU_014722	SPU_018673	0.0033293823572259958
SPU_008752	SPU_026385	0.0033282734409989336
SPU_023386	SPU_003595_1	0.0033223130162784737
SPU_007644	SPU_012198	0.0033217585581649428
SPU_015640	SPU_011755	0.0033188476530689043
SPU_011315	SPU_012111	0.003311778312121383
SPU_026099	SPU_010634	0.0033090060215537273
SPU_018126	SPU_004024	0.0033080357198550475
SPU_024139	SPU_002428	0.0033012436079642919
SPU_000440	SPU_021666	0.0033011049934359086
SPU_027015	SPU_001113	0.0032998574626804636
SPU_026763	SPU_002025_1	0.0032972237866411907
SPU_026465	SPU_028045	0.003296530713999277
SPU_021210	SPU_011246	0.0032943128815451522
SPU_002631	SPU_020124	0.0032936198089032389
SPU_018355	SPU_001262_2	0.0032850257081435061
SPU_014332	SPU_025584	0.0032725504005890562
SPU_007147	SPU_003649	0.0032451047239692656
SPU_008117	SPU_025849	0.0032360947796243851
SPU_002791	SPU_012198	0.0032315205001877535
SPU_020637	SPU_024093	0.0032262531481092077
SPU_014628	SPU_012111	0.0032237580865983172
SPU_026633	SPU_025849	0.0032193224216900684
SPU_027053	SPU_014763	0.0032155798294237333
SPU_021172	SPU_021210	0.0032101738628168052
SPU_014461	SPU_024093	0.0032075401867775323
SPU_025584	SPU_001262_2	0.0032071243431923838
SPU_003166	SPU_026962	0.0032061540414937049
SPU_018744	SPU_008953	0.0032043520526247285
SPU_001739	SPU_011202	0.0031985302424326519
SPU_009771	SPU_008196	0.0031974213262055897
SPU_026633	SPU_022800	0.0031884113818607084
SPU_008196	SPU_005708	0.0031857777058214355
SPU_026205	SPU_007360	0.0031853618622362874
SPU_006787	SPU_013178	0.0031825895716686317
SPU_025632	SPU_016792	0.0031817578844983352
SPU_014418	SPU_018393	0.003180648968271273
SPU_022820	SPU_008377_1	0.003180233124686124
SPU_014461	SPU_010634	0.0031778766777036177
SPU_008117	SPU_013569	0.0031756588452494928
SPU_000861	SPU_021666	0.0031728865546818375
SPU_015828	SPU_015829	0.0031692825769438849
SPU_023090	SPU_015829	0.0031660944427910811
SPU_027053	SPU_022841	0.0031655399846775498
SPU_021608	SPU_006865	0.003164431068450488
SPU_013015	SPU_030139	0.0031640152248653391
SPU_018391	SPU_009427	0.0031620746214679803
SPU_016443	SPU_011348	0.003155975582219138
SPU_002320	SPU_018888	0.0031556983531623728
SPU_019290	SPU_000975	0.003154728051463693
SPU_003595_1	SPU_012111	0.0031533419061798656
SPU_006676	SPU_007087	0.0031526488335379514
SPU_025113	SPU_001483	0.0031511240737257407
SPU_006814	SPU_026385	0.0031432230456079221
SPU_008117_1	SPU_024903	0.0031390646097564389
SPU_006808	SPU_009178	0.0031376784644726106
SPU_026465	SPU_001415	0.0031361537046604008
SPU_023037	SPU_022717	0.0031360150901320175
SPU_027774	SPU_006197	0.00312963882182641
SPU_018391	SPU_027774	0.0031267279167303715
SPU_026205	SPU_003595_1	0.0031264506876736058
SPU_023366	SPU_009876	0.0031160545980448975
SPU_011189	SPU_025959	0.0031116189331366487
SPU_022163	SPU_006808	0.0031095397152109067
SPU_008117_1	SPU_023510	0.0031020545306782361
SPU_002634	SPU_003595_1	0.0030949851897307148
SPU_014401	SPU_004806	0.003094846575202332
SPU_004599	SPU_015767	0.0030913812119927626
SPU_008117_1	SPU_023037	0.0030899950667089347
SPU_006462	SPU_007190	0.0030876386197264275
SPU_012772	SPU_020480	0.0030837574129317096
SPU_019002	SPU_021757	0.0030827871112330302
SPU_019089	SPU_014686	0.0030790445189666947
SPU_015772	SPU_004924	0.0030783514463247814
SPU_011246	SPU_024044	0.0030761336138706566
SPU_025113	SPU_025959	0.00307530192670036
SPU_009876	SPU_007360	0.0030725296361327047
SPU_020123	SPU_008953_1	0.0030722524070759391
SPU_011297	SPU_011202	0.0030680939712244555
SPU_007981	SPU_012198	0.0030651830661284169
SPU_000948	SPU_003685	0.0030639355353729719
SPU_016443	SPU_004924	0.0030628266191459097
SPU_018391	SPU_003704	0.0030610246302769334
SPU_021119	SPU_024093	0.0030603315576350201
SPU_003704	SPU_008953	0.0030583909542376605
SPU_016523	SPU_018744	0.0030560345072551533
SPU_001739	SPU_007624	0.0030439750432858519
SPU_008528	SPU_009427	0.0030403710655478996
SPU_018908	SPU_027214	0.0030394007638492198
SPU_002816	SPU_011755	0.0030349650989409706
SPU_002320	SPU_014628	0.0030338561827139084
SPU_025113	SPU_023510	0.0030295591323340424
SPU_015828	SPU_010873	0.0030245690093122623
SPU_025346	SPU_002008	0.003020549187989162
SPU_002634	SPU_012877_1	0.0030173610538363578
SPU_006786	SPU_011755	0.0030161135230809127
SPU_006787	SPU_011348	0.0030145887632687021
SPU_000440	SPU_020726	0.0030127867743997266
SPU_017379	SPU_017404_1	0.0030123709308145777
SPU_007262	SPU_011272	0.0030119550872294292
SPU_017837	SPU_013904	0.0030075194223211808
SPU_016786	SPU_020803	0.0030055788189238216
SPU_015767	SPU_027598	0.0030016976121291041
SPU_012253	SPU_011226	0.0030004500813736587
SPU_016523	SPU_012111	0.0029928262823126057
SPU_002791	SPU_026385	0.0029925490532558404
SPU_007262	SPU_021757	0.0029864500140069981
SPU_006753	SPU_017750	0.0029835391089109596
SPU_025346	SPU_002836	0.0029835391089109596
SPU_018355	SPU_008953	0.0029810440474000691
SPU_024877	SPU_024093	0.002976053924378289
SPU_018056	SPU_008953	0.0029739747064525478
SPU_008703	SPU_025888	0.0029721727175835719
SPU_026633	SPU_022242	0.0029698162706010642
SPU_009831	SPU_006865	0.002966212292863112
SPU_012203	SPU_016449	0.0029656578347495807
SPU_025590	SPU_016617	0.0029613607843697147
SPU_008528	SPU_023463_1	0.0029572023485182311
SPU_027235	SPU_007087	0.0029548459015357239
SPU_017348	SPU_008112	0.0029497171639855614
SPU_003470	SPU_015682	0.0029490240913436472
SPU_006484	SPU_012111	0.0029418161358677427
SPU_000424	SPU_021843	0.0029361329402040484
SPU_026465	SPU_008953	0.0029351626385053695
SPU_002129	SPU_002836	0.0029334992641647756
SPU_002592	SPU_011756	0.0029318358898241825
SPU_002632	SPU_028030	0.0029262913086888715
SPU_002129	SPU_013689_1	0.0029134001575492727
SPU_018355_1	SPU_008953	0.0029102120233964689
SPU_026465	SPU_015829	0.0029057763584882197
SPU_009831	SPU_028479	0.0029057763584882197
SPU_027214	SPU_018673	0.0029012020790515881
SPU_002677	SPU_014461	0.0029009248499948224
SPU_028827	SPU_026763	0.002891914905649942
SPU_022242	SPU_017579	0.0028908059894228798
SPU_024189	SPU_013202	0.0028906673748944969
SPU_023386	SPU_007190	0.0028840138775321233
SPU_009771	SPU_007360	0.0028752811622440081
SPU_023037	SPU_014763	0.0028684890503532521
SPU_023090	SPU_008953	0.0028679345922397207
SPU_022049	SPU_028148	0.0028677959777113383
SPU_006814	SPU_003937	0.0028628058546895582
SPU_027214	SPU_019365	0.002862667240161175
SPU_022049	SPU_016617	0.002858370189781309
SPU_013178	SPU_009079	0.0028542117539298254
SPU_009771	SPU_020480	0.0028536572958162945
SPU_027935	SPU_016490	0.0028497760890215766
SPU_018392	SPU_028045	0.0028411819882618442
SPU_013689_1	SPU_023463	0.0028386869267509542
SPU_010403	SPU_005708	0.0028374393959955096
SPU_015828	SPU_001998	0.002833280960144026
SPU_023386	SPU_030139	0.0028331423456156427
SPU_025590	SPU_002615	0.0028318948148601981
SPU_025632	SPU_015199	0.0028295383678776909
SPU_006991	SPU_002674	0.0028257957756113558
SPU_012008	SPU_019366	0.0028209442671179581
SPU_017725	SPU_002554	0.0028195581218341307
SPU_028148	SPU_011348	0.0028183105910786856
SPU_015772	SPU_013178	0.0028148452278691162
SPU_016449	SPU_012911	0.0028122115518298433
SPU_015719	SPU_007147	0.0028016768476727518
SPU_015243	SPU_002836	0.0027959936520090584
SPU_019089	SPU_027015	0.0027953005793671442
SPU_016443	SPU_020803_1	0.0027943302776684644
SPU_004702	SPU_007108	0.0027937758195549331
SPU_006786	SPU_010634	0.0027867064786074119
SPU_001113	SPU_017492	0.0027804688248301867
SPU_018391	SPU_023463_1	0.0027799143667166554
SPU_028120	SPU_024093	0.0027790826795463588
SPU_019332	SPU_022195	0.0027727064112407513
SPU_022242	SPU_007253	0.0027682707463325021
SPU_014802	SPU_000485	0.0027671618301054399
SPU_000440	SPU_024745	0.0027664687574635257
SPU_015243	SPU_000129	0.0027584291148173247
SPU_014576	SPU_002836	0.0027555182097212861
SPU_015908	SPU_016792	0.0027519142319833339
SPU_022678	SPU_008953	0.0027426270585816873
SPU_026633	SPU_017971	0.002738607237258587
SPU_015908	SPU_004551	0.0027355577176341661
SPU_023386	SPU_010305	0.0027336171142368069
SPU_027969	SPU_024315	0.0027253002425338402
SPU_005358	SPU_023510	0.0027247457844203089
SPU_007611	SPU_004551	0.0027229437955513329
SPU_014418	SPU_002816	0.0027208645776255914
SPU_008112	SPU_005522	0.0027207259630972085
SPU_004723	SPU_022195	0.0027118546332807105
SPU_012469	SPU_000578	0.0027085278845995239
SPU_014461	SPU_020803_1	0.002703814990634509
SPU_015772	SPU_018744	0.0027035377615777434
SPU_019002	SPU_022473	0.0027010427000668537
SPU_011189	SPU_022841	0.0027000723983681739
SPU_023177	SPU_025888	0.0026988248676127293
SPU_006676	SPU_020480	0.0026946664317612458
SPU_012648	SPU_000603	0.0026945278172328629
SPU_009048	SPU_027935_1	0.0026903693813813798
SPU_012645	SPU_014461	0.0026889832360975515
SPU_002634	SPU_006197	0.0026880129343988726
SPU_023386	SPU_007360	0.0026831614259054748
SPU_006312	SPU_009685	0.0026827455823203268
SPU_008845	SPU_024745	0.0026806663643945848
SPU_021557	SPU_015199	0.0026776168447701638
SPU_025584	SPU_023463	0.0026733197943902979
SPU_027235	SPU_022800	0.002670686118351025
SPU_017379	SPU_025125	0.0026687455149536658
SPU_007262	SPU_025959	0.0026687455149536658
SPU_004148	SPU_019857	0.0026662504534427757
SPU_004723	SPU_011756	0.0026647256936305655
SPU_012648	SPU_022195	0.0026626464757048235
SPU_024877	SPU_020082	0.0026626464757048235
SPU_006917	SPU_002950	0.0026601514141939334
SPU_012546	SPU_001483	0.0026600127996655506
SPU_012546	SPU_012198	0.0026575177381546605
SPU_015719	SPU_000948	0.0026544682185302396
SPU_021557	SPU_023463	0.0026516959279625839
SPU_015712	SPU_003685	0.0026486464083381629
SPU_023177	SPU_002674	0.0026446265870150622
SPU_006676	SPU_007190	0.0026406067656919614
SPU_009771	SPU_006484	0.0026403295366351962
SPU_009831	SPU_017511	0.0026379730896526885
SPU_017404	SPU_023463_1	0.0026350621845566504
SPU_026633	SPU_002025_1	0.0026343691119147363
SPU_017837	SPU_022195	0.0026296562179497218
SPU_005358	SPU_011272_1	0.002623973022286028
SPU_025584	SPU_006871	0.002621893804360286
SPU_012648_1	SPU_027214	0.0026212007317183723
SPU_000739	SPU_002631	0.0026189828992642479
SPU_011576	SPU_011202	0.0026185670556790994
SPU_018954	SPU_026385	0.0026114977147315777
SPU_015982	SPU_000485	0.0026066462062381804
SPU_020722	SPU_027912_1	0.0026048442173692041
SPU_027015	SPU_017379	0.0026035966866137595
SPU_023730	SPU_027598	0.0026020719268015488
SPU_006753	SPU_014686	0.0025909827645309263
SPU_014793	SPU_028479	0.0025873787867929741
SPU_004414	SPU_012877_1	0.0025859926415091462
SPU_012645	SPU_020480	0.002584883725282084
SPU_001739	SPU_027598	0.0025847451107537012
SPU_010351	SPU_007360	0.0025826658928279592
SPU_024139	SPU_004024	0.0025783688424480932
SPU_011635	SPU_025959	0.0025779529988629447
SPU_000749	SPU_026385	0.0025768440826358825
SPU_022049	SPU_015199	0.0025755965518804379
SPU_000756	SPU_016523	0.002575180708295289
SPU_001262	SPU_008747	0.0025722698031992509
SPU_018483	SPU_018797	0.0025675569092342364
SPU_017407	SPU_005022	0.0025665866075355566
SPU_005358	SPU_003084	0.002565339076780112
SPU_014332	SPU_002025	0.0025636757024395185
SPU_012546	SPU_006197	0.0025631212443259872
SPU_025010	SPU_005022	0.0025622895571556907
SPU_013689	SPU_001262_2	0.0025618737135705426
SPU_004021	SPU_015772	0.0025510617803566854
SPU_016443	SPU_013178	0.0025477350316754988
SPU_018483	SPU_002025_1	0.0025446855120510778
SPU_008112	SPU_012877	0.002543715210352398
SPU_018391	SPU_008377_1	0.0025399726180860629
SPU_022163	SPU_011272_1	0.0025355369531778141
SPU_004702	SPU_012198	0.0025342894224223691
SPU_018744	SPU_008747	0.002530546830156034
SPU_020722	SPU_026390	0.0025295765284573547
SPU_000276	SPU_011755	0.002525002249020723
SPU_022678	SPU_019825	0.0025198735114705601
SPU_026205	SPU_016617	0.0025140517012784834
SPU_000757	SPU_007360	0.0025024080808943297
SPU_013047	SPU_003595_1	0.0025015763937240331
SPU_006808	SPU_022195	0.0024989427176847602
SPU_004287_1	SPU_024044	0.0024988041031563774
SPU_003166	SPU_002674	0.0024949228963616595
SPU_025590	SPU_027918	0.0024924278348507694
SPU_015640	SPU_000948	0.0024891010861695828
SPU_019002	SPU_020480_1	0.0024852198793748649
SPU_023037	SPU_018355	0.0024814772871085298
SPU_001998	SPU_013305	0.002478289152955726
SPU_025113	SPU_011270	0.0024773188512570462
SPU_020124	SPU_000578	0.0024764871640867497
SPU_021210	SPU_001262	0.0024691405940824628
SPU_016449	SPU_013570	0.0024684475214405486
SPU_008117_1	SPU_012469	0.002466922761628338
SPU_000485	SPU_000975	0.0024658138454012758
SPU_025113	SPU_010924	0.0024512593199210839
SPU_022242	SPU_023140	0.0024451602806722416
SPU_007644	SPU_017404	0.0024450216661438587
SPU_016523	SPU_004021	0.0024387840123666336
SPU_012491	SPU_013119	0.0024364275653841264
SPU_012469	SPU_011226	0.002434209732930002
SPU_006991	SPU_020565	0.0024335166602880882
SPU_017407	SPU_008747	0.0024324077440610256
SPU_013569	SPU_004746	0.0024296354534933699
SPU_013689	SPU_017404	0.0024274176210392459
SPU_006991	SPU_015466	0.0024232591851877624
SPU_009831	SPU_001483	0.0024224274980174658
SPU_008528	SPU_008377_1	0.0024172987604673029
SPU_001262_2	SPU_017579	0.0024160512297118578
SPU_018581	SPU_003685	0.002415080928013178
SPU_009048	SPU_001657	0.0024110611066900777
SPU_025346	SPU_021757	0.0024099521904630151
SPU_002592	SPU_027144	0.0024080115870656563
SPU_009048	SPU_003937	0.0024071798998953598
SPU_018483	SPU_002674	0.002407041285366977
SPU_025888	SPU_027472	0.0024049620674412354
SPU_024877	SPU_003937	0.0024048234529128526
SPU_018126	SPU_014588	0.0024028828495154938
SPU_002320	SPU_023510	0.0023960907376247374
SPU_006991	SPU_011272	0.0023953976649828232
SPU_012469	SPU_009079	0.0023873580223366222
SPU_006421	SPU_009646	0.0023858332625244119
SPU_012699	SPU_004924	0.0023858332625244119
SPU_011189	SPU_002309	0.0023851401898824977
SPU_018056	SPU_021843	0.002381120368559397
SPU_028827	SPU_014686	0.0023808431395026313
SPU_003166	SPU_022800	0.0023721104242145166
SPU_004723	SPU_013861	0.0023592192730749178
SPU_011174	SPU_009079	0.002354783608166669
SPU_003470	SPU_010924_1	0.002349239027031358
SPU_011635	SPU_017404	0.0023461895074069366
SPU_022242	SPU_011246	0.0023410607698567737
SPU_009831	SPU_017404	0.0023400904681580939
SPU_010295	SPU_006808	0.002339536010044563
SPU_000424	SPU_025825	0.0023359320323066107
SPU_026099	SPU_004924	0.0023349617306079313
SPU_009876	SPU_020480	0.0023348231160795485
SPU_004287_1	SPU_017579	0.0023338528143808691
SPU_004287_1	SPU_012111	0.0023337141998524863
SPU_000975	SPU_011315	0.0023302488366429169
SPU_002874	SPU_017404	0.0023181893726736151
SPU_021557	SPU_006808	0.002315694311162725
SPU_004217	SPU_017404	0.0023075160539881411
SPU_025010	SPU_007360	0.0023043279198353369
SPU_009048	SPU_011755	0.0023030803890798919
SPU_004021	SPU_027935_1	0.0023019714728528297
SPU_007644	SPU_017579	0.002296149662660753
SPU_008117_1	SPU_012198	0.0022942090592633939
SPU_020123	SPU_008196_1	0.0022937932156782458
SPU_015828	SPU_022955_1	0.0022932387575647145
SPU_020637	SPU_016792	0.0022926842994511832
SPU_004414	SPU_017404_1	0.0022882486345429344
SPU_027969	SPU_009263	0.0022854763439752786
SPU_019002	SPU_026510	0.0022825654388792405
SPU_008936	SPU_020803_1	0.002278407003027757
SPU_021119	SPU_007147	0.0022770208577439291
SPU_006753	SPU_020480_1	0.0022750802543465704
SPU_003595	SPU_009876	0.0022739713381195082
SPU_013047	SPU_007360	0.0022671792262287517
SPU_009831	SPU_025849	0.002259278198110933
SPU_015640	SPU_002816	0.0022555356058445984
SPU_012648	SPU_014683	0.0022548425332026842
SPU_005358	SPU_014131	0.0022534563879188564
SPU_020124	SPU_006197	0.0022520702426350289
SPU_022049	SPU_021192	0.0022480504213119282
SPU_020722	SPU_025346	0.0022447236726307412
SPU_018954	SPU_009079	0.0022408424658360237
SPU_006803	SPU_013904	0.0022394563205521958
SPU_004148	SPU_006333	0.0022370998735696886
SPU_002874	SPU_017579	0.0022364068009277744
SPU_022820	SPU_012772	0.0022348820411155642
SPU_003166	SPU_012786	0.0022319711360195256
SPU_002791	SPU_017404	0.0022303077616789321
SPU_026633	SPU_001262_1	0.0022289216163951047
SPU_018483	SPU_016617	0.0022287830018667219
SPU_012914	SPU_006197	0.0022221295045043482
SPU_012914	SPU_012632	0.0022143670909149124
SPU_028479	SPU_001262	0.0022104858841201949
SPU_019656	SPU_003649	0.0022045254593997354
SPU_015108	SPU_012111	0.0022042482303429698
SPU_022820	SPU_000603	0.0022007828671333999
SPU_027774	SPU_017404	0.0021974561184522133
SPU_024307	SPU_004217	0.0021973175039238305
SPU_011576	SPU_012699	0.0021956541295832374
SPU_006312	SPU_002025	0.0021945452133561747
SPU_021557	SPU_000016	0.0021928818390155817
SPU_019002	SPU_011226	0.0021852580399545287
SPU_004148	SPU_022697	0.0021823471348584905
SPU_026418	SPU_003586	0.002180683760517897
SPU_005358	SPU_004287	0.002179436229762452
SPU_000757	SPU_023730	0.0021740302631555234
SPU_012490	SPU_007190	0.0021695945982472746
SPU_002791	SPU_017579	0.0021693173691905089
SPU_014418	SPU_014401	0.0021658520059809395
SPU_018355	SPU_017404	0.0021655747769241738
SPU_006991	SPU_018355_1	0.0021630797154132838
SPU_012699	SPU_015199	0.002161970799186222
SPU_022678	SPU_017404	0.0021612777265443079
SPU_014170	SPU_003649	0.0021590598940901835
SPU_027235	SPU_007862	0.0021524063967278098
SPU_018056	SPU_017404	0.0021511588659723648
SPU_018126	SPU_014461	0.0021500499497453026
SPU_023090	SPU_017404	0.0021471390446492641
SPU_000756	SPU_007360	0.0021465845865357332
SPU_011246	SPU_011348	0.0021425647652126324
SPU_026418	SPU_009079	0.0021396538601165943
SPU_001262	SPU_023757	0.002125931021806699
SPU_012645	SPU_008936	0.0021230201167106604
SPU_008528	SPU_013305	0.0021214953568984497
SPU_021192	SPU_014461	0.0021213567423700669
SPU_017971	SPU_004037	0.0021187230663307945
SPU_004551	SPU_002674	0.0021040299263222198
SPU_021172	SPU_007190	0.0021038913117938369
SPU_002129	SPU_021666	0.0020980695016017603
SPU_021119	SPU_012911	0.0020964061272611668
SPU_011189	SPU_017404	0.0020958516691476354
SPU_021557	SPU_011272	0.0020944655238638076
SPU_000975	SPU_000749	0.0020933566076367454
SPU_015772	SPU_012911	0.0020875347974446687
SPU_018126	SPU_007360	0.0020873961829162859
SPU_011576	SPU_030073	0.0020865644957459894
SPU_017725	SPU_027918	0.0020793565402700848
SPU_022163	SPU_014628	0.002070346595925204
SPU_003179	SPU_009178	0.0020646634002615101
SPU_015908	SPU_016016	0.0020614752661087064
SPU_026465	SPU_014722	0.0020591188191261987
SPU_012008	SPU_014401	0.0020564851430869262
SPU_018581	SPU_001262	0.0020538514670476534
SPU_017837	SPU_025959	0.0020537128525192705
SPU_017379	SPU_027015	0.0020519108636502942
SPU_028148	SPU_020282	0.0020489999585542556
SPU_019366	SPU_003649	0.0020423464611918824
SPU_013569	SPU_022195	0.0020410989304364374
SPU_006583	SPU_007190	0.0020397127851526095
SPU_015243	SPU_006312	0.0020394355560958443
SPU_007644	SPU_008953	0.0020392969415674615
SPU_017407	SPU_017579	0.0020363860364714229
SPU_018391	SPU_006063	0.0020354157347727431
SPU_028479	SPU_008747	0.0020318117570347913
SPU_027053	SPU_017404	0.0020287622374103699
SPU_020124	SPU_021843	0.0020282077792968391
SPU_026962	SPU_001262_2	0.0020280691647684562
SPU_015719	SPU_020803	0.0020280691647684562
SPU_008117_1	SPU_000739	0.0020268216340130112
SPU_012914	SPU_010924	0.0020194750640087238
SPU_026205	SPU_022242	0.0020164255443843029
SPU_024189	SPU_010305	0.0020132374102314987
SPU_006814	SPU_020480	0.0020126829521179674
SPU_014401	SPU_003649	0.0020121284940044365
SPU_006421	SPU_027214	0.0020093562034367808
SPU_006803	SPU_026510	0.0020083859017381014
SPU_016617	SPU_026731	0.0020067225273975079
SPU_019366	SPU_011755	0.002006168069283977
SPU_028827	SPU_022800	0.0020047819240001487
SPU_000424	SPU_023510	0.0019990987283364549
SPU_003470	SPU_009079_1	0.0019950789070133546
SPU_007253	SPU_014461	0.0019927224600308473
SPU_004287_1	SPU_007360	0.0019925838455024645
SPU_023037	SPU_017404	0.0019870392643671531
SPU_000440	SPU_006333	0.0019857917336117085
SPU_010424	SPU_023463	0.001982049141345373
SPU_026099	SPU_007147	0.0019810788396466936
SPU_018393	SPU_012911	0.0019784451636074207
SPU_028827	SPU_022892	0.0019760887166249135
SPU_025632	SPU_024093	0.0019740094986991719
SPU_014722	SPU_015829	0.0019727619679437269
SPU_025590	SPU_011502	0.0019710985936031333
SPU_006753	SPU_000016	0.0019697124483193059
SPU_026763	SPU_022800	0.001967078772280033
SPU_006462	SPU_002674	0.001964999554354291
SPU_026465	SPU_017404	0.0019577915988783865
SPU_002603	SPU_007721	0.0019577915988783865
SPU_023894	SPU_007599	0.0019543262356688171
SPU_000861	SPU_006871	0.0019528014758566066
SPU_018393	SPU_013178	0.0019519697886863096
SPU_018355_1	SPU_013967	0.0019511381015160131
SPU_028583	SPU_007624	0.0019462865930226156
SPU_028120	SPU_011755	0.0019408806264156872
SPU_025632	SPU_018744	0.0019399103247170078
SPU_013689_1	SPU_001262	0.0019375538777345006
SPU_004217	SPU_019365	0.0019351974307519934
SPU_020565	SPU_019290	0.0019292370060315337
SPU_014722	SPU_022955_1	0.0019263261009354953
SPU_008117_1	SPU_017750	0.0019254944137651988
SPU_002592	SPU_002615	0.0019252171847084333
SPU_011635	SPU_015071	0.0019236924248962224
SPU_012491	SPU_000975	0.001923415195839457
SPU_024903	SPU_011272	0.0019229993522543087
SPU_003102	SPU_025849	0.0019229993522543087
SPU_001262_2	SPU_007190	0.0019205042907434187
SPU_001739	SPU_014588	0.0019195339890447393
SPU_025346	SPU_009847	0.0019139894079094281
SPU_015712	SPU_027598	0.0019137121788526626
SPU_028827	SPU_026962	0.0019137121788526626
SPU_009771	SPU_030139	0.0019094151284727962
SPU_007611	SPU_012949	0.001908306212245734
SPU_027235	SPU_018355_1	0.0019060883797916096
SPU_020722	SPU_006058	0.0019023457875252745
SPU_002129	SPU_013689	0.0018977715080886427
SPU_008936	SPU_014588	0.0018969398209183462
SPU_027935_1	SPU_012911	0.0018952764465777526
SPU_020637	SPU_018393	0.0018944447594074561
SPU_000749	SPU_025825	0.0018926427705384797
SPU_000129	SPU_020480	0.0018920883124249489
SPU_006484	SPU_027598	0.0018909793961978867
SPU_027774	SPU_019825	0.0018886229492153794
SPU_012699	SPU_020803_1	0.0018883457201586138
SPU_028827	SPU_007957	0.0018825239099665371
SPU_019656	SPU_027362	0.001879474390342116
SPU_000276	SPU_003649	0.0018778110160015224
SPU_024307	SPU_020123	0.0018742070382635702
SPU_015829	SPU_022955_1	0.0018736525801500389
SPU_012546	SPU_024901_1	0.0018726822784513595
SPU_014418	SPU_021119	0.0018726822784513595
SPU_015908	SPU_013178	0.0018721278203378284
SPU_017407	SPU_003685	0.0018697713733553212
SPU_013689	SPU_001262	0.0018690783007134074
SPU_018391	SPU_007981	0.0018664446246741346
SPU_002874	SPU_026385	0.0018633951050497134
SPU_007981	SPU_017579	0.0018632564905213306
SPU_001262_2	SPU_027708	0.0018618703452375027
SPU_012253	SPU_022473	0.0018611772725955888
SPU_015982	SPU_004746	0.0018563257641021915
SPU_025632	SPU_018393	0.0018552168478751293
SPU_012645	SPU_009474	0.001854801004289981
SPU_000756	SPU_022892	0.0018452366018315691
SPU_022817	SPU_023463_1	0.0018444049146612725
SPU_027235	SPU_020565	0.0018394147916394922
SPU_000485	SPU_018744	0.0018369197301286021
SPU_011246	SPU_003937	0.0018342860540893294
SPU_008936	SPU_018744	0.001827632556726956
SPU_010295	SPU_017750	0.0018220879755916448
SPU_018355_1	SPU_017579	0.0018212562884213483
SPU_018391	SPU_022195	0.0018209790593645826
SPU_014628	SPU_012384	0.0018204246012510513
SPU_002677	SPU_007360	0.0018202859867226685
SPU_003595	SPU_006197	0.0018159889363428025
SPU_001739	SPU_013119	0.0018155730927576542
SPU_015243	SPU_011756	0.0018096126680371947
SPU_017470	SPU_027598	0.0018072562210546875
SPU_014332	SPU_007262	0.0018050383886005629
SPU_006753	SPU_020726	0.0018040680869018835
SPU_026633	SPU_005522	0.0018022660980329074
SPU_012546	SPU_009847	0.0017997710365220173
SPU_008528	SPU_022195	0.0017981076621814238
SPU_012648	SPU_013861	0.0017953353716137681
SPU_009178	SPU_005708	0.0017943650699150887
SPU_005572	SPU_023463	0.0017839689802863802
SPU_016881	SPU_011755	0.0017789788572646003
SPU_006753	SPU_010924_1	0.0017731570470725232
SPU_028255	SPU_013569	0.0017683055385791261
SPU_014418	SPU_030073	0.0017634540300857288
SPU_017837	SPU_014683	0.0017634540300857288
SPU_002603	SPU_022841	0.0017630381865005806
SPU_007147	SPU_026385	0.0017628995719721977
SPU_014461	SPU_018393	0.00175652330366659
SPU_018581	SPU_001483	0.0017554143874395276
SPU_003166	SPU_011502	0.0017549985438543793
SPU_027235	SPU_028479	0.001754582700269231
SPU_025590	SPU_021666	0.0017504242644177475
SPU_006676	SPU_003595_1	0.0017472361302649435
SPU_018056	SPU_015829	0.0017387806440335939
SPU_023894	SPU_018355	0.0017385034149768285
SPU_012008	SPU_005955	0.0017343449791253451
SPU_006312	SPU_013569	0.0017333746774266655
SPU_006991	SPU_020480_1	0.0017300479287454787
SPU_022816	SPU_027015	0.0017251964202520814
SPU_000756	SPU_008752	0.0017207607553438326
SPU_004148	SPU_012648	0.0017202062972303015
SPU_000756	SPU_005022	0.0017195132245883874
SPU_014418	SPU_000948	0.0017135527998679279
SPU_006753	SPU_001262_2	0.0017129983417543968
SPU_018392	SPU_009427	0.001710919123828655
SPU_006312	SPU_019857	0.0017102260511867413
SPU_017971	SPU_017579	0.0017096715930732102
SPU_015829	SPU_028045	0.0017081468332609995
SPU_007611	SPU_000603	0.0017071765315623201
SPU_003166	SPU_014686	0.0017067606879771719
SPU_012648	SPU_023463_1	0.0017009388777850952
SPU_007981	SPU_020282	0.0016830576036237163
SPU_026205	SPU_005022	0.0016816714583398886
SPU_008528	SPU_006058	0.0016791763968289986
SPU_026905	SPU_009847	0.0016790377823006158
SPU_021210	SPU_012111	0.0016784833241870847
SPU_026633	SPU_016617	0.0016694733798422038
SPU_015828	SPU_028045	0.0016686416926719072
SPU_020123	SPU_020480	0.0016672555473880796
SPU_020124	SPU_009079	0.0016648991004055722
SPU_006312	SPU_002836	0.0016635129551217443
SPU_002815	SPU_015199	0.0016619881953095338
SPU_012914	SPU_006865	0.0016607406645540886
SPU_025590	SPU_026763	0.0016593545192702609
SPU_012546	SPU_010924	0.0016569980722877537
SPU_022573	SPU_005708	0.0016513148766240597
SPU_007262	SPU_017404	0.0016477108988861076
SPU_021172	SPU_017656	0.0016468792117158106
SPU_015712	SPU_008953_1	0.0016413346305804994
SPU_025010	SPU_012877_1	0.0016409187869953512
SPU_006786	SPU_014401	0.0016402257143534372
SPU_001262_1	SPU_017579	0.0016350969768032745
SPU_018126	SPU_027015	0.0016345425186897434
SPU_019002	SPU_027918	0.0016344039041613606
SPU_028479	SPU_017404	0.0016252553452880971
SPU_004723	SPU_011272	0.0016216513675501446
SPU_024093	SPU_012111	0.0016198493786811687
SPU_006753	SPU_014055	0.0016173543171702786
SPU_006676	SPU_011348	0.0016167998590567475
SPU_022163	SPU_026763	0.0016105622052795222
SPU_004287_1	SPU_013810_1	0.0015990571994237515
SPU_008117	SPU_028479	0.0015982255122534549
SPU_006787	SPU_009474	0.0015979482831966895
SPU_003166	SPU_027144	0.0015935126182884402
SPU_002874	SPU_008953	0.001593096774703292
SPU_012699	SPU_020330_1	0.0015853343611138564
SPU_026099	SPU_030073	0.0015814531543191384
SPU_003548	SPU_008112	0.0015768788748825066
SPU_006583	SPU_007981	0.0015705026065768988
SPU_022049	SPU_002674	0.0015693936903498368
SPU_012490	SPU_001262_2	0.0015675917014808605
SPU_004723	SPU_011502	0.0015657897126118844
SPU_009831	SPU_014055	0.0015638491092145256
SPU_024093	SPU_003649	0.0015606609750617214
SPU_018392	SPU_008377_1	0.0015552550084547933
SPU_001739	SPU_027015	0.0015541460922277308
SPU_014332	SPU_024745	0.0015537302486425826
SPU_005358	SPU_007108	0.0015522054888303719
SPU_000757	SPU_017492	0.001549710427319482
SPU_025346	SPU_006333	0.0015458292205247639
SPU_012546	SPU_027214	0.0015419480137300462
SPU_020123	SPU_009079	0.0015412549410881325
SPU_025113	SPU_006865	0.0015298885497607442
SPU_003470	SPU_000016	0.0015297499352323613
SPU_014722	SPU_011001	0.0015296113207039787
SPU_012648	SPU_017404	0.0015286410190052994
SPU_028583	SPU_027708	0.0015255914993808782
SPU_021608	SPU_022817	0.0015221261361713088
SPU_020123	SPU_026205	0.0015201855327739498
SPU_020637	SPU_000975	0.0015146409516386386
SPU_004723	SPU_019857	0.0015097894431452411
SPU_005022	SPU_009646	0.0015078488397478823
SPU_000440	SPU_023463	0.0015066013089924373
SPU_020637	SPU_018954	0.001502442873140954
SPU_027969	SPU_018673	0.0015014725714422744
SPU_002592	SPU_015199	0.0015007794988003604
SPU_021210	SPU_008747	0.0014988388954030015
SPU_016786	SPU_003649	0.0014978685937043221
SPU_018744	SPU_008353	0.0014952349176650492
SPU_006462	SPU_024555	0.0014948190740799009
SPU_015640	SPU_024946	0.0014942646159663698
SPU_024877	SPU_005955_1	0.0014823437665254507
SPU_001262	SPU_017579	0.001480957621241623
SPU_006676	SPU_027774	0.0014791556323726467
SPU_008117	SPU_017404_1	0.0014780467161455845
SPU_016449	SPU_008353	0.0014779081016172018
SPU_026877	SPU_022892	0.0014698684589710006
SPU_000485	SPU_012911	0.001469036771800704
SPU_002603	SPU_019857	0.0014641852633073065
SPU_006753	SPU_011272	0.001458917911228761
SPU_025590	SPU_014836	0.0014551753189624259
SPU_003470	SPU_025849	0.0014551753189624259
SPU_018126	SPU_012877_1	0.0014508782685825597
SPU_024877	SPU_024946	0.0014493535087703492
SPU_015640	SPU_016786	0.0014490762797135836
SPU_014722	SPU_028045	0.0014465812182026935
SPU_021172	SPU_016490	0.0014454723019756311
SPU_027015	SPU_008353_1	0.0014413138661241479
SPU_000749	SPU_024918	0.0014370168157442815
SPU_018581	SPU_023463	0.0014366009721591333
SPU_021210	SPU_011348	0.0014334128380063293
SPU_008845	SPU_021757	0.0014331356089495638
SPU_011297	SPU_022892	0.0014289771730980803
SPU_001262	SPU_008353	0.0014210761449802618
SPU_006803	SPU_011720	0.0014201058432815824
SPU_015243	SPU_002554	0.0014187196979977548
SPU_013047	SPU_004024	0.0014127592732772953
SPU_007981	SPU_008953	0.0014123434296921466
SPU_016786	SPU_020803_1	0.0014094325245961083
SPU_019332	SPU_022717	0.0014077691502555152
SPU_017470	SPU_000739	0.0014065216195000699
SPU_015243	SPU_017656	0.0014048582451594766
SPU_012546	SPU_021757	0.0013961255298713616
SPU_002791	SPU_008953	0.0013929373957185574
SPU_015243	SPU_001483	0.0013907195632644333
SPU_006808	SPU_011272	0.0013879472726967775
SPU_015243	SPU_014686	0.0013814323898627867
SPU_017106	SPU_001657	0.0013779670266532173
SPU_015374	SPU_007360	0.0013697887694786332
SPU_007147	SPU_024918	0.001366739249854212
SPU_015243	SPU_026962	0.0013661847917406809
SPU_024139	SPU_011202	0.0013646600319284705
SPU_017837	SPU_011502	0.0013641055738149391
SPU_002791	SPU_000603	0.001355511473055207
SPU_002634	SPU_030139	0.001351075808146958
SPU_017837	SPU_011272	0.0013483035175793022
SPU_022049	SPU_001113	0.0013452539979548813
SPU_006583	SPU_021210	0.0013408183330466323
SPU_010295	SPU_022195	0.0013356895954964693
SPU_006991	SPU_024555	0.0013344420647410243
SPU_022049	SPU_017750	0.001329590556247627
SPU_021557	SPU_020726	0.001328343025492182
SPU_006312	SPU_011502	0.0013243232041690815
SPU_010305	SPU_005708	0.0013171152486931769
SPU_020722	SPU_023037	0.0013144815726539041
SPU_026099	SPU_013119	0.0013144815726539041
SPU_023730	SPU_012111	0.001311986511143014
SPU_012008	SPU_023813	0.0013083825334050615
SPU_015243	SPU_022800	0.0013083825334050615
SPU_012648	SPU_025959	0.0013071350026496165
SPU_027598	SPU_012111	0.0012996498181169465
SPU_026763	SPU_015199	0.0012993725890601809
SPU_012490	SPU_025849	0.0012931349352829557
SPU_008703	SPU_008953_1	0.0012881448122611758
SPU_016443	SPU_011202	0.0012870358960341134
SPU_012645	SPU_015772	0.0012796893260298263
SPU_000129	SPU_012111	0.0012787190243311467
SPU_022163	SPU_007863	0.0012773328790473188
SPU_011635	SPU_002025_1	0.0012673526330037588
SPU_000975	SPU_020803	0.0012669367894186105
SPU_021210	SPU_009876	0.0012655506441347827
SPU_026763	SPU_020123	0.001259590219414323
SPU_003595	SPU_022717	0.0012507188895978251
SPU_008528	SPU_011174	0.0012505802750694423
SPU_022049	SPU_005358	0.0012500258169559112
SPU_027774	SPU_024953	0.0012446198503489828
SPU_006991	SPU_021757	0.0012392138837420544
SPU_016443	SPU_018744	0.0012363029786460161
SPU_002592	SPU_022473	0.0012360257495892505
SPU_008845	SPU_006058	0.001233807917135126
SPU_016881	SPU_024918	0.0012333920735499776
SPU_018355	SPU_015829	0.0012311742410958532
SPU_012913	SPU_000861	0.001228124721471432
SPU_018391	SPU_026390	0.0012254910454321591
SPU_006676	SPU_009178	0.0012247979727902454
SPU_007262	SPU_014763	0.0012241049001483313
SPU_015358	SPU_023510	0.001223689056563183
SPU_009771	SPU_012111	0.0012229959839212691
SPU_026099	SPU_014802	0.0012195306207116996
SPU_017837	SPU_000669	0.0012168969446724267
SPU_021210	SPU_013810_1	0.0012144018831615367
SPU_017725	SPU_014684	0.0012120454361790294
SPU_007599	SPU_030073	0.0012117682071222638
SPU_024918	SPU_028045	0.0012062236259869526
SPU_000739	SPU_007108	0.0012035899499476799
SPU_012699	SPU_013119	0.0012013721174935555
SPU_004148	SPU_027214	0.0012005404303232587
SPU_000440	SPU_027144	0.0012001245867381105
SPU_001657	SPU_018744	0.0011984612123975172
SPU_017407	SPU_008353	0.0011967978380569236
SPU_026633	SPU_007862	0.0011958275363582443
SPU_022163	SPU_011272	0.0011951344637163301
SPU_028255	SPU_001262_2	0.0011857086757863012
SPU_025632	SPU_012699	0.0011836294578605594
SPU_016523	SPU_015362	0.0011786393348387793
SPU_025113	SPU_002309	0.001165748183699181
SPU_003595_1	SPU_019825	0.0011653323401140325
SPU_028827	SPU_001262_2	0.0011608966752057837
SPU_006753	SPU_014836	0.0011584016136948936
SPU_020123	SPU_014683	0.0011543817923717929
SPU_023177	SPU_002632	0.0011525798035028167
SPU_013305	SPU_019332	0.0011520253453892856
SPU_015243	SPU_002008	0.0011511936582189891
SPU_018392	SPU_006063	0.0011502233565203095
SPU_018391	SPU_017404	0.0011409361831186634
SPU_025113	SPU_017404_1	0.0011409361831186634
SPU_028255	SPU_004287	0.0011387183506645388
SPU_017635	SPU_013689	0.0011310945516034858
SPU_008528	SPU_017404	0.0011227776799005191
SPU_006917	SPU_016617	0.001121530149145074
SPU_012648	SPU_022841	0.0011193123166909496
SPU_012008	SPU_001628	0.0011182034004638872
SPU_012645	SPU_020330_1	0.0011118271321582795
SPU_003166	SPU_019365	0.0011109954449879827
SPU_018393	SPU_024918	0.0011044805621539921
SPU_013047	SPU_003378	0.001100737969887657
SPU_027598	SPU_019825	0.0011005993553592742
SPU_020637	SPU_018744	0.0011000448972457431
SPU_008117_1	SPU_025849	0.0011000448972457431
SPU_015243	SPU_018355_1	0.0010987973664902981
SPU_001262	SPU_013967	0.001097549835734853
SPU_027235	SPU_017511	0.0010849359136520201
SPU_006312	SPU_023463	0.0010845200700668716
SPU_027472	SPU_011202	0.0010839656119533408
SPU_002320	SPU_002836	0.0010825794666695129
SPU_012648	SPU_019857	0.0010821636230843644
SPU_001657	SPU_024918	0.0010806388632721539
SPU_011174	SPU_012648_1	0.0010750942821368427
SPU_020565	SPU_027598	0.0010727378351543355
SPU_024093	SPU_024918	0.0010709358462853591
SPU_006991	SPU_001483	0.0010695497010015315
SPU_015908	SPU_027598	0.0010674704830757897
SPU_013305	SPU_008747	0.0010584605387309091
SPU_022817	SPU_007721	0.0010583219242025262
SPU_005718	SPU_011755	0.0010566585498619329
SPU_028148	SPU_001113	0.0010508367396698563
SPU_001739	SPU_026877	0.0010501436670279423
SPU_002677	SPU_027598	0.001048341678158966
SPU_027235	SPU_022892	0.0010443218568358655
SPU_015767	SPU_024918	0.0010434901696655689
SPU_022817	SPU_018888	0.0010378069740018749
SPU_000948	SPU_024918	0.0010355891415477503
SPU_012699	SPU_018393	0.0010333713090936259
SPU_012490	SPU_024555	0.0010235296775784484
SPU_006917	SPU_024044	0.0010220049177662378
SPU_007644	SPU_008747	0.0010195098562553479
SPU_012648_1	SPU_017404_1	0.0010178464819147544
SPU_019656	SPU_024918	0.001017569252857989
SPU_018392	SPU_008698	0.0010147969622903332
SPU_018483	SPU_017750	0.001014381118705185
SPU_002677	SPU_020082	0.001006757319644132
SPU_014332	SPU_013611	0.0010049553307751558
SPU_003595	SPU_000603	0.0010031533419061799
SPU_012913	SPU_014923	0.0010028761128494143
SPU_004702	SPU_008353	0.00099261863774908836
SPU_017837	SPU_021757	0.00098748990019892563
SPU_025113	SPU_021757	0.0009851334532164184
SPU_002815	SPU_007360_1	0.00098430176604612164
SPU_002874	SPU_019365	0.00098291562076229379
SPU_006753	SPU_018355_1	0.00097515320717285827
SPU_019366	SPU_024918	0.00096752940811180527
SPU_003704	SPU_015829	0.00096434127395900139
SPU_025590	SPU_002836	0.0009594897654656041
SPU_000756	SPU_011502	0.00095879669282369017
SPU_025590	SPU_014684	0.00095366795527352722
SPU_023177	SPU_022678	0.00095103427923425455
SPU_018581	SPU_014686	0.00094743030149630218
SPU_019290	SPU_022892	0.00094743030149630218
SPU_023894	SPU_003649	0.00093911342979333535
SPU_012253	SPU_009079	0.00092331137355769846
SPU_015982	SPU_028093	0.00092178661374548788
SPU_006803	SPU_024745	0.00091291528392898984
SPU_018483	SPU_011756	0.00091222221128707602
SPU_008845	SPU_026390	0.00089697461316497022
SPU_017470	SPU_017492	0.00089586569693790791
SPU_028148	SPU_027598	0.00089586569693790791
SPU_000739	SPU_017750	0.00088990527221744842
SPU_015908	SPU_012111	0.00088865774146200339
SPU_016786	SPU_024918	0.00087188538352768702
SPU_006803	SPU_018673	0.00087008339465871089
SPU_011189	SPU_011502	0.00086731110409105528
SPU_003548	SPU_027015	0.0008630140537111892
SPU_015828	SPU_002791	0.0008581625452177918
SPU_025590	SPU_016490	0.00085580609823528446
SPU_011246	SPU_012111	0.00085386549483792561
SPU_019002	SPU_021044	0.00085317242219601179
SPU_006917	SPU_001113	0.00085012290257159052
SPU_026962	SPU_027774	0.00084818229917423167
SPU_005022	SPU_017404_1	0.00084180603086862369
SPU_025584	SPU_001483	0.00084111295822670987
SPU_006917	SPU_007360	0.00083917235482935102
SPU_002816	SPU_003649	0.00083875651124420253
SPU_002592	SPU_009847	0.0008341822318075708
SPU_002632	SPU_022678	0.00082447921482077622
SPU_001998	SPU_005022	0.00082295445500856564
SPU_011189	SPU_017656	0.00081103360556764644
SPU_013569	SPU_018355_1	0.00080632071160263198
SPU_021119	SPU_008752	0.00080438010820527313
SPU_012469	SPU_009685	0.00080230089027953134
SPU_005435	SPU_006197	0.00079841968348481353
SPU_008845	SPU_023037	0.00079578600744554075
SPU_006991	SPU_011272_1	0.0007895483536683156
SPU_004599	SPU_016786	0.00078178594007887988
SPU_012648	SPU_006427	0.00078012256573828658
SPU_018861	SPU_019857	0.00077721166064224814
SPU_014401	SPU_024918	0.00077471659913135808
SPU_014461	SPU_014802	0.00077374629743267871
SPU_016443	SPU_012911	0.00077000370516634362
SPU_028255	SPU_002674	0.00076750864365545356
SPU_010635	SPU_017470	0.0007650135821445635
SPU_027214	SPU_017971	0.00076418189497426685
SPU_015908	SPU_027935_1	0.00075253827459011342
SPU_022678	SPU_021843	0.00075239966006173048
SPU_013047	SPU_012911	0.00074948875496569215
SPU_012384	SPU_021044	0.00074837983873862995
SPU_007262	SPU_015071	0.00074588477722773989
SPU_012648	SPU_013904	0.00073978573797889747
SPU_017379	SPU_027214	0.00073687483288285914
SPU_026962	SPU_013569	0.00073188470986107913
SPU_012914	SPU_006333	0.00072925103382180624
SPU_012469	SPU_022697	0.00072758765948121294
SPU_010295	SPU_015199	0.00072218169287428455
SPU_020565	SPU_022049	0.00072176584928913617
SPU_006312	SPU_006058	0.00071885494419309773
SPU_007644	SPU_020330	0.00071511235192676275
SPU_023177	SPU_011246	0.00071026084343336535
SPU_020123	SPU_001937	0.00070527072041158534
SPU_006786	SPU_030073	0.00070485487682643685
SPU_025590	SPU_002554	0.00070277565890069528
SPU_009642	SPU_028479	0.00070111228456010198
SPU_009831	SPU_028093	0.00070055782644657077
SPU_002815	SPU_027598	0.00069944891021950857
SPU_009876	SPU_003685	0.00069542908889640793
SPU_007599	SPU_007147	0.00069390432908419735
SPU_012772	SPU_012111	0.00069348848549904897
SPU_000424	SPU_026633	0.0006930726419139007
SPU_026099	SPU_020803_1	0.00069002312228947954
SPU_006803	SPU_011272	0.00068766667530697221
SPU_014418	SPU_012912	0.00068586468643799608
SPU_018861	SPU_024918	0.00068503299926769932
SPU_006787	SPU_000975	0.00068142902152974706
SPU_002129	SPU_011272	0.00067338937888354589
SPU_011315	SPU_024918	0.00067117154642942138
SPU_006814	SPU_007360	0.0006631319037832201
SPU_007644	SPU_003586	0.00065841900981820564
SPU_006676	SPU_011502	0.00065717147906276061
SPU_007262	SPU_001262_1	0.00065578533377893286
SPU_018392	SPU_022487	0.00065356750132480824
SPU_015712	SPU_017404_1	0.00065342888679642552
SPU_026099	SPU_024946	0.00065342888679642552
SPU_022163	SPU_023366	0.00065218135604098049
SPU_008845	SPU_022487	0.00065134966887068384
SPU_024877	SPU_011755	0.00064691400396243483
SPU_014418	SPU_011202	0.00064372586980963094
SPU_012546	SPU_006333	0.00063998327754329586
SPU_007262	SPU_020330	0.00063568622716342967
SPU_023177	SPU_019825	0.00063554761263504695
SPU_026962	SPU_000129	0.0006287555007442907
SPU_024093	SPU_025825	0.00062695351187531446
SPU_004217	SPU_002309	0.00062404260677927613
SPU_023037	SPU_020330	0.00062307230508059665
SPU_018392	SPU_023037	0.00061711188036013716
SPU_018908	SPU_004037	0.0006151712769627782
SPU_027015	SPU_015362	0.0006151712769627782
SPU_004287	SPU_014197	0.00061129007016806039
SPU_027774	SPU_020330	0.00061115145563967756
SPU_006786	SPU_004924	0.00060879500865717033
SPU_008528	SPU_012772	0.00059798307544331345
SPU_000948	SPU_012111	0.00059659693015948569
SPU_018392	SPU_017404	0.00059257710883638506
SPU_027053	SPU_008953	0.00059202265072285396
SPU_027774	SPU_000483	0.00058592361147401164
SPU_006312	SPU_016617	0.0005802404158103177
SPU_027969	SPU_005737	0.00057663643807236533
SPU_018391	SPU_002309	0.00056928986806807798
SPU_026205	SPU_023463	0.00056554727580174289
SPU_000861	SPU_009053	0.00056485420315982896
SPU_023894	SPU_024918	0.00055861654938260392
SPU_023177	SPU_003685	0.00055459672805950328
SPU_004414	SPU_005022	0.00055182443749184767
SPU_002874	SPU_020330	0.00054863630333904369
SPU_020565	SPU_009079	0.00054641847088491929
SPU_018483	SPU_024745	0.0005437847948456464
SPU_017642	SPU_014686_1	0.00054350756578888085
SPU_003166	SPU_001262_2	0.00054198280597667038
SPU_001262	SPU_017404_1	0.00052978472747898563
SPU_019002	SPU_022800	0.0005290916548370717
SPU_011576	SPU_016792	0.00052756689502486112
SPU_019656	SPU_016792	0.00052659659332618175
SPU_004723	SPU_000424	0.00052396291728690886
SPU_010295	SPU_001262_2	0.00051952725237865995
SPU_003179	SPU_030139	0.00051772526350968382
SPU_026633	SPU_001262_2	0.00051675496181100434
SPU_006787	SPU_012911	0.00051620050369747324
SPU_015374	SPU_022242	0.00051356682765820035
SPU_020123	SPU_021843	0.00051315098407305197
SPU_018126	SPU_027598	0.0005121806823743726
SPU_008703	SPU_012111	0.00050899254822156872
SPU_014802	SPU_011755	0.00050635887218229583
SPU_028583	SPU_007087	0.00050414103972817132
SPU_011635	SPU_020330	0.00050178459274566409
SPU_008528	SPU_006063	0.00050095290557536744
SPU_024903	SPU_009685	0.00049374495009946282
SPU_008752	SPU_011226	0.00048847759802091715
SPU_014170	SPU_024918	0.00048598253651002714
SPU_021608	SPU_027015	0.00048473500575458211
SPU_002791	SPU_020330	0.00048182410065854378
SPU_007599	SPU_014461	0.0004729527708420458
SPU_007253	SPU_006197	0.00047281415631366303
SPU_018391	SPU_000603	0.00047281415631366303
SPU_004148	SPU_009646	0.00046519035725261013
SPU_018355_1	SPU_028479	0.00045784378724832272
SPU_000975	SPU_002816	0.00044675462497770034
SPU_008117_1	SPU_019857	0.0004432892617681308
SPU_007262	SPU_014686	0.0004421803455410686
SPU_018391	SPU_016250	0.00042734859100411118
SPU_012772	SPU_003937	0.00042249708251071384
SPU_011576	SPU_018954	0.00041986340647144101
SPU_008703	SPU_027598	0.00041930894835790991
SPU_025590	SPU_024555	0.00041168514929685695
SPU_025888	SPU_027598	0.00041043761854141192
SPU_012253	SPU_018797	0.00040919008778596695
SPU_012699	SPU_030073	0.00040433857929256966
SPU_014836	SPU_022195	0.00040406135023580406
SPU_011635	SPU_019365	0.00040378412117903851
SPU_012645	SPU_007360	0.00040128905966814845
SPU_013305	SPU_012111	0.00039255634438003335
SPU_018954	SPU_024918	0.00039227911532326774
SPU_019290	SPU_013119	0.00039103158456782277
SPU_012203	SPU_018744	0.00038479393079059767
SPU_027935	SPU_003595_1	0.00038313055645000426
SPU_003166	SPU_021843	0.00038243748380809034
SPU_008117	SPU_011502	0.00037938796418366923
SPU_008752	SPU_000603	0.00037134832153746801
SPU_017635	SPU_023463	0.00036843741644142957
SPU_007253	SPU_019825	0.00036497205323186003
SPU_000424	SPU_003548	0.00036414036606156338
SPU_015358	SPU_023463_1	0.00036164530455067337
SPU_027235	SPU_021843	0.00035873439945463494
SPU_017348	SPU_017656	0.00035859578492625216
SPU_026962	SPU_017579	0.00035679379605727608
SPU_023037	SPU_008953	0.00035568487983021383
SPU_015829	SPU_028746	0.00034764523718401261
SPU_003179	SPU_007087	0.00034473433208797417
SPU_026763	SPU_021843	0.00033863529283913185
SPU_006676	SPU_005022	0.00033808083472560075
SPU_012490	SPU_018888	0.00033766499114045242
SPU_014836	SPU_006058	0.00033669468944177294
SPU_015243	SPU_002025	0.00033530854415794514
SPU_011202	SPU_018355	0.00033378378434573456
SPU_017971	SPU_012111	0.00033184318094837566
SPU_001262_1	SPU_002677	0.00032907089038072005
SPU_011202	SPU_003649	0.00032463522547247103
SPU_020123	SPU_017579	0.0003236649237737916
SPU_018954	SPU_016128	0.00032186293490481547
SPU_006676	SPU_026763	0.00031922925886554264
SPU_007644	SPU_001262	0.00031867480075201154
SPU_000739	SPU_014643	0.00031645696829788703
SPU_018392	SPU_019508	0.00031590251018435593
SPU_000440	SPU_011502	0.00030689256583947523
SPU_005358	SPU_025825	0.00030689256583947523
SPU_027774	SPU_012198	0.00030495196244211627
SPU_005358	SPU_013689	0.00030439750432858517
SPU_017837	SPU_019857	0.00029552617451208724
SPU_028827	SPU_002632	0.00028360532507116815
SPU_023090	SPU_004148	0.00028263502337248867
SPU_025346	SPU_025849	0.0002824964088441059
SPU_027053	SPU_022573	0.00028180333620219202
SPU_018581	SPU_008353	0.00028027857638998139
SPU_020124	SPU_012948	0.00028013996186159867
SPU_017725	SPU_011272_1	0.00027903104563453641
SPU_008528	SPU_020330	0.00027667459865202913
SPU_012645	SPU_015199	0.0002737636935559908
SPU_000861	SPU_012198	0.00027210031921539739
SPU_003102	SPU_028093	0.00027071417393156958
SPU_006583	SPU_028148	0.00026960525770450738
SPU_013047	SPU_027598	0.00026392206204081339
SPU_002592	SPU_014643	0.00025796163732035379
SPU_023730	SPU_016449	0.00025352597241210488
SPU_002592	SPU_006312	0.00025241705618504263
SPU_005358	SPU_014684	0.00024798139127679366
SPU_019332	SPU_012198	0.00023841698881838181
SPU_013178	SPU_018954	0.00023758530164808513
SPU_012008	SPU_020803_1	0.00023328825126821897
SPU_027969	SPU_010873	0.00023287240768307064
SPU_020722	SPU_023463_1	0.00023176349145600836
SPU_027235	SPU_007190	0.00021928818390155817
SPU_020722	SPU_025959	0.00021914956937317537
SPU_012699	SPU_006004	0.00021776342408934756
SPU_022163	SPU_021666	0.00021097131219859137
SPU_023366	SPU_028255	0.00020611980370519405
SPU_002815	SPU_005955_1	0.00020390197125106957
SPU_013569	SPU_001262_2	0.00020071383709826564
SPU_009876	SPU_025888	0.00019724847388869613
SPU_012203	SPU_013178	0.00019142666369661936
SPU_018483	SPU_026763	0.00019142666369661936
SPU_004148	SPU_025346	0.0001890702167141121
SPU_014722	SPU_022955	0.00018879298765734652
SPU_007262	SPU_026465	0.00018075334501114527
SPU_014197	SPU_012877_1	0.00017992165784084859
SPU_004599	SPU_024918	0.00017354538953524073
SPU_002320	SPU_027144	0.00017160478613788179
SPU_022049	SPU_001262_1	0.00016980279726890566
SPU_015828	SPU_028746	0.00016966418274052286
SPU_017404	SPU_011246	0.00016883249557022621
SPU_018483	SPU_027918	0.00016855526651346063
SPU_020124	SPU_025959	0.00016259484179300109
SPU_020565	SPU_027935_1	0.00016259484179300109
SPU_017837	SPU_006333	0.00016120869650917329
SPU_024918	SPU_008698	0.00015912947858343158
SPU_007262	SPU_009079_1	0.00015344628291973761
SPU_003470	SPU_006865	0.00013847591385439737
SPU_012648	SPU_014763	0.00013750561215571789
SPU_012913	SPU_006484	0.00013695115404218676
SPU_014576	SPU_002674	0.00013279271819070337
SPU_014576	SPU_019825	0.00013112934385011002
SPU_020722	SPU_002309	0.00011893126535242535
SPU_016443	SPU_013119	0.00011643620384153532
SPU_018391	SPU_000578	0.00011532728761447307
SPU_014401	SPU_001415	0.00011477282950094195
SPU_021172	SPU_014686	0.00011297084063196581
SPU_027015	SPU_002950	0.0001108916227062241
SPU_027969	SPU_028045	0.00010409951081546788
SPU_000485	SPU_009079	0.00010202029288972617
SPU_017404_1	SPU_026905	9.8139086095008337e-05
SPU_017837	SPU_013689	9.7307398924711646e-05
SPU_023386	SPU_005022	9.5505410055735516e-05
SPU_016617	SPU_005708	8.885191269336207e-05
SPU_012008	SPU_020803	8.8436069108213718e-05
SPU_027053	SPU_013305	7.9703353820098578e-05
SPU_018391	SPU_012198	7.6931063252442969e-05
SPU_028827	SPU_018355_1	7.3465700042873471e-05
SPU_000440	SPU_018797	7.3049856457725119e-05
SPU_013047	SPU_014461	6.8891420606241732e-05
SPU_026763	SPU_019825	6.7921118907562266e-05
SPU_011246	SPU_002428	6.7228046265648363e-05
SPU_015828	SPU_022955	6.5564671925055009e-05
SPU_014793	SPU_005522	6.362406852769609e-05
SPU_007981	SPU_008747	6.3208224942547738e-05
SPU_019332	SPU_008953	6.1960694187102708e-05
SPU_000975	SPU_011202	5.6000269466643171e-05
SPU_012203	SPU_004551	5.6000269466643171e-05
SPU_006991	SPU_012877_1	5.1425990030011432e-05
SPU_018126	SPU_003378	4.6158637951465791e-05
SPU_017379	SPU_015829	4.3940805497341302e-05
SPU_026905	SPU_004148	3.9366526060709556e-05
SPU_004148	SPU_000806	3.3544715868632787e-05
SPU_002320	SPU_021666	3.2990257755101674e-05
SPU_004414	SPU_012111	3.063381077259441e-05
SPU_004287_1	SPU_013810	2.9386280017149387e-05
SPU_006808	SPU_026763	2.4812000580517641e-05
SPU_025590	SPU_015199	2.0237721143885899e-05
SPU_008117_1	SPU_017404_1	2.009910661550312e-05
SPU_027235	SPU_009079	1.7881274161378638e-05
SPU_006991	SPU_014836	8.1782571745840275e-06
SPU_006991	SPU_017750	7.623799061052907e-06
SPU_018391	SPU_011174	7.2079554759045666e-06
SPU_013689	SPU_007190	6.7921118907562262e-06
SPU_006803	SPU_011270	4.8515084933973045e-06
SPU_022242	SPU_013576	4.2970503798661839e-06
SPU_019002	SPU_028479	2.6336760392728224e-06
SPU_020565	SPU_004024	8.3168717029668076e-07
SPU_015719	SPU_020803_1	6.9307264191390064e-07
SPU_024918	SPU_017404	-9.5644024584118288e-06
SPU_006421	SPU_017404_1	-1.5524827178871374e-05
SPU_017379	SPU_001415	-1.8574346803292537e-05
SPU_004287_1	SPU_014687	-2.8693207375235488e-05
SPU_006312	SPU_002554	-2.910905096038383e-05
SPU_007644	SPU_027708	-3.0079352659063289e-05
SPU_012008	SPU_014461	-3.2574414169953328e-05
SPU_003166	SPU_020330	-3.3128872283484455e-05
SPU_019332	SPU_013305	-3.3267486811867231e-05
SPU_012772	SPU_000483	-3.5623933794374494e-05
SPU_005358	SPU_013140_1	-4.2277431156747941e-05
SPU_017407	SPU_020646	-4.4356649082489641e-05
SPU_012772	SPU_022678	-4.6020023423083002e-05
SPU_022846	SPU_022892	-4.9762615689418071e-05
SPU_008528	SPU_022841	-4.9901230217800846e-05
SPU_011635	SPU_016490	-5.5307196824729269e-05
SPU_015374	SPU_030139	-6.1960694187102708e-05
SPU_003595	SPU_024953	-6.2099308715485497e-05
SPU_006421	SPU_007644	-6.3208224942547738e-05
SPU_011635	SPU_014687	-6.4039912112844415e-05
SPU_006676	SPU_027144	-6.8614191549476168e-05
SPU_003166	SPU_018888	-7.1247867588748989e-05
SPU_006808	SPU_021843	-7.1663711173897327e-05
SPU_000485	SPU_013119	-7.235678381581123e-05
SPU_024189	SPU_008747	-7.3604314571256246e-05
SPU_010295	SPU_027144	-7.4297387213170148e-05
SPU_027969	SPU_028746	-7.8317208536270774e-05
SPU_004148	SPU_015829	-8.912914175012762e-05
SPU_014418	SPU_017971	-9.2455890431314343e-05
SPU_015908	SPU_020330	-9.5644024584118305e-05
SPU_019656	SPU_013305	-0.00011130746629137244
SPU_013689_1	SPU_016128	-0.00012017879610787037
SPU_026905	SPU_017404_1	-0.00012059463969301871
SPU_012469	SPU_013569	-0.00013514916517321063
SPU_028120	SPU_026664	-0.00013653531045703843
SPU_015828	SPU_019652	-0.00014554525480191914
SPU_017837	SPU_021172	-0.00014734724367089529
SPU_012384	SPU_025959	-0.00015427797009003429
SPU_028120	SPU_004287_1	-0.00016370375802006332
SPU_027935_1	SPU_009079	-0.00016772357934316396
SPU_012699	SPU_016792	-0.00017202062972303015
SPU_008117_1	SPU_020124	-0.00017673352368804466
SPU_017579	SPU_013576	-0.00018255533388012146
SPU_004414	SPU_020330	-0.0001826939484085042
SPU_004723	SPU_009079	-0.00018338702105041811
SPU_027774	SPU_005022	-0.00018754545690190152
SPU_017470	SPU_009079	-0.00019128804916823661
SPU_012008	SPU_026664	-0.00019142666369661936
SPU_012253	SPU_021044	-0.00019544648501971997
SPU_018908	SPU_027774	-0.00020126829521179674
SPU_026962	SPU_025849	-0.00020528811653489738
SPU_011174	SPU_008747	-0.00020556534559166293
SPU_014722	SPU_006063	-0.00020764456351740461
SPU_024189	SPU_017348	-0.00020819902163093576
SPU_011246	SPU_007087	-0.00021443667540816086
SPU_020123	SPU_008747	-0.00021651589333390256
SPU_003166	SPU_028479	-0.0002209515582421515
SPU_001739	SPU_008377_1	-0.00022316939069627601
SPU_004148	SPU_013904	-0.00023827837428999903
SPU_000739	SPU_023510	-0.00024396156995369302
SPU_000485	SPU_022892	-0.00024770416222002811
SPU_009831	SPU_000016_1	-0.00024812000580517644
SPU_028093	SPU_027912_1	-0.00025103091090121482
SPU_006803	SPU_006058	-0.00025463488863916708
SPU_000757	SPU_020330	-0.00025477350316754986
SPU_002874	SPU_019857	-0.00025948639713256443
SPU_014401	SPU_013861	-0.00026641712355170345
SPU_002632	SPU_007360_1	-0.00027307062091407687
SPU_018954	SPU_005737	-0.0002737636935559908
SPU_028255	SPU_020330	-0.00027695182770879473
SPU_015374	SPU_005022	-0.00027736767129394306
SPU_003595	SPU_013576	-0.00027944688921968474
SPU_009048	SPU_004924	-0.00028013996186159867
SPU_020565	SPU_004746	-0.00028041719091836422
SPU_008528	SPU_001262	-0.00028208056525895757
SPU_012008	SPU_000975	-0.00028526869941176151
SPU_012914	SPU_021757	-0.00029067466601868995
SPU_020123	SPU_010305	-0.00029109050960383827
SPU_004148	SPU_014722	-0.00029538755998370446
SPU_017404_1	SPU_003937	-0.00029663509073914949
SPU_011189	SPU_023014	-0.00030467473338535072
SPU_012469	SPU_020480_1	-0.00030689256583947523
SPU_003179	SPU_017579	-0.00031423913584376257
SPU_020311	SPU_003548	-0.00031479359395729367
SPU_018056	SPU_014686_1	-0.00031728865546818373
SPU_012645	SPU_024139	-0.00031756588452494928
SPU_021210	SPU_014687	-0.0003228332366034949
SPU_015772	SPU_020330_1	-0.00032352630924540883
SPU_021172	SPU_000483	-0.00032602137075629883
SPU_007644	SPU_019857	-0.00032796197415365779
SPU_022163	SPU_000016_1	-0.00032865504679557172
SPU_023037	SPU_007190	-0.00033004119207939953
SPU_008845	SPU_027912_1	-0.00033045703566454785
SPU_004414	SPU_017579	-0.00033198179547675838
SPU_025590	SPU_022195	-0.00033586300227147624
SPU_019002	SPU_013611	-0.00034237788510546694
SPU_024093	SPU_022473	-0.00034417987397444307
SPU_014170	SPU_025825	-0.00034861553888269203
SPU_004414	SPU_003685	-0.00034916999699622319
SPU_018392	SPU_021382	-0.00035263536020579267
SPU_027969	SPU_026385	-0.00035804132681272106
SPU_007599	SPU_024093	-0.00035887301398301776
SPU_013305	SPU_028045	-0.00035956608662493169
SPU_008752	SPU_012198	-0.00036192253360743892
SPU_003179	SPU_020330	-0.00036732850021436737
SPU_012469	SPU_014836	-0.00037661567361601362
SPU_018908	SPU_025849	-0.0003767542881443964
SPU_018391	SPU_007644	-0.00038437808720544929
SPU_017725	SPU_007863	-0.0003857642324892771
SPU_017635	SPU_000016_1	-0.00039588309306122006
SPU_015828	SPU_023037	-0.00041418021080774707
SPU_006583	SPU_015829	-0.00041625942873348875
SPU_004723	SPU_020124	-0.00041930894835790991
SPU_008117	SPU_009079	-0.00041986340647144101
SPU_007611	SPU_004702	-0.0004272099764757283
SPU_003166	SPU_006865	-0.00042734859100411118
SPU_020124	SPU_012648_1	-0.00043081395421368067
SPU_015908	SPU_004287	-0.00043095256874206344
SPU_012772	SPU_026385	-0.00043982389855856137
SPU_013305	SPU_025125	-0.0004405169712004753
SPU_014576	SPU_003685	-0.00045548734026581549
SPU_017837	SPU_021843	-0.00045770517271994
SPU_019002	SPU_007011	-0.00045839824536185388
SPU_006814	SPU_006197	-0.00046837849140541401
SPU_023177	SPU_020330	-0.00046934879310409354
SPU_017837	SPU_012469	-0.00047655674857999806
SPU_011189	SPU_025849	-0.00047724982122191199
SPU_015640	SPU_007147	-0.00047946765367603644
SPU_012648	SPU_009079	-0.00048418054764105101
SPU_001998	SPU_008953_1	-0.00048584392198164431
SPU_012008	SPU_030073	-0.00049721031330903236
SPU_024189	SPU_017404	-0.00050123013463213289
SPU_003166	SPU_015071	-0.00050123013463213289
SPU_004599	SPU_020803_1	-0.00051661634728262151
SPU_015374	SPU_017971	-0.00052022032502057388
SPU_025010	SPU_014686	-0.00053463623597238292
SPU_004551	SPU_021210	-0.00054406202390241206
SPU_018483	SPU_004037	-0.00054891353239580934
SPU_025010	SPU_008112	-0.0005590323929677523
SPU_014836	SPU_018888	-0.00055917100749613502
SPU_018391	SPU_022717	-0.00056111161089349398
SPU_022820	SPU_008752	-0.0005612502254218767
SPU_008528	SPU_007644	-0.00057192354410735087
SPU_006803	SPU_009642	-0.00057192354410735087
SPU_004148	SPU_011720	-0.00057317107486279579
SPU_016449	SPU_024093	-0.00057330968939117862
SPU_001262_1	SPU_023140	-0.00057622059448721706
SPU_028583	SPU_005022	-0.0005764978235439825
SPU_007981	SPU_019365	-0.0005764978235439825
SPU_015640	SPU_020330_1	-0.00058065625939546597
SPU_006676	SPU_016617	-0.0005813493320373799
SPU_023366	SPU_026664	-0.00058370577901988713
SPU_012772	SPU_000603	-0.00058828005845651887
SPU_011189	SPU_014687	-0.00059493355581889239
SPU_012469	SPU_025849	-0.00059798307544331345
SPU_012546	SPU_014763	-0.000598260304500079
SPU_006803	SPU_011226	-0.00059839891902846182
SPU_017725	SPU_013689	-0.00060255735487994518
SPU_006676	SPU_024953	-0.00060380488563539021
SPU_005358	SPU_021210	-0.00061503266243439537
SPU_005358	SPU_021666	-0.0006287555007442907
SPU_013119	SPU_008595	-0.00063818128867431973
SPU_015374	SPU_008747	-0.00063845851773108528
SPU_003166	SPU_024901	-0.0006473298475475832
SPU_014197	SPU_017656	-0.0006478843056611143
SPU_013119	SPU_030073	-0.00065398334490995662
SPU_012913	SPU_022800	-0.00065509226113701893
SPU_015243	SPU_000016	-0.0006560625628356983
SPU_023366	SPU_000756	-0.00065647840642084668
SPU_015829	SPU_006063	-0.00065994376963041622
SPU_004414	SPU_008953_1	-0.00067325076435516317
SPU_018581	SPU_002674	-0.00068045871983106769
SPU_017379	SPU_023463_1	-0.00068600330096637891
SPU_019366	SPU_017971	-0.00068863697700565169
SPU_023177	SPU_007624	-0.00072162723476075334
SPU_015829	SPU_023037	-0.00072301338004458109
SPU_014576	SPU_017492	-0.00072315199457296403
SPU_028827	SPU_009685	-0.00073645898929771087
SPU_025584	SPU_013510	-0.00074560754817097434
SPU_025113	SPU_030148	-0.00076057791723631448
SPU_006991	SPU_025825	-0.00076071653176469731
SPU_015640	SPU_017971	-0.00076196406252014234
SPU_028583	SPU_017579	-0.00077818196234092762
SPU_018393	SPU_006583	-0.00078663744857227727
SPU_025346	SPU_013510	-0.00079232064423597121
SPU_026962	SPU_001262	-0.00079509293480362682
SPU_019002	SPU_010329	-0.00079523154933200954
SPU_015358	SPU_007108	-0.00079592462197392358
SPU_009876	SPU_007624	-0.0007966176946158374
SPU_015374	SPU_017579	-0.00079689492367260295
SPU_017837	SPU_012877	-0.00080049890141055532
SPU_017379	SPU_019290	-0.0008047959517904214
SPU_017837	SPU_008377_2	-0.00081200390726632603
SPU_008528	SPU_013904	-0.00082350891312209674
SPU_019002	SPU_004287	-0.00082905349425740796
SPU_019002	SPU_007087	-0.00083265747199536022
SPU_011576	SPU_001262_2	-0.0008358456061481642
SPU_001998	SPU_017579	-0.0008369545223752264
SPU_014332	SPU_011272	-0.00084416247785113092
SPU_025346	SPU_003937	-0.00084513277954981051
SPU_001262_1	SPU_011246	-0.00084707338294716936
SPU_007262	SPU_016490	-0.0008527565786108633
SPU_015828	SPU_008698	-0.00085400410936630833
SPU_004287	SPU_000437	-0.00085622194182043295
SPU_023366	SPU_023463	-0.00086079622125706458
SPU_012203	SPU_004024	-0.00086412296993825129
SPU_015829	SPU_019652	-0.00086440019899501695
SPU_009831	SPU_014686	-0.00086495465710854805
SPU_008752	SPU_008953	-0.00086939032201679696
SPU_020124	SPU_000483	-0.00087063785277224199
SPU_015640	SPU_014802	-0.0008799250261738883
SPU_015374	SPU_027708	-0.0008826973167415439
SPU_007611	SPU_025125	-0.00088838051240523784
SPU_009048	SPU_013178	-0.00090251919430028144
SPU_002592	SPU_013611	-0.00090834100449235821
SPU_020722	SPU_017441	-0.00091665787619532504
SPU_014836	SPU_001262	-0.00091818263600753562
SPU_008528	SPU_022717	-0.00091901432317783227
SPU_006786	SPU_024946	-0.00091998462487651164
SPU_014793	SPU_012632	-0.00092317275902931574
SPU_007262	SPU_018850	-0.00092358860261446401
SPU_002791	SPU_023463_1	-0.00093245993243096193
SPU_003166	SPU_023510	-0.00093786589903789032
SPU_012699	SPU_026877	-0.00094063818960554593
SPU_000739	SPU_017725	-0.00094992536300719224
SPU_006991	SPU_014643	-0.00095283626810323068
SPU_006787	SPU_015199	-0.00095380656980191016
SPU_016523	SPU_025888	-0.00096046006716428347
SPU_007262	SPU_007721	-0.00096309374320355636
SPU_000861	SPU_013689	-0.00096420265943061856
SPU_023177	SPU_012877_1	-0.00096461850301576683
SPU_015243	SPU_020726	-0.00097543043622962372
SPU_017837	SPU_020124	-0.0009818067045352318
SPU_017379	SPU_006420	-0.0010025988837926488
SPU_012469	SPU_024555	-0.0010055097888886871
SPU_012253	SPU_025959	-0.00100564840341707
SPU_014722	SPU_000922	-0.001006757319644132
SPU_006787	SPU_013119	-0.0010132722024781228
SPU_000861	SPU_018850	-0.0010146583477619506
SPU_012469	SPU_025959	-0.0010246385938055106
SPU_002603	SPU_016617	-0.0010247772083338935
SPU_027774	SPU_030139	-0.0010268564262596353
SPU_002592	SPU_020480_1	-0.0010286584151286114
SPU_017404_1	SPU_002674	-0.0010294901022989082
SPU_007253	SPU_002632	-0.0010304604039975875
SPU_007262	SPU_000424	-0.0010315693202246497
SPU_001657	SPU_003649	-0.0010319851638097982
SPU_010351	SPU_010305	-0.001035173297962602
SPU_009771	SPU_021666	-0.0010429357115520376
SPU_011174	SPU_008953	-0.0010518070413685356
SPU_001998	SPU_019365	-0.0010580446951457608
SPU_015829	SPU_008698	-0.0010602625275998852
SPU_014576	SPU_018797	-0.0010681635557177036
SPU_002603	SPU_017579	-0.0010798071761018572
SPU_019332	SPU_019365	-0.0011116885176298966
SPU_014722	SPU_023037	-0.0011333123840576104
SPU_009771	SPU_014763	-0.0011444015463282328
SPU_014722	SPU_025848	-0.0011572926974678312
SPU_003166	SPU_023366	-0.0011628372786031424
SPU_025584	SPU_000739	-0.0011658867982275636
SPU_014836	SPU_022573	-0.0011668570999262432
SPU_019089	SPU_014763	-0.0011715699938912576
SPU_020124	SPU_008953	-0.0011730947537034683
SPU_001262_2	SPU_000129	-0.0011736492118169994
SPU_015456	SPU_013178	-0.0011825205416334972
SPU_004021	SPU_024946	-0.0011864017484282151
SPU_007599	SPU_024946	-0.0011962433799433925
SPU_002603	SPU_022242	-0.0012030354918341488
SPU_024093	SPU_022049	-0.0012056691678734217
SPU_023366	SPU_005022	-0.0012117682071222638
SPU_011189	SPU_016490	-0.0012124612797641779
SPU_027969	SPU_008953	-0.0012148177267466849
SPU_022817	SPU_021666	-0.0012189761625981683
SPU_020722	SPU_013904	-0.0012257682744889246
SPU_022242	SPU_019332	-0.001228124721471432
SPU_003166	SPU_013611	-0.0012300653248687907
SPU_028827	SPU_014836	-0.0012435109341219206
SPU_027774	SPU_017404_1	-0.0012460059956328107
SPU_023177	SPU_003378	-0.0012497485878991456
SPU_011174	SPU_012198	-0.0012609763646981508
SPU_027214	SPU_012949	-0.0012752536611215773
SPU_013015	SPU_017404	-0.0012795507115014434
SPU_014722	SPU_008698	-0.0012799665550865917
SPU_005358	SPU_026763	-0.0012957686113222286
SPU_015829	SPU_000540	-0.0013078280752915306
SPU_001998	SPU_019825	-0.0013089369915185928
SPU_001998	SPU_003685	-0.0013110162094443344
SPU_014802	SPU_013119	-0.0013151746452958178
SPU_013569	SPU_018391	-0.0013338876066274932
SPU_013569	SPU_010426	-0.0013363826681383833
SPU_011202	SPU_022678	-0.001343452009085905
SPU_013015	SPU_017579	-0.0013483035175793022
SPU_028255	SPU_017404	-0.0013501055064482784
SPU_013305	SPU_017579	-0.0013507985790901925
SPU_006312	SPU_011272_1	-0.0013566203892822692
SPU_007644	SPU_002674	-0.0013570362328674175
SPU_018393	SPU_013689_1	-0.0013660461772122983
SPU_006808	SPU_022049	-0.0013663234062690638
SPU_002603	SPU_017971	-0.0013722838309895233
SPU_015828	SPU_000540	-0.0013729769036314372
SPU_027015	SPU_027472	-0.0013736699762733511
SPU_015243	SPU_014332	-0.0013818482334479352
SPU_009771	SPU_024044	-0.001386283898356184
SPU_012546	SPU_005022	-0.0013864225128845668
SPU_015243	SPU_014055	-0.0013922443230766435
SPU_018908	SPU_001262	-0.001398204747797103
SPU_014332	SPU_009646	-0.0014043037870459453
SPU_015712	SPU_006197	-0.0014133137313908264
SPU_006786	SPU_013119	-0.0014173335527139267
SPU_026633	SPU_024901	-0.0014181652398842235
SPU_008117_1	SPU_015071	-0.0014280068713994009
SPU_004414	SPU_019825	-0.0014280068713994009
SPU_011315	SPU_013178	-0.0014331356089495638
SPU_002603	SPU_017404	-0.0014770764144469053
SPU_018391	SPU_012949	-0.0014935715433244557
SPU_024918	SPU_008377	-0.0014975913646475567
SPU_006803	SPU_014836	-0.0014996705825732985
SPU_019332	SPU_016045	-0.001504799320123461
SPU_013305	SPU_019825	-0.0015114528174858346
SPU_015243	SPU_027918	-0.0015129775772980451
SPU_002603	SPU_018355_1	-0.0015135320354115764
SPU_017725	SPU_018355_1	-0.0015145023371102558
SPU_015374	SPU_002428	-0.0015204627618307153
SPU_023177	SPU_006197	-0.0015212944490010118
SPU_018908	SPU_005022	-0.0015524827178871375
SPU_014722	SPU_001937	-0.0015581659135508316
SPU_015828	SPU_000922	-0.0015673144724240951
SPU_006786	SPU_009474	-0.0015736907407297028
SPU_003166	SPU_024555	-0.0015741065843148511
SPU_027214	SPU_004037	-0.0015797897799785451
SPU_006484	SPU_014461	-0.0015824234560178178
SPU_027935	SPU_018355_1	-0.0015960076797993303
SPU_028479	SPU_001262_2	-0.001598779970366986
SPU_019656	SPU_026385	-0.0016011364173494933
SPU_018954	SPU_008953	-0.0016040473224455316
SPU_003166	SPU_020480_1	-0.0016100077471659913
SPU_008528	SPU_018355	-0.0016209582949082309
SPU_023730	SPU_013689_1	-0.0016262256469867765
SPU_013569	SPU_001262_1	-0.001630245468309877
SPU_019002	SPU_002554	-0.0016409187869953512
SPU_023177	SPU_024610	-0.0016503445749253803
SPU_015243	SPU_000440	-0.0016643446422920411
SPU_005358	SPU_012469	-0.0016643446422920411
SPU_017837	SPU_026633	-0.0016754338045626635
SPU_018483	SPU_014836	-0.0016915130898550658
SPU_016617	SPU_002428	-0.0016938695368375731
SPU_007981	SPU_009079	-0.0016949784530646355
SPU_014418	SPU_024093	-0.0017093943640164447
SPU_026418	SPU_000603	-0.0017129983417543968
SPU_008528	SPU_019365	-0.0017175726211910286
SPU_003166	SPU_002554	-0.0017204835262870672
SPU_023037	SPU_018850	-0.0017263053364791438
SPU_027015	SPU_000485	-0.0017286617834616511
SPU_020565	SPU_016449	-0.0017329588338415173
SPU_001739	SPU_017470	-0.0017590183651774798
SPU_018797	SPU_013510	-0.0017631768010289632
SPU_024189	SPU_003586	-0.0017680283095223607
SPU_000975	SPU_014401	-0.0017717709017886956
SPU_006808	SPU_021666	-0.0017763451812253274
SPU_014793	SPU_014686	-0.0017861868127405048
SPU_006583	SPU_006063	-0.001787157114439184
SPU_004414	SPU_006197	-0.0017996324219936345
SPU_021172	SPU_019365	-0.0018003254946355482
SPU_006484	SPU_021757	-0.0018071176065263047
SPU_002677	SPU_024610	-0.0018136324893602953
SPU_003166	SPU_011272_1	-0.0018144641765305918
SPU_017379	SPU_023894	-0.0018158503218144199
SPU_027235	SPU_022473	-0.0018208404448362
SPU_012645	SPU_014686	-0.0018255533388012142
SPU_015640	SPU_001657	-0.0018261077969147453
SPU_003166	SPU_000578	-0.0018290187020107837
SPU_012253	SPU_011272_1	-0.0018459296744734832
SPU_004723	SPU_002025_1	-0.0018557713059886604
SPU_005358	SPU_016490	-0.001879474390342116
SPU_004414	SPU_013305	-0.0018826625244949199
SPU_018391	SPU_018355	-0.0018839100552503648
SPU_002791	SPU_009079	-0.0018947219884642215
SPU_003470	SPU_009079	-0.0019040091618658678
SPU_018954	SPU_008377_1	-0.0019084448267741169
SPU_022242	SPU_007360	-0.0019131577207391315
SPU_016786	SPU_016792	-0.0019162072403635527
SPU_017837	SPU_017404_1	-0.0019241082684813709
SPU_027214	SPU_000603	-0.0019257716428219642
SPU_017642	SPU_008953	-0.0019271577881057923
SPU_006312	SPU_018888	-0.0019412964700008359
SPU_023177	SPU_004217	-0.0019449004477387879
SPU_005358	SPU_018888	-0.0019467024366077643
SPU_007611	SPU_006808	-0.0019619500347298701
SPU_002603	SPU_028479	-0.0019828808285156699
SPU_004414	SPU_022678	-0.0019838511302143493
SPU_006484	SPU_006333	-0.0019929996890876126
SPU_017379	SPU_005955_1	-0.0019986828847513068
SPU_027774	SPU_018850	-0.0019989601138080721
SPU_018483	SPU_007862	-0.0019999304155067519
SPU_014401	SPU_023463	-0.0020006234881486656
SPU_012648	SPU_019365	-0.0020017324043757278
SPU_028255	SPU_012198	-0.0020033957787163213
SPU_028255	SPU_023510	-0.0020039502368298522
SPU_006991	SPU_008936	-0.0020054749966420629
SPU_003470	SPU_006333	-0.0020162869298559196
SPU_012469	SPU_022195	-0.0020370791091133367
SPU_001998	SPU_026385	-0.0020408217013796717
SPU_011189	SPU_012913	-0.0020484455004407248
SPU_006808	SPU_007721	-0.0020541286961044186
SPU_002592	SPU_002554	-0.0020600891208248781
SPU_019002	SPU_014684	-0.0020607821934667922
SPU_015828	SPU_007203	-0.0020632772549776823
SPU_003166	SPU_006808	-0.0020865644957459894
SPU_001262_2	SPU_028583	-0.0020934952221651282
SPU_012253	SPU_024745	-0.0020962675127327839
SPU_014722	SPU_019652	-0.0020983467306585255
SPU_015829	SPU_018373	-0.0021105448091562101
SPU_014576	SPU_004702	-0.0021160893902915216
SPU_020124	SPU_015199	-0.0021191389099159425
SPU_006803	SPU_005667	-0.0021196933680294734
SPU_007599	SPU_026877	-0.0021237131893525746
SPU_003166	SPU_006058	-0.0021303666867149478
SPU_001262	SPU_013576	-0.0021328617482258378
SPU_026633	SPU_018888	-0.0021371587986057042
SPU_026962	SPU_018888	-0.0021402083182301252
SPU_013047	SPU_013689_1	-0.0021432578378545466
SPU_018393	SPU_016792	-0.0021476935027627954
SPU_015456	SPU_025849	-0.0021634955589984323
SPU_008703	SPU_016617	-0.002164188631640346
SPU_003166	SPU_022195	-0.0021643272461687288
SPU_017407	SPU_020480	-0.0021752777939109684
SPU_019002	SPU_009831	-0.0021830402075004043
SPU_021172	SPU_025959	-0.0021863669561815909
SPU_025590	SPU_007108	-0.0021871986433518878
SPU_006676	SPU_022195	-0.0021876144869370359
SPU_026633	SPU_024555	-0.0021928818390155817
SPU_000975	SPU_023813	-0.0021931590680723473
SPU_012546	SPU_030139	-0.0021941293697710267
SPU_024918	SPU_004807	-0.0022027234705307591
SPU_009771	SPU_025125	-0.0022056343756267972
SPU_004414	SPU_022473	-0.0022059116046835628
SPU_002874	SPU_013305	-0.0022067432918538598
SPU_022817	SPU_017441	-0.0022104858841201949
SPU_017404	SPU_005022	-0.0022163076943122716
SPU_004723	SPU_016490	-0.002218525526766396
SPU_024307	SPU_018744	-0.002219773057521841
SPU_008528	SPU_012949	-0.0022214364318624345
SPU_015640	SPU_004924	-0.0022272582420545112
SPU_018954	SPU_012198	-0.0022344661975304157
SPU_026633	SPU_022195	-0.0022372384880980714
SPU_003166	SPU_012384	-0.0022408424658360237
SPU_027935	SPU_007190	-0.0022450009016875068
SPU_010424	SPU_018908	-0.0022499910247092869
SPU_023730	SPU_018888	-0.0022530405443337083
SPU_019089	SPU_011720	-0.0022624663322637372
SPU_002631	SPU_019089	-0.0022638524775475651
SPU_002592	SPU_002025	-0.0022678722988706658
SPU_000975	SPU_015767	-0.0022699515167964074
SPU_003166	SPU_024745	-0.0022772980868006948
SPU_025113	SPU_026763	-0.0022777139303858432
SPU_019290	SPU_025825	-0.0022785456175561398
SPU_015828	SPU_018373	-0.0022814565226521779
SPU_012469	SPU_013611	-0.0022829812824643886
SPU_013047	SPU_027935_1	-0.0022942090592633939
SPU_019002	SPU_011272	-0.0023008625566257675
SPU_023366	SPU_030139	-0.0023098725009706484
SPU_024307	SPU_021843	-0.0023154170821059594
SPU_028827	SPU_014763	-0.0023206844341845047
SPU_022049	SPU_013510	-0.0023208230487128875
SPU_000739	SPU_002707	-0.0023240111828656917
SPU_021608	SPU_011711	-0.0023258131717346676
SPU_004148	SPU_006420	-0.0023391201664594149
SPU_001998	SPU_022678	-0.0023423083006122187
SPU_010635	SPU_008377_1	-0.0023489617979745923
SPU_013569	SPU_002025_1	-0.0023614371055290422
SPU_006312	SPU_013689	-0.0023635163234547842
SPU_009831	SPU_021757	-0.0023661499994940571
SPU_000739	SPU_014763	-0.0023859718770527943
SPU_027774	SPU_007190	-0.0023877738659217702
SPU_015374	SPU_028479	-0.002395120435926058
SPU_002592	SPU_000016	-0.0023959521230963545
SPU_027774	SPU_027144	-0.0023981699555504789
SPU_014576	SPU_007624	-0.0023990016427207755
SPU_003102	SPU_027015	-0.0024013580897032827
SPU_022242	SPU_018126	-0.0024110611066900777
SPU_020123	SPU_006058	-0.0024174373749956853
SPU_008528	SPU_026418	-0.0024192393638646616
SPU_002632	SPU_012911	-0.0024339325038732363
SPU_018391	SPU_015071_1	-0.0024350414201002985
SPU_004217	SPU_009079	-0.0024369820234976577
SPU_015712	SPU_002632	-0.0024468236550128351
SPU_006583	SPU_017404	-0.0024543088395455048
SPU_003166	SPU_023037	-0.0024550019121874185
SPU_026633	SPU_006058	-0.0024608237223794956
SPU_000757	SPU_022892	-0.0024648435437025964
SPU_020722	SPU_004807	-0.0024648435437025964
SPU_018908	SPU_013202	-0.0024651207727593616
SPU_015908	SPU_012198	-0.0024676158342702521
SPU_002603	SPU_023463_1	-0.0024734376444623288
SPU_021210	SPU_010635	-0.0024744079461610081
SPU_003166	SPU_014683	-0.0024795366837111711
SPU_000129	SPU_014588	-0.0024843881922045684
SPU_027969	SPU_001937	-0.0024884080135276687
SPU_017379	SPU_023839	-0.0024929822929643007
SPU_008117_1	SPU_027214	-0.0024940912091913629
SPU_020123	SPU_022195	-0.0025067051312741961
SPU_027598	SPU_006242	-0.002508507120143172
SPU_026633	SPU_020480_1	-0.0025087843491999376
SPU_020637	SPU_014461	-0.0025190418243002631
SPU_014836	SPU_002674	-0.0025329032771385413
SPU_002603	SPU_022195	-0.002536091411291345
SPU_003470	SPU_021557	-0.002541220148841508
SPU_004702	SPU_007360_1	-0.0025549429871514033
SPU_000975	SPU_016786	-0.0025668638365923223
SPU_024903	SPU_007317	-0.0025794777586751554
SPU_000129	SPU_007624	-0.0025800322167886863
SPU_018391	SPU_013904	-0.0025883490884916534
SPU_004148	SPU_012877_1	-0.0025951412003824099
SPU_012772	SPU_007981	-0.0025987451781203617
SPU_028255	SPU_011272_1	-0.0026070620498233289
SPU_025584	SPU_028255	-0.0026128838600154056
SPU_017635	SPU_002836	-0.0026153789215262956
SPU_004414	SPU_026385	-0.0026245274803995589
SPU_002592	SPU_011687	-0.0026309037487051668
SPU_015772	SPU_013689_1	-0.0026324285085173775
SPU_012469	SPU_011720	-0.0026331215811592912
SPU_012469	SPU_024745	-0.0026356166426701813
SPU_011635	SPU_007190	-0.0026360324862553298
SPU_006583	SPU_004746	-0.0026418542964474065
SPU_002592	SPU_014055	-0.0026450424306002102
SPU_012645	SPU_022892	-0.0026451810451285935
SPU_024093	SPU_023510	-0.0026462899613556557
SPU_016523	SPU_000437	-0.0026521117715477324
SPU_002592	SPU_000016_1	-0.0026525276151328804
SPU_023177	SPU_008377_1	-0.0026575177381546605
SPU_002816	SPU_017971	-0.0026600127996655506
SPU_020123	SPU_005667	-0.0026620920175912926
SPU_023894	SPU_023463	-0.0026755376268444218
SPU_011174	SPU_011226	-0.002697022878743753
SPU_016449	SPU_008353_1	-0.0027006268564817052
SPU_023386	SPU_005708	-0.0027103298734684998
SPU_008845	SPU_003470	-0.0027111615606387964
SPU_003595	SPU_005022	-0.0027113001751671792
SPU_016617	SPU_007863	-0.0027172605998876387
SPU_018954	SPU_021843	-0.0027234982536648643
SPU_002603	SPU_012786	-0.0027265477732892852
SPU_023090	SPU_009079	-0.002733062656123276
SPU_004287	SPU_025888	-0.0027391616953721183
SPU_026099	SPU_013140_1	-0.002742904287638453
SPU_013047	SPU_006333	-0.0027488647123589129
SPU_004148	SPU_007644	-0.0027530231482103961
SPU_008117_1	SPU_025125	-0.0027546865225509896
SPU_022242	SPU_006242	-0.0027571815840618796
SPU_003595	SPU_011246	-0.0027678549027473536
SPU_022242	SPU_015712	-0.0027756173163367894
SPU_019089	SPU_018850	-0.0027853203333235836
SPU_008117	SPU_020124	-0.002788785696533153
SPU_012469	SPU_026390	-0.0027946075067252301
SPU_021210	SPU_013810	-0.0027951619648387614
SPU_020311	SPU_013611	-0.0028026471493714316
SPU_022678	SPU_009079	-0.0028079145014499774
SPU_026633	SPU_024745	-0.0028155383005110304
SPU_026633	SPU_022654	-0.0028156769150394128
SPU_018954	SPU_000603	-0.0028166472167380921
SPU_014722	SPU_018373	-0.00281803336202192
SPU_014170	SPU_023463	-0.0028220531833450203
SPU_013015	SPU_022841	-0.0028267660773100352
SPU_018392	SPU_017441	-0.0028302314405196046
SPU_015829	SPU_027774	-0.0028313403567466673
SPU_020637	SPU_021119	-0.0028414592173186099
SPU_020123	SPU_028045	-0.0028433998207159686
SPU_027969	SPU_008845	-0.002849498859964811
SPU_026905	SPU_003595_1	-0.0028535186812879121
SPU_018392	SPU_026390	-0.0028579543461961605
SPU_019089	SPU_008112	-0.0028598949495935197
SPU_002815	SPU_002632	-0.0028690435084667829
SPU_015829	SPU_007203	-0.0028773603801697501
SPU_008703	SPU_012198	-0.002878330681868429
SPU_005022	SPU_027015	-0.0028848455647024198
SPU_011576	SPU_023463	-0.0028849841792308031
SPU_027969	SPU_022955	-0.0028881723133836069
SPU_006583	SPU_014722	-0.0028910832184796454
SPU_026633	SPU_014683	-0.00289233074923509
SPU_021210	SPU_013576	-0.0028951030398027457
SPU_014802	SPU_020637	-0.0029009248499948224
SPU_027969	SPU_000603	-0.0029031426824489468
SPU_015908	SPU_024315	-0.0029077169618855789
SPU_018581	SPU_009079	-0.002912707084907359
SPU_023366	SPU_007721	-0.0029181130515142872
SPU_012648	SPU_020123	-0.0029455587281340778
SPU_011635	SPU_004746	-0.0029455587281340778
SPU_021608	SPU_021044	-0.0029599746390858873
SPU_020124	SPU_022697	-0.0029602518681426525
SPU_014802	SPU_015362	-0.0029789648294743275
SPU_015829	SPU_000922	-0.0029802123602297725
SPU_014418	SPU_023463	-0.0029871430866489114
SPU_012772	SPU_006197	-0.00300100453948719
SPU_022820	SPU_000669	-0.0030326086519584638
SPU_026633	SPU_028479	-0.0030392621493208374
SPU_013015	SPU_014763	-0.0030428661270587892
SPU_012914	SPU_012877_1	-0.0030522919149888186
SPU_028255	SPU_020480_1	-0.0030632424627310582
SPU_002592	SPU_025346	-0.0030643513789581204
SPU_022820	SPU_002309	-0.0030654602951851826
SPU_004723	SPU_007087	-0.0030671236695257757
SPU_017837	SPU_028255	-0.003067262284054159
SPU_028255	SPU_023037	-0.0030787672899099294
SPU_006814	SPU_020282	-0.003082509882176265
SPU_003595	SPU_003595_1	-0.0030902722957657004
SPU_025584	SPU_004148	-0.0030922128991630591
SPU_012469	SPU_016490	-0.0030952624187874805
SPU_007599	SPU_020330_1	-0.0031023317597350022
SPU_025346	SPU_012912	-0.0031087080280406102
SPU_001262_1	SPU_028583	-0.0031146684527610692
SPU_018392	SPU_008377	-0.003122015022765357
SPU_021172	SPU_005522	-0.0031225694808788879
SPU_017407	SPU_012632	-0.0031375398499442282
SPU_027969	SPU_019365	-0.0031422527439092431
SPU_012546	SPU_023463_1	-0.0031464111797607258
SPU_008528	SPU_018355_1	-0.003149183470328382
SPU_017837	SPU_002025_1	-0.0031533419061798656
SPU_002603	SPU_005667	-0.0031554211241056071
SPU_000739	SPU_000861	-0.0031579161856164968
SPU_001262	SPU_011246	-0.003160688476184152
SPU_026418	SPU_004217	-0.0031683122752452051
SPU_006484	SPU_006865	-0.0031728865546818375
SPU_026905	SPU_007360_1	-0.0031794014375158275
SPU_002632	SPU_022800	-0.003188272767332326
SPU_001998	SPU_000603	-0.0031921539741270439
SPU_002603	SPU_027774	-0.0032019956056422213
SPU_012772	SPU_008377_1	-0.0032033817509260487
SPU_012645	SPU_021119	-0.003203520365454432
SPU_026418	SPU_026385	-0.0032067084996072357
SPU_006421	SPU_026763	-0.0032103124773451876
SPU_020637	SPU_013119	-0.003211144164515485
SPU_012008	SPU_016792	-0.0032173818182927097
SPU_014722	SPU_000540	-0.0032191838071616856
SPU_012772	SPU_003685	-0.0032488473162356007
SPU_012253	SPU_027918	-0.0032489859307639835
SPU_017642	SPU_018850	-0.003251896835860022
SPU_000975	SPU_020803_1	-0.0032592434058643094
SPU_025113	SPU_027015	-0.0032600750930346059
SPU_024903	SPU_011756	-0.0032613226237900505
SPU_017837	SPU_016490	-0.0032631246126590269
SPU_018581	SPU_026962	-0.0032678375066240413
SPU_012699	SPU_025825	-0.0032782335962527505
SPU_005022	SPU_006871	-0.003283362333802913
SPU_012253	SPU_024901	-0.0033009663789075262
SPU_019332	SPU_013576	-0.0033083129489118132
SPU_026962	SPU_002025	-0.0033173228932566945
SPU_028479	SPU_028255	-0.0033232833179771535
SPU_002603	SPU_027144	-0.0033270259102434886
SPU_022049	SPU_000739	-0.0033374219998721973
SPU_012469	SPU_002025	-0.0033397784468547046
SPU_027053	SPU_014687	-0.0033442141117629534
SPU_010295	SPU_002836	-0.0033456002570467817
SPU_007611	SPU_017404_1	-0.0033562735757322552
SPU_020722	SPU_015071_1	-0.0033586300227147628
SPU_015719	SPU_023463	-0.003363204302151394
SPU_028583	SPU_008377_1	-0.0033658379781906669
SPU_026905	SPU_012198	-0.0033681944251731741
SPU_011174	SPU_000603	-0.0033719370174395092
SPU_014722	SPU_010329_1	-0.0033765112968761413
SPU_002603	SPU_002025_1	-0.0033859370848061702
SPU_001998	SPU_014588	-0.0033907885932995679
SPU_017579	SPU_005022	-0.0034095015546312434
SPU_002592	SPU_022633	-0.0034204521023734826
SPU_011246	SPU_005708	-0.0034211451750153967
SPU_026633	SPU_014763	-0.0034301551193602771
SPU_002815	SPU_003378	-0.0034312640355873393
SPU_019332	SPU_003595_1	-0.0034326501808711672
SPU_021210	SPU_023065	-0.0034399967508754545
SPU_014722	SPU_007203	-0.0034556601925827086
SPU_011297	SPU_027144	-0.0034617592318315509
SPU_027214	SPU_009427	-0.0034677196565520104
SPU_019332	SPU_014588	-0.0034688285727790726
SPU_008528	SPU_006427	-0.0034756206846698291
SPU_020123	SPU_018355_1	-0.0034772840590104222
SPU_021172	SPU_001262_2	-0.003478254360709102
SPU_001998	SPU_012198	-0.0034811652658051401
SPU_023037	SPU_014687	-0.0034879573776958966
SPU_014461	SPU_012912	-0.0034908682827919351
SPU_015640	SPU_013140_1	-0.0034915613554338484
SPU_012253	SPU_005522	-0.0035011257578922601
SPU_013119	SPU_026385	-0.0035045911211018304
SPU_027214	SPU_022955_1	-0.0035065317244991892
SPU_014793	SPU_021557	-0.0035093040150668445
SPU_009771	SPU_005708	-0.0035251060713024814
SPU_017725	SPU_002836	-0.0035264922165863092
SPU_025584	SPU_017750	-0.0035374427643285488
SPU_012253	SPU_013611	-0.0035511656026384441
SPU_022817	SPU_003490	-0.0035579577145292006
SPU_015243	SPU_010924_1	-0.0035585121726427319
SPU_025584	SPU_008112	-0.0035622547649090666
SPU_025584	SPU_023014	-0.0035854033911489904
SPU_026205	SPU_005667	-0.0035891459834153264
SPU_027935	SPU_023014	-0.0036028688217252212
SPU_021608	SPU_011272_1	-0.0036074431011618529
SPU_017837	SPU_017511	-0.0036084134028605327
SPU_000739	SPU_011270	-0.0036242154590961691
SPU_007599	SPU_006004	-0.0036326709453275187
SPU_014170	SPU_017971	-0.003634057090611347
SPU_003595	SPU_007360_1	-0.003634472934196495
SPU_027969	SPU_003595	-0.0036470868562793282
SPU_019002	SPU_026763	-0.0036511066776024285
SPU_027935	SPU_026205	-0.0036530472809997877
SPU_025590	SPU_014793	-0.0036537403536417014
SPU_004599	SPU_026385	-0.0036626116834581994
SPU_012008	SPU_006004	-0.0036646909013839414
SPU_003470	SPU_027015	-0.0036648295159123238
SPU_006583	SPU_019365	-0.0036648295159123238
SPU_028255	SPU_024555	-0.0036723147004449944
SPU_003470	SPU_002008	-0.0036724533149733768
SPU_026099	SPU_022892	-0.0036750869910126497
SPU_015719	SPU_017971	-0.0036750869910126497
SPU_015374	SPU_009178	-0.0036857603096981232
SPU_003166	SPU_026510	-0.0036886712147941618
SPU_001262_2	SPU_011246	-0.0036983742317809563
SPU_017642	SPU_009427	-0.0037059980308420093
SPU_007262	SPU_007087	-0.0037080772487677514
SPU_014576	SPU_004217	-0.0037086317068812822
SPU_006808	SPU_002025_1	-0.0037094633940515788
SPU_006583	SPU_026385	-0.0037115426119773208
SPU_004599	SPU_021119	-0.0037218000870776467
SPU_018391	SPU_008752	-0.0037414833501080011
SPU_018391	SPU_006427	-0.0037441170261472739
SPU_014418	SPU_025825	-0.0037457804004878675
SPU_016449	SPU_016881	-0.0037470279312433121
SPU_005358	SPU_002836	-0.0037574240208720212
SPU_011635	SPU_011756	-0.0037668498088020497
SPU_008528	SPU_015071_1	-0.003766988423330433
SPU_000485	SPU_025825	-0.0037675428814439639
SPU_020123	SPU_018744	-0.0037686517976710261
SPU_028255	SPU_024901_1	-0.0037687904121994093
SPU_004414	SPU_028045	-0.0037694834848413226
SPU_022242	SPU_012491	-0.0037783548146578206
SPU_000739	SPU_010924_1	-0.0037906915076838885
SPU_006991	SPU_014332	-0.0038026123571248075
SPU_015456	SPU_024555	-0.0038031668152383384
SPU_020311	SPU_002554	-0.0038039985024086349
SPU_027774	SPU_020480	-0.0038192461005307409
SPU_009831	SPU_014752	-0.0038310283354432771
SPU_026962	SPU_011272_1	-0.0038358798439366748
SPU_001998	SPU_028045	-0.0038369887601637366
SPU_021172	SPU_009847	-0.0038428105703558137
SPU_015719	SPU_012912	-0.0038554244924386468
SPU_018392	SPU_027912_1	-0.0038648502803686753
SPU_018391	SPU_000669	-0.0038710879341459004
SPU_002592	SPU_022242	-0.0038735829956567909
SPU_000975	SPU_019366	-0.0038744146828270875
SPU_002603	SPU_014628	-0.0038781572750934226
SPU_014332	SPU_026763	-0.0038874444484950687
SPU_013015	SPU_022242	-0.0038891078228356617
SPU_023037	SPU_011246	-0.0038909098117046381
SPU_004723	SPU_027214	-0.0038949296330277388
SPU_024877	SPU_013689_1	-0.0039080980132241028
SPU_012469	SPU_009427	-0.003915167354171625
SPU_005435	SPU_005022	-0.0039205733207785531
SPU_020124	SPU_011720	-0.0039280585053112233
SPU_004599	SPU_023463	-0.0039288901924815203
SPU_004148	SPU_017404_1	-0.0039298604941801997
SPU_011174	SPU_015829	-0.0039379001368264003
SPU_004414	SPU_012198	-0.0039379001368264003
SPU_008117	SPU_012469	-0.0039442764051320087
SPU_027214	SPU_014722	-0.0039527318913633583
SPU_018391	SPU_026418	-0.003957999243441904
SPU_028479	SPU_027214	-0.0039638210536339803
SPU_022846	SPU_025825	-0.0039743557577910718
SPU_026763	SPU_004287	-0.0039797617243980008
SPU_023037	SPU_002674	-0.0039871082944022878
SPU_014170	SPU_023510	-0.0039882172106293504
SPU_017837	SPU_026465	-0.0039994449874283548
SPU_018392	SPU_003470	-0.0040239797589521073
SPU_000975	SPU_010634	-0.0040293857255590355
SPU_014418	SPU_006004	-0.0040304946417860981
SPU_027214	SPU_001415	-0.0040397818151877447
SPU_019332	SPU_002674	-0.0040399204297161271
SPU_015719	SPU_020330_1	-0.0040443560946243759
SPU_012648_1	SPU_012111	-0.0040447719382095248
SPU_014418	SPU_001657	-0.0040449105527379072
SPU_026418	SPU_008377_1	-0.0040525343517989598
SPU_002603	SPU_014683	-0.0040537818825544048
SPU_008528	SPU_000669	-0.0040593264636897162
SPU_023730	SPU_014461	-0.0040787324976633054
SPU_027935	SPU_021210	-0.0040817820172877268
SPU_019332	SPU_007360_1	-0.0040887127437068656
SPU_027214	SPU_010873	-0.0040941187103137938
SPU_006583	SPU_009427	-0.0040974454589949808
SPU_015374	SPU_027144	-0.0040999405205058709
SPU_015719	SPU_014461	-0.0041049306435276501
SPU_017579	SPU_002836	-0.0041104752246629616
SPU_024307	SPU_028045	-0.0041107524537197272
SPU_021172	SPU_020480_1	-0.0041200396271213737
SPU_017470	SPU_013689	-0.0041269703535405126
SPU_001998	SPU_022717	-0.0041390298175098149
SPU_002874	SPU_002674	-0.0041441585550599774
SPU_004414	SPU_014763	-0.0041454060858154224
SPU_011189	SPU_017511	-0.0041492872926101399
SPU_018392	SPU_022717	-0.0041510892814791162
SPU_018483	SPU_002632	-0.004158435851483404
SPU_000975	SPU_012050	-0.0041585744660117873
SPU_006991	SPU_000841	-0.0041599606112956147
SPU_012469	SPU_006058	-0.0041612081420510589
SPU_014289	SPU_014588	-0.0041623170582781224
SPU_008117	SPU_017511	-0.0041729903769635954
SPU_001113	SPU_030073	-0.0041743765222474237
SPU_007253	SPU_007624	-0.0041826933939503909
SPU_020124	SPU_015071	-0.0041914261092385052
SPU_015108	SPU_026763	-0.0042202579311421242
SPU_012469	SPU_014683	-0.0042303767917140668
SPU_017379	SPU_012198	-0.0042312084788843638
SPU_010295	SPU_014576	-0.004251862043613398
SPU_001998	SPU_017404_1	-0.0042619809041853406
SPU_012914	SPU_005022	-0.0042766740441939153
SPU_023366	SPU_030148	-0.0042804166364602504
SPU_012645	SPU_011297	-0.0042824958543859924
SPU_023386	SPU_024953	-0.0042838819996698198
SPU_016881	SPU_013119	-0.0042862384466523275
SPU_011576	SPU_017971	-0.0043106346036476968
SPU_000948	SPU_013570	-0.0043193673189358111
SPU_016449	SPU_027472	-0.004330456481206434
SPU_002632	SPU_017656	-0.0043314267829051133
SPU_023730	SPU_023510	-0.0043384961238526355
SPU_015456	SPU_022473	-0.0043484763698961957
SPU_016523	SPU_023065	-0.0043595655321668177
SPU_017725	SPU_027144	-0.0043835458455770389
SPU_009876	SPU_006484	-0.0043904765719961778
SPU_003595	SPU_014289	-0.0043936647061489824
SPU_015108	SPU_007863	-0.0044137638127644853
SPU_020123	SPU_009427	-0.0044158430306902273
SPU_001998	SPU_012949	-0.0044169519469172891
SPU_011348	SPU_002008	-0.0044187539357862654
SPU_012203	SPU_015456	-0.0044448134671222278
SPU_002603	SPU_018888	-0.0044485560593885629
SPU_020123	SPU_024315	-0.0044529917242968117
SPU_024903	SPU_013178	-0.0044613085959997788
SPU_014289	SPU_028093	-0.0044653284173228796
SPU_004702	SPU_008936	-0.0044712888420433382
SPU_007262	SPU_027214	-0.0044740611326109939
SPU_025888	SPU_023510	-0.0044758631214799702
SPU_020124	SPU_020282	-0.0045008137365888708
SPU_011174	SPU_008377_1	-0.0045016454237591669
SPU_008752	SPU_008377_1	-0.0045040018707416746
SPU_003595	SPU_018850	-0.0045045563288552059
SPU_008845	SPU_015071_1	-0.0045117642843311104
SPU_012469	SPU_002309	-0.0045137048877284692
SPU_015829	SPU_004414	-0.0045173088654664219
SPU_013015	SPU_028045	-0.0045175860945231875
SPU_019332	SPU_007624	-0.0045311703183046996
SPU_008117	SPU_027214	-0.0045338039943439721
SPU_002677	SPU_003378	-0.0045389327318941354
SPU_014576	SPU_022817	-0.0045408733352914942
SPU_022242	SPU_017379	-0.0045471109890687193
SPU_014197	SPU_021666	-0.0045569526205838972
SPU_023177	SPU_008196	-0.0045583387658677246
SPU_018797	SPU_023839	-0.0045703982298370268
SPU_008936	SPU_015199	-0.0045799626322954382
SPU_012469	SPU_011272	-0.0045823190792779458
SPU_003470	SPU_013510	-0.0045874478168281083
SPU_012469	SPU_007262	-0.0045903587219241464
SPU_018392	SPU_027912	-0.0046002003534393243
SPU_004148	SPU_018392	-0.0046028340294785976
SPU_015374	SPU_019825	-0.0046047746328759563
SPU_023366	SPU_002634	-0.0046168340968452577
SPU_005358	SPU_014683	-0.0046320816949673637
SPU_004287	SPU_016045	-0.0046501015836571246
SPU_009876	SPU_003378	-0.0046592501425303887
SPU_021172	SPU_002309	-0.0046613293604561299
SPU_027969	SPU_000578	-0.0046621610476264268
SPU_013015	SPU_001262_1	-0.0046628541202683406
SPU_018392	SPU_016250	-0.0046697848466874794
SPU_026633	SPU_005667	-0.004680735394429719
SPU_014332	SPU_013689	-0.0046898839533029832
SPU_012914	SPU_013861	-0.0046900225678313655
SPU_005435	SPU_008953_1	-0.0046900225678313655
SPU_017379	SPU_002632	-0.0046944582327396144
SPU_003166	SPU_025849	-0.0046976463668924181
SPU_026418	SPU_006063	-0.0047019434172722854
SPU_007599	SPU_025825	-0.0047137256521848211
SPU_012914	SPU_017404_1	-0.0047217652948310226
SPU_013305	SPU_018861	-0.0047354881331409179
SPU_026099	SPU_025825	-0.0047481020552237506
SPU_014576	SPU_016523	-0.0047481020552237506
SPU_027472	SPU_025825	-0.0047542010944725934
SPU_020124	SPU_011687	-0.0047542010944725934
SPU_023366	SPU_027144	-0.0047565575414551002
SPU_014197	SPU_023510	-0.0047591912174943726
SPU_006991	SPU_014418	-0.0047659833293851291
SPU_012469	SPU_006427	-0.0047706962233501436
SPU_014836	SPU_026763	-0.0047745774301448619
SPU_012546	SPU_014576	-0.0047776269497692824
SPU_027969	SPU_023037	-0.0047780427933544313
SPU_006312	SPU_007108	-0.0047878844248696083
SPU_025346	SPU_008112	-0.0047889933410966709
SPU_028148	SPU_005708	-0.004791488402607561
SPU_014418	SPU_013689_1	-0.0047927359333630052
SPU_012772	SPU_019365	-0.0048077063024283455
SPU_012645	SPU_025825	-0.0048167162467732264
SPU_020637	SPU_025825	-0.0048296073979128256
SPU_008752	SPU_006058	-0.0048327955320656294
SPU_021172	SPU_024555	-0.0048379242696157928
SPU_007599	SPU_026664	-0.0048397262584847682
SPU_015243	SPU_006808	-0.0048463797558471423
SPU_015640	SPU_006004	-0.0048580233762312956
SPU_017642	SPU_017511	-0.0048591322924583574
SPU_006814	SPU_012632	-0.0048646768735936688
SPU_023177	SPU_024315	-0.0048660630188774963
SPU_017579	SPU_007253	-0.0048664788624626452
SPU_023894	SPU_017971	-0.0048693897675586833
SPU_026418	SPU_015829	-0.0048796472426590092
SPU_008117	SPU_028255	-0.0048803403153009229
SPU_003470	SPU_026962	-0.00488865718700389
SPU_003595	SPU_001262_1	-0.0048937859245540526
SPU_026905	SPU_023730	-0.0049015483381434875
SPU_021172	SPU_011272_1	-0.004911251355130283
SPU_002592	SPU_012384	-0.0049151325619250005
SPU_012914	SPU_012111	-0.0049203999140035462
SPU_001262_2	SPU_026731	-0.0049213702157022256
SPU_011174	SPU_028045	-0.004922340517400905
SPU_004414	SPU_010873	-0.0049260831096672401
SPU_014802	SPU_021119	-0.0049332910651431455
SPU_003166	SPU_027918	-0.0049352316685405042
SPU_014722	SPU_024901_1	-0.0049406376351474315
SPU_009831	SPU_014687	-0.0049514495683612887
SPU_025584	SPU_020124	-0.0049608753562913176
SPU_014401	SPU_011502	-0.0049648951776144184
SPU_023037	SPU_028583	-0.0049890141055530229
SPU_027935	SPU_022654	-0.0050032914019764486
SPU_003166	SPU_025825	-0.0050056478489589563
SPU_012772	SPU_008953_1	-0.0050186776146269371
SPU_006583	SPU_023065	-0.0050253311119893111
SPU_001262_1	SPU_009876	-0.0050304598495394736
SPU_011297	SPU_013689_1	-0.0050387767212424408
SPU_023037	SPU_020123	-0.0050416876263384789
SPU_012253	SPU_011711	-0.0050427965425655407
SPU_026633	SPU_027918	-0.0050513906433252735
SPU_015719	SPU_016792	-0.005058598598801178
SPU_003470	SPU_000016_1	-0.0050635887218229581
SPU_002815	SPU_007624	-0.0050716283644691596
SPU_004148	SPU_026763	-0.005080361079757274
SPU_018392	SPU_013904	-0.0050818858395694846
SPU_026962	SPU_002554	-0.0050929750018401075
SPU_011297	SPU_018888	-0.0050963017505212945
SPU_018908	SPU_003685	-0.0051025394042985188
SPU_000975	SPU_018393	-0.0051044800076958784
SPU_014836	SPU_018355_1	-0.0051195889912896012
SPU_006421	SPU_012111	-0.0051197276058179836
SPU_009876	SPU_016449	-0.0051288761646912477
SPU_014332	SPU_012877_1	-0.0051308167680886065
SPU_007262	SPU_028255	-0.0051315098407305202
SPU_025346	SPU_012877	-0.0051387177962064247
SPU_014332	SPU_007862	-0.0051448168354552674
SPU_026205	SPU_025959	-0.005155767383197507
SPU_016786	SPU_027362	-0.0051584010592367795
SPU_017404	SPU_014289	-0.0051797476966077283
SPU_020311	SPU_025346	-0.0051800249256644939
SPU_028255	SPU_006058	-0.0051815496854767046
SPU_026633	SPU_026510	-0.0051908368588783503
SPU_015374	SPU_012198	-0.0051972131271839587
SPU_004021	SPU_013689_1	-0.0052052527698301593
SPU_008117	SPU_027015	-0.0052103815073803227
SPU_018392	SPU_018056	-0.0052167577756859302
SPU_004414	SPU_009427	-0.0052180053064413753
SPU_015243	SPU_014793	-0.005223272658519921
SPU_019290	SPU_013689_1	-0.0052405994745677682
SPU_015828	SPU_010329_1	-0.0052665203913753482
SPU_012772	SPU_024315	-0.0052727580451525733
SPU_027935	SPU_008196_1	-0.0052898076321436548
SPU_017837	SPU_005522	-0.0052923026936545457
SPU_002631	SPU_018355	-0.0052989561910169189
SPU_027774	SPU_011348	-0.0053011740234710433
SPU_018908	SPU_018888	-0.0053050552302657608
SPU_027935	SPU_028255	-0.0053078275208334174
SPU_004148	SPU_012111	-0.0053144810181957906
SPU_020565	SPU_006917	-0.0053162830070647669
SPU_021172	SPU_013689	-0.0053226592753703745
SPU_012913	SPU_022573	-0.0053262632531083263
SPU_019089	SPU_022697	-0.005342203923872346
SPU_011174	SPU_007981	-0.0053548178459551796
SPU_008752	SPU_024315	-0.0053613327287891695
SPU_010424	SPU_018744	-0.0053645208629419733
SPU_007599	SPU_013689_1	-0.0053654911646406536
SPU_009048	SPU_013689_1	-0.0053799070755924626
SPU_003166	SPU_005667	-0.0053851744276710075
SPU_004021	SPU_016523	-0.0053916893105049983
SPU_025346	SPU_000739	-0.0053955705172997167
SPU_024903	SPU_002632	-0.0054015309420201761
SPU_016523	SPU_020282	-0.0054059666069284249
SPU_012469	SPU_023037	-0.0054155310093868363
SPU_008752	SPU_006871	-0.0054156696239152195
SPU_004414	SPU_022717	-0.0054165013110855165
SPU_013119	SPU_000749	-0.0054371548758145507
SPU_018581	SPU_028479	-0.0054388182501551446
SPU_027472	SPU_013689_1	-0.0054687589882858245
SPU_012648	SPU_027214	-0.0054745807984779016
SPU_005572	SPU_000016_1	-0.0054827590556524855
SPU_003166	SPU_002309	-0.0055000858717003335
SPU_004702	SPU_027145	-0.0055194919056739218
SPU_008752	SPU_009427	-0.0055309969115296927
SPU_017404	SPU_027015	-0.0055344622747392621
SPU_012469	SPU_018888	-0.0055352939619095591
SPU_006583	SPU_022717	-0.0055438880626692911
SPU_006753	SPU_013178	-0.0055458286660666498
SPU_014722	SPU_004723	-0.0055480464985207751
SPU_008845	SPU_013904	-0.0055481851130491575
SPU_014170	SPU_007863	-0.0055546999958831483
SPU_002592	SPU_005667	-0.005557888130035952
SPU_014461	SPU_023366	-0.0055591356607913979
SPU_000975	SPU_007147	-0.0055605218060752245
SPU_028120	SPU_023366	-0.0055912942313762013
SPU_011635	SPU_027015	-0.0055986408013804891
SPU_006808	SPU_001262_1	-0.0056047398406293318
SPU_013689	SPU_026205	-0.0056068190585550738
SPU_027774	SPU_013576	-0.0056219280421487957
SPU_027214	SPU_024315	-0.0056296904557382324
SPU_013015	SPU_022717	-0.0056421657632926827
SPU_001998	SPU_024315	-0.0056551955289606635
SPU_028479	SPU_014687	-0.0056561658306593428
SPU_002603	SPU_001262_1	-0.0056563044451877252
SPU_012913	SPU_011348	-0.0056576905904715535
SPU_013305	SPU_017404_1	-0.0056625420989649504
SPU_015640	SPU_009474	-0.0056661460767029031
SPU_003470	SPU_025590	-0.0056715520433098313
SPU_021172	SPU_018908	-0.005688324401244148
SPU_021172	SPU_006058	-0.0056983046472877082
SPU_013047	SPU_025825	-0.0057013541669121296
SPU_018954	SPU_028746	-0.0057160473069207051
SPU_027015	SPU_004024	-0.0057161859214490875
SPU_005358	SPU_002025_1	-0.0057192354410735089
SPU_027774	SPU_011246	-0.0057218691171127814
SPU_017579	SPU_003595_1	-0.0057293543016454515
SPU_018391	SPU_025125	-0.0057380870169335659
SPU_001998	SPU_013861	-0.0057409979220296049
SPU_002603	SPU_014763	-0.0057462652741081506
SPU_001262_2	SPU_023140	-0.0057523643133569925
SPU_017837	SPU_002592	-0.0057569385927936246
SPU_011635	SPU_028255	-0.005757493050907155
SPU_022049	SPU_011202	-0.005768166369592629
SPU_018392	SPU_007644	-0.00578466149847018
SPU_011189	SPU_027015	-0.0057886813197932808
SPU_013119	SPU_014401	-0.0058004635547058165
SPU_000756	SPU_024953	-0.0058112754879196746
SPU_004021	SPU_025825	-0.0058140477784873294
SPU_001998	SPU_010873	-0.0058173745271685156
SPU_013178	SPU_021666	-0.0058423251422774171
SPU_023037	SPU_013810_1	-0.0058466221926572835
SPU_027969	SPU_019332	-0.0058543846062467184
SPU_019089	SPU_026465	-0.0058570182822859909
SPU_021608	SPU_010329	-0.0058669985283295511
SPU_000739	SPU_027918	-0.0058796124504123847
SPU_017725	SPU_002615	-0.005881414439281361
SPU_015984	SPU_000440	-0.0058854342606044609
SPU_008752	SPU_022697	-0.0058938897468358105
SPU_014289	SPU_008953_1	-0.0058952758921196387
SPU_027774	SPU_028583	-0.0059063650543902616
SPU_014836	SPU_006917	-0.0059174542166608836
SPU_012469	SPU_010295	-0.0059368602506344736
SPU_013305	SPU_004037	-0.0059410186864859559
SPU_027969	SPU_008698	-0.0059439295915819949
SPU_021172	SPU_024901	-0.0059469791112064163
SPU_028120	SPU_027935_1	-0.0059469791112064163
SPU_028255	SPU_014683	-0.0059526623068701101
SPU_027214	SPU_018392	-0.0059684643631057466
SPU_004021	SPU_023510	-0.0059900882295334601
SPU_006808	SPU_007862	-0.005991335760288906
SPU_014418	SPU_023510	-0.0059967417268958342
SPU_019002	SPU_002836	-0.0060022863080311448
SPU_000757	SPU_023510	-0.0060051972131271837
SPU_011202	SPU_017971	-0.006008108118223221
SPU_028255	SPU_024745	-0.0060129596267166196
SPU_011189	SPU_020124	-0.0060175339061532508
SPU_014332	SPU_002836	-0.0060203061967209074
SPU_008845	SPU_006427	-0.0060289002974806393
SPU_011297	SPU_023510	-0.006029593370122553
SPU_001113	SPU_025825	-0.0060517716946637979
SPU_016617	SPU_030139	-0.0060519103091921803
SPU_006583	SPU_022955_1	-0.0060688212816548794
SPU_000861	SPU_026510	-0.006077692611471377
SPU_023366	SPU_015982	-0.0060821282763796267
SPU_015712	SPU_007624	-0.0060855936395891961
SPU_022242	SPU_006814	-0.0061061085897898479
SPU_002603	SPU_006063	-0.006120940344326805
SPU_003166	SPU_011687	-0.0061219106460254843
SPU_000975	SPU_025825	-0.0061257918528202018
SPU_018861	SPU_028148	-0.0061293958305581545
SPU_016617	SPU_017971	-0.0061327225792393407
SPU_011174	SPU_009427	-0.0061533761439683749
SPU_017106	SPU_004024	-0.0061628019318984047
SPU_025346	SPU_017750	-0.0061770792283218304
SPU_004723	SPU_028255	-0.0061874753179505396
SPU_011174	SPU_024315	-0.0061991189383346929
SPU_000861	SPU_013861	-0.0062127031621162059
SPU_011189	SPU_028255	-0.006216029910797392
SPU_019002	SPU_007721	-0.0062240695534435926
SPU_023037	SPU_006484	-0.0062323864251465598
SPU_001262_2	SPU_009876	-0.0062553964368581025
SPU_012648_1	SPU_011711	-0.0062626043923340062
SPU_019002	SPU_016490	-0.0062632974649759207
SPU_026633	SPU_004037	-0.0062797925938534709
SPU_012772	SPU_004702	-0.0063000303149973571
SPU_012772	SPU_012949	-0.0063001689295257395
SPU_020123	SPU_014763	-0.0063048818234907539
SPU_027969	SPU_006063	-0.006310703633682831
SPU_018393	SPU_026385	-0.0063159709857613759
SPU_021172	SPU_013904	-0.0063253967736914057
SPU_012699	SPU_013140_1	-0.0063258126172765538
SPU_011635	SPU_002674	-0.0063308027402983339
SPU_006676	SPU_004037	-0.006343555276909549
SPU_015456	SPU_021210	-0.0063481295563461819
SPU_017404	SPU_006484	-0.0063718326406996375
SPU_011297	SPU_018355_1	-0.0063768227637214167
SPU_001739	SPU_016449	-0.0063869416242933602
SPU_023037	SPU_027144	-0.0063883277695771876
SPU_016523	SPU_015071	-0.0063974763284504518
SPU_018393	SPU_027362	-0.006402050607887083
SPU_003595	SPU_030139	-0.0064023278369438486
SPU_006676	SPU_025959	-0.0064146645299699157
SPU_015908	SPU_003649	-0.0064229814016728828
SPU_008752	SPU_024901	-0.0064290804409217247
SPU_002632	SPU_027935_1	-0.0064344864075286537
SPU_021608	SPU_017404_1	-0.0064408626758342621
SPU_023366	SPU_025010	-0.0064440508099870659
SPU_005435	SPU_014289	-0.0064502884637642911
SPU_005358	SPU_014752	-0.0064653974473580138
SPU_019002	SPU_007262	-0.006466644978113458
SPU_012469	SPU_014684	-0.0064714964866068566
SPU_006808	SPU_014628	-0.0064896549898249998
SPU_002592	SPU_012648_1	-0.0065075362639863792
SPU_015829	SPU_010329_1	-0.006510308554554034
SPU_013119	SPU_020803_1	-0.0065107243981391829
SPU_018355_1	SPU_028583	-0.0065116946998378623
SPU_003102	SPU_013689_1	-0.0065121105434230112
SPU_007253	SPU_014588	-0.0065182095826718531
SPU_006583	SPU_001415	-0.0065231997056936332
SPU_023037	SPU_013810	-0.0065392789909860354
SPU_004702	SPU_002632	-0.0065452394157064948
SPU_009876	SPU_010305	-0.0065482889353309162
SPU_012253	SPU_004287	-0.0065513384549553376
SPU_021608	SPU_023366	-0.0065599325557150695
SPU_006814	SPU_007624	-0.0065633979189246398
SPU_024139	SPU_025825	-0.0065681108128896543
SPU_014793	SPU_013510	-0.0065791999751602763
SPU_024139	SPU_013689_1	-0.0065852990144091182
SPU_014836	SPU_007721	-0.0065852990144091182
SPU_011635	SPU_002309	-0.0065858534725226495
SPU_015719	SPU_027362	-0.0065862693161077976
SPU_004702	SPU_016523	-0.0066213387917886408
SPU_014332	SPU_022654	-0.006644487418028565
SPU_012648	SPU_012772	-0.0066727647818186535
SPU_019332	SPU_012772	-0.006673319239932184
SPU_019656	SPU_021119	-0.0066866262346569312
SPU_003595	SPU_014576	-0.0066889826816394372
SPU_022242	SPU_005022	-0.0066920322012638585
SPU_003179	SPU_010424	-0.0066968837097572563
SPU_018392	SPU_018355	-0.0067176758890146737
SPU_026418	SPU_024315	-0.0067198937214687981
SPU_014461	SPU_025825	-0.0067332007161935445
SPU_001262_2	SPU_013967	-0.006737913610158559
SPU_020124	SPU_002707	-0.0067426265041235743
SPU_004148	SPU_017441	-0.0067483096997872681
SPU_028093	SPU_028479	-0.0067496958450710956
SPU_012648	SPU_002615	-0.0067503889177130101
SPU_015358	SPU_014289	-0.0067569038005470001
SPU_019332	SPU_027214	-0.0067612008509268665
SPU_011174	SPU_007644	-0.0067635572979093742
SPU_017579	SPU_011348	-0.0067959930975509441
SPU_011635	SPU_006484	-0.0068106862375595196
SPU_015243	SPU_002631	-0.006819418952847634
SPU_015719	SPU_026664	-0.0068440923388997689
SPU_003102	SPU_007108	-0.0068488052328647834
SPU_027053	SPU_027214	-0.0068597557806070238
SPU_006583	SPU_003548	-0.0068654389762707168
SPU_002592	SPU_010924_1	-0.0068713994009911772
SPU_024918	SPU_019384	-0.0068923301947769761
SPU_006676	SPU_024745	-0.0068951024853446327
SPU_028255	SPU_022697	-0.006899260921196115
SPU_028479	SPU_028583	-0.0068993995357244983
SPU_003166	SPU_004037	-0.0069109045415802683
SPU_012914	SPU_030139	-0.0069307264191390064
SPU_017837	SPU_015071	-0.0069371026874446139
SPU_012469	SPU_006808	-0.0069441720283921361
SPU_011202	SPU_007863	-0.0069566473359465864
SPU_019332	SPU_023730	-0.006958172095758797
SPU_004414	SPU_013861	-0.0069612216153832184
SPU_012648_1	SPU_011348	-0.0069736969229376678
SPU_027774	SPU_027015	-0.0069865880740772671
SPU_006803	SPU_009685	-0.0069935188004964059
SPU_003470	SPU_006312	-0.0070166674267363302
SPU_022817	SPU_018355	-0.0070378754495788957
SPU_004021	SPU_022892	-0.0070423111144871445
SPU_021172	SPU_012469	-0.0070424497290155269
SPU_000276	SPU_021119	-0.0070755786012990114
SPU_011202	SPU_011502	-0.007077103361111222
SPU_006583	SPU_028746	-0.0070894400541372891
SPU_006676	SPU_022242	-0.0070916578865914143
SPU_027774	SPU_007360_1	-0.0070951232498009838
SPU_005022	SPU_020726	-0.0071013609035782089
SPU_026205	SPU_005435	-0.0071127272949055974
SPU_000948	SPU_024307	-0.0071170243452854639
SPU_001262_1	SPU_024044	-0.0071534799662501345
SPU_008752	SPU_022955_1	-0.0071745493745643176
SPU_002791	SPU_027214	-0.0071764899779616755
SPU_013119	SPU_025825	-0.0071774602796603549
SPU_003166	SPU_014836	-0.0071970049281623273
SPU_014197	SPU_014686	-0.0072223713868563759
SPU_006484	SPU_015682	-0.0072473220019652757
SPU_014628	SPU_012786	-0.0072492626053626353
SPU_009048	SPU_006333	-0.007249955678004549
SPU_002592	SPU_011270	-0.0072531438121573527
SPU_002592	SPU_014836	-0.0072595200804629603
SPU_013015	SPU_010873	-0.0072699161700916694
SPU_002631	SPU_010295	-0.0072821142485893541
SPU_007981	SPU_027214	-0.007304292573130599
SPU_006803	SPU_002632	-0.0073049856457725127
SPU_013689	SPU_028583	-0.0073155203499296034
SPU_011635	SPU_020124	-0.0073182926404972599
SPU_001262_1	SPU_003179	-0.0073289659591827339
SPU_006583	SPU_023839	-0.0073431046410777781
SPU_004723	SPU_025125	-0.0073546096469335473
SPU_024093	SPU_020480_1	-0.0073548868759903139
SPU_002874	SPU_027214	-0.0073553027195754628
SPU_011174	SPU_022717	-0.0073663918818460848
SPU_004021	SPU_004924	-0.0073715206193962464
SPU_002592	SPU_013178	-0.00738413454147908
SPU_013305	SPU_013576	-0.0073945306311077891
SPU_006803	SPU_007011	-0.0074042336480945829
SPU_019002	SPU_003548	-0.0074049267207364974
SPU_027053	SPU_020123	-0.0074132435924394637
SPU_006484	SPU_003378	-0.0074142138941381431
SPU_012772	SPU_010873	-0.0074216990786708133
SPU_018954	SPU_018744	-0.0074221149222559622
SPU_008117_1	SPU_004287_1	-0.0074282139615048049
SPU_018954	SPU_019365	-0.0074309862520724598
SPU_027214	SPU_023839	-0.0074311248666008422
SPU_028479	SPU_009178	-0.0074383328220767476
SPU_018744	SPU_028148	-0.0074442932467972071
SPU_008752	SPU_022717	-0.0074449863194391216
SPU_012491	SPU_014588	-0.0074466496937797147
SPU_001262	SPU_028583	-0.0074603725320896101
SPU_001262	SPU_023140	-0.0074686894037925755
SPU_012203	SPU_011502	-0.0074808874822902601
SPU_005435	SPU_013576	-0.0074885112813513136
SPU_021172	SPU_005667	-0.0074922538736176486
SPU_017404	SPU_030139	-0.0074941944770150083
SPU_021172	SPU_022697	-0.0075008479743773806
SPU_022816	SPU_028120	-0.0075016796615476784
SPU_002874	SPU_014687	-0.0075090262315519653
SPU_022242	SPU_003595_1	-0.0075108282204209408
SPU_012469	SPU_011272_1	-0.0075174817177833149
SPU_014197	SPU_024555	-0.0075257985894862812
SPU_012699	SPU_014461	-0.0075404917294948559
SPU_028148	SPU_024044	-0.0075446501653463399
SPU_015456	SPU_014802	-0.007548808601197823
SPU_019332	SPU_014289	-0.0075780562666865892
SPU_018954	SPU_006063	-0.0075817988589529242
SPU_013047	SPU_003548	-0.0075938583229222265
SPU_013178	SPU_016617	-0.0076262941225637973
SPU_022242	SPU_000129	-0.0076262941225637973
SPU_024307	SPU_013202	-0.0076491655197469558
SPU_019002	SPU_017511	-0.0076782745707073396
SPU_012008	SPU_013119	-0.007691581565432086
SPU_023177	SPU_023839	-0.007697819219209312
SPU_020311	SPU_022633	-0.0077025321131743265
SPU_000757	SPU_004024	-0.007711819286575973
SPU_012469	SPU_026510	-0.0077188886275234942
SPU_021172	SPU_024745	-0.0077256807394142507
SPU_020124	SPU_004723	-0.0077427303264053322
SPU_015456	SPU_012632	-0.0077524333433921276
SPU_004551	SPU_004287_1	-0.0077708690756670366
SPU_018581	SPU_020124	-0.0077984533668152105
SPU_013689	SPU_014687	-0.0078279782613607431
SPU_004414	SPU_014722	-0.0078333842279676713
SPU_002592	SPU_027918	-0.0078342159151379674
SPU_011635	SPU_007087	-0.0078423941723125522
SPU_005022	SPU_020124	-0.0078486318260897765
SPU_015456	SPU_022654	-0.0078520971892993459
SPU_003102	SPU_017971	-0.007866928943836303
SPU_021608	SPU_013611	-0.0078713646087445535
SPU_018391	SPU_003490	-0.0078770478044082465
SPU_006786	SPU_011502	-0.0078776022625217778
SPU_025346	SPU_015243	-0.0078946518495128602
SPU_002791	SPU_020282	-0.0079581373035121725
SPU_018744	SPU_010634	-0.0079593848342676167
SPU_019002	SPU_013689	-0.0080248108916642896
SPU_027935	SPU_002428	-0.0080270287241184148
SPU_013178	SPU_007611	-0.0080318802326118117
SPU_022049	SPU_002816	-0.0080403357188431612
SPU_027969	SPU_012648	-0.0080438010820527307
SPU_002592	SPU_000440	-0.0080525337973408467
SPU_025584	SPU_002592	-0.0080539199426246742
SPU_001998	SPU_007981	-0.0080919003234015564
SPU_014793	SPU_017750	-0.0081057617762398341
SPU_023037	SPU_009876	-0.0081067320779385135
SPU_018483	SPU_015071	-0.0081200390726632599
SPU_008752	SPU_014722	-0.0081262767264404841
SPU_015828	SPU_004723	-0.0081278014862526948
SPU_005435	SPU_006484	-0.0081293262460649055
SPU_012203	SPU_012632	-0.008136950045125959
SPU_012253	SPU_016490	-0.0081466530621127544
SPU_011635	SPU_026633	-0.0081553857774008687
SPU_022678	SPU_017379	-0.0081800591634530045
SPU_014401	SPU_014684	-0.0081978018230859998
SPU_012914	SPU_018355	-0.0081983562811995311
SPU_015719	SPU_011502	-0.0082068117674308806
SPU_013569	SPU_009178	-0.0082137424938500195
SPU_028255	SPU_005667	-0.0082271881031031491
SPU_002791	SPU_006484	-0.0082296831646140392
SPU_015712	SPU_003378	-0.0082325940697100773
SPU_015108	SPU_027472	-0.0082406337123562788
SPU_002592	SPU_009911	-0.0082446535336793796
SPU_026962	SPU_014763	-0.0082475644387754177
SPU_012008	SPU_017971	-0.0082479802823605675
SPU_012772	SPU_023839	-0.008256435768591917
SPU_003595	SPU_012772	-0.0082629506514259061
SPU_000861	SPU_002615	-0.0082772279478493336
SPU_002874	SPU_028583	-0.0082840200597400892
SPU_012469	SPU_013904	-0.0082946933784255623
SPU_007644	SPU_019089	-0.0083121588090017927
SPU_027969	SPU_004621	-0.008312713267115324
SPU_011635	SPU_004287	-0.0083203370661763774
SPU_020123	SPU_028479	-0.0083326737592024445
SPU_026633	SPU_014836	-0.0083350302061849513
SPU_012699	SPU_021119	-0.0083415450890189438
SPU_004414	SPU_023839	-0.0083580402178964931
SPU_014836	SPU_007862	-0.0083730105869618335
SPU_001998	SPU_014722	-0.0083734264305469815
SPU_023366	SPU_017348	-0.0083870106543284945
SPU_026418	SPU_014722	-0.0083921393918786561
SPU_014401	SPU_003704	-0.008407386990000763
SPU_015767	SPU_026962	-0.0084114068113238637
SPU_017837	SPU_018797	-0.0084123771130225431
SPU_006583	SPU_022841	-0.0084180603086862378
SPU_025584	SPU_015466	-0.0084187533813281507
SPU_000975	SPU_024093	-0.0084202781411403613
SPU_027969	SPU_014763	-0.0084360801973759995
SPU_001998	SPU_023839	-0.0084632486449390237
SPU_027472	SPU_006333	-0.0084725358183406711
SPU_006583	SPU_005667	-0.0084988725787333991
SPU_024139	SPU_013140_1	-0.0085451698312132458
SPU_002634	SPU_025584	-0.0085473876636673711
SPU_019002	SPU_012877_1	-0.0085663778540558122
SPU_008528	SPU_003490	-0.0085669323121693435
SPU_020123	SPU_022717	-0.008578575932553496
SPU_012699	SPU_026664	-0.0085899423238808854
SPU_010305	SPU_004551	-0.0085916056982214776
SPU_015829	SPU_021382	-0.0085961799776581096
SPU_012384	SPU_005522	-0.0086031107040772485
SPU_003166	SPU_025584	-0.0086193286038980348
SPU_023037	SPU_027708	-0.0086250117995617277
SPU_026962	SPU_005708	-0.0086422000010811934
SPU_009831	SPU_018797	-0.0086543980795788771
SPU_009831	SPU_028255	-0.0086972299688491562
SPU_005435	SPU_030139	-0.0087002794884735776
SPU_015712	SPU_014588	-0.0087199627515039332
SPU_013119	SPU_023813	-0.0087318836009448522
SPU_013119	SPU_015767	-0.0087353489641544216
SPU_018483	SPU_004551	-0.0087478242717088719
SPU_022242	SPU_027708	-0.0087540619254860962
SPU_006421	SPU_006427	-0.0087558639143550717
SPU_014793	SPU_028255	-0.0087583589758659635
SPU_003595	SPU_002428	-0.0087718045851190914
SPU_018581	SPU_018908	-0.0087756857919138107
SPU_014836	SPU_022654	-0.0087779036243679342
SPU_014401	SPU_006808	-0.0087819234456910349
SPU_009771	SPU_018673	-0.0087824779038045662
SPU_024139	SPU_026877	-0.0088022997813633035
SPU_005358	SPU_014628	-0.0088077057479702316
SPU_015828	SPU_021382	-0.0088383395587428269
SPU_012203	SPU_006991	-0.0088420821510091611
SPU_013119	SPU_016881	-0.0088533099278081655
SPU_028255	SPU_026510	-0.008903765616139498
SPU_012772	SPU_004217	-0.0089077854374626005
SPU_009831	SPU_020124	-0.0089083398955761318
SPU_001262_1	SPU_014687	-0.0089281617731348673
SPU_011189	SPU_004746	-0.0089349538850256247
SPU_013119	SPU_018393	-0.0089414687678596155
SPU_012645	SPU_011315	-0.008942023225973145
SPU_014836	SPU_021210	-0.0089576866676804
SPU_021172	SPU_023366	-0.0089752907127850137
SPU_002592	SPU_002707	-0.0090315682113084224
SPU_028255	SPU_006808	-0.0090382217086707965
SPU_011189	SPU_026633	-0.0090437662898061062
SPU_014418	SPU_020330_1	-0.0090451524350899353
SPU_015828	SPU_017441	-0.0090454296641467001
SPU_003595_1	SPU_017404_1	-0.009046122736788613
SPU_004599	SPU_006004	-0.009079112994543715
SPU_019089	SPU_018673	-0.0090798060671856296
SPU_016617	SPU_026664	-0.0091180636770192766
SPU_017407	SPU_015712	-0.0091322023589143209
SPU_003470	SPU_012877	-0.0091333112751413835
SPU_017407	SPU_007253	-0.0091378855545780138
SPU_017837	SPU_008752	-0.0091391330853334597
SPU_012469	SPU_024901	-0.0091610341808179389
SPU_023037	SPU_013576	-0.0091664401474248671
SPU_002592	SPU_000861	-0.0091743411755426853
SPU_014289	SPU_013569	-0.0091761431644116626
SPU_006583	SPU_011635	-0.0091797471421496135
SPU_027935	SPU_021666	-0.0091830738908308014
SPU_017642	SPU_007644	-0.0091951333548001037
SPU_024903	SPU_012913	-0.0092469751884152636
SPU_006462	SPU_015071	-0.0092641633899347275
SPU_006803	SPU_002707	-0.0092880050888165654
SPU_014722	SPU_017441	-0.0093266785422353622
SPU_003595	SPU_023065	-0.0093707579622610854
SPU_013689	SPU_013810_1	-0.0093713124203746168
SPU_025888	SPU_014752	-0.0093901639962346746
SPU_005022	SPU_000016_1	-0.0094038868345445708
SPU_014289	SPU_016449	-0.0094041640636013356
SPU_011174	SPU_022955_1	-0.0094105403319069431
SPU_015108	SPU_023463_1	-0.0094115106336056225
SPU_015829	SPU_004723	-0.0094224611813478621
SPU_000129	SPU_014628	-0.0094313325111643597
SPU_011174	SPU_001415	-0.0094349364889023124
SPU_009831	SPU_012877	-0.0094359067906009918
SPU_027774	SPU_004551	-0.009439649382867326
SPU_007611	SPU_007360_1	-0.0094551742100461977
SPU_011297	SPU_006333	-0.0094791545234564189
SPU_020311	SPU_002836	-0.0095434716646260291
SPU_011174	SPU_023839	-0.0095438875082111772
SPU_003595	SPU_003586	-0.0095505410055735512
SPU_007644	SPU_000129	-0.0095549766704818
SPU_021172	SPU_013611	-0.009571055955774203
SPU_021172	SPU_011226	-0.0095772936095514273
SPU_009048	SPU_011502	-0.0095900461461626424
SPU_011174	SPU_014722	-0.0095917095205032363
SPU_015374	SPU_005708	-0.0095921253640883844
SPU_014722	SPU_019508	-0.0095947590401276577
SPU_028255	SPU_011720	-0.0096077888057956393
SPU_028255	SPU_014836	-0.0096138878450444804
SPU_017404	SPU_025125	-0.0096371750858127887
SPU_003595	SPU_023730	-0.0096524226839348939
SPU_003470	SPU_017750	-0.0096643435333758146
SPU_014418	SPU_012632	-0.0096787594443276219
SPU_017407	SPU_016016	-0.0096976110201876815
SPU_011297	SPU_006865	-0.0097164625960477376
SPU_018908	SPU_005435	-0.009734066641152353
SPU_004287	SPU_028093	-0.0097418290547417862
SPU_007611	SPU_017379	-0.0097427993564404673
SPU_017492	SPU_013178	-0.0097458488760648887
SPU_002592	SPU_009646	-0.0097512548426718169
SPU_012648	SPU_000669	-0.009754165747767855
SPU_001998	SPU_024953	-0.0097574924964490412
SPU_006583	SPU_015828	-0.0097627598485275878
SPU_011635	SPU_025849	-0.0097796708209902869
SPU_026418	SPU_012949	-0.0097902055251473784
SPU_015374	SPU_022717	-0.0098091957155358196
SPU_020124	SPU_010329_1	-0.0098107204753480302
SPU_022242	SPU_007360_1	-0.0098115521625183246
SPU_014332	SPU_007315	-0.0098141858385575979
SPU_015829	SPU_017441	-0.0098247205427146895
SPU_028255	SPU_024901	-0.009827076989697198
SPU_011315	SPU_004287	-0.0098341463306447184
SPU_004599	SPU_020330_1	-0.0098507800740506527
SPU_017837	SPU_028093	-0.0099005426897400706
SPU_012469	SPU_007957	-0.0099081664888011241
SPU_003378	SPU_024307	-0.0099083051033295073
SPU_013119	SPU_019366	-0.0099167605895608569
SPU_028120	SPU_026877	-0.0099256319193773528
SPU_018392	SPU_004807	-0.0099290972825869239
SPU_004414	SPU_007981	-0.0099317309586261972
SPU_001739	SPU_014461	-0.0099327012603248766
SPU_006991	SPU_011297	-0.0099340874056087023
SPU_012253	SPU_007262	-0.009935612165420913
SPU_006803	SPU_011635	-0.0099364438525912108
SPU_001262	SPU_009876	-0.0099408795174994596
SPU_002592	SPU_009685	-0.0099478102439185985
SPU_023366	SPU_017971	-0.009954186512224206
SPU_027053	SPU_013576	-0.0099593152497743694
SPU_021172	SPU_011687	-0.0099645826018529143
SPU_003166	SPU_007011	-0.0099795529709182547
SPU_011297	SPU_011502	-0.0099884243007347523
SPU_015828	SPU_010625	-0.0099898104460185815
SPU_017470	SPU_017656	-0.0099932758092281509
SPU_000424	SPU_024610	-0.010028345284908995
SPU_026905	SPU_004551	-0.010035553240384899
SPU_021172	SPU_026465	-0.010048721620581262
SPU_017837	SPU_014628	-0.01005204836926245
SPU_027214	SPU_015828	-0.010062583073419541
SPU_006803	SPU_011756	-0.010090860437209628
SPU_014722	SPU_021382	-0.010118721957414567
SPU_012648	SPU_018850	-0.010122325935152519
SPU_000861	SPU_018355	-0.010161553846684846
SPU_025584	SPU_012877	-0.010167652885933689
SPU_019332	SPU_016523	-0.010175831143108272
SPU_006803	SPU_006871	-0.010186504461793746
SPU_026418	SPU_001415	-0.010196484707837307
SPU_023366	SPU_002428	-0.010206049110295719
SPU_014418	SPU_011502	-0.010208266942749842
SPU_027935	SPU_009048	-0.010211732305959412
SPU_012469	SPU_007644	-0.010214088752941919
SPU_028479	SPU_014686	-0.010220880864832676
SPU_016881	SPU_021119	-0.010225593758797689
SPU_026418	SPU_023839	-0.010227395747666667
SPU_028120	SPU_006333	-0.010251376061076888
SPU_007981	SPU_020123	-0.010251930519190419
SPU_023037	SPU_009178	-0.010267178117312524
SPU_015243	SPU_000861	-0.010279098966753443
SPU_000485	SPU_011502	-0.010297257469971588
SPU_027053	SPU_006484	-0.010299475302425712
SPU_019290	SPU_015682	-0.010309178319412506
SPU_026962	SPU_003595	-0.0103148615150762
SPU_027774	SPU_027708	-0.01031735657658709
SPU_000739	SPU_000841	-0.01033080218584022
SPU_022846	SPU_011502	-0.01034175273358246
SPU_005435	SPU_017379	-0.010347713158302919
SPU_020311	SPU_007011	-0.010364901359822385
SPU_006484	SPU_013569	-0.010371000399071227
SPU_025888	SPU_006865	-0.010374742991337562
SPU_008845	SPU_019024_1	-0.010384861851909505
SPU_012384	SPU_009646	-0.010387079684363629
SPU_015374	SPU_008953_1	-0.010397753003049104
SPU_023894	SPU_003704	-0.010402743126070884
SPU_023177	SPU_019332	-0.010406624332865601
SPU_006808	SPU_007863	-0.010407317405507514
SPU_018391	SPU_002467	-0.01042104024381741
SPU_011174	SPU_026390	-0.010425337294197276
SPU_006583	SPU_024901_1	-0.010428248199293316
SPU_013119	SPU_016786	-0.010428386813821697
SPU_026418	SPU_010329_1	-0.010460129540821353
SPU_007644	SPU_020123	-0.010472050390262274
SPU_012546	SPU_007108	-0.010478565273096263
SPU_026099	SPU_011502	-0.010482307865362599
SPU_007262	SPU_014752	-0.01048535738498702
SPU_011297	SPU_009847	-0.010487991061026294
SPU_012253	SPU_002836	-0.01049935745235368
SPU_012772	SPU_011226	-0.010524862525576113
SPU_027774	SPU_009876	-0.010527080358030237
SPU_012772	SPU_024745	-0.010528743732370831
SPU_021192	SPU_013140_1	-0.010531793251995252
SPU_026418	SPU_007981	-0.010543852715964554
SPU_004702	SPU_017379	-0.01054565470483353
SPU_021172	SPU_015071	-0.010589456895802488
SPU_002592	SPU_007957	-0.010618565946762871
SPU_005022	SPU_004148	-0.010623694684313035
SPU_027969	SPU_013861	-0.010684962305858223
SPU_018581	SPU_015243	-0.010691754417748981
SPU_012469	SPU_021382	-0.010695081166430167
SPU_012253	SPU_007011	-0.01069771484246944
SPU_028255	SPU_027918	-0.010698546529639736
SPU_015456	SPU_007108	-0.010701596049264156
SPU_011174	SPU_028746	-0.010709635691910359
SPU_019002	SPU_025584	-0.010724467446447316
SPU_018483	SPU_012469	-0.010724883290032464
SPU_026418	SPU_028746	-0.010745536854761499
SPU_012203	SPU_015243	-0.01075011113419813
SPU_014418	SPU_014802	-0.010779081570630131
SPU_017725	SPU_014628	-0.010784071693651911
SPU_028255	SPU_018673	-0.010794329168752238
SPU_004702	SPU_023730	-0.010797794531961806
SPU_027969	SPU_021382	-0.010800428208001079
SPU_028255	SPU_004037	-0.010803339113097117
SPU_026962	SPU_008953_1	-0.010805418331022859
SPU_003470	SPU_009756	-0.010827042197450574
SPU_004414	SPU_005708	-0.010841735337459149
SPU_012008	SPU_021119	-0.010846309616895779
SPU_023366	SPU_002025_1	-0.010859893840677292
SPU_023037	SPU_000129	-0.010865854265397752
SPU_014197	SPU_013569	-0.010867794868795111
SPU_027969	SPU_025848	-0.010868487941437023
SPU_015829	SPU_026390	-0.010875973125969694
SPU_028255	SPU_012384	-0.010879992947292794
SPU_011297	SPU_014461	-0.010909240612781562
SPU_013119	SPU_007147	-0.010912983205047896
SPU_011635	SPU_014752	-0.010915478266558786
SPU_028827	SPU_013178	-0.010919913931467037
SPU_017379	SPU_004148	-0.010923933752790136
SPU_016617	SPU_013689_1	-0.010948468524313889
SPU_026418	SPU_022955_1	-0.010949300211484185
SPU_028255	SPU_019365	-0.010972726066780876
SPU_012469	SPU_002554	-0.010977716189802655
SPU_017470	SPU_012912	-0.010983815229051497
SPU_003595	SPU_007624	-0.010999201441701986
SPU_010635	SPU_015828	-0.011032884772099001
SPU_008117	SPU_025125	-0.011034825375496361
SPU_020565	SPU_014628	-0.01104272640361418
SPU_026962	SPU_014628	-0.011043003632670944
SPU_027774	SPU_000129	-0.011044528392483157
SPU_003470	SPU_030148	-0.011058251230793049
SPU_014332	SPU_007863	-0.011062964124758065
SPU_004021	SPU_014802	-0.011063795811928361
SPU_025346	SPU_012469	-0.011116746561770583
SPU_006583	SPU_005737	-0.011120350539508538
SPU_012645	SPU_004037	-0.011132687232534603
SPU_021172	SPU_000578	-0.01115597447330291
SPU_018392	SPU_023090	-0.011171637915010165
SPU_026633	SPU_008845	-0.011196172686533916
SPU_004551	SPU_003378	-0.011200469736913783
SPU_017971	SPU_012632	-0.011204073714651736
SPU_019002	SPU_021210	-0.011216964865791334
SPU_028583	SPU_015828	-0.011236786743350073
SPU_028255	SPU_011687	-0.011239143190332578
SPU_014793	SPU_020124	-0.011267975012236196
SPU_007599	SPU_011502	-0.011272687906201211
SPU_017379	SPU_000806	-0.011273103749786359
SPU_022846	SPU_013140_1	-0.0113130247339606
SPU_007981	SPU_016523	-0.011317321784340466
SPU_014197	SPU_007108	-0.011322311907362248
SPU_006583	SPU_018392	-0.01132439112528799
SPU_015108	SPU_006333	-0.011329797091894918
SPU_018954	SPU_008698	-0.011345044690017021
SPU_022846	SPU_026877	-0.011347401136999528
SPU_011174	SPU_004723	-0.011353084332663224
SPU_018581	SPU_026205	-0.011354054634361904
SPU_008703	SPU_019825	-0.011378589405885655
SPU_018355_1	SPU_014687	-0.011393975618536145
SPU_026905	SPU_020680	-0.011394945920234822
SPU_002791	SPU_020123	-0.011436391664221276
SPU_015829	SPU_010625	-0.011441520401771439
SPU_003595	SPU_014588	-0.011467302704050634
SPU_019002	SPU_022654	-0.0114764512629239
SPU_019366	SPU_021119	-0.011551857566364131
SPU_017642	SPU_013611	-0.011560590281652246
SPU_002874	SPU_020123	-0.01158221414807996
SPU_014576	SPU_022473	-0.011585402282232765
SPU_020565	SPU_014684	-0.011595382528276323
SPU_020124	SPU_019508	-0.011604392472621204
SPU_009831	SPU_020123	-0.011605501388848267
SPU_014418	SPU_009474	-0.011611739042625493
SPU_006803	SPU_008845	-0.011622689590367731
SPU_026418	SPU_008698	-0.011641957009812937
SPU_010424	SPU_010634	-0.011676749256437016
SPU_003166	SPU_008845	-0.01170391770400004
SPU_008752	SPU_002707	-0.011727204944768348
SPU_026465	SPU_014687	-0.011728452475523793
SPU_019002	SPU_007862	-0.011746333749685171
SPU_011635	SPU_020123	-0.011766432856300675
SPU_027969	SPU_024901	-0.011768789303283182
SPU_015828	SPU_018355	-0.011774749728003641
SPU_012384	SPU_007863	-0.011784036901405288
SPU_006803	SPU_009831	-0.011806353840474916
SPU_000129	SPU_018797	-0.011824096500107911
SPU_017404_1	SPU_006242	-0.01182811632143101
SPU_007147	SPU_006197	-0.011835462891435299
SPU_025584	SPU_012912	-0.01187191851239997
SPU_014793	SPU_018908	-0.011896453283923721
SPU_027969	SPU_026390	-0.011909344435063319
SPU_022678	SPU_027362	-0.011922651429788067
SPU_002592	SPU_006871	-0.011930275228849121
SPU_004599	SPU_016792	-0.011945938670556374
SPU_011174	SPU_008698	-0.011998473576813449
SPU_003470	SPU_000739	-0.011999028034926978
SPU_017642	SPU_013861	-0.012004711230590675
SPU_019089	SPU_007315	-0.012005681532289352
SPU_018954	SPU_012949	-0.012033958896079439
SPU_008117_1	SPU_009079_1	-0.01204047377891343
SPU_027472	SPU_011272_1	-0.012047543119860952
SPU_027774	SPU_006484	-0.012084969042524304
SPU_012253	SPU_009646	-0.012167999145025588
SPU_006583	SPU_012948	-0.012178395234654298
SPU_014418	SPU_023366	-0.012191425000322277
SPU_017404	SPU_017379	-0.012197246810514355
SPU_006814	SPU_003378	-0.012209306274483656
SPU_012384	SPU_007262	-0.012211662721466163
SPU_027015	SPU_022846	-0.012212355794108077
SPU_012469	SPU_024901_1	-0.012223167727321934
SPU_017837	SPU_030148	-0.012232454900723581
SPU_023730	SPU_007108	-0.012243959906579352
SPU_008845	SPU_004807	-0.012244791593749648
SPU_009831	SPU_018483	-0.012269049136216636
SPU_015828	SPU_026390	-0.01229372252226877
SPU_022242	SPU_023757	-0.01232906922700638
SPU_007253	SPU_002467	-0.012338217785879641
SPU_014722	SPU_010625	-0.012348613875508351
SPU_022242	SPU_006484	-0.012366633764198111
SPU_018954	SPU_019332	-0.012399208178368065
SPU_017470	SPU_026633	-0.012406277519315587
SPU_025584	SPU_015243	-0.012416119150830764
SPU_006676	SPU_005435	-0.012435109341219205
SPU_023037	SPU_003586	-0.012473089721996088
SPU_027969	SPU_022717	-0.012517446371078577
SPU_020722	SPU_004806	-0.012525070170139629
SPU_012469	SPU_009646	-0.012541842528073947
SPU_017579	SPU_023757	-0.012552931690344568
SPU_003166	SPU_014923	-0.012554872293741927
SPU_025888	SPU_015682	-0.012571783266204626
SPU_027598	SPU_028148	-0.012594793277916167
SPU_016449	SPU_009048	-0.012605189367544877
SPU_014793	SPU_012877	-0.012609625032453125
SPU_000129	SPU_018908	-0.012611149792265337
SPU_017404_1	SPU_023730	-0.012620714194723749
SPU_002592	SPU_011711	-0.012627922150199651
SPU_014836	SPU_027144	-0.012649961860212514
SPU_003595	SPU_023140	-0.012654674754177531
SPU_021608	SPU_009646	-0.012658694575500631
SPU_006917	SPU_003378	-0.012666595603618448
SPU_012913	SPU_011064	-0.012683367961552765
SPU_023037	SPU_012772	-0.012684476877779826
SPU_003595	SPU_013967	-0.012686278866648804
SPU_005358	SPU_000509	-0.012729387984975846
SPU_004021	SPU_009474	-0.012742972208757359
SPU_022242	SPU_019089	-0.012776239695569227
SPU_013119	SPU_024093	-0.012822675562577459
SPU_015828	SPU_005035	-0.012822952791634224
SPU_018126	SPU_028093	-0.012827388456542473
SPU_000739	SPU_012253	-0.01285760642372992
SPU_015829	SPU_018355	-0.012865230222790972
SPU_000975	SPU_019656	-0.012866477753546417
SPU_018581	SPU_024903	-0.012872438178266877
SPU_023366	SPU_014131	-0.01287257679279526
SPU_014836	SPU_002025_1	-0.012904180905266533
SPU_011174	SPU_018673	-0.012909864100930226
SPU_018861	SPU_012913	-0.012912497776969501
SPU_025584	SPU_024903	-0.012917903743576429
SPU_011297	SPU_012632	-0.012941606827929884
SPU_025346	SPU_015466	-0.012949369241519321
SPU_008117_1	SPU_014576	-0.012950755386803148
SPU_014793	SPU_018483	-0.01295879502944935
SPU_001657	SPU_021210	-0.012962399007187301
SPU_012772	SPU_019332	-0.012963646537942746
SPU_003470	SPU_008112	-0.012969468348134824
SPU_006583	SPU_018373	-0.012970161420776736
SPU_020123	SPU_013305	-0.012978062448894555
SPU_027935	SPU_007011	-0.012998854628151974
SPU_000975	SPU_000276	-0.013017983433068796
SPU_003470	SPU_002632	-0.013037805310627532
SPU_021172	SPU_018673	-0.01308299364688032
SPU_027969	SPU_018373	-0.013093528351037411
SPU_002634	SPU_018908	-0.013102261066325525
SPU_027472	SPU_015682	-0.013113350228596148
SPU_007262	SPU_004746	-0.013116261133692188
SPU_019002	SPU_022816	-0.013122498787469412
SPU_013569	SPU_009771	-0.013153271212770391
SPU_011297	SPU_015682	-0.013162835615228801
SPU_018954	SPU_010426	-0.013162835615228801
SPU_012469	SPU_012948	-0.013171013872403384
SPU_013119	SPU_012050	-0.013174063392027806
SPU_011174	SPU_010873	-0.013185429783355193
SPU_009642	SPU_020124	-0.013211489314691157
SPU_010424	SPU_009474	-0.013239905293009628
SPU_011174	SPU_010329_1	-0.013292301584738318
SPU_022049	SPU_003084	-0.013299925383799371
SPU_018797	SPU_020565	-0.013331945339855794
SPU_018483	SPU_007957	-0.013351351373829382
SPU_018581	SPU_008377_2	-0.013365628670252809
SPU_014722	SPU_005035	-0.013415391285942227
SPU_019332	SPU_024953	-0.01341650020216929
SPU_006583	SPU_018391	-0.013435767621614495
SPU_018908	SPU_003595	-0.013441866660863338
SPU_004723	SPU_013202	-0.0134808173433389
SPU_021172	SPU_011720	-0.013482757946736259
SPU_003166	SPU_009831	-0.013490797589382458
SPU_009831	SPU_023014	-0.013520045254871226
SPU_027774	SPU_003586	-0.013521570014683435
SPU_017470	SPU_024903	-0.013531411646198614
SPU_027935	SPU_002603	-0.013534461165823033
SPU_007262	SPU_030148	-0.013535985925635246
SPU_013689	SPU_030148	-0.013536817612805542
SPU_015829	SPU_005035	-0.013598778306992644
SPU_005435	SPU_007360_1	-0.01365436273287414
SPU_025346	SPU_000861	-0.013662125146463575
SPU_007147	SPU_013305	-0.013677095515528917
SPU_023037	SPU_014289	-0.013740858198584996
SPU_014793	SPU_006462	-0.01377551183068069
SPU_019332	SPU_025125	-0.013777036590492901
SPU_012914	SPU_003937	-0.013824858602784958
SPU_019002	SPU_014752	-0.013827215049767467
SPU_027774	SPU_023140	-0.013848423072610033
SPU_017837	SPU_024189	-0.013864640972430817
SPU_007599	SPU_023366	-0.013875591520173055
SPU_007262	SPU_013202	-0.013896106470373709
SPU_014197	SPU_006808	-0.013921888772652906
SPU_023037	SPU_017348	-0.01394060173398458
SPU_015108	SPU_018797	-0.013951968125311969
SPU_019332	SPU_013967	-0.013960839455128467
SPU_014332	SPU_014793	-0.013962086985883911
SPU_028255	SPU_011635	-0.013978443500233081
SPU_012253	SPU_009831	-0.013980799947215588
SPU_010424	SPU_015772	-0.013987592059106341
SPU_010424	SPU_017492	-0.013988700975333404
SPU_011297	SPU_024555	-0.014031532864603685
SPU_018483	SPU_018908	-0.014035414071398402
SPU_009831	SPU_022049	-0.014109711458611573
SPU_000485	SPU_026877	-0.014155038409392742
SPU_015982	SPU_017511	-0.014184563303938275
SPU_028255	SPU_012786	-0.01420189011998612
SPU_024093	SPU_006808	-0.014239177428121089
SPU_001262	SPU_001739	-0.014246385383596993
SPU_018392	SPU_015071_1	-0.014248048757937587
SPU_009831	SPU_011756	-0.014265791417570584
SPU_014722	SPU_012948	-0.014279098412295329
SPU_026962	SPU_001262_1	-0.014279514255880478
SPU_024307	SPU_017470	-0.014294900468530965
SPU_008117_1	SPU_006803	-0.014338841274028308
SPU_006421	SPU_011348	-0.014347573989316423
SPU_028255	SPU_009642	-0.014377653341975487
SPU_009831	SPU_026633	-0.014389990035001554
SPU_019332	SPU_017379	-0.014412445588599566
SPU_015828	SPU_013902	-0.014473851824673136
SPU_000129	SPU_026962	-0.014476485500712408
SPU_020124	SPU_019365	-0.014476901344297558
SPU_021172	SPU_026510	-0.014481614238262571
SPU_006808	SPU_014131	-0.014512525278091932
SPU_012469	SPU_025346	-0.014528050105270803
SPU_028255	SPU_007011	-0.014555634396418975
SPU_004148	SPU_021382	-0.014569080005672107
SPU_003179	SPU_005435	-0.014589872184929522
SPU_000948	SPU_023065	-0.014590288028514671
SPU_001998	SPU_004702	-0.014604703939466479
SPU_028479	SPU_024189	-0.014619397079475054
SPU_014332	SPU_009642	-0.014649476432134118
SPU_017579	SPU_007863	-0.014652941795343688
SPU_021172	SPU_009685	-0.01468246668988922
SPU_026465	SPU_020124	-0.014696189528199115
SPU_014722	SPU_013902	-0.014698268746124857
SPU_015772	SPU_004037	-0.01472488273557435
SPU_004414	SPU_004702	-0.014726961953500092
SPU_014722	SPU_016250	-0.014762585887294467
SPU_011189	SPU_005522	-0.014764526490691826
SPU_008752	SPU_008563	-0.014775615652962447
SPU_014793	SPU_000739	-0.014792526625425146
SPU_026418	SPU_015828	-0.014834665442053512
SPU_027015	SPU_012203	-0.014850051654704002
SPU_015374	SPU_024953	-0.014866130939996404
SPU_026633	SPU_007011	-0.01486848738697891
SPU_027969	SPU_004723	-0.014880269621891446
SPU_011576	SPU_026664	-0.014887338962838968
SPU_012490	SPU_022633	-0.014934745131545879
SPU_012772	SPU_018673	-0.014958586830427717
SPU_024093	SPU_015243	-0.015065042788225692
SPU_009642	SPU_012877	-0.015069755682190709
SPU_015108	SPU_004287_1	-0.015103161783530957
SPU_013119	SPU_004924	-0.015111755884290689
SPU_019332	SPU_026277	-0.015184389897163267
SPU_017470	SPU_007108	-0.015225003953979422
SPU_022242	SPU_008953_1	-0.015229162389830906
SPU_022242	SPU_004702	-0.015229439618887671
SPU_014793	SPU_026962	-0.015237895105119021
SPU_000948	SPU_013047	-0.015265479396267193
SPU_002874	SPU_020282	-0.015271578435516036
SPU_019332	SPU_006242	-0.015281558681559596
SPU_025113	SPU_011348	-0.015307618212895559
SPU_016449	SPU_006786	-0.015326885632340765
SPU_004148	SPU_010625	-0.015333954973288287
SPU_011174	SPU_015828	-0.0153765096335018
SPU_015829	SPU_013902	-0.015388430482942719
SPU_009831	SPU_019089	-0.015402846393894528
SPU_002603	SPU_018392	-0.015412272181824558
SPU_027774	SPU_016523	-0.015423222729566796
SPU_014836	SPU_007863	-0.015455104071094836
SPU_003595	SPU_023757	-0.015480886373374034
SPU_015828	SPU_012948	-0.015508886508107354
SPU_000129	SPU_002662_1	-0.015512906329430455
SPU_020565	SPU_007108	-0.01552912422925124
SPU_002592	SPU_014923	-0.015539658933408331
SPU_003595	SPU_017379	-0.015552550084547931
SPU_000485	SPU_014684	-0.015558926352853539
SPU_016449	SPU_013047	-0.015577223470600065
SPU_027053	SPU_000129	-0.015598154264385865
SPU_027774	SPU_028148	-0.015601619627595435
SPU_027969	SPU_010329_1	-0.015620748432512257
SPU_002815	SPU_020282	-0.015633362354595091
SPU_002320	SPU_017470	-0.015649580254415877
SPU_014836	SPU_004746	-0.015657758511590462
SPU_012384	SPU_019033	-0.015662471405555475
SPU_009048	SPU_012632	-0.015665936768765047
SPU_012203	SPU_013569	-0.015688530936891439
SPU_001262_2	SPU_003179	-0.01570114485897427
SPU_011174	SPU_001937	-0.015716808300681524
SPU_027774	SPU_019089	-0.015743699519187786
SPU_011576	SPU_002467	-0.01574896687126633
SPU_019089	SPU_010924	-0.015798175028842218
SPU_022846	SPU_026664	-0.0158361554096191
SPU_000129	SPU_010722	-0.015839066314715138
SPU_011297	SPU_014684	-0.015843363365095002
SPU_009642	SPU_000739	-0.015845026739435594
SPU_021172	SPU_002615	-0.015855838672649454
SPU_025632	SPU_021119	-0.015860274337557701
SPU_026905	SPU_025888	-0.015865403075107865
SPU_027053	SPU_012772	-0.015894234897011483
SPU_027214	SPU_000806	-0.015910591411360652
SPU_020565	SPU_004037	-0.015919739970233916
SPU_018954	SPU_003649	-0.015959245110823007
SPU_017579	SPU_015712	-0.015960492641578453
SPU_024918	SPU_006197	-0.015970195658565247
SPU_006676	SPU_018850	-0.016042136598795911
SPU_028255	SPU_011711	-0.016044908889363566
SPU_012253	SPU_022816	-0.016054611906350359
SPU_025346	SPU_014643	-0.016061404018241115
SPU_022242	SPU_024953	-0.016069305046358937
SPU_020637	SPU_014684	-0.016095225963166513
SPU_016449	SPU_020565	-0.016117265673179376
SPU_002592	SPU_015605	-0.016133483573000162
SPU_015243	SPU_013178	-0.016149008400179032
SPU_018355_1	SPU_020123	-0.016155246053956258
SPU_025113	SPU_012469	-0.016163008467545693
SPU_024139	SPU_004287_1	-0.01619267197661961
SPU_004702	SPU_013570	-0.016230652357396489
SPU_003166	SPU_007957	-0.016237167240230482
SPU_020124	SPU_021044	-0.016237444469287248
SPU_027969	SPU_007203	-0.01629150413535653
SPU_013015	SPU_005435	-0.016297048716491843
SPU_015829	SPU_012948	-0.016324910236696782
SPU_008117	SPU_030148	-0.016326434996508991
SPU_027015	SPU_020680	-0.016341543980102714
SPU_012648	SPU_026465	-0.01634819747746509
SPU_011635	SPU_002129	-0.016360256941434389
SPU_001998	SPU_019332	-0.016372870863517224
SPU_027774	SPU_012772	-0.016380217433521509
SPU_012203	SPU_021557	-0.016390059065036686
SPU_027969	SPU_007644	-0.016470455491498701
SPU_012914	SPU_011348	-0.016530891425873592
SPU_022242	SPU_007863	-0.016549049929091737
SPU_018392	SPU_004806	-0.016557366800794705
SPU_000749	SPU_013305	-0.016593267963645845
SPU_006803	SPU_010458	-0.016601446220820427
SPU_003595	SPU_006242	-0.01665287221085044
SPU_028583	SPU_005435	-0.016664515831234593
SPU_012699	SPU_023366	-0.0167417241235438
SPU_019332	SPU_018861	-0.016745466715810137
SPU_022846	SPU_009847	-0.016754615274683398
SPU_027214	SPU_007981	-0.01676154600110254
SPU_019332	SPU_003586	-0.016776100526582731
SPU_026099	SPU_014684	-0.016787882761495267
SPU_008845	SPU_004806	-0.016790100593949392
SPU_003548	SPU_004551	-0.01681352644924608
SPU_028255	SPU_015071_1	-0.016863011835878735
SPU_012648	SPU_014576	-0.016872160394751999
SPU_007644	SPU_013202	-0.016872576238337145
SPU_028479	SPU_026633	-0.016877982204944075
SPU_027774	SPU_017379	-0.016893784261179712
SPU_009771	SPU_010924	-0.016896972395332516
SPU_014836	SPU_014752	-0.016943269647812363
SPU_012203	SPU_018954	-0.016975428218397169
SPU_013305	SPU_016523	-0.017024220532387908
SPU_004414	SPU_019332	-0.01703627999635721
SPU_001998	SPU_003595	-0.017038913672396482
SPU_000948	SPU_026277	-0.017059428622597135
SPU_003595_1	SPU_002632	-0.017079250500155872
SPU_003470	SPU_006753	-0.017082577248837057
SPU_016449	SPU_008703	-0.017105587260548599
SPU_019332	SPU_023065	-0.017142735954155185
SPU_028827	SPU_010295	-0.017143290412268714
SPU_026633	SPU_011635	-0.017217449184953503
SPU_026418	SPU_016250	-0.017232419554018844
SPU_014628	SPU_011130	-0.017255984023843915
SPU_004414	SPU_003595	-0.017279548493668986
SPU_025010	SPU_011756	-0.017324459600865011
SPU_027015	SPU_021192	-0.017344004249366982
SPU_028255	SPU_014923	-0.017362717210698656
SPU_024093	SPU_017511	-0.01737727173617885
SPU_012384	SPU_011348	-0.017418024407523384
SPU_011174	SPU_022955	-0.017445331469614793
SPU_023366	SPU_001262_1	-0.017454341413959674
SPU_014628	SPU_002320	-0.017470282084723694
SPU_020123	SPU_003595	-0.017483450464920058
SPU_017579	SPU_002428	-0.017519490242299578
SPU_017404_1	SPU_026418	-0.017542777483067887
SPU_015640	SPU_013140	-0.017552341885526297
SPU_013047	SPU_006808	-0.017576322198936522
SPU_005022	SPU_015358	-0.017588936121019354
SPU_017642	SPU_020646	-0.017640223496520984
SPU_012253	SPU_025346	-0.017659629530494571
SPU_014170	SPU_006808	-0.01768250092767773
SPU_027774	SPU_014289	-0.017704402023162209
SPU_013689	SPU_002662_1	-0.017762481510554592
SPU_027053	SPU_014289	-0.017784798449624221
SPU_008528	SPU_002467	-0.017792560863213659
SPU_022242	SPU_027144	-0.017830125400405392
SPU_000861	SPU_026465	-0.017855491859099439
SPU_020722	SPU_002467	-0.017875313736658176
SPU_018392	SPU_019384	-0.017940462564998084
SPU_020124	SPU_008563	-0.017975947884264074
SPU_011348	SPU_005522	-0.017978442945774966
SPU_020311	SPU_009642	-0.017989116264460439
SPU_027935	SPU_007862	-0.017991472711442948
SPU_014793	SPU_006991	-0.018015314410324786
SPU_022820	SPU_024189	-0.018050799729590776
SPU_000975	SPU_020330_1	-0.018069235461865688
SPU_002874	SPU_019089	-0.018091136557350163
SPU_015374	SPU_005435	-0.018100007887166664
SPU_027969	SPU_000922	-0.018105136624716828
SPU_003704	SPU_020123	-0.018108740602454779
SPU_003470	SPU_025125	-0.018187057810991048
SPU_011246	SPU_010924	-0.018216166861951433
SPU_015908	SPU_018954	-0.018268840382736892
SPU_008117	SPU_024189	-0.018268978997265272
SPU_018393	SPU_018954	-0.018338147646928281
SPU_023037	SPU_019089	-0.018342583311836528
SPU_002632	SPU_022573	-0.01834507837334742
SPU_014170	SPU_026664	-0.018352702172408471
SPU_014836	SPU_022049	-0.018387494419032549
SPU_001262	SPU_002815	-0.018426167872451348
SPU_024307	SPU_003586	-0.018529851539681667
SPU_006814	SPU_010924	-0.018570188367441055
SPU_024189	SPU_016523	-0.018599020189344673
SPU_006803	SPU_014923	-0.018632564905213304
SPU_026418	SPU_005737	-0.018641020391444656
SPU_016881	SPU_015362	-0.018654881844282933
SPU_003595	SPU_016523	-0.018656129375038376
SPU_028255	SPU_009831	-0.018722941577718876
SPU_009831	SPU_030148	-0.018726129711871681
SPU_018355	SPU_020123	-0.018729040616967719
SPU_002603	SPU_005435	-0.018729733689609635
SPU_011635	SPU_022049	-0.018757456595286191
SPU_002592	SPU_017725	-0.018767159612272984
SPU_024093	SPU_023366	-0.01878975378039938
SPU_021172	SPU_011270	-0.018928784152367307
SPU_021172	SPU_006871	-0.018948467415397661
SPU_026418	SPU_004037	-0.018949299102567957
SPU_005022	SPU_002632	-0.018977437851829662
SPU_011174	SPU_005737	-0.018993239908065299
SPU_021172	SPU_002707	-0.019078349228492327
SPU_003166	SPU_021044	-0.019095121586426643
SPU_012469	SPU_021044	-0.019122151419461282
SPU_003470	SPU_015466	-0.019185359644403831
SPU_007262	SPU_006803	-0.019224310326879393
SPU_006583	SPU_000806	-0.019241082684813709
SPU_005022	SPU_010924	-0.019242052986512388
SPU_022817	SPU_004217	-0.019308310731079359
SPU_018355_1	SPU_009876	-0.019327716765052946
SPU_013015	SPU_003595	-0.019343102977703436
SPU_025584	SPU_018908	-0.019460648097772034
SPU_027015	SPU_011297	-0.019487677930806677
SPU_022242	SPU_013967	-0.019515539451011615
SPU_011189	SPU_000669	-0.019583044726334028
SPU_016881	SPU_015199	-0.019595520033888477
SPU_023037	SPU_004746	-0.019668708504874587
SPU_018581	SPU_023014	-0.019685758091865669
SPU_028255	SPU_021044	-0.019727619679437269
SPU_023037	SPU_014576	-0.019736491009253766
SPU_020722	SPU_028093	-0.019758114875681479
SPU_003166	SPU_010329	-0.019773778317388732
SPU_004414	SPU_024953	-0.019798174474384103
SPU_017470	SPU_024307	-0.019924868153325965
SPU_021608	SPU_014131	-0.019940115751448072
SPU_017837	SPU_006803	-0.019947739550509123
SPU_008752	SPU_010458	-0.019952313829945754
SPU_028255	SPU_000578	-0.019986690232984685
SPU_021172	SPU_015071_1	-0.019993898188460587
SPU_023894	SPU_026664	-0.020018848803569488
SPU_005435	SPU_023177	-0.02005183906132459
SPU_014793	SPU_008112	-0.020056136111704457
SPU_027598	SPU_015712	-0.02007762136360379
SPU_027969	SPU_002791	-0.020098274928332823
SPU_026418	SPU_022955	-0.020104096738524899
SPU_011189	SPU_000129	-0.020107423487206087
SPU_021608	SPU_009831	-0.020202374439148289
SPU_018391	SPU_018850	-0.020208334863868749
SPU_005435	SPU_027708	-0.020272513390509977
SPU_004599	SPU_027362	-0.020290533279199739
SPU_012203	SPU_002320	-0.020344731559797404
SPU_026962	SPU_012949	-0.020349028610177271
SPU_004217	SPU_020282	-0.020452573662879208
SPU_027969	SPU_019652	-0.020479742110442234
SPU_026905	SPU_025346	-0.020500950133284797
SPU_008752	SPU_000806	-0.020503861038380838
SPU_006803	SPU_016272	-0.02051162345197027
SPU_012469	SPU_007108	-0.020580514872576516
SPU_014836	SPU_017492	-0.020634020080532268
SPU_026905	SPU_013202	-0.020678792573199906
SPU_020124	SPU_014923	-0.020692654026038183
SPU_011174	SPU_018392	-0.020703327344723656
SPU_014418	SPU_027362	-0.02074394140153981
SPU_027472	SPU_006808	-0.020760159301360596
SPU_022242	SPU_002815	-0.020834456688573769
SPU_012469	SPU_019508	-0.020839169582538782
SPU_012469	SPU_011635	-0.02084208048763482
SPU_008117	SPU_014576	-0.020843328018390263
SPU_006484	SPU_028093	-0.020861486521608411
SPU_024189	SPU_004287	-0.020862734052363854
SPU_011635	SPU_019089	-0.020892813405022918
SPU_014793	SPU_012912	-0.02089891244427176
SPU_024918	SPU_002874	-0.020909585762957233
SPU_021608	SPU_025346	-0.020942714635240719
SPU_014836	SPU_001262_1	-0.020998714904707359
SPU_027774	SPU_012913	-0.021034893296615269
SPU_021172	SPU_009646	-0.02107495289531789
SPU_026418	SPU_018673	-0.021100735197597087
SPU_013305	SPU_023177	-0.02116366619348287
SPU_002791	SPU_013967	-0.021311013437153765
SPU_018908	SPU_001262_1	-0.021340122488114149
SPU_006583	SPU_025848	-0.021413865417213789
SPU_009831	SPU_012469	-0.021451707183462287
SPU_027935	SPU_013305	-0.021479845932723993
SPU_027053	SPU_019089	-0.021497034134243455
SPU_011189	SPU_008752	-0.021508954983684374
SPU_002592	SPU_025584	-0.021514499564819687
SPU_005435	SPU_019089	-0.02156093543182792
SPU_022242	SPU_001739	-0.021566341398434847
SPU_008528	SPU_018850	-0.02156745031466191
SPU_015828	SPU_022487	-0.021673490428874734
SPU_026633	SPU_004702	-0.021755273000620579
SPU_001262_2	SPU_015982	-0.021766223548362815
SPU_014628	SPU_006676	-0.021824996108397117
SPU_022242	SPU_026731	-0.021828184242549918
SPU_028479	SPU_023014	-0.021838025874065095
SPU_020124	SPU_010458	-0.021840659550104367
SPU_004723	SPU_030148	-0.0219071945237281
SPU_018954	SPU_004217	-0.021918145071470344
SPU_027774	SPU_023757	-0.021971511664897712
SPU_014793	SPU_015466	-0.022000204872272947
SPU_017470	SPU_020565	-0.022017670302849179
SPU_012469	SPU_016250	-0.022021135666058747
SPU_012469	SPU_015071_1	-0.022028343621534652
SPU_018581	SPU_000424	-0.022048581342678539
SPU_000276	SPU_023366	-0.022083373589302617
SPU_018581	SPU_002592	-0.022110264807808876
SPU_028120	SPU_013140	-0.022131195601594676
SPU_006803	SPU_003470	-0.022132858975935268
SPU_004702	SPU_006242	-0.022154760071419748
SPU_000129	SPU_028093	-0.022331909438692944
SPU_006583	SPU_003490	-0.02235367191964904
SPU_009831	SPU_006917	-0.022370582892111739
SPU_006583	SPU_024953	-0.022380563138155299
SPU_027774	SPU_018861	-0.022398028568731528
SPU_021172	SPU_007011	-0.022436424793093556
SPU_011297	SPU_014836	-0.022440167385359894
SPU_012648	SPU_003179	-0.022455969441595527
SPU_011297	SPU_002554	-0.022467751676508066
SPU_011635	SPU_013202	-0.022470801196132484
SPU_016881	SPU_020637	-0.022475375475569121
SPU_026633	SPU_018581	-0.022497276571053597
SPU_026418	SPU_018392	-0.022522088571634118
SPU_017837	SPU_002603	-0.022536088639000775
SPU_028255	SPU_023463_1	-0.022550365935424203
SPU_008752	SPU_000922	-0.022557019432786575
SPU_015829	SPU_027912_1	-0.022582247276952242
SPU_027774	SPU_014576	-0.022622999948296776
SPU_014793	SPU_026633	-0.022673732865684876
SPU_015829	SPU_022487	-0.022715455838728093
SPU_011202	SPU_026664	-0.022725297470243273
SPU_012203	SPU_004287	-0.022734723258173297
SPU_016523	SPU_028093	-0.022738881694024781
SPU_014401	SPU_026110	-0.022741931213649206
SPU_015828	SPU_027912_1	-0.02277214918083665
SPU_027214	SPU_006420	-0.022787396778958757
SPU_027774	SPU_023065	-0.022794743348963045
SPU_011297	SPU_021557	-0.022839793070687446
SPU_015828	SPU_027912	-0.022858644646547507
SPU_011635	SPU_024189	-0.022889001228263334
SPU_028255	SPU_019508	-0.022908961720350455
SPU_003470	SPU_015243	-0.022911040938276197
SPU_000975	SPU_006004	-0.022935159866214798
SPU_018392	SPU_019024	-0.022959417408681789
SPU_028255	SPU_007957	-0.022989912604925999
SPU_019332	SPU_011174	-0.022990189833982762
SPU_014197	SPU_009847	-0.023007793879087378
SPU_015829	SPU_027912	-0.023026645454947432
SPU_013689	SPU_018908	-0.023072942707427282
SPU_002874	SPU_013202	-0.02308264572441408
SPU_002592	SPU_009053	-0.023102883445557967
SPU_024139	SPU_013140	-0.023136705390483365
SPU_014722	SPU_022487	-0.02313864599388072
SPU_017470	SPU_009756	-0.023165814441443746
SPU_027935	SPU_015374	-0.023172052095220969
SPU_003470	SPU_012469	-0.02317995312333879
SPU_026877	SPU_022816	-0.023201161146181357
SPU_023894	SPU_002467	-0.023313300299643024
SPU_017579	SPU_002815	-0.023345736099284593
SPU_015108	SPU_022816	-0.023350033149664464
SPU_010424	SPU_014802	-0.023379419429681608
SPU_007644	SPU_006917	-0.023382053105720887
SPU_005022	SPU_008563	-0.02343916229141459
SPU_027053	SPU_003586	-0.023447063319532405
SPU_002874	SPU_003586	-0.023465221822750553
SPU_011174	SPU_000806	-0.023468132727846588
SPU_014722	SPU_027912	-0.023510826002588487
SPU_024918	SPU_010329	-0.0235115190752304
SPU_006808	SPU_015071	-0.02358332140093268
SPU_028255	SPU_007262	-0.023584568931688126
SPU_003595	SPU_018861	-0.023597044239242575
SPU_006583	SPU_018954	-0.02361922256378382
SPU_027969	SPU_000540	-0.023657757402674232
SPU_011635	SPU_025010	-0.023660529693241887
SPU_004414	SPU_003490	-0.023682708017783133
SPU_021172	SPU_021044	-0.023684925850237258
SPU_011246	SPU_016449	-0.023687005068163
SPU_008117_1	SPU_019089	-0.023691717962128014
SPU_025346	SPU_008377_2	-0.02371306459949896
SPU_019290	SPU_015071	-0.023744530097441853
SPU_012648	SPU_024189	-0.023757005404996302
SPU_011297	SPU_006808	-0.023761302455376169
SPU_015456	SPU_004287	-0.023772946075760325
SPU_012648	SPU_011174	-0.023816471037672517
SPU_007262	SPU_003179	-0.023819243328240175
SPU_014722	SPU_027912_1	-0.023949402370391601
SPU_013119	SPU_003084	-0.023990155041736138
SPU_004021	SPU_002008	-0.024006927399670454
SPU_011189	SPU_024189	-0.024015660114958575
SPU_006803	SPU_021044	-0.024073185144237428
SPU_023366	SPU_004287_1	-0.024081363401412013
SPU_005435	SPU_006242	-0.024117541793319916
SPU_004414	SPU_011001	-0.024152056810887227
SPU_019089	SPU_002631	-0.024157185548437394
SPU_009642	SPU_018908	-0.024191146107891172
SPU_027774	SPU_004746	-0.024221918533192149
SPU_017379	SPU_012648_1	-0.024322968524383197
SPU_007981	SPU_008752	-0.024337245820806624
SPU_017407	SPU_002815	-0.024366909329880539
SPU_002791	SPU_012772	-0.024432474001805593
SPU_028255	SPU_008845	-0.024458672147669936
SPU_028255	SPU_025849	-0.024506355545433615
SPU_019089	SPU_009079_1	-0.024611979816061294
SPU_020722	SPU_015071	-0.024636375973056658
SPU_011174	SPU_018391	-0.02464940573872464
SPU_015108	SPU_021557	-0.02472148529348369
SPU_011635	SPU_023065	-0.024732158612169163
SPU_026418	SPU_000806	-0.024755723081994235
SPU_021172	SPU_011711	-0.024788713339749333
SPU_005022	SPU_025125	-0.024837089810154925
SPU_001657	SPU_013305	-0.024844852223744364
SPU_005435	SPU_023757	-0.024911387197368094
SPU_027774	SPU_022049	-0.02492885262794433
SPU_025346	SPU_002592	-0.024936337812476995
SPU_027969	SPU_016250	-0.024972793433441665
SPU_011297	SPU_002025	-0.024974179578725494
SPU_017404	SPU_023177	-0.024999823266476311
SPU_019002	SPU_022573	-0.025034615513100388
SPU_027472	SPU_007108	-0.025042100697633057
SPU_026418	SPU_018391	-0.025064279022174306
SPU_026418	SPU_018373	-0.025075645413501692
SPU_023177	SPU_016449	-0.025087843491999377
SPU_021172	SPU_010329	-0.025192081617343227
SPU_002592	SPU_016272	-0.025235883808312185
SPU_013119	SPU_019656	-0.025308933664769911
SPU_014461	SPU_026877	-0.025348022961773853
SPU_000948	SPU_016449	-0.025367428995747444
SPU_004702	SPU_012203	-0.025376023096507175
SPU_009831	SPU_000669	-0.025421904505401875
SPU_018581	SPU_023386	-0.025439231321449721
SPU_008528	SPU_015071	-0.025446855120510776
SPU_015108	SPU_022817	-0.025452261087117702
SPU_021172	SPU_009642	-0.02548234043977677
SPU_027774	SPU_026277	-0.02556966759265792
SPU_015828	SPU_008377	-0.025569806207186303
SPU_019089	SPU_012913	-0.025587964710404448
SPU_011189	SPU_013202	-0.025648955102892869
SPU_024918	SPU_007862	-0.025651172935346998
SPU_004702	SPU_025125	-0.025704400914245983
SPU_002592	SPU_003102	-0.025713410858590864
SPU_028255	SPU_010329	-0.025722004959350595
SPU_011189	SPU_022049	-0.025732955507092835
SPU_027053	SPU_000669	-0.025825827241109295
SPU_001262	SPU_018908	-0.02585992641509146
SPU_019089	SPU_025346	-0.025939629768911558
SPU_003166	SPU_016272	-0.026087531470695986
SPU_009831	SPU_002592	-0.026098620632966606
SPU_015243	SPU_010295	-0.026110957325992674
SPU_018908	SPU_017470	-0.02620590827793488
SPU_011174	SPU_019332	-0.026217413283790653
SPU_027053	SPU_014576	-0.026244720345882058
SPU_003595	SPU_024307	-0.026255809508152681
SPU_006583	SPU_011001	-0.026334126716688954
SPU_017642	SPU_017470	-0.026395394338234141
SPU_020124	SPU_010329	-0.026506840419053893
SPU_019089	SPU_008845	-0.026546622788699754
SPU_003470	SPU_011756	-0.02655688026380008
SPU_015828	SPU_017811	-0.026568523884184236
SPU_011297	SPU_008377_2	-0.026570880331166741
SPU_014793	SPU_023014	-0.026590563594197095
SPU_023177	SPU_017470	-0.026626464757048236
SPU_011635	SPU_014576	-0.026693692803313886
SPU_012469	SPU_015071	-0.02671836618936602
SPU_006583	SPU_007203	-0.026726544446540601
SPU_002592	SPU_010458	-0.026739158368623433
SPU_013119	SPU_020330_1	-0.026757039642784815
SPU_021172	SPU_014923	-0.026793495263749485
SPU_000975	SPU_027362	-0.026819277566028681
SPU_003470	SPU_014643	-0.026853099510954079
SPU_011174	SPU_012948	-0.026889555131918753
SPU_005435	SPU_007624	-0.026914644361556033
SPU_002874	SPU_012772	-0.026972308005363273
SPU_001262_1	SPU_007253	-0.027016941883502527
SPU_018355_1	SPU_003179	-0.027027753816716384
SPU_026418	SPU_001937	-0.027057278711261915
SPU_015829	SPU_008377	-0.027069199560702837
SPU_004021	SPU_021757	-0.027082367940899198
SPU_014793	SPU_015243	-0.027087635292977742
SPU_006676	SPU_000578	-0.027121873081488293
SPU_005022	SPU_012648_1	-0.027142388031688943
SPU_006312	SPU_014793	-0.027165536657928865
SPU_014628	SPU_022163	-0.02721460620097637
SPU_023037	SPU_003179	-0.027216130960788582
SPU_002791	SPU_008752	-0.027299854135931782
SPU_026465	SPU_018908	-0.027304705644425178
SPU_021119	SPU_018954	-0.027323279991228473
SPU_015767	SPU_000437	-0.027349616751621196
SPU_027969	SPU_012948	-0.027352943500302387
SPU_019089	SPU_011130	-0.027384131769188514
SPU_003470	SPU_000509	-0.027423082451664072
SPU_006583	SPU_005435	-0.027446785536017527
SPU_008752	SPU_027969	-0.027466746028104651
SPU_006917	SPU_012786	-0.027590251572893704
SPU_006421	SPU_019024_1	-0.027654845943120083
SPU_012203	SPU_028827	-0.027720826458630284
SPU_021172	SPU_009831	-0.02775755930865172
SPU_003102	SPU_004702	-0.02780344071754642
SPU_011315	SPU_006583	-0.027812866505476451
SPU_027935	SPU_014131	-0.027832965612091955
SPU_023037	SPU_026277	-0.027843223087192278
SPU_003595	SPU_026731	-0.027903104563453639
SPU_015984	SPU_013178	-0.028007619917854259
SPU_027935	SPU_020646	-0.028012194197290889
SPU_011202	SPU_002467	-0.028043382466177016
SPU_016449	SPU_016016	-0.028108392679988537
SPU_016449	SPU_012203	-0.028162313731529439
SPU_015829	SPU_017811	-0.028184492056070681
SPU_004217	SPU_012772	-0.028199323810607638
SPU_011635	SPU_000310	-0.028261561733851512
SPU_015828	SPU_025856	-0.028262947879135341
SPU_014722	SPU_017811	-0.028270848907253156
SPU_009876	SPU_024953	-0.028334888819366001
SPU_014722	SPU_008377	-0.028381324686374235
SPU_008845	SPU_019024	-0.028393938608457066
SPU_027774	SPU_002677	-0.028421384285076859
SPU_001739	SPU_010305	-0.028513562946451403
SPU_006583	SPU_027969	-0.028521186745512458
SPU_004702	SPU_012772	-0.028609484200092291
SPU_017837	SPU_012490	-0.028641226927091947
SPU_017837	SPU_009079_1	-0.028834178350600776
SPU_017837	SPU_000424	-0.028956020521049241
SPU_028479	SPU_006803	-0.029053605149030718
SPU_014461	SPU_002309	-0.029081466669235653
SPU_015829	SPU_025856	-0.029091446915279217
SPU_011635	SPU_006917	-0.029106140055287791
SPU_003470	SPU_011064	-0.029108357887741916
SPU_006808	SPU_004287_1	-0.0291334471173792
SPU_007611	SPU_006242	-0.029170457196457399
SPU_013569	SPU_013902	-0.029211209867801936
SPU_021172	SPU_019508	-0.029314893535032253
SPU_027774	SPU_006242	-0.029349131323542804
SPU_019332	SPU_026418	-0.029386280017149387
SPU_012253	SPU_019033	-0.029494122120231191
SPU_015456	SPU_026277	-0.029589350301230159
SPU_002603	SPU_004287_1	-0.029612221698413318
SPU_013689	SPU_003179	-0.029615687061622889
SPU_002791	SPU_003586	-0.029682915107888539
SPU_011189	SPU_021172	-0.02971244000243407
SPU_002592	SPU_019002	-0.029846203022323454
SPU_020565	SPU_018954	-0.030025708836579155
SPU_011635	SPU_021172	-0.030034857395452415
SPU_007644	SPU_012772	-0.030044976256024359
SPU_014722	SPU_015071_1	-0.030068679340377814
SPU_005358	SPU_004287_1	-0.030071451630945469
SPU_021172	SPU_017635	-0.030188719521957303
SPU_027053	SPU_013202	-0.030246937623878072
SPU_013047	SPU_002309	-0.030301967591646037
SPU_002592	SPU_015358	-0.030340641045064828
SPU_014332	SPU_014628	-0.030469829785517578
SPU_016449	SPU_020680	-0.030481057562316585
SPU_013119	SPU_000276	-0.030574483754446581
SPU_020124	SPU_007611	-0.030585711531245584
SPU_012645	SPU_004287	-0.030601929431066374
SPU_000440	SPU_009771	-0.030639771197314866
SPU_012469	SPU_022633	-0.03078351446324781
SPU_026877	SPU_010424	-0.030796128385330641
SPU_019290	SPU_002320	-0.030809435380055393
SPU_028120	SPU_010403	-0.030836742442146802
SPU_002632	SPU_004702	-0.031076545576249007
SPU_027774	SPU_026731	-0.031102327878528204
SPU_009831	SPU_024189	-0.031102466493056587
SPU_007262	SPU_002603	-0.031236090898417591
SPU_003470	SPU_028827	-0.031322863593185209
SPU_009831	SPU_014576	-0.031378863862651853
SPU_003595	SPU_023177	-0.031379279706236995
SPU_027935	SPU_014628	-0.031471458367611546
SPU_006583	SPU_007611	-0.031484765362336298
SPU_004217	SPU_008752	-0.031530092313117465
SPU_024139	SPU_010403	-0.031537716112178517
SPU_014722	SPU_025856	-0.031544646838597659
SPU_005435	SPU_018861	-0.031563637028986097
SPU_012469	SPU_007011	-0.03172928139040352
SPU_026418	SPU_000578	-0.031741202239844439
SPU_022242	SPU_018861	-0.031795539134970484
SPU_028255	SPU_016272	-0.031855281996703469
SPU_027935	SPU_003378	-0.031861242421423921
SPU_027969	SPU_015071_1	-0.031945104211095511
SPU_025584	SPU_008752	-0.032079560303626804
SPU_023037	SPU_013202	-0.032159402271975286
SPU_011174	SPU_027912	-0.032217343144839289
SPU_003470	SPU_000861	-0.03224173930183466
SPU_002791	SPU_000669	-0.032336690253776862
SPU_000739	SPU_010295	-0.032345561583593363
SPU_008752	SPU_007611	-0.032362472556056059
SPU_011297	SPU_007108	-0.032491938525565575
SPU_021172	SPU_009053	-0.032506770280102536
SPU_025584	SPU_008377_2	-0.032739642687785606
SPU_006583	SPU_006420	-0.032853861059173012
SPU_024918	SPU_010698	-0.032890455294666068
SPU_028479	SPU_003179	-0.032905564278259795
SPU_007644	SPU_014576	-0.032942990200923138
SPU_003595	SPU_008936	-0.03301770343172146
SPU_008845	SPU_015071	-0.033025050001725745
SPU_010424	SPU_001657	-0.033078416595153121
SPU_009642	SPU_015243	-0.033086456237799322
SPU_003470	SPU_002592	-0.033150911993497317
SPU_014793	SPU_000669	-0.033423289541769478
SPU_025584	SPU_021172	-0.033432576715171122
SPU_011576	SPU_022573	-0.03343576484932393
SPU_028255	SPU_002309	-0.033471388783118297
SPU_006803	SPU_014793	-0.033485943308598491
SPU_017404_1	SPU_016045	-0.033506319644270761
SPU_021172	SPU_007262	-0.033532795019191874
SPU_012648	SPU_009079_1	-0.033579785344313634
SPU_015984	SPU_009911	-0.033597805233003396
SPU_026418	SPU_004723	-0.033617627110562133
SPU_013119	SPU_006004	-0.033640082664160145
SPU_012384	SPU_003470	-0.033784934846320148
SPU_007981	SPU_000669	-0.033807529014446544
SPU_009642	SPU_002592	-0.033840935115786792
SPU_014793	SPU_002592	-0.033844954937109893
SPU_022049	SPU_012786	-0.033863667898441571
SPU_003595	SPU_012491	-0.034104995792355985
SPU_009771	SPU_007957	-0.034267174790563841
SPU_027969	SPU_005035	-0.034310561137947657
SPU_004287_1	SPU_023177	-0.034441551867269382
SPU_027774	SPU_013967	-0.034473987666910948
SPU_027935	SPU_006786	-0.034493255086356159
SPU_002874	SPU_000669	-0.034586126820372619
SPU_021172	SPU_025584	-0.034691058018358388
SPU_019002	SPU_014628	-0.034723216588943187
SPU_018581	SPU_013086	-0.034749414734807534
SPU_015374	SPU_007624	-0.034779909931051747
SPU_018355_1	SPU_014576	-0.034865019251478772
SPU_019366	SPU_026664	-0.03494624736511108
SPU_014628	SPU_013015	-0.035011257578922601
SPU_001262_2	SPU_018908	-0.035132268062200774
SPU_024918	SPU_008117	-0.035379972224420804
SPU_013689	SPU_002634	-0.035435833879359058
SPU_014836	SPU_014628	-0.035513458015253421
SPU_012469	SPU_016272	-0.035520250127144173
SPU_027935	SPU_015108	-0.035554903759239871
SPU_016449	SPU_024307	-0.035620191202108159
SPU_009642	SPU_011756	-0.035622131805505518
SPU_000975	SPU_003084	-0.035649023024011774
SPU_011297	SPU_002320	-0.035716944142919337
SPU_007262	SPU_013086	-0.03574341951784045
SPU_017470	SPU_021172	-0.035931796661912652
SPU_021210	SPU_015374	-0.035934707567008686
SPU_027969	SPU_013902	-0.035988490004021205
SPU_012253	SPU_003470	-0.03599666826119579
SPU_011174	SPU_025848	-0.036039777379522832
SPU_002592	SPU_008563	-0.03612031242051323
SPU_014197	SPU_025849	-0.036189481070176235
SPU_002874	SPU_014576	-0.036274313161546501
SPU_014793	SPU_004983	-0.03628096665890887
SPU_003595_1	SPU_002662_1	-0.036362056158012801
SPU_020124	SPU_000922	-0.036371481945942828
SPU_014793	SPU_002129	-0.036402531600300568
SPU_002320	SPU_002467	-0.03643649215975435
SPU_005022	SPU_012253	-0.036479878507138158
SPU_011189	SPU_006917	-0.036480432965251691
SPU_014793	SPU_009079_1	-0.036523264854521974
SPU_007644	SPU_000669	-0.036528948050185667
SPU_026633	SPU_016272	-0.036574690844551984
SPU_000276	SPU_014461	-0.036821286090544948
SPU_002791	SPU_014576	-0.036890454740207961
SPU_013689_1	SPU_013178	-0.03689156365643502
SPU_021172	SPU_004723	-0.036902098360592106
SPU_021172	SPU_010458	-0.036943959948163713
SPU_027969	SPU_027912	-0.037022831614813512
SPU_019332	SPU_023177	-0.037095188398629318
SPU_021210	SPU_026277	-0.03716435704829233
SPU_011174	SPU_007611	-0.037270813006090309
SPU_015108	SPU_024877	-0.037292852716103164
SPU_000129	SPU_025584	-0.037327922191784012
SPU_024139	SPU_023463_1	-0.037401110662770118
SPU_021172	SPU_011001	-0.037417605791647671
SPU_011635	SPU_006803	-0.037423011758254597
SPU_012384	SPU_022633	-0.037440477188830826
SPU_001262_2	SPU_002815	-0.037531408319449934
SPU_009642	SPU_000669	-0.037649092054046915
SPU_021608	SPU_025584	-0.037682913998972313
SPU_026418	SPU_007203	-0.037704537865400026
SPU_022163	SPU_017470	-0.037723250826731697
SPU_009831	SPU_007317	-0.037731983542019815
SPU_015108	SPU_004287	-0.037746676682028392
SPU_004021	SPU_006312	-0.037854518785110189
SPU_027969	SPU_027912_1	-0.037879608014747476
SPU_011189	SPU_000310	-0.03795598461988639
SPU_004287_1	SPU_023065	-0.037957232150641826
SPU_012772	SPU_017470	-0.037991192710095614
SPU_019089	SPU_017725	-0.038057727683719345
SPU_011174	SPU_027912_1	-0.038102361561858603
SPU_003470	SPU_006803	-0.038150876646792578
SPU_019002	SPU_014131	-0.038315134862926169
SPU_027015	SPU_021726	-0.03831887745519251
SPU_019332	SPU_020680	-0.03856173010891914
SPU_014836	SPU_014131	-0.038574621260058735
SPU_001262_1	SPU_023177	-0.038648086960101607
SPU_003595	SPU_001739	-0.038760364728091662
SPU_005022	SPU_012546	-0.038887751479675436
SPU_012469	SPU_027912	-0.038937652709893231
SPU_020124	SPU_027969	-0.038974940018028204
SPU_019089	SPU_014923	-0.039021930343149963
SPU_018581	SPU_006803	-0.039036900712215307
SPU_021172	SPU_016272	-0.039070168199027172
SPU_020123	SPU_007611	-0.039211970861562757
SPU_008117	SPU_006803	-0.039224307554588826
SPU_002592	SPU_014332	-0.03929624849481949
SPU_006583	SPU_019652	-0.039317595132190436
SPU_027774	SPU_010635	-0.039393694508272584
SPU_026418	SPU_007611	-0.039393971737329343
SPU_024093	SPU_022816	-0.039395219268084793
SPU_021608	SPU_022633	-0.039438467000940218
SPU_012772	SPU_025346	-0.03946161562718014
SPU_027969	SPU_010698	-0.039507081192489697
SPU_005435	SPU_024610	-0.039512487159096624
SPU_027774	SPU_013202	-0.039562111160257658
SPU_018954	SPU_004621	-0.039582071652344779
SPU_001262	SPU_007253	-0.03960050738461969
SPU_004148	SPU_019024_1	-0.039686864235802165
SPU_026962	SPU_017470	-0.039687557308444074
SPU_012469	SPU_009831	-0.039693240504107767
SPU_024093	SPU_007957	-0.039748270471875735
SPU_018797	SPU_011174	-0.039772528014342723
SPU_008117	SPU_009079_1	-0.03984460756910177
SPU_014836	SPU_002615	-0.03998363794106969
SPU_028120	SPU_005358	-0.040030905495248223
SPU_012699	SPU_009756	-0.040080806725466024
SPU_008703	SPU_010403	-0.040103400893592413
SPU_017404	SPU_002815	-0.040267520495197627
SPU_018483	SPU_017837	-0.040285540383887389
SPU_011174	SPU_027969	-0.040433719314728576
SPU_013119	SPU_027362	-0.04079009726720071
SPU_005435	SPU_018126	-0.041025741965451439
SPU_002815	SPU_002467	-0.041050276736975186
SPU_027969	SPU_010625	-0.041068851083778481
SPU_026418	SPU_025848	-0.041093663084359001
SPU_005435	SPU_013967	-0.041146891063257987
SPU_014289	SPU_024903	-0.041244752920296224
SPU_017971	SPU_011130	-0.041254040093697875
SPU_024918	SPU_020722	-0.041263050038042752
SPU_022817	SPU_004806	-0.041367981236028521
SPU_004021	SPU_025590	-0.04143687265663476
SPU_018581	SPU_025125	-0.041935607729756005
SPU_027214	SPU_027969	-0.042057172671147704
SPU_008752	SPU_022487	-0.042198420875569756
SPU_013569	SPU_028030	-0.042245133971634756
SPU_021172	SPU_015605	-0.042287827246376648
SPU_013569	SPU_008595_1	-0.042405926824558779
SPU_000129	SPU_005358	-0.042490065843287128
SPU_009831	SPU_009079_1	-0.042509056033675566
SPU_027935	SPU_025010	-0.042513907542168966
SPU_011174	SPU_000922	-0.042597076259198632
SPU_014722	SPU_004806	-0.042746918564380412
SPU_014793	SPU_008752	-0.042749136396834538
SPU_004287_1	SPU_010635	-0.042803473291960589
SPU_024093	SPU_007315	-0.042950543306574725
SPU_006803	SPU_003102	-0.043108425254402706
SPU_014418	SPU_005358	-0.043213495066916852
SPU_025346	SPU_012913	-0.043251198218636974
SPU_027935	SPU_013015	-0.043298881616400643
SPU_005435	SPU_002815	-0.043392862266644169
SPU_027214	SPU_007611	-0.043455100189888039
SPU_023090	SPU_000669	-0.043458426938569224
SPU_026418	SPU_013902	-0.043529952035214745
SPU_019089	SPU_007317	-0.043532724325782396
SPU_003166	SPU_011189	-0.043651655591134819
SPU_006583	SPU_000540	-0.043699477603426878
SPU_015828	SPU_023090	-0.043752705582325871
SPU_017379	SPU_003704	-0.043889102278254523
SPU_018744	SPU_008752	-0.044063895198545207
SPU_019002	SPU_009642	-0.044077202193269958
SPU_027969	SPU_022487	-0.044132509390094686
SPU_023037	SPU_012491	-0.044273203136403212
SPU_011174	SPU_013902	-0.04434278762965136
SPU_024093	SPU_000310	-0.044482649688789587
SPU_024918	SPU_011189	-0.044832235529370962
SPU_009642	SPU_009079_1	-0.044923998347160363
SPU_017470	SPU_010722	-0.04500079079588442
SPU_001262_2	SPU_002634	-0.045026850327220383
SPU_004702	SPU_024307	-0.045091444697446754
SPU_026905	SPU_022633	-0.045155345995031224
SPU_027774	SPU_012491	-0.045250712790558575
SPU_027969	SPU_010698_1	-0.045280514914160873
SPU_027774	SPU_001739	-0.045303524925872418
SPU_027053	SPU_012491	-0.045386970871958844
SPU_009831	SPU_002631	-0.045488298092206662
SPU_001262	SPU_023177	-0.045726853695553425
SPU_015828	SPU_004807	-0.045905943666223976
SPU_015982	SPU_017635	-0.045964023153616355
SPU_019332	SPU_006583	-0.046027092764030525
SPU_018392	SPU_003704	-0.046361846850074932
SPU_015829	SPU_023090	-0.046396639096699013
SPU_015984	SPU_018954	-0.04657808551435208
SPU_024918	SPU_010698_1	-0.046622164934377798
SPU_021172	SPU_003470	-0.046762304222572791
SPU_015829	SPU_004807	-0.046819136179209728
SPU_002592	SPU_020311	-0.046861136381309718
SPU_011174	SPU_022242	-0.047031216407635378
SPU_014793	SPU_006803	-0.04709913752654294
SPU_024903	SPU_011064	-0.047279890871554091
SPU_009048	SPU_004287_1	-0.047329237643658366
SPU_015719	SPU_005358	-0.047443871858630929
SPU_014722	SPU_023090	-0.047505139480176109
SPU_012384	SPU_014131	-0.047573615057197198
SPU_024918	SPU_028030	-0.047687694814056235
SPU_020124	SPU_011189	-0.047867755086425462
SPU_007644	SPU_015982	-0.048178806088116415
SPU_005022	SPU_012490	-0.048204172546810468
SPU_014401	SPU_007315	-0.048341123700852653
SPU_014793	SPU_000424	-0.048356094069917997
SPU_004702	SPU_020680	-0.048498312576038732
SPU_004702	SPU_023177	-0.048679481764635026
SPU_003595	SPU_015712	-0.048711085877106292
SPU_017837	SPU_013086	-0.048716353229184849
SPU_026418	SPU_017470	-0.048798413029987449
SPU_020124	SPU_011711	-0.048829878527930339
SPU_011174	SPU_005035	-0.048888373858907874
SPU_009771	SPU_017725	-0.048984156498020376
SPU_004702	SPU_020565	-0.049061226175801199
SPU_006484	SPU_011130	-0.049087562936193922
SPU_024139	SPU_005358	-0.049120830423005794
SPU_008528	SPU_006583	-0.049128038378481696
SPU_018797	SPU_005572	-0.04934996023842253
SPU_027774	SPU_025010	-0.049367148439941992
SPU_015719	SPU_003084	-0.049370475188623184
SPU_011174	SPU_006420	-0.049465426140565386
SPU_019332	SPU_015712	-0.049547347326839609
SPU_014793	SPU_008377_2	-0.049830398193797247
SPU_003166	SPU_014332	-0.050352836351271947
SPU_025010	SPU_020282	-0.050616342569727614
SPU_014722	SPU_004807	-0.050655847710316705
SPU_018581	SPU_000756	-0.05090161126913937
SPU_023730	SPU_007315	-0.051039671339408621
SPU_025346	SPU_007317	-0.051154166939852794
SPU_027969	SPU_008377	-0.051215850404983131
SPU_003595	SPU_025010	-0.051316623167117409
SPU_005435	SPU_015712	-0.051433336600015714
SPU_004148	SPU_003490	-0.051493079461748699
SPU_011635	SPU_012490	-0.051580406614629842
SPU_012469	SPU_011711	-0.051759635199828777
SPU_028255	SPU_011189	-0.051996804657891721
SPU_027053	SPU_011174	-0.052161755946667228
SPU_014418	SPU_003084	-0.052337796397713361
SPU_006583	SPU_002791	-0.052401143237184283
SPU_012469	SPU_003470	-0.052419301740402435
SPU_020311	SPU_014793	-0.052658689030919491
SPU_026418	SPU_027969	-0.052939244836366237
SPU_026418	SPU_006420	-0.052966136054872499
SPU_006583	SPU_012648	-0.05313039427100609
SPU_023386	SPU_012786	-0.053206770876145011
SPU_021172	SPU_022633	-0.053237959145031134
SPU_026418	SPU_008377	-0.053240176977485253
SPU_005435	SPU_007253	-0.053470138480072288
SPU_012648	SPU_026418	-0.053537505140866318
SPU_016449	SPU_026277	-0.053551505208232979
SPU_006786	SPU_002320	-0.05363813928847222
SPU_017470	SPU_006917	-0.053650753210555048
SPU_026418	SPU_019652	-0.053778694420252356
SPU_014628	SPU_002662_1	-0.05380281334819096
SPU_014628	SPU_002662	-0.053818199560841447
SPU_026418	SPU_005035	-0.053828872879526923
SPU_011315	SPU_015908	-0.0538338630025487
SPU_000129	SPU_017635	-0.053951546737145681
SPU_007981	SPU_011174	-0.054020022314166777
SPU_009831	SPU_006803	-0.054183587457658451
SPU_028479	SPU_021172	-0.054256221470531038
SPU_006583	SPU_017811	-0.054492282012366909
SPU_005022	SPU_006803	-0.054650441189251664
SPU_002592	SPU_014793	-0.054704500855320949
SPU_026418	SPU_000922	-0.054920462290541316
SPU_027235	SPU_008703	-0.05494097724074197
SPU_026962	SPU_004702	-0.054998918113605966
SPU_013689	SPU_009771	-0.055158047592189403
SPU_011174	SPU_022487	-0.055259929270550748
SPU_018954	SPU_004702	-0.055302761159821023
SPU_015828	SPU_019384	-0.055510682952395189
SPU_027774	SPU_015982	-0.055568762439787582
SPU_026465	SPU_000669	-0.05564389151417104
SPU_013047	SPU_007315	-0.055776961461418514
SPU_011635	SPU_013015	-0.055818407205404964
SPU_007253	SPU_025584	-0.055829496367675591
SPU_021172	SPU_008563	-0.055877734223552793
SPU_021608	SPU_009642	-0.056173399012593266
SPU_017470	SPU_016016	-0.056228428980361227
SPU_006803	SPU_010295	-0.056625005146064368
SPU_027969	SPU_017811	-0.056633599246824103
SPU_008845	SPU_003704	-0.056713163986115804
SPU_019002	SPU_018581	-0.05695366019285994
SPU_007599	SPU_002320	-0.056959759232108775
SPU_021172	SPU_011189	-0.056967660260226601
SPU_015829	SPU_019384	-0.057328196648550205
SPU_013689	SPU_023386	-0.057330691710061096
SPU_007611	SPU_015712	-0.057692475629140157
SPU_002592	SPU_012253	-0.057797406827125919
SPU_000129	SPU_007957	-0.057860753666596841
SPU_006803	SPU_019024_1	-0.057868793309243043
SPU_026418	SPU_023090	-0.05796055612703245
SPU_018744	SPU_008703	-0.05796610070816776
SPU_020311	SPU_026465	-0.057975526496097794
SPU_017379	SPU_026110	-0.05797691264138162
SPU_005022	SPU_006421	-0.058079348777856497
SPU_027774	SPU_002815	-0.058124675728637665
SPU_014170	SPU_005358	-0.058196339439811555
SPU_005718	SPU_007315	-0.058216715775483832
SPU_020124	SPU_018680	-0.058417984070695622
SPU_011202	SPU_007315	-0.058549252029074121
SPU_027969	SPU_027053	-0.058562836252855625
SPU_026099	SPU_002320	-0.058674559562732154
SPU_009831	SPU_021172	-0.058733747966351599
SPU_012203	SPU_007315	-0.058754955989194169
SPU_011635	SPU_015982	-0.058795847275067085
SPU_005022	SPU_006583	-0.059056581202955094
SPU_001262_2	SPU_010635	-0.059078759527496333
SPU_012203	SPU_006753	-0.059208918569647766
SPU_002592	SPU_011583	-0.059304423979703508
SPU_022817	SPU_004807	-0.059341434058781707
SPU_011189	SPU_013015	-0.059528840901155219
SPU_011576	SPU_005358	-0.059596762020062782
SPU_027935	SPU_016016	-0.060089120824878425
SPU_014722	SPU_019384	-0.060138051753397544
SPU_026418	SPU_002791	-0.060202923352680682
SPU_003595	SPU_026418	-0.060301616896889225
SPU_018483	SPU_003102	-0.060334884383701083
SPU_023366	SPU_009771	-0.060335022998229473
SPU_001262_1	SPU_005718	-0.060498865370777921
SPU_027969	SPU_004806	-0.060553340880432349
SPU_012469	SPU_003102	-0.060581479629694054
SPU_027969	SPU_003490	-0.060585499451017162
SPU_003595	SPU_007253	-0.060590766803095705
SPU_026418	SPU_022487	-0.060704846559954728
SPU_021172	SPU_014332	-0.060714410962413139
SPU_017579	SPU_027935_1	-0.060895857380066205
SPU_007262	SPU_023386	-0.06092981793951998
SPU_007599	SPU_003084	-0.060954352711043727
SPU_028120	SPU_025584	-0.061049858121099476
SPU_002592	SPU_012914	-0.061123878279255875
SPU_002592	SPU_011064	-0.061146611061910647
SPU_009831	SPU_000424	-0.061464038331907223
SPU_002791	SPU_026277	-0.06154512783101114
SPU_017579	SPU_024610	-0.061590593396320698
SPU_003595	SPU_002815	-0.061657405599001194
SPU_012699	SPU_003084	-0.061680831454297889
SPU_028255	SPU_014332	-0.061818475680981984
SPU_013305	SPU_001998	-0.062088496782271643
SPU_004702	SPU_015712	-0.062092655218123127
SPU_002592	SPU_010295	-0.062093348290765037
SPU_024918	SPU_017837	-0.062267863981998954
SPU_028120	SPU_004983	-0.062300577010697293
SPU_011174	SPU_002791	-0.062410359717176456
SPU_018483	SPU_009079_1	-0.062603033911628525
SPU_023037	SPU_015982	-0.062673450092046973
SPU_020124	SPU_012914	-0.062803886363255179
SPU_024918	SPU_013305	-0.062938481070314856
SPU_024093	SPU_005358	-0.063021788401872905
SPU_027472	SPU_005358	-0.063048956849435928
SPU_009642	SPU_006803	-0.063494325329129797
SPU_025632	SPU_003084	-0.063870386544632285
SPU_011297	SPU_005358	-0.064085377678153962
SPU_025113	SPU_015982	-0.064154269098760208
SPU_003595	SPU_001998	-0.064292606398086233
SPU_006583	SPU_010625	-0.064386171204744616
SPU_008752	SPU_010426	-0.064461161664599698
SPU_007611	SPU_026418	-0.064593954382790392
SPU_018744	SPU_001657	-0.064770826521006825
SPU_015640	SPU_003084	-0.065175442329356154
SPU_022242	SPU_007624	-0.065261521951481855
SPU_014170	SPU_003084	-0.065327086623406916
SPU_014836	SPU_026465	-0.065348294646249486
SPU_011576	SPU_003084	-0.065477899230287379
SPU_001262_2	SPU_007253	-0.065529741063902539
SPU_011174	SPU_023090	-0.065782573963672736
SPU_011635	SPU_013086	-0.065933109341496432
SPU_028479	SPU_013015	-0.066017386974753164
SPU_010295	SPU_015108	-0.066137565770861023
SPU_011297	SPU_007315	-0.066167783738048477
SPU_012772	SPU_004621	-0.066478696125211054
SPU_006803	SPU_010698	-0.066519032952970444
SPU_022678	SPU_023177	-0.066950817208882796
SPU_027935	SPU_000756	-0.067168442018443769
SPU_000485	SPU_007315	-0.067988901411941444
SPU_027774	SPU_023177	-0.068091476162944697
SPU_003102	SPU_004340	-0.068155793304114309
SPU_014793	SPU_028827	-0.068199734109611651
SPU_023894	SPU_003084	-0.068293853374383567
SPU_008528	SPU_001998	-0.068300091028160786
SPU_026418	SPU_017811	-0.068486111725250473
SPU_015984	SPU_017470	-0.068577042855869574
SPU_012253	SPU_009642	-0.068653696690065255
SPU_006803	SPU_008117	-0.06926595706193199
SPU_011635	SPU_011271	-0.069430908350707504
SPU_003595	SPU_018126	-0.069843286572646268
SPU_027472	SPU_007315	-0.070386378294850005
SPU_011202	SPU_005358	-0.070412021982600825
SPU_002791	SPU_011174	-0.070416180418452309
SPU_011174	SPU_000540	-0.070500042208123892
SPU_019290	SPU_007315	-0.070722795755235018
SPU_010424	SPU_018954	-0.071503195550030069
SPU_023037	SPU_020565	-0.071736067957713145
SPU_027774	SPU_015712	-0.071765870081315436
SPU_001998	SPU_004621	-0.072123772793599772
SPU_011635	SPU_002603	-0.072134030268700092
SPU_027774	SPU_018126	-0.072229674293284224
SPU_001739	SPU_025584	-0.072265298227078598
SPU_004702	SPU_008377_2	-0.07246920019832967
SPU_007599	SPU_007315	-0.072650785230511106
SPU_026905	SPU_024610	-0.072677537834488978
SPU_020123	SPU_004621	-0.0727063696563926
SPU_017404	SPU_006814	-0.072748785702077726
SPU_011189	SPU_015982	-0.072894608185936419
SPU_027969	SPU_025856	-0.07292233109161296
SPU_011174	SPU_012648	-0.073092272503410258
SPU_021172	SPU_012253	-0.073212589914046514
SPU_001262_2	SPU_023386	-0.073344135101481772
SPU_019290	SPU_005358	-0.073439917740594274
SPU_014461	SPU_003084	-0.073463759439476112
SPU_015982	SPU_012786	-0.073649225678452265
SPU_003166	SPU_003102	-0.07374057265265653
SPU_018581	SPU_021172	-0.073820137391948232
SPU_028255	SPU_003102	-0.073867959404240291
SPU_012469	SPU_017837	-0.073976494579964011
SPU_000948	SPU_000757	-0.074341328018667496
SPU_004217	SPU_011174	-0.07456921030332879
SPU_004702	SPU_026277	-0.074617586773734382
SPU_008752	SPU_004621	-0.074661250350174943
SPU_012648	SPU_006583	-0.074730141770781189
SPU_002603	SPU_012648	-0.074926004099386059
SPU_025584	SPU_009079_1	-0.075133648662903466
SPU_006803	SPU_008117_1	-0.075362501249263428
SPU_018954	SPU_023090	-0.075414620311935354
SPU_026418	SPU_010625	-0.075859850177100854
SPU_027214	SPU_004621	-0.075915989061095868
SPU_027214	SPU_010426	-0.076137217848394792
SPU_003470	SPU_007317	-0.07624921838732808
SPU_007644	SPU_009771	-0.076457694638015772
SPU_012469	SPU_002615	-0.07654349703108472
SPU_022817	SPU_019384	-0.076586190305826612
SPU_005022	SPU_000669	-0.076726884052135139
SPU_002592	SPU_021608	-0.076760012924418627
SPU_027935	SPU_004287_1	-0.076774567449898815
SPU_000948	SPU_012645	-0.076843181641448294
SPU_006803	SPU_019033	-0.07752682849543216
SPU_011174	SPU_010426	-0.077538194886759559
SPU_024093	SPU_016016	-0.077578947558104086
SPU_018391	SPU_001998	-0.07758920503320442
SPU_022678	SPU_018954	-0.077772869283311605
SPU_019332	SPU_001998	-0.078307782748340743
SPU_009831	SPU_013086	-0.078489367780522193
SPU_027969	SPU_023090	-0.078776161239746165
SPU_027015	SPU_016449	-0.07907737060992194
SPU_027774	SPU_007253	-0.07921210393151
SPU_023366	SPU_006676	-0.079266579441164428
SPU_005022	SPU_009079_1	-0.079322856939687839
SPU_004021	SPU_007957	-0.079406164271245902
SPU_006803	SPU_017837	-0.079837255454516337
SPU_006753	SPU_015108	-0.080373000606715789
SPU_026418	SPU_012648	-0.080622645372333171
SPU_001262_2	SPU_023177	-0.08100674623048186
SPU_019089	SPU_008117	-0.081021162141433664
SPU_003166	SPU_019002	-0.08126595539855766
SPU_023730	SPU_022163	-0.081434926508656261
SPU_002874	SPU_011174	-0.081459184051123248
SPU_027969	SPU_018680	-0.081493005996048654
SPU_004702	SPU_011174	-0.081713264481648895
SPU_003166	SPU_019024_1	-0.08191661199478642
SPU_021172	SPU_020311	-0.081953067615751093
SPU_026418	SPU_010426	-0.082351584384851587
SPU_024918	SPU_018056	-0.08248562463379773
SPU_008752	SPU_018680	-0.082607744033302968
SPU_011174	SPU_004621	-0.082663605688241229
SPU_017470	SPU_004983	-0.082755507120559013
SPU_014836	SPU_004287_1	-0.082774774540004217
SPU_003166	SPU_012253	-0.082851705603256651
SPU_021172	SPU_012914	-0.082973131930119973
SPU_021172	SPU_003102	-0.082985468623146041
SPU_006803	SPU_018680	-0.083063092759040405
SPU_002816	SPU_009756	-0.083498896836275857
SPU_026418	SPU_019384	-0.083604659721431926
SPU_019089	SPU_015358	-0.084152325723072283
SPU_011635	SPU_023386	-0.08417214760063102
SPU_028120	SPU_003084	-0.08450357493799425
SPU_012203	SPU_002129	-0.084550981106701159
SPU_020124	SPU_019033	-0.084853438007632398
SPU_019089	SPU_014793	-0.084905834299361077
SPU_003102	SPU_011271	-0.084971537585814522
SPU_022846	SPU_003084	-0.085370608813028548
SPU_005435	SPU_006814	-0.085756095816461056
SPU_017379	SPU_015358	-0.085943225429777809
SPU_027969	SPU_004807	-0.085953067061292979
SPU_026418	SPU_004621	-0.086067978505322301
SPU_011576	SPU_004287_1	-0.086137562998570463
SPU_014793	SPU_021172	-0.086409247474200715
SPU_020124	SPU_008117_1	-0.086612456372809871
SPU_009771	SPU_012786	-0.087242043560724458
SPU_027774	SPU_002634	-0.087502084415970544
SPU_001262_1	SPU_010635	-0.087696421984763198
SPU_011315	SPU_010403	-0.088577317312635767
SPU_027774	SPU_009771	-0.089065517681599926
SPU_015640	SPU_010403	-0.089412054002556876
SPU_011297	SPU_022163	-0.089822907464683438
SPU_028255	SPU_012253	-0.090088770130121607
SPU_007981	SPU_006583	-0.09010027513597739
SPU_003166	SPU_008117_1	-0.090159740768653587
SPU_027214	SPU_017470	-0.090289345352691494
SPU_009642	SPU_021172	-0.090348117912725789
SPU_009831	SPU_013015	-0.090659584758001899
SPU_023037	SPU_023386	-0.090889962104174091
SPU_019002	SPU_019024_1	-0.091478519391687371
SPU_011189	SPU_007253	-0.091579292153821643
SPU_006583	SPU_011189	-0.091616440847428218
SPU_014289	SPU_015358	-0.092090641149025709
SPU_028255	SPU_008117	-0.092601158457059504
SPU_015982	SPU_000509	-0.093055121037513108
SPU_002592	SPU_000841	-0.093507974701739646
SPU_019366	SPU_003084	-0.09366350020258514
SPU_022678	SPU_026277	-0.093716312337898969
SPU_027053	SPU_006583	-0.093736827288099622
SPU_004702	SPU_006583	-0.093803500876251736
SPU_017379	SPU_006421	-0.094385543280931031
SPU_000276	SPU_003084	-0.094689386327146088
SPU_028255	SPU_019024_1	-0.0950795862245436
SPU_027774	SPU_012645	-0.095175368863656115
SPU_003166	SPU_017837	-0.095290418922213821
SPU_002631	SPU_003704	-0.095797609481566404
SPU_007644	SPU_023386	-0.09655292004672418
SPU_027969	SPU_019384	-0.096844980858026689
SPU_023037	SPU_002634	-0.097528350482953788
SPU_019089	SPU_010295	-0.097577281411472927
SPU_028255	SPU_010698	-0.097804193394435537
SPU_022820	SPU_001998	-0.097852431250312732
SPU_022678	SPU_011174	-0.098073244194026507
SPU_003470	SPU_002631	-0.098168610989553859
SPU_017470	SPU_002603	-0.098310690881146218
SPU_023037	SPU_009771	-0.098982139656632398
SPU_024903	SPU_000668	-0.099212239773747823
SPU_021172	SPU_019002	-0.099271982635480802
SPU_027214	SPU_026110	-0.099337824536462616
SPU_021172	SPU_008117	-0.099561548385272425
SPU_010295	SPU_009771	-0.099608954553979334
SPU_028255	SPU_012914	-0.099981411791743857
SPU_005022	SPU_011064	-0.10009618462124481
SPU_002592	SPU_012546	-0.10042539412615391
SPU_011174	SPU_018680	-0.10043953280804895
SPU_007644	SPU_011174	-0.1023621163167181
SPU_027472	SPU_017635	-0.10269825654804636
SPU_018744	SPU_006583	-0.10270144468219915
SPU_022817	SPU_003704	-0.10290659418420568
SPU_013689	SPU_010351	-0.10300930754973732
SPU_021172	SPU_019033	-0.10312948634584518
SPU_021172	SPU_008117_1	-0.1034118441401609
SPU_027472	SPU_003084	-0.1034367947552698
SPU_001262	SPU_006583	-0.10382782633983763
SPU_018797	SPU_026418	-0.10383946996022179
SPU_027774	SPU_001998	-0.10393719320273165
SPU_028255	SPU_008117_1	-0.10398515382955208
SPU_023366	SPU_010351	-0.10424824420442261
SPU_017407	SPU_010635	-0.10492537617557249
SPU_019089	SPU_012786	-0.10526151640690072
SPU_018355_1	SPU_010635	-0.10528244720068652
SPU_002791	SPU_006583	-0.10586795496857539
SPU_009178	SPU_000509	-0.10613132257250267
SPU_027053	SPU_026418	-0.10622086755783794
SPU_007981	SPU_026418	-0.10645471026721968
SPU_018797	SPU_017470	-0.10700487133037094
SPU_015828	SPU_003704	-0.10802840100794939
SPU_009831	SPU_002603	-0.10824339214147109
SPU_019089	SPU_008117_1	-0.10825877835412158
SPU_002874	SPU_006583	-0.1082996696399945
SPU_027053	SPU_009771	-0.10907937636214764
SPU_026418	SPU_018680	-0.10936215000004852
SPU_002874	SPU_023386	-0.10981611258050213
SPU_001262	SPU_010635	-0.11051874962487442
SPU_020124	SPU_024794	-0.11060871045379485
SPU_022049	SPU_019002	-0.11070781984158855
SPU_015829	SPU_003704	-0.11071655255687665
SPU_018581	SPU_002603	-0.11080679061485385
SPU_026633	SPU_017837	-0.11113988132655767
SPU_012648	SPU_001998	-0.11135099125328464
SPU_016449	SPU_013015	-0.11169447805461717
SPU_011297	SPU_002662	-0.11238477840596342
SPU_018744	SPU_011174	-0.11248208580488812
SPU_028255	SPU_017837	-0.11283347363433846
SPU_028479	SPU_006583	-0.11310141551770239
SPU_012469	SPU_025113	-0.11314812861376738
SPU_011576	SPU_002129	-0.11354442755041375
SPU_027774	SPU_000757	-0.11366862616784472
SPU_008528	SPU_004414	-0.11426466863989068
SPU_027935	SPU_006676	-0.11494277091273924
SPU_014722	SPU_003704	-0.11528112897652161
SPU_001262_1	SPU_006583	-0.11545883280190833
SPU_028255	SPU_019002	-0.11583946829684745
SPU_011189	SPU_015374	-0.11614566779004501
SPU_012469	SPU_014793	-0.11642816419888911
SPU_006583	SPU_026110	-0.11787834939482976
SPU_019366	SPU_009756	-0.1184454214304437
SPU_012469	SPU_025856	-0.1191989300067325
SPU_016881	SPU_003084	-0.11929415818773148
SPU_025590	SPU_015108	-0.11963972420698973
SPU_011635	SPU_015374	-0.11977376445593588
SPU_021608	SPU_019024_1	-0.12103072099931093
SPU_021172	SPU_017837	-0.12130614806720752
SPU_005022	SPU_003166	-0.12134357398987088
SPU_015828	SPU_018056	-0.12140761390198372
SPU_014722	SPU_019024	-0.1220564685093435
SPU_021172	SPU_019024_1	-0.12252290639735156
SPU_006803	SPU_010698_1	-0.12279403641486827
SPU_024093	SPU_003084	-0.12293874998249991
SPU_012469	SPU_009642	-0.12302843358236355
SPU_028479	SPU_002603	-0.1232848704598717
SPU_020124	SPU_017837	-0.12335182127708058
SPU_024093	SPU_002129	-0.12350027743697854
SPU_027969	SPU_002874	-0.12356847578494287
SPU_001262_2	SPU_006814	-0.12406319103674103
SPU_023037	SPU_001998	-0.1245366982656966
SPU_018391	SPU_004414	-0.12456816376363949
SPU_024093	SPU_006462	-0.12525028585781114
SPU_015984	SPU_026277	-0.12558171319517439
SPU_015829	SPU_018056	-0.12622405291970018
SPU_011635	SPU_006583	-0.12644320248907337
SPU_003595	SPU_004414	-0.12708110654869093
SPU_017470	SPU_027235	-0.12715817622647174
SPU_017837	SPU_003166	-0.1283925386017204
SPU_028255	SPU_020311	-0.12845352899420881
SPU_022678	SPU_008703	-0.12878869892383837
SPU_018483	SPU_020371	-0.12886826366313009
SPU_023037	SPU_015374	-0.12934343426642625
SPU_026465	SPU_006583	-0.12941662273741239
SPU_002603	SPU_026110	-0.13045803368915221
SPU_014170	SPU_002129	-0.13074538160648969
SPU_014793	SPU_002603	-0.13181257486050874
SPU_004217	SPU_008703	-0.13200303122250667
SPU_004702	SPU_008703	-0.13201481345741919
SPU_006803	SPU_020722	-0.13233418133081312
SPU_012648_1	SPU_015108	-0.13318042302659
SPU_004702	SPU_026418	-0.13353361284490933
SPU_014722	SPU_018056	-0.13400906067726226
SPU_024093	SPU_017635	-0.13519948224701359
SPU_026418	SPU_010698	-0.1374008195722605
SPU_027053	SPU_001998	-0.13812577355570246
SPU_002791	SPU_026418	-0.1386710831103603
SPU_003166	SPU_000841	-0.13899696586658822
SPU_027774	SPU_006814	-0.13932381892451481
SPU_003595	SPU_006814	-0.1394172451166448
SPU_018908	SPU_014793	-0.14083194499331947
SPU_015712	SPU_028030	-0.142365021677233
SPU_026418	SPU_028030	-0.14248436878617057
SPU_008752	SPU_024794	-0.14524127314117569
SPU_011174	SPU_010698	-0.14573612700750221
SPU_012772	SPU_008117_1	-0.14671058714203317
SPU_019332	SPU_004414	-0.14730427316709663
SPU_023037	SPU_006814	-0.1474324916058507
SPU_005022	SPU_011583	-0.14921909426217636
SPU_011297	SPU_014793	-0.149518085799898
SPU_017725	SPU_015108	-0.14953291755443496
SPU_011174	SPU_026110	-0.15088440920616705
SPU_006421	SPU_015108	-0.1515651451550549
SPU_004702	SPU_001998	-0.15187619615674586
SPU_019332	SPU_008703	-0.15351101590449237
SPU_003166	SPU_020722	-0.15392713671869745
SPU_017379	SPU_018056	-0.15471765537406446
SPU_021172	SPU_021608	-0.15481828952167037
SPU_007981	SPU_001998	-0.15578207633751581
SPU_022817	SPU_019024	-0.15690360648666091
SPU_007644	SPU_001998	-0.15865195153315292
SPU_027214	SPU_009263	-0.15880387305626045
SPU_028255	SPU_010698_1	-0.15993136363012597
SPU_021172	SPU_000841	-0.16062776302072104
SPU_026418	SPU_026110	-0.16078786280100316
SPU_019290	SPU_025584	-0.16098843802357304
SPU_028479	SPU_015374	-0.16101865599076048
SPU_007644	SPU_006814	-0.16190856126297795
SPU_014170	SPU_025584	-0.16197481900754493
SPU_012648	SPU_004414	-0.16274509994176803
SPU_002874	SPU_026418	-0.16280096159670629
SPU_011315	SPU_004983	-0.1628830213975089
SPU_009831	SPU_015374	-0.16338189508515852
SPU_004217	SPU_026418	-0.16491635791435591
SPU_015108	SPU_002129	-0.1653565976564996
SPU_021172	SPU_020722	-0.16553180642037543
SPU_011174	SPU_028030	-0.16561788604250116
SPU_006803	SPU_024794	-0.16592339246305679
SPU_028255	SPU_020722	-0.16804142245674566
SPU_020124	SPU_022153	-0.16932041871013359
SPU_002791	SPU_001998	-0.16999061995486431
SPU_002874	SPU_001998	-0.17231781927188283
SPU_027774	SPU_010351	-0.17232572030000062
SPU_006583	SPU_027053	-0.17297138677320764
SPU_017404_1	SPU_015908	-0.17336976492777975
SPU_007611	SPU_008703	-0.17345404256103647
SPU_028479	SPU_006676	-0.17469076138326764
SPU_021172	SPU_010698_1	-0.17469630596440294
SPU_011202	SPU_025584	-0.17573314263670614
SPU_022678	SPU_026418	-0.17747885400715888
SPU_007981	SPU_008703	-0.17823915469533841
SPU_027969	SPU_003704	-0.17840660104562481
SPU_004217	SPU_001998	-0.17981118206172755
SPU_019089	SPU_020722	-0.18384444899408128
SPU_018744	SPU_015908	-0.18432003544096259
SPU_027774	SPU_004414	-0.18443702610291768
SPU_008752	SPU_022153	-0.18453502657448428
SPU_018581	SPU_006676	-0.18461736360434366
SPU_011315	SPU_006462	-0.1852143763780883
SPU_023037	SPU_004414	-0.18566501220986073
SPU_018483	SPU_025113	-0.18749347645375797
SPU_006583	SPU_009263	-0.18913106849207215
SPU_011174	SPU_024794	-0.18914451410132527
SPU_018355	SPU_001998	-0.18988942857685434
SPU_012469	SPU_019024_1	-0.19010871676075589
SPU_014628	SPU_020311	-0.19016554871739283
SPU_018744	SPU_026418	-0.19038636166110662
SPU_021172	SPU_024794	-0.19146395100475433
SPU_006803	SPU_020371	-0.19218682577027055
SPU_019089	SPU_012546	-0.192371321707548
SPU_019089	SPU_003102	-0.1935426144723825
SPU_017379	SPU_012546	-0.19456448077562036
SPU_010635	SPU_020722	-0.19600537879815935
SPU_002592	SPU_025113	-0.19653266846412745
SPU_026418	SPU_027053	-0.19955294042305985
SPU_006803	SPU_022153	-0.19989601138080723
SPU_011189	SPU_003166	-0.19990308072175475
SPU_021172	SPU_022153	-0.20239398379679333
SPU_017379	SPU_003102	-0.20260051944408367
SPU_002603	SPU_028030	-0.20289396640067001
SPU_012772	SPU_009263	-0.20390308016729664
SPU_027053	SPU_004414	-0.20601764479777593
SPU_013689	SPU_015374	-0.20669893520477731
SPU_026633	SPU_020371	-0.20887033179189357
SPU_003166	SPU_020371	-0.21068632072823637
SPU_002592	SPU_000668	-0.21135984872164829
SPU_021172	SPU_020371	-0.21222286277535948
SPU_011174	SPU_022153	-0.21383453389686607
SPU_002874	SPU_008703	-0.21577790958479262
SPU_007644	SPU_008703	-0.217510452575049
SPU_009771	SPU_011583	-0.21953297715868214
SPU_019089	SPU_011583	-0.22033694142330229
SPU_027969	SPU_019024	-0.22078147821582586
SPU_026418	SPU_022153	-0.22493298334089012
SPU_026418	SPU_020722	-0.23013615689279454
SPU_028255	SPU_021608	-0.23046536639770362
SPU_011174	SPU_009263	-0.2320749583012845
SPU_011174	SPU_010698_1	-0.23251311882550246
SPU_012772	SPU_010698_1	-0.23383952124759727
SPU_007981	SPU_004414	-0.23465083208222168
SPU_026418	SPU_009263	-0.23501109124148853
SPU_028255	SPU_020371	-0.23522344869897097
SPU_007644	SPU_004414	-0.23601604657226369
SPU_022817	SPU_018056	-0.23856211822959861
SPU_011174	SPU_020722	-0.23895245674152452
SPU_005718	SPU_010424	-0.24109917994258862
SPU_006803	SPU_025113	-0.2420033625112295
SPU_019332	SPU_015908	-0.24516585297628263
SPU_002791	SPU_004414	-0.24721817968351806
SPU_018483	SPU_009155	-0.24940551694139834
SPU_002874	SPU_004414	-0.24955106219620024
SPU_018355_1	SPU_004414	-0.25226042176797009
SPU_013305	SPU_011583	-0.25301933631086582
SPU_018355_1	SPU_015374	-0.25565439849542243
SPU_017837	SPU_006676	-0.25594521177596952
SPU_014793	SPU_003166	-0.25988158715298371
SPU_027969	SPU_018056	-0.26055275869941313
SPU_020124	SPU_025113	-0.2621002512942785
SPU_021172	SPU_000668	-0.26515919670662969
SPU_017379	SPU_022153	-0.26524153373648907
SPU_003166	SPU_025113	-0.26742734623455711
SPU_016449	SPU_015374	-0.26949436608180111
SPU_002592	SPU_009155	-0.27008527981629693
SPU_007262	SPU_006676	-0.27365404946403998
SPU_012469	SPU_009155	-0.2736931387610439
SPU_004702	SPU_015908	-0.27409858625656358
SPU_018355	SPU_004414	-0.27483282741340714
SPU_011315	SPU_027235	-0.27848989451573003
SPU_028255	SPU_025113	-0.28415992179922767
SPU_021172	SPU_025113	-0.28423477364455435
SPU_028255	SPU_000668	-0.28607640626864794
SPU_015456	SPU_027235	-0.28963713627374482
SPU_026418	SPU_018056	-0.29246029837331694
SPU_024139	SPU_010424	-0.32896831562971679
SPU_011635	SPU_006676	-0.32957655618026044
SPU_014628	SPU_021608	-0.34067569869692638
SPU_009831	SPU_006676	-0.36265012126692014
SPU_003166	SPU_009155	-0.37014126622431071
SPU_006583	SPU_008528	-0.37315751836192002
SPU_014628	SPU_005572	-0.37348284666003445
SPU_015640	SPU_010424	-0.40021493568771033
SPU_002815	SPU_022820	-0.40396501313857802
SPU_028255	SPU_009155	-0.40491965139555025
SPU_026099	SPU_010424	-0.4049526416533053
SPU_021172	SPU_009155	-0.40528420760519696
SPU_007599	SPU_010424	-0.40906270103438314
SPU_020124	SPU_009155	-0.40925981089374347
SPU_015719	SPU_010424	-0.41062003526076374
SPU_014418	SPU_010424	-0.4122670530870079
SPU_012699	SPU_010424	-0.41516867100964466
SPU_018954	SPU_022820	-0.4238143363739354
SPU_011576	SPU_010424	-0.42523735312231303
SPU_000485	SPU_010424	-0.42789667284933669
SPU_026418	SPU_008528	-0.42845903199098556
SPU_011174	SPU_008528	-0.42995509859582098
SPU_022846	SPU_010424	-0.43009163390627803
SPU_024093	SPU_010424	-0.43524199532286856
SPU_011202	SPU_010424	-0.43624501005024635
SPU_015712	SPU_022820	-0.43825214842122895
SPU_019290	SPU_010424	-0.4587127617267544
SPU_016881	SPU_010424	-0.46542905147048524
SPU_006583	SPU_002874	-0.48733084002760646
SPU_026418	SPU_002874	-0.51577218480477038
SPU_011174	SPU_002874	-0.54260130400231421
SPU_010635	SPU_022820	-0.61051563079798576
SPU_003179	SPU_022820	-0.67834637303304246
SPU_028583	SPU_022820	-0.69498302734407214
SPU_012772	SPU_022820	-0.73119856794558435
SPU_001998	SPU_022820	-0.77153387094516102
SPU_026418	SPU_022820	-0.78575059281968418
SPU_002603	SPU_022820	-0.80735297399549855
SPU_028255	SPU_022820	-0.81349526097719638
SPU_011174	SPU_022820	-0.84622201251384244
SPU_023730	SPU_005572	-0.95508126900491808
SPU_019290	SPU_005572	-0.95581939136855643
SPU_011297	SPU_005572	-0.99274006407595183
SPU_027472	SPU_005572	-1.0
